dataset,algorithm,algo_family,label_noise,missing,feature_noise,imbalance,n_samples,seed,accuracy,accuracy_std,balanced_accuracy,balanced_accuracy_std,macro_f1,macro_f1_std,mcc,mcc_std,active_dim,severity,phase,dim1,dim2,sev1,sev2,deg_accuracy,deg_balanced_accuracy,deg_macro_f1,deg_mcc,degradation
Spambase,LR,Linear,0.5,0.0,0.0,0.0,4601,42,0.49206863994712735,0.02197466688992575,0.49194392176498114,0.0219461142468187,0.49085454929282707,0.021833630172992814,-0.01615086984977382,0.04408764756276299,label_noise,0.5,extreme_single,,,,,0.4331661395143904,0.42633349451385005,0.43028656765881906,0.8591582304448588,0.4331661395143904
Spambase,RF,Ensemble,0.5,0.0,0.0,0.0,4601,42,0.49662748430345083,0.009091229162392753,0.4966499671170104,0.009136014778300415,0.4960239281927362,0.009328627466850066,-0.006730025951187535,0.01830237873907262,label_noise,0.5,extreme_single,,,,,0.4481680278210515,0.4407619977937875,0.4455660413065625,0.890996841423175,0.4481680278210515
Spambase,XGB,Boosting,0.5,0.0,0.0,0.0,4601,42,0.49119010527309637,0.01911676837588703,0.49116041460047855,0.019099163455686012,0.49089971112157305,0.019001656531731543,-0.017680218406102982,0.038243648368455965,label_noise,0.5,extreme_single,,,,,0.45918409416355876,0.4549385642298637,0.45691508794855773,0.9135797019706449,0.45918409416355876
Spambase,SVM,Kernel,0.5,0.0,0.0,0.0,4601,42,0.49554099985837696,0.019822387174794027,0.4953846197114191,0.019810757768219042,0.49191285315566774,0.021838998900283308,-0.009623909042858656,0.0402459416800056,label_noise,0.5,extreme_single,,,,,0.437373522793435,0.4309054102732134,0.43732755075157065,0.8687158543398428,0.437373522793435
Spambase,MLP,Neural,0.5,0.0,0.0,0.0,4601,42,0.48272104989850356,0.013733674706312555,0.4828577696439417,0.013859492806062926,0.4787554371061499,0.014530515792390675,-0.03481081692747037,0.027880564342315707,label_noise,0.5,extreme_single,,,,,0.45432296338258665,0.44986300733304935,0.4551227208355946,0.9028292402525385,0.45432296338258665
Spambase,GB,Boosting,0.5,0.0,0.0,0.0,4601,42,0.4931511117405466,0.01030827389936247,0.4931150459043284,0.01030735698476821,0.4926615321307243,0.010438119831497806,-0.013804428560214544,0.020637687524131733,label_noise,0.5,extreme_single,,,,,0.454541613558042,0.44987009814550283,0.45229565898936486,0.9040861388964864,0.454541613558042
Bank,LR,Linear,0.5,0.0,0.0,0.0,5000,42,0.502,0.006449806198638846,0.5020188418871085,0.006457527795384509,0.5019271111141481,0.0064784062862670334,0.004037684726939954,0.012916180091388504,label_noise,0.5,extreme_single,,,,,0.3941333333333332,0.13962048015991446,0.1747601191610466,0.3816229823816663,0.3941333333333332
Bank,RF,Ensemble,0.5,0.0,0.0,0.0,5000,42,0.5024000000000001,0.013047605144240084,0.5024260244691341,0.013080720779263236,0.5022154524673214,0.013197260470440347,0.004842723978619234,0.026191732591499102,label_noise,0.5,extreme_single,,,,,0.3935333333333333,0.10103891795390574,0.13522499813428812,0.33798258445213647,0.3935333333333333
Bank,XGB,Boosting,0.5,0.0,0.0,0.0,5000,42,0.5024,0.014037093716293284,0.5024148482520105,0.014068819645480322,0.502347385644818,0.013992693650818577,0.004837968485649103,0.02815298471829539,label_noise,0.5,extreme_single,,,,,0.3933333333333333,0.1619829409475907,0.19293009016915685,0.40420328582572457,0.3933333333333333
Bank,SVM,Kernel,0.5,0.0,0.0,0.0,5000,42,0.5087999999999999,0.013105723940324714,0.5087777048559354,0.013129292571730261,0.5084718044062817,0.01332418060603431,0.01755742913032601,0.026309007283016186,label_noise,0.5,extreme_single,,,,,0.3814000000000001,0.0795775203056317,0.10765560509397054,0.2785165505700566,0.3814000000000001
Bank,MLP,Neural,0.5,0.0,0.0,0.0,5000,42,0.5007999999999999,0.010796295661012633,0.5007096623308012,0.010867930164232625,0.4963895816843117,0.014115201525243586,0.0011787804646460163,0.022103918661992357,label_noise,0.5,extreme_single,,,,,0.3902000000000001,0.11849803739784981,0.15029710329794455,0.3329962553796188,0.3902000000000001
Bank,GB,Boosting,0.5,0.0,0.0,0.0,5000,42,0.5050000000000001,0.021540659228538036,0.5050488592488619,0.021549740426745314,0.5047004181689994,0.02168270193668677,0.010088819313200584,0.04313652033450035,label_noise,0.5,extreme_single,,,,,0.38939999999999986,0.16081827977796004,0.19027904091092507,0.39590716032536216,0.38939999999999986
Wine,LR,Linear,0.5,0.0,0.0,0.0,178,42,0.42174603174603176,0.043381855501433905,0.42237762237762244,0.04320110345267598,0.421346749329337,0.046543330259671604,0.1339952992702281,0.06630842734469505,label_noise,0.5,extreme_single,,,,,0.5633862433862432,0.5634072100738767,0.5635257376502635,0.844122935037151,0.5633862433862432
Wine,RF,Ensemble,0.5,0.0,0.0,0.0,178,42,0.39920634920634923,0.04373008671097114,0.39813519813519815,0.045162497592973506,0.39384866507805044,0.04526671533401603,0.09779266576393553,0.06411119925491468,label_noise,0.5,extreme_single,,,,,0.583968253968254,0.5873145373145373,0.5898820815415851,0.8772849701768608,0.583968253968254
Wine,XGB,Boosting,0.5,0.0,0.0,0.0,178,42,0.3933333333333333,0.03654794219390773,0.39079254079254083,0.03631624662259602,0.38583089917633173,0.03737715411897467,0.08920144765997697,0.05432439682360068,label_noise,0.5,extreme_single,,,,,0.5636507936507936,0.5681572748239416,0.5713101924268952,0.8468437051518533,0.5636507936507936
Wine,SVM,Kernel,0.5,0.0,0.0,0.0,178,42,0.3987301587301587,0.02461904250202068,0.40167055167055166,0.02467739054907549,0.39322265653893956,0.015549800936948764,0.10204000501029682,0.03970721243670183,label_noise,0.5,extreme_single,,,,,0.5844444444444444,0.580312773646107,0.5896094231818259,0.872989126520552,0.5844444444444444
Wine,MLP,Neural,0.5,0.0,0.0,0.0,178,42,0.3371428571428571,0.05906255144863859,0.341958041958042,0.06097656854575457,0.2935523035542011,0.05294316048123367,0.013307201238755414,0.09766077783190291,label_noise,0.5,extreme_single,,,,,0.5823280423280424,0.5817889517889518,0.6274583513893788,0.8696851029845896,0.5823280423280424
Wine,GB,Boosting,0.5,0.0,0.0,0.0,178,42,0.3933333333333333,0.0816829776853012,0.3907925407925408,0.0841584925771705,0.37858205908873954,0.08927602718179495,0.08714079292593015,0.12821840774849186,label_noise,0.5,extreme_single,,,,,0.5374603174603175,0.5380931414264748,0.5533761054874811,0.8114868895001428,0.5374603174603175
BreastCancer,LR,Linear,0.5,0.0,0.0,0.0,569,42,0.5272628473839467,0.027547986371607713,0.5186468822673586,0.025335027890132835,0.5126061676406369,0.021799834892333093,0.040183696600534266,0.05326806875031996,label_noise,0.5,extreme_single,,,,,0.44816022356776897,0.4522561630501971,0.4608440777314734,0.9077861030834392,0.44816022356776897
BreastCancer,RF,Ensemble,0.5,0.0,0.0,0.0,569,42,0.5078248719142989,0.025912511488953797,0.5004501609558831,0.027027006043171386,0.49588224966219946,0.028962657256240563,0.0005548582826342102,0.05604323179495448,label_noise,0.5,extreme_single,,,,,0.453526885059256,0.45703668518556506,0.46263620115084975,0.9181435058372874,0.453526885059256
BreastCancer,XGB,Boosting,0.5,0.0,0.0,0.0,569,42,0.532386275423071,0.04531860571608376,0.5278261218224102,0.04503487187451883,0.5264103152665257,0.04463665570268694,0.056725940229493454,0.0910633077759613,label_noise,0.5,extreme_single,,,,,0.43481343476685796,0.4345732962189993,0.4382354842960954,0.8738947677601443,0.43481343476685796
BreastCancer,SVM,Kernel,0.5,0.0,0.0,0.0,569,42,0.504424778761062,0.024526569016011662,0.49134206275561054,0.02383566422878923,0.4725304878186865,0.020481591983180603,-0.017396366020158312,0.053460397914677535,label_noise,0.5,extreme_single,,,,,0.4709879418309787,0.48075343009815286,0.5010411609605752,0.9650987252314978,0.4709879418309787
BreastCancer,MLP,Neural,0.5,0.0,0.0,0.0,569,42,0.5184132898618227,0.053963130561764376,0.5122811057268217,0.04766118623176393,0.5000656438326697,0.038780463830201985,0.034481090476625266,0.10630679816185198,label_noise,0.5,extreme_single,,,,,0.42828753299177136,0.4257374881794237,0.442114814611238,0.8513788041785872,0.42828753299177136
BreastCancer,GB,Boosting,0.5,0.0,0.0,0.0,569,42,0.5447756559540444,0.02452545844872112,0.5398904812638188,0.024970350626759726,0.5387070867277493,0.024887961533890373,0.08082140276250545,0.05077942812271809,label_noise,0.5,extreme_single,,,,,0.4112922424054236,0.4111257149661016,0.41404728899302135,0.8257896883560849,0.4112922424054236
Digits,LR,Linear,0.5,0.0,0.0,0.0,1797,42,0.47691736304549676,0.03706092022412204,0.47246376497073134,0.03687373197392694,0.4693699301105429,0.03686789292206679,-0.05593607153888018,0.07461556551872078,label_noise,0.5,extreme_single,,,,,0.41586660476632614,0.4203411569918806,0.42340047850870494,0.8417859912526873,0.41586660476632614
Digits,RF,Ensemble,0.5,0.0,0.0,0.0,1797,42,0.5130671618693903,0.019596395100963226,0.5084610855028053,0.020133319158381534,0.5051175347093946,0.020954606797099068,0.017157575142451274,0.041043113134088295,label_noise,0.5,extreme_single,,,,,0.4646755390487982,0.46927929971713167,0.47262382636769795,0.9383937171777436,0.4646755390487982
Digits,XGB,Boosting,0.5,0.0,0.0,0.0,1797,42,0.4913695450324977,0.032606061474009455,0.4884057310520239,0.03286218607713419,0.4873003589438201,0.03307586255839517,-0.023398081710071073,0.06627924474652075,label_noise,0.5,extreme_single,,,,,0.4787630248633034,0.48172239361574687,0.4828301754764122,0.9637443551409794,0.4787630248633034
Digits,SVM,Kernel,0.5,0.0,0.0,0.0,1797,42,0.49640049520272356,0.03002569411426663,0.4895026924890984,0.02971290708877513,0.48030002458284426,0.030118628986779035,-0.021833663410736844,0.0614864750246448,label_noise,0.5,extreme_single,,,,,0.48431290622098433,0.49121512801976497,0.5004121266685877,0.9833427250303569,0.48431290622098433
Digits,MLP,Neural,0.5,0.0,0.0,0.0,1797,42,0.5075007737542556,0.037322327502036484,0.5035309802627962,0.03762789230866754,0.500914026319458,0.03859684348988567,0.007011774287636283,0.0768148610544961,label_noise,0.5,extreme_single,,,,,0.4561451562983597,0.460121687343543,0.46273069199521233,0.9203475843534078,0.4561451562983597
Digits,GB,Boosting,0.5,0.0,0.0,0.0,1797,42,0.5074976787372331,0.026772820367545008,0.5045715889592033,0.02635378139191018,0.5037308698594323,0.026011094295009394,0.00937662622757362,0.05318559212256664,label_noise,0.5,extreme_single,,,,,0.45966676983390076,0.4625883885435317,0.4634307672976218,0.925053326449207,0.45966676983390076
Spambase,LR,Linear,0.6,0.0,0.0,0.0,4601,42,0.558356229051598,0.008212954160189016,0.549129974391918,0.006900891192673967,0.5393249959368231,0.004877859814414856,0.10526456964437207,0.016721022676797457,label_noise,0.6,extreme_single,,,,,0.3668785504099198,0.3691474418869132,0.381816121014823,0.7377427909507129,0.3668785504099198
Spambase,RF,Ensemble,0.6,0.0,0.0,0.0,4601,42,0.5557506018977482,0.01619192102083533,0.5479563597755156,0.015515341741480185,0.5414892570289018,0.015144421384801115,0.10066982120715125,0.03347197579927175,label_noise,0.6,extreme_single,,,,,0.38904491022675414,0.3894556051352823,0.4001007124703969,0.7835969942648362,0.38904491022675414
Spambase,XGB,Boosting,0.6,0.0,0.0,0.0,4601,42,0.5479256951328895,0.0073507452508719045,0.5422599192785185,0.006884696304902835,0.5391700071849532,0.00699384665141026,0.08665168273742344,0.014348310905098745,label_noise,0.6,extreme_single,,,,,0.40244850430376566,0.40383905955182375,0.40864479188517755,0.8092478008271184,0.40244850430376566
Spambase,SVM,Kernel,0.6,0.0,0.0,0.0,4601,42,0.5579200302129065,0.010109923269484553,0.5487987616140239,0.009906189631565478,0.5395080898403275,0.010066517090511266,0.10396808726706737,0.021309008772569207,label_noise,0.6,extreme_single,,,,,0.3749944924389055,0.37749126837060865,0.3897323140669109,0.7551238580299167,0.3749944924389055
Spambase,MLP,Neural,0.6,0.0,0.0,0.0,4601,42,0.5490098191946371,0.009256508245367745,0.5416276152468136,0.010540961898474128,0.535162071021358,0.01477075058753362,0.08657010408581359,0.02094546928409295,label_noise,0.6,extreme_single,,,,,0.3880341940864531,0.3910931617301775,0.3987160869203864,0.7814483192392546,0.3880341940864531
Spambase,GB,Boosting,0.6,0.0,0.0,0.0,4601,42,0.5459715337770854,0.017963776548698396,0.5398000881314132,0.01798596720712735,0.5360749666978327,0.018619928013972577,0.08183650798969425,0.03677281809896815,label_noise,0.6,extreme_single,,,,,0.4017211915215032,0.403185055918418,0.4088822244222564,0.8084452023465776,0.4017211915215032
Bank,LR,Linear,0.6,0.0,0.0,0.0,5000,42,0.5644,0.006406246951218741,0.49538253441676633,0.006673516829553062,0.40922253392838986,0.009921755035949734,-0.018333062269312996,0.02608131032840343,label_noise,0.6,extreme_single,,,,,0.3317333333333332,0.14625678763025668,0.26746469634680486,0.4039937293779192,0.3317333333333332
Bank,RF,Ensemble,0.6,0.0,0.0,0.0,5000,42,0.571,0.008988882021697665,0.5013373876285018,0.009227937853350748,0.41418016992091766,0.01156057954634802,0.005818092700298061,0.03755748472883162,label_noise,0.6,extreme_single,,,,,0.3249333333333334,0.10212755479453806,0.2232602806806918,0.33700721573045767,0.3249333333333334
Bank,XGB,Boosting,0.6,0.0,0.0,0.0,5000,42,0.5488000000000001,0.00930376267969037,0.4976003949794795,0.008593306848195901,0.46231645926970233,0.009657641376773066,-0.005997998991576671,0.022544221176896036,label_noise,0.6,extreme_single,,,,,0.3469333333333332,0.16679739422012174,0.23296101654427248,0.41503925330295033,0.3469333333333332
Bank,SVM,Kernel,0.6,0.0,0.0,0.0,5000,42,0.5642,0.00630555310817374,0.49723508220800416,0.0058517977066091294,0.41898592566581155,0.006589542885181162,-0.009376413073644717,0.02230653434828397,label_noise,0.6,extreme_single,,,,,0.32599999999999996,0.09112014295356297,0.1971414838344407,0.3054503927740273,0.32599999999999996
Bank,MLP,Neural,0.6,0.0,0.0,0.0,5000,42,0.5608,0.012496399481450607,0.4925232342564307,0.010208056747461069,0.4078576324178977,0.01457648246235877,-0.0269061733662868,0.04102814852177171,label_noise,0.6,extreme_single,,,,,0.33020000000000005,0.1266844654722203,0.23882905256435855,0.36108120921055165,0.33020000000000005
Bank,GB,Boosting,0.6,0.0,0.0,0.0,5000,42,0.5638,0.0026381811916545324,0.5063601201477427,0.003340747925029897,0.45811216737362825,0.006984332103736107,0.018069432620222578,0.009106914559954962,label_noise,0.6,extreme_single,,,,,0.3306,0.15950701887907925,0.23686729170629617,0.3879265470183402,0.3306
Wine,LR,Linear,0.6,0.0,0.0,0.0,178,42,0.35396825396825393,0.028434415749091613,0.3413597513597514,0.03427865189140577,0.3245836053535532,0.039456944828820874,0.01794245350694193,0.04947511462039604,label_noise,0.6,extreme_single,,,,,0.631164021164021,0.6444250810917478,0.6602888816260473,0.9601757808004372,0.631164021164021
Wine,RF,Ensemble,0.6,0.0,0.0,0.0,178,42,0.3815873015873016,0.07583149557963562,0.3726340326340326,0.07901057477696896,0.3650646768967608,0.08371762663293789,0.05999421017129836,0.12274538376402575,label_noise,0.6,extreme_single,,,,,0.6015873015873017,0.6128157028157029,0.6186660697228747,0.915083425769498,0.6015873015873017
Wine,XGB,Boosting,0.6,0.0,0.0,0.0,178,42,0.31476190476190474,0.06497009797312484,0.3017871017871018,0.06691428107153616,0.29687520641824133,0.06721939547277371,-0.03548553893452836,0.10015837078910608,label_noise,0.6,extreme_single,,,,,0.6422222222222222,0.6571627138293806,0.6602658851849856,0.9715306917463585,0.6422222222222222
Wine,SVM,Kernel,0.6,0.0,0.0,0.0,178,42,0.35904761904761906,0.0731306895743611,0.34538461538461546,0.06784268456350838,0.32847021896041506,0.06921680831674501,0.024381900452386935,0.11092205375059035,label_noise,0.6,extreme_single,,,,,0.6241269841269841,0.6365987099320431,0.6543618607603503,0.9506472310784619,0.6241269841269841
Wine,MLP,Neural,0.6,0.0,0.0,0.0,178,42,0.3484126984126984,0.023323073005972528,0.3572338772338773,0.02362181274255038,0.3001374266906814,0.039202323001520115,0.034127721760658244,0.03470301781446286,label_noise,0.6,extreme_single,,,,,0.571058201058201,0.5665131165131165,0.6208732282528984,0.8488645824626867,0.571058201058201
Wine,GB,Boosting,0.6,0.0,0.0,0.0,178,42,0.3655555555555555,0.06365376235011777,0.353993783993784,0.056225069062609614,0.3487692904719022,0.05338460337453359,0.04154211562582557,0.09133557244301319,label_noise,0.6,extreme_single,,,,,0.5652380952380953,0.5748918982252316,0.5831888741043184,0.8570855668002474,0.5652380952380953
BreastCancer,LR,Linear,0.6,0.0,0.0,0.0,569,42,0.5360503027480205,0.04529887384578262,0.5360902255639097,0.04531006708927443,0.5349058259674205,0.04558733269171981,0.07247477308581027,0.09097423195659618,label_noise,0.6,extreme_single,,,,,0.4393727682036952,0.43481281975364594,0.4385444194046898,0.8754950265981631,0.4393727682036952
BreastCancer,RF,Ensemble,0.6,0.0,0.0,0.0,569,42,0.5484086321999688,0.025705230258218775,0.5484022556390978,0.025694189262619363,0.546606353468501,0.026230212120731126,0.0974708155248801,0.05138543796534517,label_noise,0.6,extreme_single,,,,,0.4129431247735861,0.40908459050235035,0.41191209734454826,0.8212275485950415,0.4129431247735861
BreastCancer,XGB,Boosting,0.6,0.0,0.0,0.0,569,42,0.5378046887129327,0.02284703283628692,0.537750626566416,0.022821558200449208,0.5362372131947625,0.021580539236954716,0.0763365314258072,0.04674593016377191,label_noise,0.6,extreme_single,,,,,0.42939502147699626,0.42464879147499346,0.4284085863678586,0.8542841765638306,0.42939502147699626
BreastCancer,SVM,Kernel,0.6,0.0,0.0,0.0,569,42,0.5379133674895203,0.04126052261873288,0.53796992481203,0.04136021816383479,0.5359460596473575,0.042190917747354895,0.07630244694621216,0.08281238909150677,label_noise,0.6,extreme_single,,,,,0.4374993531025203,0.4341255680417334,0.4376255891319042,0.8713999122651274,0.4374993531025203
BreastCancer,MLP,Neural,0.6,0.0,0.0,0.0,569,42,0.511504424778761,0.040083184726504746,0.5118734335839599,0.04051133471201913,0.501837056004558,0.041060569790227354,0.02509040389173734,0.08491618086424606,label_noise,0.6,extreme_single,,,,,0.435196398074833,0.42614516032228555,0.4403434024393498,0.8607694907634752,0.435196398074833
BreastCancer,GB,Boosting,0.6,0.0,0.0,0.0,569,42,0.5466542462350568,0.033465407560006356,0.5465538847117793,0.03332697284182148,0.5448682302830731,0.03348672671084081,0.09383910439492903,0.0670880055373255,label_noise,0.6,extreme_single,,,,,0.4094136521244113,0.40446231151814105,0.4078861454376975,0.8127719867236614,0.4094136521244113
Digits,LR,Linear,0.6,0.0,0.0,0.0,1797,42,0.5503358093469514,0.0355632639741529,0.5493489553924337,0.0355284364772116,0.5488331549206197,0.035670391064735796,0.09910668737444629,0.07139937184803129,label_noise,0.6,extreme_single,,,,,0.34244815846487153,0.3434559665701783,0.34393725369862815,0.6867432323393609,0.34244815846487153
Digits,RF,Ensemble,0.6,0.0,0.0,0.0,1797,42,0.5525766016713092,0.02429854184528896,0.5519733201581027,0.02448203446902665,0.5518511946402366,0.02458269983765563,0.10405403973519589,0.049005311360310146,label_noise,0.6,extreme_single,,,,,0.4251660992468793,0.42576706506183426,0.42589016643685595,0.851497252584999,0.4251660992468793
Digits,XGB,Boosting,0.6,0.0,0.0,0.0,1797,42,0.5258882698854844,0.01522956928495832,0.52503345567476,0.015612700306132547,0.5243829097072983,0.016303303916915025,0.0501524490706521,0.031187632523160758,label_noise,0.6,extreme_single,,,,,0.4442443000103167,0.44509466899301076,0.44574762471293405,0.8901938243602563,0.4442443000103167
Digits,SVM,Kernel,0.6,0.0,0.0,0.0,1797,42,0.5526013618074901,0.03160760218658805,0.5517497176736307,0.031225427286390748,0.5511506488586979,0.03123431904760479,0.10402773771329414,0.06283436912808785,label_noise,0.6,extreme_single,,,,,0.4281120396162178,0.4289681028352327,0.42956150239273405,0.8574813239063259,0.4281120396162178
Digits,MLP,Neural,0.6,0.0,0.0,0.0,1797,42,0.5175085112968121,0.026578952392971457,0.5167389892715979,0.02603354031045606,0.5153560082546761,0.02632486682607247,0.03371688637847605,0.05226717367901483,label_noise,0.6,extreme_single,,,,,0.44613741875580326,0.44691367833474127,0.44828871005999427,0.8936424722625681,0.44613741875580326
Digits,GB,Boosting,0.6,0.0,0.0,0.0,1797,42,0.5247740637573507,0.01863752102009159,0.5240225861095427,0.018221414736030093,0.5236813750721824,0.018014317659247575,0.04824054426758746,0.03662437554994275,label_noise,0.6,extreme_single,,,,,0.4423903848137831,0.4431373913931923,0.4434802620848717,0.8861894084091931,0.4423903848137831
Spambase,LR,Linear,0.7,0.0,0.0,0.0,4601,42,0.6442085634707075,0.011653428184419097,0.6291543998650729,0.0117582662595594,0.6260692610549654,0.012645541140592735,0.27416170147021646,0.02500619817239826,label_noise,0.7,extreme_single,,,,,0.28102621599081024,0.28912301641375826,0.2950718558966807,0.5688456591248685,0.28102621599081024
Spambase,RF,Ensemble,0.7,0.0,0.0,0.0,4601,42,0.6681140537223246,0.018885786204219452,0.655100124944503,0.02007995894998517,0.6539953621711703,0.02129046955377845,0.3244732389590286,0.039917293652005956,label_noise,0.7,extreme_single,,,,,0.2766814584021777,0.28231183996629494,0.28759460732812847,0.5597935765129589,0.2766814584021777
Spambase,XGB,Boosting,0.7,0.0,0.0,0.0,4601,42,0.6648524760421093,0.017987426689340516,0.6550795464604875,0.019479231779580778,0.6550922078677038,0.020024392921314988,0.31798886353011463,0.03795456208921599,label_noise,0.7,extreme_single,,,,,0.28552172339454585,0.2910194323698547,0.29272259120242694,0.5779106200344273,0.28552172339454585
Spambase,SVM,Kernel,0.7,0.0,0.0,0.0,4601,42,0.6650738799981116,0.017361590489944623,0.652167051013898,0.01785832850768932,0.6511239971808555,0.018775150245708923,0.3181186665864441,0.03650720437535276,label_noise,0.7,extreme_single,,,,,0.26784064265370033,0.27412297897073445,0.27811640672638294,0.5409732787105399,0.26784064265370033
Spambase,MLP,Neural,0.7,0.0,0.0,0.0,4601,42,0.6587683519803617,0.011043205429579673,0.6471867010793524,0.012175697892080754,0.6466030153935887,0.012848839996010712,0.3048436320017206,0.023707389679609767,label_noise,0.7,extreme_single,,,,,0.27827566130072856,0.2855340758976387,0.2872751425481558,0.5631747913233476,0.27827566130072856
Spambase,GB,Boosting,0.7,0.0,0.0,0.0,4601,42,0.6652889109191332,0.015459078321068073,0.6551855116522864,0.0171154648751513,0.6551172695326539,0.017883690801464014,0.3187442812262046,0.0327277554952909,label_noise,0.7,extreme_single,,,,,0.2824038143794554,0.2877996323975448,0.2898399215874352,0.5715374291100672,0.2824038143794554
Bank,LR,Linear,0.7,0.0,0.0,0.0,5000,42,0.6566000000000001,0.00458693797647189,0.5114628009256043,0.003837322831563292,0.4423476294105463,0.005989518478377076,0.05703289984708303,0.020119447157515985,label_noise,0.7,extreme_single,,,,,0.23953333333333315,0.13017652112141875,0.23433960086464845,0.3286277672615232,0.23953333333333315
Bank,RF,Ensemble,0.7,0.0,0.0,0.0,5000,42,0.659,0.0028982753492378904,0.5114478657581537,0.004553932816974897,0.43742454858325697,0.01045022177111499,0.06267581221842063,0.0208829470277831,label_noise,0.7,extreme_single,,,,,0.23693333333333333,0.09201707666488612,0.2000159020183525,0.2801494962123351,0.23693333333333333
Bank,XGB,Boosting,0.7,0.0,0.0,0.0,5000,42,0.6462000000000001,0.004069397989875165,0.5163938507627356,0.00440484960339498,0.47304719231407544,0.00848146253972575,0.055550922334511275,0.014355193599455513,label_noise,0.7,extreme_single,,,,,0.24953333333333316,0.14800393843686566,0.22223028349989937,0.3534903319768624,0.24953333333333316
Bank,SVM,Kernel,0.7,0.0,0.0,0.0,5000,42,0.6526,0.004673328578219173,0.5010866850035304,0.004707734901006624,0.4158775750832978,0.005765021360601129,0.008565585226045884,0.031003129735807263,label_noise,0.7,extreme_single,,,,,0.23760000000000003,0.08726854015803676,0.20024983441695443,0.2875083944743367,0.23760000000000003
Bank,MLP,Neural,0.7,0.0,0.0,0.0,5000,42,0.6532,0.004069397989875164,0.5030966859840187,0.00275825115143732,0.4212775097286876,0.009202722198516039,0.019120354348161304,0.01607982898734785,label_noise,0.7,extreme_single,,,,,0.2378,0.11611101374463229,0.22540917525356863,0.31505468149610355,0.2378
Bank,GB,Boosting,0.7,0.0,0.0,0.0,5000,42,0.6484000000000001,0.006374950980203696,0.5159551675419897,0.004794112921696583,0.4688578973025804,0.0074443037486491195,0.05742234637806778,0.019397763458024415,label_noise,0.7,extreme_single,,,,,0.24599999999999989,0.14991197148483226,0.22612156177734405,0.348573633260495,0.24599999999999989
Wine,LR,Linear,0.7,0.0,0.0,0.0,178,42,0.3252380952380952,0.08215171334821242,0.3176934176934177,0.08458412800826326,0.30220646318347466,0.08128625803009523,-0.024221017254188966,0.13081610919642625,label_noise,0.7,extreme_single,,,,,0.6598941798941798,0.6680914147580814,0.6826660237961258,1.0023392515615681,0.6598941798941798
Wine,RF,Ensemble,0.7,0.0,0.0,0.0,178,42,0.3477777777777778,0.06489404508448801,0.3432822732822733,0.06459774533273457,0.3370091622350957,0.059188321687396066,0.011840013550153534,0.09867843937146821,label_noise,0.7,extreme_single,,,,,0.6353968253968254,0.6421674621674622,0.6467215843845399,0.9632376223906428,0.6353968253968254
Wine,XGB,Boosting,0.7,0.0,0.0,0.0,178,42,0.3419047619047619,0.09016571625068612,0.33444555444555446,0.0916207296106694,0.3249667942805198,0.08450178481865259,0.003598592451655258,0.13402424231316754,label_noise,0.7,extreme_single,,,,,0.6150793650793651,0.6245042611709279,0.6321742973227071,0.9324465603601749,0.6150793650793651
Wine,SVM,Kernel,0.7,0.0,0.0,0.0,178,42,0.3144444444444444,0.017989106751120233,0.3021778221778222,0.02038326068885488,0.2684667594564117,0.0221371180456103,-0.053041960040023615,0.030082926658440673,label_noise,0.7,extreme_single,,,,,0.6687301587301587,0.6798055031388365,0.7143653202643536,1.0280710915708726,0.6687301587301587
Wine,MLP,Neural,0.7,0.0,0.0,0.0,178,42,0.2636507936507937,0.0929478596350297,0.2518448218448218,0.07829584424397583,0.22194457275102436,0.06743139404295233,-0.12419167017619344,0.13194712908417774,label_noise,0.7,extreme_single,,,,,0.6558201058201057,0.671902171902172,0.6990660821925554,1.0071839743995383,0.6558201058201057
Wine,GB,Boosting,0.7,0.0,0.0,0.0,178,42,0.3879365079365079,0.08569429514094093,0.3845609945609946,0.0844783838643173,0.38377823222908747,0.08231933148265469,0.07518792431915611,0.12769834199445237,label_noise,0.7,extreme_single,,,,,0.5428571428571429,0.544324687658021,0.5481799323471331,0.8234397581069168,0.5428571428571429
BreastCancer,LR,Linear,0.7,0.0,0.0,0.0,569,42,0.6501785437043937,0.040592044875282875,0.6415771385366188,0.038788012073646426,0.6367061413732958,0.03802744829416416,0.30290051372205956,0.0903849142139192,label_noise,0.7,extreme_single,,,,,0.325244527247322,0.3293259067809369,0.3367441039988145,0.6450692859619138,0.325244527247322
BreastCancer,RF,Ensemble,0.7,0.0,0.0,0.0,569,42,0.6220307405682346,0.05770187435006994,0.6156528164415576,0.058410535476883116,0.6129438539379133,0.06053626492867292,0.237343723622263,0.11759153831019643,label_noise,0.7,extreme_single,,,,,0.3393210164053203,0.34183402969989063,0.3455745968751359,0.6813546404976587,0.3393210164053203
BreastCancer,XGB,Boosting,0.7,0.0,0.0,0.0,569,42,0.6238161776121721,0.04064765928653652,0.6195995578009187,0.043949915751086595,0.616547088069181,0.045680362420690325,0.24345334600984853,0.08485480091105649,label_noise,0.7,extreme_single,,,,,0.3433835325777569,0.3427998602404908,0.34809871149344007,0.6871673619797893,0.3433835325777569
BreastCancer,SVM,Kernel,0.7,0.0,0.0,0.0,569,42,0.6554106505201056,0.045652293883868995,0.6464192757558053,0.046110233049760155,0.6403439273779129,0.048748476385325486,0.3125636100914938,0.095478385093063,label_noise,0.7,extreme_single,,,,,0.32000207007193504,0.32567621709795813,0.3332277214013488,0.6351387491198457,0.32000207007193504
BreastCancer,MLP,Neural,0.7,0.0,0.0,0.0,569,42,0.6185840707964602,0.04028396153099339,0.6071431762724678,0.04012073943080282,0.5948939230319568,0.045685081033263575,0.23551010526251553,0.08640786741372307,label_noise,0.7,extreme_single,,,,,0.32811675205713386,0.3308754176337776,0.347286535411951,0.650349789392697,0.32811675205713386
BreastCancer,GB,Boosting,0.7,0.0,0.0,0.0,569,42,0.6061946902654867,0.04552420711759869,0.6037736994650078,0.046995618124046123,0.6021329112558088,0.04662070944974176,0.20983650764612322,0.09430034427818129,label_noise,0.7,extreme_single,,,,,0.34987320809398137,0.3472424967649126,0.3506214644649618,0.6967745834724672,0.34987320809398137
Digits,LR,Linear,0.7,0.0,0.0,0.0,1797,42,0.6510848034664191,0.0097403096763457,0.6498826110575135,0.009869100658485007,0.6499190172146403,0.009868219792584777,0.3003535305142179,0.01966403240121695,label_noise,0.7,extreme_single,,,,,0.24169916434540384,0.24292231090509842,0.24285139140460754,0.4854963891995892,0.24169916434540384
Digits,RF,Ensemble,0.7,0.0,0.0,0.0,1797,42,0.6666558341070876,0.02085961088484973,0.6652890396715603,0.021532793885443095,0.665203878957026,0.021385067329443494,0.3316510648296441,0.042578343966902334,label_noise,0.7,extreme_single,,,,,0.31108686681110087,0.3124513455483767,0.3125374821200665,0.6239002274905507,0.31108686681110087
Digits,XGB,Boosting,0.7,0.0,0.0,0.0,1797,42,0.6516542865985763,0.017086993344553776,0.6505377911851985,0.016628378114141484,0.6504849559748391,0.016628921486560085,0.3018348964448288,0.033787896441729276,label_noise,0.7,extreme_single,,,,,0.31847828329722483,0.31959033348257226,0.3196455784453932,0.6385113769860795,0.31847828329722483
Digits,SVM,Kernel,0.7,0.0,0.0,0.0,1797,42,0.6878195605075829,0.01166327136301381,0.687551287353702,0.012065332008661927,0.6873772604569751,0.011887194113634146,0.3750264996807499,0.02388145695952759,label_noise,0.7,extreme_single,,,,,0.292893840916125,0.2931665331551614,0.29333489079445685,0.58648256193887,0.292893840916125
Digits,MLP,Neural,0.7,0.0,0.0,0.0,1797,42,0.6510755184153513,0.01695558545420467,0.6505811185115711,0.017080844616516242,0.6504803977786953,0.0171014225364865,0.30118093805465335,0.03404326636743284,label_noise,0.7,extreme_single,,,,,0.31257041163726407,0.3130715490947681,0.3131643205359751,0.6261784205863907,0.31257041163726407
Digits,GB,Boosting,0.7,0.0,0.0,0.0,1797,42,0.6527669452181987,0.017029944531387443,0.6516495528213992,0.017278292601755733,0.6516415280659009,0.017349028281319023,0.3038360400056906,0.034303841177810705,label_noise,0.7,extreme_single,,,,,0.31439750335293515,0.3155104246813357,0.31552010909115313,0.63059391267109,0.31439750335293515
Spambase,LR,Linear,0.0,0.5,0.0,0.0,4601,42,0.8639437284615022,0.005268340231202316,0.8470338291165767,0.00606858165764779,0.8541204845693541,0.005798519406829324,0.7127336371410221,0.011146910065599164,missing,0.5,extreme_single,,,,,0.06129105100001553,0.07124358716225454,0.06702063238229206,0.13027372345406285,0.06129105100001553
Spambase,RF,Ensemble,0.0,0.5,0.0,0.0,4601,42,0.885677666052967,0.0050553253641602005,0.8703731129104495,0.0057596503218450175,0.8776050855515809,0.005534393294482713,0.7592864180961794,0.010701807617320546,missing,0.5,extreme_single,,,,,0.05911784607153525,0.06703885200034843,0.06398488394771784,0.12498039737580813,0.05911784607153525
Spambase,XGB,Boosting,0.0,0.5,0.0,0.0,4601,42,0.8917643865363735,0.0060223936718188,0.881663027702728,0.006559525396680685,0.8854559630591898,0.0063921975880223995,0.7720466165073969,0.012616558516230374,missing,0.5,extreme_single,,,,,0.058609812900281666,0.06443595112761424,0.06235883601094094,0.12385286705714493,0.058609812900281666
Spambase,SVM,Kernel,0.0,0.5,0.0,0.0,4601,42,0.8706826228579521,0.007580918110061189,0.8543282823245338,0.006739988029493552,0.8614561346194499,0.007686768643298743,0.7272870451997069,0.01638148458955734,missing,0.5,extreme_single,,,,,0.0622318997938599,0.07196174766009866,0.06778426928778847,0.1318049000972772,0.0622318997938599
Spambase,MLP,Neural,0.0,0.5,0.0,0.0,4601,42,0.8754645234386065,0.009867934107484197,0.867530188208599,0.008330939811145195,0.8690599535935617,0.009794399786193111,0.7387673955563769,0.01963536274846698,missing,0.5,extreme_single,,,,,0.06157948984248374,0.06519058876839212,0.06481820434818275,0.12925102776869124,0.06157948984248374
Spambase,GB,Boosting,0.0,0.5,0.0,0.0,4601,42,0.892417268564415,0.007426130121748765,0.8817176694781255,0.008019316933712632,0.8859871019229176,0.007891747488352922,0.7733363906893433,0.015687026953421147,missing,0.5,extreme_single,,,,,0.05527545673417367,0.06126747457170578,0.058970089197171505,0.11694531964692845,0.05527545673417367
Bank,LR,Linear,0.0,0.5,0.0,0.0,5000,42,0.8868,0.006431174076325416,0.5666579551064262,0.02126235342522582,0.5862296939623509,0.0304249378905032,0.2457794788491629,0.06369469099587731,missing,0.5,extreme_single,,,,,0.009333333333333194,0.07498136694059676,0.09045753631284381,0.13988118825944335,0.009333333333333194
Bank,RF,Ensemble,0.0,0.5,0.0,0.0,5000,42,0.8872,0.0036551333764994164,0.5498310925264492,0.007368230349954821,0.5622291891805437,0.011945133877477854,0.2222930435598392,0.03777582072595943,missing,0.5,extreme_single,,,,,0.00873333333333337,0.05363384989659059,0.07521126142106582,0.1205322648709165,0.00873333333333337
Bank,XGB,Boosting,0.0,0.5,0.0,0.0,5000,42,0.8894,0.0032619012860600214,0.5837006707901385,0.012921013868561395,0.6101757539849254,0.017706936507993435,0.28486709891925605,0.03345039335671081,missing,0.5,extreme_single,,,,,0.006333333333333302,0.0806971184094627,0.0851017218290494,0.12417415539211762,0.006333333333333302
Bank,SVM,Kernel,0.0,0.5,0.0,0.0,5000,42,0.8838000000000001,0.004445222154178577,0.5323353757102341,0.005277377014376647,0.5333836624688671,0.008455891189902445,0.16997543505554513,0.044463939462059975,missing,0.5,extreme_single,,,,,0.00639999999999985,0.05601984945133298,0.0827437470313851,0.12609854464483744,0.00639999999999985
Bank,MLP,Neural,0.0,0.5,0.0,0.0,5000,42,0.8826,0.004882622246293485,0.5427776325851071,0.010746341749191249,0.5504947791612083,0.01721397217306709,0.18476871881267834,0.03929204975568602,missing,0.5,extreme_single,,,,,0.008399999999999963,0.07643006714354383,0.09619190582104797,0.1494063170315865,0.008399999999999963
Bank,GB,Boosting,0.0,0.5,0.0,0.0,5000,42,0.8834,0.006945502141674141,0.573630107152191,0.015814640502168315,0.5949936652149782,0.022330303662698045,0.24515392953412984,0.05331245219849974,missing,0.5,extreme_single,,,,,0.01100000000000001,0.09223703187463095,0.09998579386494622,0.16084205010443292,0.01100000000000001
Wine,LR,Linear,0.0,0.5,0.0,0.0,178,42,0.8709523809523809,0.021305348235634906,0.8725829725829726,0.021640355437388233,0.8733455265828847,0.022022878277049036,0.8144127618844166,0.03243044996545773,missing,0.5,extreme_single,,,,,0.11417989417989405,0.1132018598685266,0.11152696039671584,0.16370547242296252,0.11417989417989405
Wine,RF,Ensemble,0.0,0.5,0.0,0.0,178,42,0.893015873015873,0.04159033067848923,0.9032756132756132,0.03379254287645674,0.8948217428462042,0.040065741181916345,0.8466962284721093,0.05985866143958463,missing,0.5,extreme_single,,,,,0.09015873015873022,0.08217412217412223,0.08890900377343136,0.12838140746868698,0.09015873015873022
Wine,XGB,Boosting,0.0,0.5,0.0,0.0,178,42,0.8985714285714286,0.04251302173312109,0.9029292929292929,0.03662022667388971,0.9012560067286269,0.041039993632980255,0.8509992461162543,0.06117866455752853,missing,0.5,extreme_single,,,,,0.05841269841269836,0.05602052268718949,0.05588508487459998,0.08504590669557588,0.05841269841269836
Wine,SVM,Kernel,0.0,0.5,0.0,0.0,178,42,0.8707936507936507,0.022213150075601117,0.8766089466089466,0.022047645444546966,0.8718602066790387,0.021955793307275588,0.8096947634655521,0.03261500994228562,missing,0.5,extreme_single,,,,,0.11238095238095247,0.10537437870771205,0.11097187304172662,0.16533436806529678,0.11238095238095247
Wine,MLP,Neural,0.0,0.5,0.0,0.0,178,42,0.7641269841269842,0.041871078333454104,0.7767917267917268,0.03233111561830227,0.7634946161700548,0.04577702048001702,0.6581934667026257,0.05259469821262663,missing,0.5,extreme_single,,,,,0.15534391534391523,0.14695526695526706,0.15751603877352505,0.22479883752071927,0.15534391534391523
Wine,GB,Boosting,0.0,0.5,0.0,0.0,178,42,0.8814285714285713,0.058512251259826516,0.8895189995189995,0.05616106578495344,0.8858865526351783,0.0559413004260906,0.8264728392377847,0.08794315426714723,missing,0.5,extreme_single,,,,,0.0493650793650795,0.03936668270001609,0.046071611941042256,0.07215484318828824,0.0493650793650795
BreastCancer,LR,Linear,0.0,0.5,0.0,0.0,569,42,0.956078248719143,0.0077771021238649835,0.9487578572208444,0.00804190270311178,0.9526349787671906,0.008212679109365404,0.9058509122599417,0.01644064324426171,missing,0.5,extreme_single,,,,,0.01934482223257261,0.022145188096711288,0.020815266604919724,0.04211888742403169,0.01934482223257261
BreastCancer,RF,Ensemble,0.0,0.5,0.0,0.0,569,42,0.9420276354603322,0.008824381230950591,0.9394418838613074,0.007554852488371642,0.9381788661373722,0.008932623586012723,0.878241175575536,0.01631139779833065,missing,0.5,extreme_single,,,,,0.019324121513222714,0.01804496228014074,0.02033958467567698,0.040457188544385625,0.019324121513222714
BreastCancer,XGB,Boosting,0.0,0.5,0.0,0.0,569,42,0.9508306163639186,0.015225053650753124,0.9464092045814942,0.015274681072544405,0.9473091829794565,0.016398439246233822,0.8954308201881076,0.03288716905562823,missing,0.5,extreme_single,,,,,0.016369093826010372,0.015990213459915248,0.017336616583164544,0.035189887801530206,0.016369093826010372
BreastCancer,SVM,Kernel,0.0,0.5,0.0,0.0,569,42,0.9420276354603322,0.018002758489177404,0.9385605623404508,0.014217630256410393,0.9382332065729019,0.01848602199662265,0.8786074228799899,0.036106998511480776,missing,0.5,extreme_single,,,,,0.03338508513170846,0.03353493051331258,0.035338442206359844,0.06909493633134955,0.03338508513170846
BreastCancer,MLP,Neural,0.0,0.5,0.0,0.0,569,42,0.9297158826269213,0.011011603137503705,0.9189177051975939,0.017517584067424142,0.9236345810418591,0.012746972902215522,0.8513473378352978,0.023971114498139726,missing,0.5,extreme_single,,,,,0.01698494022667274,0.019100888708651564,0.018545877402048605,0.03451255681991472,0.01698494022667274
BreastCancer,GB,Boosting,0.0,0.5,0.0,0.0,569,42,0.9455208818506444,0.01021545106741986,0.9440734848366684,0.01152432640887655,0.9419575669500769,0.010900957061211062,0.8853003398760906,0.020941299502039316,missing,0.5,extreme_single,,,,,0.010547016508823615,0.006942711393251977,0.010796808770693667,0.021310751242499815,0.010547016508823615
Digits,LR,Linear,0.0,0.5,0.0,0.0,1797,42,0.7651330857319716,0.025204744055974067,0.7651535712693465,0.02529492325840559,0.764806496048224,0.025357442754737884,0.5316954900764972,0.05023859273890344,missing,0.5,extreme_single,,,,,0.1276508820798513,0.1276513506932655,0.1279639125710238,0.25415442963730994,0.1276508820798513
Digits,RF,Ensemble,0.0,0.5,0.0,0.0,1797,42,0.8536567626121944,0.011604501663953474,0.8537077447520671,0.011603514257564488,0.8535693206432121,0.01163207569712676,0.708297306807632,0.023018728380259378,missing,0.5,extreme_single,,,,,0.12408593830599413,0.12403264046786988,0.12417204043388042,0.24725398551256283,0.12408593830599413
Digits,XGB,Boosting,0.0,0.5,0.0,0.0,1797,42,0.8514298978644381,0.010632514647910192,0.8514452778034988,0.010641952351934792,0.8513700449090637,0.010658717160375785,0.7034474708127731,0.021136242164389505,missing,0.5,extreme_single,,,,,0.11870267203136298,0.118682846864272,0.11876048951116869,0.23689880261813523,0.11870267203136298
Digits,SVM,Kernel,0.0,0.5,0.0,0.0,1797,42,0.8764608480346642,0.01200251671645472,0.8764950735790885,0.012077857324244394,0.8764031027939282,0.011974311593433516,0.7537896717069466,0.02470410667697152,missing,0.5,extreme_single,,,,,0.10425255338904371,0.10422274692977485,0.10430904845750377,0.20771938991267347,0.10425255338904371
Digits,MLP,Neural,0.0,0.5,0.0,0.0,1797,42,0.8614283503559269,0.02057556981248631,0.8614456550442229,0.020579566448897562,0.8613442870546535,0.020587006577582268,0.7237629790048562,0.04108470135178994,missing,0.5,extreme_single,,,,,0.10221757969668843,0.10220701256211628,0.10230043126001687,0.20359637963618793,0.10221757969668843
Digits,GB,Boosting,0.0,0.5,0.0,0.0,1797,42,0.854218508201795,0.019018301262530866,0.8542634031914564,0.01902214746642488,0.8540981544466378,0.019070913303575344,0.7096795105617811,0.03772282792116667,missing,0.5,extreme_single,,,,,0.1129459403693388,0.11289657431127853,0.11306348271041622,0.2247504421149995,0.1129459403693388
Spambase,LR,Linear,0.0,0.6,0.0,0.0,4601,42,0.847426001982722,0.007453598420275178,0.8263565270924907,0.008578609078190396,0.8349609128859437,0.008358031203028946,0.6776345576934869,0.01612432398027519,missing,0.6,extreme_single,,,,,0.07780877747879578,0.09192088918634045,0.08618020406570248,0.16537280290159806,0.07780877747879578
Spambase,RF,Ensemble,0.0,0.6,0.0,0.0,4601,42,0.8609004862389652,0.001892850743834023,0.8416363664910879,0.0026846133925117056,0.850012611507931,0.0021446624477209782,0.7066257712722098,0.004051536478331922,missing,0.6,extreme_single,,,,,0.0838950258855371,0.09577559841971006,0.09157735799136779,0.17764104419977766,0.0838950258855371
Spambase,XGB,Boosting,0.0,0.6,0.0,0.0,4601,42,0.8708985979323043,0.00290412507615967,0.8574035191286326,0.002847720480188889,0.8626248138652615,0.0029599904664093526,0.727485988314693,0.00607227849973397,missing,0.6,extreme_single,,,,,0.07947560150435085,0.08869545970170967,0.08518998520486931,0.16841349524984883,0.07947560150435085
Spambase,SVM,Kernel,0.0,0.6,0.0,0.0,4601,42,0.8528581881697587,0.00980721838583097,0.8325798690206507,0.010404576269330775,0.8410792271804477,0.010646215467351648,0.6893105377502422,0.02150762635907001,missing,0.6,extreme_single,,,,,0.08005633448205329,0.09371016096398177,0.08816117672679069,0.16978140754674187,0.08005633448205329
Spambase,MLP,Neural,0.0,0.6,0.0,0.0,4601,42,0.8611202379266393,0.008289097317470146,0.8478967873822804,0.007856279312479904,0.8524440718126444,0.008297080819772106,0.7073248378211234,0.01749740624793838,missing,0.6,extreme_single,,,,,0.07592377535445094,0.08482398959471071,0.08143408612910008,0.16069358550394475,0.07592377535445094
Spambase,GB,Boosting,0.0,0.6,0.0,0.0,4601,42,0.8676386725204173,0.005941211646332735,0.8533641926026583,0.005570403988289902,0.8589566280642462,0.006098556412883407,0.7205034229136609,0.012667552097813986,missing,0.6,extreme_single,,,,,0.08005405277817135,0.08962095144717297,0.08600056305584292,0.16977828742261092,0.08005405277817135
Bank,LR,Linear,0.0,0.6,0.0,0.0,5000,42,0.8855999999999999,0.006118823416311347,0.5533737936908946,0.018550526957971398,0.5670308380295557,0.02843631220079686,0.2163132690890271,0.06499840228680935,missing,0.6,extreme_single,,,,,0.010533333333333283,0.08826552835612844,0.10965639224563906,0.16934739801957915,0.010533333333333283
Bank,RF,Ensemble,0.0,0.6,0.0,0.0,5000,42,0.8854,0.005043808085167401,0.5362071802615405,0.013863139475229222,0.5395666495247654,0.023187114665543154,0.18177046886085382,0.06403483081177255,missing,0.6,extreme_single,,,,,0.010533333333333394,0.06725776216149937,0.09787380107684407,0.16105483956990188,0.010533333333333394
Bank,XGB,Boosting,0.0,0.6,0.0,0.0,5000,42,0.884,0.006324555320336764,0.5576579454269148,0.018681598791940056,0.5732742694529278,0.028025775791836648,0.21623973461339835,0.06373380311660778,missing,0.6,extreme_single,,,,,0.011733333333333262,0.10673984377268642,0.122003206361047,0.19280151969797532,0.011733333333333262
Bank,SVM,Kernel,0.0,0.6,0.0,0.0,5000,42,0.8837999999999999,0.005075431016179813,0.5293695734239335,0.007091874595653523,0.5282716231909262,0.011238265569406517,0.1621295749229159,0.05169531904243916,missing,0.6,extreme_single,,,,,0.006400000000000072,0.05898565173763359,0.087855786309326,0.13394440477746666,0.006400000000000072
Bank,MLP,Neural,0.0,0.6,0.0,0.0,5000,42,0.8827999999999999,0.006523802572120042,0.5414079817250824,0.02337395380250863,0.547187877146182,0.037014491873452064,0.17378479829169868,0.07681126188562788,missing,0.6,extreme_single,,,,,0.008200000000000096,0.07779971800356855,0.09949880783607423,0.16039023755256615,0.008200000000000096
Bank,GB,Boosting,0.0,0.6,0.0,0.0,5000,42,0.8808,0.006794115100585217,0.5565873914684787,0.02271097906868864,0.5706759541179766,0.03328062366790916,0.19939779621393677,0.07086061159260122,missing,0.6,extreme_single,,,,,0.013599999999999945,0.10927974755834324,0.12430350496194786,0.206598183424626,0.013599999999999945
Wine,LR,Linear,0.0,0.6,0.0,0.0,178,42,0.843015873015873,0.032114527982416034,0.84996632996633,0.03329180329801656,0.8461067152460929,0.03225286920670747,0.7688893739230751,0.04939413109175872,missing,0.6,extreme_single,,,,,0.14211640211640197,0.13581850248516913,0.13876577173350757,0.209228860384304,0.14211640211640197
Wine,RF,Ensemble,0.0,0.6,0.0,0.0,178,42,0.8425396825396826,0.0519816429795472,0.8546224146224146,0.049405756427783755,0.8439172577702129,0.05350845639739235,0.7748586506781808,0.07362370524741449,missing,0.6,extreme_single,,,,,0.14063492063492067,0.13082732082732085,0.13981348884942268,0.2002189852626155,0.14063492063492067
Wine,XGB,Boosting,0.0,0.6,0.0,0.0,178,42,0.8198412698412698,0.046856325540254325,0.8306253006253005,0.0464656189119646,0.8258449325344825,0.04746378616179958,0.7305868728308281,0.07192919613282435,missing,0.6,extreme_single,,,,,0.13714285714285712,0.12832451499118191,0.13129615906874437,0.20545827998100208,0.13714285714285712
Wine,SVM,Kernel,0.0,0.6,0.0,0.0,178,42,0.8487301587301588,0.03637865307562766,0.8561856661856663,0.0319062828974664,0.8484739973540238,0.03908321842084821,0.7854275057825468,0.0466295185619195,missing,0.6,extreme_single,,,,,0.13444444444444437,0.1257976591309924,0.13435808236674152,0.18960162574830208,0.13444444444444437
Wine,MLP,Neural,0.0,0.6,0.0,0.0,178,42,0.7366666666666666,0.06266203485560377,0.7407840307840308,0.0665079565104848,0.7430504188537912,0.06511886181891155,0.6027931399605021,0.09284113817774371,missing,0.6,extreme_single,,,,,0.18280423280423286,0.1829629629629631,0.17796023608978861,0.28019916426284286,0.18280423280423286
Wine,GB,Boosting,0.0,0.6,0.0,0.0,178,42,0.8487301587301588,0.05650793650793649,0.8606301106301106,0.05406784321428419,0.8523086526953423,0.05764947287302559,0.7826933195041909,0.08364210728922146,missing,0.6,extreme_single,,,,,0.08206349206349206,0.06825557158890494,0.07964951188087832,0.11593436292188208,0.08206349206349206
BreastCancer,LR,Linear,0.0,0.6,0.0,0.0,569,42,0.9525694767893185,0.006909126744502927,0.9430983835831526,0.009942709914913108,0.9485712131280921,0.0075370998694510895,0.8995635977553069,0.01470916880185471,missing,0.6,extreme_single,,,,,0.022853594162397184,0.027804661734403102,0.024879032244018218,0.048406201928666515,0.022853594162397184
BreastCancer,RF,Ensemble,0.0,0.6,0.0,0.0,569,42,0.9314236919732961,0.019691232174960063,0.9290852999131742,0.016892892177342876,0.9270817207648253,0.02041306572565486,0.8566679351067625,0.03955895777044599,missing,0.6,extreme_single,,,,,0.029928065000258797,0.028401546228273955,0.03143673004822389,0.06203042901315914,0.029928065000258797
BreastCancer,XGB,Boosting,0.0,0.6,0.0,0.0,569,42,0.9261915851575843,0.025164088321898093,0.9151707402034948,0.02611309236549659,0.9200002377121406,0.026901622455395235,0.8429310917427172,0.05289538061575647,missing,0.6,extreme_single,,,,,0.041008125032344744,0.047228677837914734,0.04464556185048052,0.08768961624692062,0.041008125032344744
BreastCancer,SVM,Kernel,0.0,0.6,0.0,0.0,569,42,0.9244527247321844,0.018815672860434136,0.9158734058095341,0.017007759111879548,0.9186274238091814,0.019076281463880886,0.8422723909162372,0.035710425340438695,missing,0.6,extreme_single,,,,,0.05095999585985622,0.05622208704422926,0.054944224970080335,0.10542996829510232,0.05095999585985622
BreastCancer,MLP,Neural,0.0,0.6,0.0,0.0,569,42,0.8945660611706255,0.028777516197727004,0.8727694981257053,0.04003929599623976,0.8825188612230255,0.03394462287338352,0.7764293816124094,0.06298298486066244,missing,0.6,extreme_single,,,,,0.05213476168296849,0.06524909578054017,0.05966159722088227,0.10943051304280316,0.05213476168296849
BreastCancer,GB,Boosting,0.0,0.6,0.0,0.0,569,42,0.9244216736531594,0.011943227510141296,0.9148455331472036,0.012493715728773265,0.9183810095467895,0.01262719485102129,0.8390617446585082,0.024183276428403632,missing,0.6,extreme_single,,,,,0.03164622470630862,0.03617066308271677,0.034373366173981124,0.06754934646008215,0.03164622470630862
Digits,LR,Linear,0.0,0.6,0.0,0.0,1797,42,0.7234138037759208,0.020767618995490966,0.7234462140463869,0.02084413756969061,0.7231676028817524,0.02090575152694926,0.44766299754780237,0.041554641732352536,missing,0.6,extreme_single,,,,,0.1693701640359021,0.1693587079162251,0.16960280573749542,0.33818692216600477,0.1693701640359021
Digits,RF,Ensemble,0.0,0.6,0.0,0.0,1797,42,0.8069142680284742,0.016590479690842784,0.8069970438045072,0.01655728091071663,0.8066256435182222,0.016760898738070865,0.6158030545756548,0.03232302658120359,missing,0.6,extreme_single,,,,,0.17082843288971428,0.1707433414154298,0.17111571755887034,0.3397482377445401,0.17082843288971428
Digits,XGB,Boosting,0.0,0.6,0.0,0.0,1797,42,0.8030176415970288,0.019336879583671408,0.8030402515852684,0.01936738320141423,0.8029221596753964,0.019403878807311516,0.6066315776679189,0.03846551949013094,missing,0.6,extreme_single,,,,,0.16711492829877228,0.1670878730825024,0.16720837474483596,0.3337146957629895,0.16711492829877228
Digits,SVM,Kernel,0.0,0.6,0.0,0.0,1797,42,0.8325054162797894,0.014792857185344257,0.832534526099914,0.014834951031676641,0.832437897812629,0.014783141531826404,0.6656526818922005,0.029887142070838063,missing,0.6,extreme_single,,,,,0.14820798514391853,0.1481832944089494,0.14827425343880296,0.2958563797274195,0.14820798514391853
Digits,MLP,Neural,0.0,0.6,0.0,0.0,1797,42,0.8180284741566078,0.01349469214581445,0.8180372851013921,0.013504641550151108,0.8179005298152526,0.013466267647286414,0.6370032016215846,0.027338657398304177,missing,0.6,extreme_single,,,,,0.1456174558960075,0.1456153825049471,0.14574418849941773,0.2903561570194595,0.1456174558960075
Digits,GB,Boosting,0.0,0.6,0.0,0.0,1797,42,0.8068956979263386,0.01616081920839261,0.806910621384062,0.01617769934500269,0.8068352315417411,0.016193990796886912,0.6141895205233884,0.03220877521262698,missing,0.6,extreme_single,,,,,0.16026875064479518,0.16024935611867297,0.16032640561531297,0.32024043215339226,0.16026875064479518
Spambase,LR,Linear,0.0,0.7,0.0,0.0,4601,42,0.8182988717367701,0.00902883548422143,0.790266859680578,0.010507907479875327,0.8003159093815853,0.010529813549065936,0.6154914904648916,0.019928072826104922,missing,0.7,extreme_single,,,,,0.1069359077247477,0.12801055659825322,0.12082520757006088,0.22751587013019337,0.1069359077247477
Spambase,RF,Ensemble,0.0,0.7,0.0,0.0,4601,42,0.8291660765708351,0.005728054856998385,0.8053246795124045,0.007229014432635155,0.8142328206690269,0.006794284053744261,0.6383133007852304,0.01223294352226342,missing,0.7,extreme_single,,,,,0.11562943555366723,0.13208728539839343,0.12735714883027183,0.24595351468675708,0.11562943555366723
Spambase,XGB,Boosting,0.0,0.7,0.0,0.0,4601,42,0.8452499645942503,0.004625291277511442,0.8280431842462328,0.006189727669752004,0.834305324416231,0.005452231524945591,0.6725476336474228,0.009935638023887382,missing,0.7,extreme_single,,,,,0.10512423484240485,0.11805579458410942,0.11350947465389982,0.2233518499171191,0.10512423484240485
Spambase,SVM,Kernel,0.0,0.7,0.0,0.0,4601,42,0.8206882877779351,0.011233147936542126,0.7934983967060975,0.012307416347902724,0.8033805065747638,0.01258427685964954,0.6205105675408169,0.02483528736576076,missing,0.7,extreme_single,,,,,0.11222623487387684,0.13279163327853505,0.1258598973324746,0.23858137775616717,0.11222623487387684
Spambase,MLP,Neural,0.0,0.7,0.0,0.0,4601,42,0.8350318651749044,0.01069139043258513,0.8200091075399163,0.012492028508090145,0.8244365122664383,0.011874575714152031,0.6514197020993295,0.022783606212780295,missing,0.7,extreme_single,,,,,0.10201214810618586,0.11271166943707478,0.10944164567530612,0.21659872122573864,0.10201214810618586
Spambase,GB,Boosting,0.0,0.7,0.0,0.0,4601,42,0.8452504366709153,0.004236290213696305,0.8271746698603604,0.004945735449533563,0.8339625849305117,0.0046921460136499634,0.6725242250563831,0.009060911799233545,missing,0.7,extreme_single,,,,,0.10244228862767335,0.11581047418947088,0.11099460618957746,0.2177574852798887,0.10244228862767335
Bank,LR,Linear,0.0,0.7,0.0,0.0,5000,42,0.8864000000000001,0.004127953488110062,0.547153739679221,0.01224523495616651,0.5576922359711863,0.01976430451766818,0.21029658589283332,0.04868783131782161,missing,0.7,extreme_single,,,,,0.00973333333333315,0.09448558236780202,0.1189949943040084,0.17536408121577293,0.00973333333333315
Bank,RF,Ensemble,0.0,0.7,0.0,0.0,5000,42,0.8862,0.0028565713714171423,0.5292456756782917,0.0077469782915438445,0.5270131330045932,0.013567216563859936,0.1761153748042806,0.040846591201388824,missing,0.7,extreme_single,,,,,0.009733333333333372,0.0742192667447481,0.1104273175970163,0.1667099336264751,0.009733333333333372
Bank,XGB,Boosting,0.0,0.7,0.0,0.0,5000,42,0.8834,0.001743559577416271,0.5372990291450087,0.0009872930789446596,0.5419310206243906,0.0014324584127311784,0.17368640572844468,0.012268328225456178,missing,0.7,extreme_single,,,,,0.012333333333333307,0.12709876005459253,0.15334645518958423,0.235354848582929,0.012333333333333307
Bank,SVM,Kernel,0.0,0.7,0.0,0.0,5000,42,0.8838000000000001,0.0019390719429665333,0.5226965182797573,0.002045486198753255,0.5156975622587886,0.004001785075779536,0.14156188510286674,0.017036972454438967,missing,0.7,extreme_single,,,,,0.00639999999999985,0.06565870688180986,0.10042984724146364,0.15451209459751583,0.00639999999999985
Bank,MLP,Neural,0.0,0.7,0.0,0.0,5000,42,0.8854,0.0034985711369071833,0.5354657296899653,0.02010645731757838,0.536204828049599,0.03709315360023979,0.16313753996641986,0.08890997458650844,missing,0.7,extreme_single,,,,,0.005600000000000049,0.08374197003868566,0.11048185693265722,0.17103749587784497,0.005600000000000049
Bank,GB,Boosting,0.0,0.7,0.0,0.0,5000,42,0.8798000000000001,0.003310589071449373,0.5397092274781968,0.007577488127459896,0.5460071736406954,0.011962882787207585,0.16208905849203753,0.027594420584000138,missing,0.7,extreme_single,,,,,0.014599999999999835,0.1261579115486251,0.14897228543922902,0.24390692114652524,0.014599999999999835
Wine,LR,Linear,0.0,0.7,0.0,0.0,178,42,0.7922222222222223,0.02757705254664636,0.791077441077441,0.027354882608895573,0.7953153982576422,0.026503417600956695,0.6856040222588091,0.04227280982308039,missing,0.7,extreme_single,,,,,0.1929100529100527,0.19470739137405813,0.1895570887219583,0.29251421204857,0.1929100529100527
Wine,RF,Ensemble,0.0,0.7,0.0,0.0,178,42,0.7468253968253968,0.04868127427568594,0.7485618085618085,0.06290400158956722,0.742759827527751,0.05686389672221896,0.6233160156865776,0.07859617032257939,missing,0.7,extreme_single,,,,,0.23634920634920642,0.23688792688792693,0.2409709190918845,0.35176162025421875,0.23634920634920642
Wine,XGB,Boosting,0.0,0.7,0.0,0.0,178,42,0.7471428571428571,0.025444399885096995,0.7531409331409331,0.03229368811158213,0.748942885478925,0.023500313966820084,0.6233421779405457,0.04456343162769392,missing,0.7,extreme_single,,,,,0.20984126984126983,0.2058088824755493,0.20819820612430195,0.3127029748712845,0.20984126984126983
Wine,SVM,Kernel,0.0,0.7,0.0,0.0,178,42,0.7752380952380953,0.025393849031942615,0.7786435786435787,0.021383611990967936,0.7781325132916064,0.025151519044390863,0.6628540523258387,0.03567893120974063,missing,0.7,extreme_single,,,,,0.20793650793650786,0.20333974667307997,0.20469956642915899,0.3121750792050102,0.20793650793650786
Wine,MLP,Neural,0.0,0.7,0.0,0.0,178,42,0.5684126984126984,0.12026300229219533,0.5895141895141894,0.11358497454836611,0.5615877462650918,0.13512168238551253,0.3750126747336867,0.16430983152312956,missing,0.7,extreme_single,,,,,0.35105820105820107,0.33423280423280444,0.35942290867848803,0.5079796294896582,0.35105820105820107
Wine,GB,Boosting,0.0,0.7,0.0,0.0,178,42,0.7636507936507936,0.04434626343759749,0.766022126022126,0.04719432593709734,0.7629454827951596,0.04055090961809918,0.6500525493031585,0.07557970574551813,missing,0.7,extreme_single,,,,,0.16714285714285726,0.16286355619688953,0.169012681781061,0.24857513312291446,0.16714285714285726
BreastCancer,LR,Linear,0.0,0.7,0.0,0.0,569,42,0.9385499146095325,0.02141076037821979,0.9280743894893911,0.023443553323321792,0.9333278919154582,0.023426792595506944,0.8697768613172492,0.0461031475184393,missing,0.7,extreme_single,,,,,0.03687315634218313,0.04282865582816453,0.04012235345665216,0.07819293836672425,0.03687315634218313
BreastCancer,RF,Ensemble,0.0,0.7,0.0,0.0,569,42,0.9085856233504114,0.012122315004260203,0.9031419784859025,0.011470036845276964,0.9023593520498452,0.011936235576340591,0.808454189385172,0.02536158319142891,missing,0.7,extreme_single,,,,,0.05276613362314353,0.05434486765554569,0.05615909876320402,0.11024417473474968,0.05276613362314353
BreastCancer,XGB,Boosting,0.0,0.7,0.0,0.0,569,42,0.9244216736531594,0.007092572166891246,0.9119247136566168,0.010310405275271366,0.9178009155570976,0.0074498202767605505,0.8400621877995371,0.015275834867593768,missing,0.7,extreme_single,,,,,0.04277803653676959,0.050474704384792735,0.046844884005523446,0.09055852019010069,0.04277803653676959
BreastCancer,SVM,Kernel,0.0,0.7,0.0,0.0,569,42,0.9156342182890855,0.018095307694731406,0.9087399721325369,0.019064226608352653,0.9094698561501691,0.019000745601284088,0.8217283748821809,0.03725302810652719,missing,0.7,extreme_single,,,,,0.05977850230295512,0.06335552072122652,0.06410179262909266,0.12597398432915863,0.05977850230295512
BreastCancer,MLP,Neural,0.0,0.7,0.0,0.0,569,42,0.8507685142058687,0.05881304294932188,0.820282612990605,0.07252640733439895,0.8304580859713816,0.06974018053573797,0.6767219085685603,0.12857538874435498,missing,0.7,extreme_single,,,,,0.09593230864772528,0.11773598091564041,0.11172237247252614,0.20913798608665224,0.09593230864772528
BreastCancer,GB,Boosting,0.0,0.7,0.0,0.0,569,42,0.9085545722713864,0.018443726704730184,0.8963898377344168,0.025586932368276378,0.9005804047523138,0.021704940482671242,0.804680425378152,0.040196592101778506,missing,0.7,extreme_single,,,,,0.047513326088081675,0.05462635849550357,0.05217397096845677,0.10193066574043841,0.047513326088081675
Digits,LR,Linear,0.0,0.7,0.0,0.0,1797,42,0.6878211080160941,0.015525772760140666,0.6878871432931745,0.01550765884841187,0.687503578985501,0.015698061617053904,0.37653524804722044,0.03066584843499919,missing,0.7,extreme_single,,,,,0.2049628597957288,0.2049177786694375,0.20526682963374687,0.4093146716665867,0.2049628597957288
Digits,RF,Ensemble,0.0,0.7,0.0,0.0,1797,42,0.7440188796038377,0.022612345601312412,0.7441444008902881,0.022653270479061155,0.7433415207064626,0.022348018455895697,0.4912436141661738,0.046851985769649315,missing,0.7,extreme_single,,,,,0.23372382131435077,0.2335959843296489,0.23439984037062989,0.4643076781540211,0.23372382131435077
Digits,XGB,Boosting,0.0,0.7,0.0,0.0,1797,42,0.7467951098731043,0.02452402433088154,0.7468448614669176,0.02454838013097059,0.746662156487164,0.02450166776196668,0.49427310369029875,0.04923789050897561,missing,0.7,extreme_single,,,,,0.22333746002269683,0.22328326320085312,0.22346837793306829,0.4460731697406096,0.22333746002269683
Digits,SVM,Kernel,0.0,0.7,0.0,0.0,1797,42,0.7751934385639121,0.016938550587691278,0.7752372329735828,0.016925875194699725,0.7750311295854326,0.017037852512190355,0.5512489805530741,0.03343487363597486,missing,0.7,extreme_single,,,,,0.2055199628597958,0.20548058753528053,0.20568102166599933,0.4102600810665459,0.2055199628597958
Digits,MLP,Neural,0.0,0.7,0.0,0.0,1797,42,0.7423351903435469,0.038442186421512405,0.7423912089193425,0.03850079567551745,0.7421254034333701,0.038314821609463603,0.4858081992675773,0.07774821481514954,missing,0.7,extreme_single,,,,,0.22131073970906845,0.22126145868699665,0.22151931488130028,0.44155115937346684,0.22131073970906845
Digits,GB,Boosting,0.0,0.7,0.0,0.0,1797,42,0.750140823274528,0.02121922791862661,0.750215370158887,0.02121970158230812,0.7499556794629596,0.021213107582219247,0.5012511573453713,0.04253212534976086,missing,0.7,extreme_single,,,,,0.2170236252966058,0.21694460734384802,0.21720595769409445,0.43317879533140935,0.2170236252966058
Spambase,LR,Linear,0.0,0.0,0.5,0.0,4601,42,0.8702473681725913,0.005523605236855887,0.8576301100150401,0.006061984999913422,0.862213153957599,0.00587835054677161,0.7262441810883253,0.01173392785159024,feature_noise,0.5,extreme_single,,,,,0.05498741128892648,0.06064730626379111,0.05892796299404712,0.11676317950675963,0.05498741128892648
Spambase,RF,Ensemble,0.0,0.0,0.5,0.0,4601,42,0.8817683991880282,0.008678264669082041,0.8646288459942127,0.010212354842015135,0.8728645577402266,0.009638865525267912,0.7513975991782187,0.018562819658983782,feature_noise,0.5,extreme_single,,,,,0.06302711293647412,0.07278311891658518,0.0687254117590721,0.1328692162937688,0.06302711293647412
Spambase,XGB,Boosting,0.0,0.0,0.5,0.0,4601,42,0.8837249209271587,0.011057472181826115,0.8711570571484968,0.01358403334256936,0.8762944989032022,0.01232617611152223,0.7548724565658336,0.023595711645840334,feature_noise,0.5,extreme_single,,,,,0.06664927850949642,0.07494192168184544,0.07152030016692856,0.14102702699870828,0.06664927850949642
Spambase,SVM,Kernel,0.0,0.0,0.5,0.0,4601,42,0.8885049332011519,0.00685144890568398,0.875971354585188,0.008763038593393823,0.8813566135550241,0.007696061243942135,0.765096948958903,0.014531250356231944,feature_noise,0.5,extreme_single,,,,,0.04440958945066009,0.05031867539944446,0.04788379035221424,0.09399499633808106,0.04440958945066009
Spambase,MLP,Neural,0.0,0.0,0.5,0.0,4601,42,0.8739420761931738,0.006632119560470088,0.8618318349746396,0.008145855199420517,0.866216469634298,0.007343225268801945,0.7341691529435759,0.01411851140527007,feature_noise,0.5,extreme_single,,,,,0.06310193708791645,0.07088894200235152,0.06766168830744645,0.1338492703814923,0.06310193708791645
Spambase,GB,Boosting,0.0,0.0,0.5,0.0,4601,42,0.8872008214133975,0.008021226204008134,0.87421774290956,0.011478062507378145,0.8798066328940749,0.00942139975017682,0.7624069967113207,0.016967723613588868,feature_noise,0.5,extreme_single,,,,,0.0604919038851911,0.06876740114027124,0.06515055822601423,0.12787471362495106,0.0604919038851911
Bank,LR,Linear,0.0,0.0,0.5,0.0,5000,42,0.8952,0.0032496153618543867,0.6203502047216657,0.01482857294062718,0.6553402520001738,0.016962631506785588,0.3579425767885524,0.029519084741862323,feature_noise,0.5,extreme_single,,,,,0.0009333333333332305,0.02128911732535732,0.021346978275020967,0.027718090320053845,0.0009333333333332305
Bank,RF,Ensemble,0.0,0.0,0.5,0.0,5000,42,0.891,0.005440588203494182,0.5682947604804909,0.022543150677824867,0.5893781369180779,0.0334276067541633,0.2698534041345838,0.06488847726257406,feature_noise,0.5,extreme_single,,,,,0.004933333333333345,0.03517018194254895,0.04806231368353153,0.0729719042961719,0.004933333333333345
Bank,XGB,Boosting,0.0,0.0,0.5,0.0,5000,42,0.8906000000000001,0.005535341001239224,0.6162625470666242,0.012930879719270658,0.6475835570289679,0.01483363899834654,0.33592435405980076,0.030417558838799836,feature_noise,0.5,extreme_single,,,,,0.005133333333333212,0.04813524213297704,0.04769391878500695,0.07311690025157291,0.005133333333333212
Bank,SVM,Kernel,0.0,0.0,0.5,0.0,5000,42,0.8894,0.0018547236990991425,0.5770276156459622,0.009258501258433941,0.6014918173891963,0.012143604797471856,0.27704468381231956,0.01626145449272048,feature_noise,0.5,extreme_single,,,,,0.0008000000000000229,0.011327609515604964,0.014635592111055917,0.019029295888063014,0.0008000000000000229
Bank,MLP,Neural,0.0,0.0,0.5,0.0,5000,42,0.8918000000000001,0.007493997598078084,0.610268993621202,0.029659166754480902,0.6410741897756129,0.03612619401791232,0.32939424305020415,0.06558641850799336,feature_noise,0.5,extreme_single,,,,,-0.0008000000000001339,0.008938706107448957,0.005612495206643309,0.004780792794060684,-0.0008000000000001339
Bank,GB,Boosting,0.0,0.0,0.5,0.0,5000,42,0.8916000000000001,0.004758150901348132,0.6361065133432063,0.013500169874981876,0.6675737830708453,0.01560158789796354,0.36243337609404097,0.030436995407095855,feature_noise,0.5,extreme_single,,,,,0.0027999999999999137,0.029760625683615594,0.027405676009079172,0.043562603544521794,0.0027999999999999137
Wine,LR,Linear,0.0,0.0,0.5,0.0,178,42,0.9552380952380952,0.05159242953756207,0.9587301587301589,0.048704558706559535,0.9577566690440253,0.049680700723374265,0.9329195613724226,0.0772070302771596,feature_noise,0.5,extreme_single,,,,,0.02989417989417975,0.027054673721340294,0.02711581793557516,0.045198672934956496,0.02989417989417975
Wine,RF,Ensemble,0.0,0.0,0.5,0.0,178,42,0.9663492063492063,0.027154457745641215,0.9666378066378065,0.02580664361608159,0.967599673257968,0.026338142288743774,0.9501415026345967,0.04008069502660841,feature_noise,0.5,extreme_single,,,,,0.016825396825396965,0.018811928811928946,0.016131073361667525,0.024936133306199593,0.016825396825396965
Wine,XGB,Boosting,0.0,0.0,0.5,0.0,178,42,0.9326984126984128,0.02808851143579455,0.9354208754208754,0.023698490990583958,0.9347252988225018,0.027194223530442572,0.9020340532342346,0.040850314926634546,feature_noise,0.5,extreme_single,,,,,0.024285714285714133,0.02352894019560703,0.02241579278072514,0.03401109957759563,0.024285714285714133
Wine,SVM,Kernel,0.0,0.0,0.5,0.0,178,42,0.9385714285714286,0.05662819377802768,0.9417460317460318,0.05281350980419923,0.9417418990309914,0.05444193188792074,0.9079618137127825,0.08539203836913666,feature_noise,0.5,extreme_single,,,,,0.044603174603174534,0.040237293570626886,0.04109018068977399,0.06706731781806641,0.044603174603174534
Wine,MLP,Neural,0.0,0.0,0.5,0.0,178,42,0.8880952380952379,0.055330610356554184,0.8898124098124096,0.05806809572907237,0.8917023369337536,0.055446698340919996,0.8342044860022824,0.08225449003343586,feature_noise,0.5,extreme_single,,,,,0.0313756613756615,0.03393458393458426,0.02930831800982625,0.048787818221062595,0.0313756613756615
Wine,GB,Boosting,0.0,0.0,0.5,0.0,178,42,0.926984126984127,0.0283456689166809,0.9234102934102933,0.03469817451107518,0.9281575755465423,0.028417183949138104,0.893169321516244,0.04223580374185183,feature_noise,0.5,extreme_single,,,,,0.003809523809523818,0.005475388808722226,0.0038005890296782807,0.005458360909828985,0.003809523809523818
BreastCancer,LR,Linear,0.0,0.0,0.5,0.0,569,42,0.9525539512498058,0.008916499953808,0.9459409558123937,0.010976523819107718,0.9488930951053298,0.009432491045769435,0.8992805281543254,0.018819898527361698,feature_noise,0.5,extreme_single,,,,,0.022869119701909857,0.02496208950516199,0.024557150266780514,0.04868927152964808,0.022869119701909857
BreastCancer,RF,Ensemble,0.0,0.0,0.5,0.0,569,42,0.9385499146095327,0.02280302747994593,0.9317787214241522,0.026085748014157247,0.9337805564018046,0.024425087998830926,0.8709956549511748,0.047680691487838614,feature_noise,0.5,extreme_single,,,,,0.022801842364022162,0.025708124717296,0.024737894411244632,0.04770270916874686,0.022801842364022162
BreastCancer,XGB,Boosting,0.0,0.0,0.5,0.0,569,42,0.9262381617761216,0.01612732184729902,0.9221248030820582,0.023534178859806316,0.9209386197855796,0.017769205882601113,0.8459725179325611,0.03427721700597864,feature_noise,0.5,extreme_single,,,,,0.04096154841380739,0.04027461495935125,0.04370717977704153,0.08464819005707669,0.04096154841380739
BreastCancer,SVM,Kernel,0.0,0.0,0.5,0.0,569,42,0.9490607048594939,0.013965600353010527,0.9382419842049714,0.018301765401752344,0.9445443718639615,0.01546194635098051,0.8913535786789571,0.02995364333382125,feature_noise,0.5,extreme_single,,,,,0.026352015732546752,0.033853508648792,0.02902727691530027,0.05634878053238235,0.026352015732546752
BreastCancer,MLP,Neural,0.0,0.0,0.5,0.0,569,42,0.9332867567147959,0.02571127782305993,0.9221775744908729,0.03259807095349295,0.9273381177539048,0.02800367972898482,0.8597142196749319,0.05489665333552231,feature_noise,0.5,extreme_single,,,,,0.013414066138798142,0.015841019415372526,0.014842340690002898,0.026145674980280642,0.013414066138798142
BreastCancer,GB,Boosting,0.0,0.0,0.5,0.0,569,42,0.9227449153858096,0.02495338202587306,0.9144420788295665,0.0254917987120391,0.9168823501815389,0.025926514458484925,0.837074471701112,0.05047925215317038,feature_noise,0.5,extreme_single,,,,,0.03332298297365843,0.03657411740035388,0.035872025539231744,0.06953661941747835,0.03332298297365843
Digits,LR,Linear,0.0,0.0,0.5,0.0,1797,42,0.8269127205199629,0.02890329019293095,0.8269263797579487,0.02893899693573422,0.8268520856509542,0.028883508055461523,0.6543829933075053,0.05821289138497254,feature_noise,0.5,extreme_single,,,,,0.06587124729186,0.06587854220466327,0.06591832296829359,0.13146692640630186,0.06587124729186
Digits,RF,Ensemble,0.0,0.0,0.5,0.0,1797,42,0.9376740947075209,0.010800970876438002,0.9376501503818705,0.010794373832038169,0.9376623654543799,0.010798758882132027,0.875593763876908,0.02170427900382585,feature_noise,0.5,extreme_single,,,,,0.040068606210667546,0.04009023483806651,0.040078995622712665,0.07995752844328685,0.040068606210667546
Digits,XGB,Boosting,0.0,0.0,0.5,0.0,1797,42,0.9343330238316311,0.01215332181213888,0.9343633033941376,0.012176536239572546,0.9343294873115745,0.012151808947740362,0.8688687735882802,0.024448164250800795,feature_noise,0.5,extreme_single,,,,,0.03579954606417002,0.03576482127363312,0.035801047108657835,0.07147749984262819,0.03579954606417002
Digits,SVM,Kernel,0.0,0.0,0.5,0.0,1797,42,0.9616125038687713,0.016040253358061727,0.9616105606825999,0.016034596501683002,0.961610004274881,0.016040313309441043,0.9233487651348792,0.03212386953507683,feature_noise,0.5,extreme_single,,,,,0.019100897554936602,0.01910725982626349,0.019102146976550993,0.03816029648474084,0.019100897554936602
Digits,MLP,Neural,0.0,0.0,0.5,0.0,1797,42,0.9371231816774992,0.015780068353951203,0.9371193555356647,0.01578914302194606,0.9371105035590152,0.01578373350679894,0.8745546442007992,0.03155108747408948,feature_noise,0.5,extreme_single,,,,,0.026522748375116145,0.026533312070674442,0.026534214755655205,0.052804714440244926,0.026522748375116145
Digits,GB,Boosting,0.0,0.0,0.5,0.0,1797,42,0.9254317548746519,0.0066674425310792535,0.9254216522457828,0.006677101500505859,0.9254191679484041,0.006676062871722201,0.8510779422942966,0.013186994742319026,feature_noise,0.5,extreme_single,,,,,0.041732693696481915,0.0417383252569522,0.04174246920864999,0.08335201038248408,0.041732693696481915
Spambase,LR,Linear,0.0,0.0,0.6,0.0,4601,42,0.8587289335788132,0.009231463214478127,0.8448423114397412,0.010552151190877332,0.8496960728427906,0.010076091190446758,0.7017484723336957,0.0196981320941529,feature_noise,0.6,extreme_single,,,,,0.06650584588270458,0.07343510483908999,0.07144504410885555,0.14125888826138921,0.06650584588270458
Spambase,RF,Ensemble,0.0,0.0,0.6,0.0,4601,42,0.8665533682670066,0.006513724578681492,0.8457082304387924,0.0077508692648487355,0.8553795345661739,0.007316390989033695,0.7196045638901827,0.014137616118706814,feature_noise,0.6,extreme_single,,,,,0.07824214385749573,0.09170373447200553,0.08621043493312486,0.1646622515818048,0.07824214385749573
Spambase,XGB,Boosting,0.0,0.0,0.6,0.0,4601,42,0.8719872067223717,0.007133811772359615,0.8581032302267493,0.00833228532319909,0.8636213004484373,0.007846446720592789,0.7297875870560538,0.015298750005279518,feature_noise,0.6,extreme_single,,,,,0.0783869927142834,0.08799574860359294,0.08419349862169345,0.166111896508488,0.0783869927142834
Spambase,SVM,Kernel,0.0,0.0,0.6,0.0,4601,42,0.87416111976585,0.008458830195925662,0.859313916176017,0.009652640882169352,0.8655814004422215,0.009205415012055703,0.7346291245387172,0.018034798703969585,feature_noise,0.6,extreme_single,,,,,0.05875340288596198,0.06697611380861546,0.06365900346501685,0.12446282075826687,0.05875340288596198
Spambase,MLP,Neural,0.0,0.0,0.6,0.0,4601,42,0.8606835670112828,0.005530256264558214,0.8483857807098862,0.007688621620702949,0.8522913359064296,0.006493673772870657,0.7060128342301155,0.012279954373147908,feature_noise,0.6,extreme_single,,,,,0.07636044626980742,0.08433499626710483,0.08158682203531487,0.16200558909495266,0.07636044626980742
Spambase,GB,Boosting,0.0,0.0,0.6,0.0,4601,42,0.8748135297172261,0.010292525612761148,0.8592698868144707,0.013138970739222745,0.8659822185261573,0.011779757389012123,0.7360463712916945,0.021851341547024002,feature_noise,0.6,extreme_single,,,,,0.07287919558136247,0.08371525723536055,0.07897497259393182,0.1542353390445773,0.07287919558136247
Bank,LR,Linear,0.0,0.0,0.6,0.0,5000,42,0.8939999999999999,0.003687817782917158,0.612997647878735,0.012841743358794379,0.6468942657219685,0.01608068607141251,0.3444573988125521,0.03021474817669544,feature_noise,0.6,extreme_single,,,,,0.0021333333333333204,0.028641674168288,0.02979296455322622,0.04120326829605414,0.0021333333333333204
Bank,RF,Ensemble,0.0,0.0,0.6,0.0,5000,42,0.8892,0.0024000000000000024,0.5635682550744838,0.008069143744546352,0.5831147350183781,0.012077736445053642,0.2558799699262149,0.024532803466860077,feature_noise,0.6,extreme_single,,,,,0.006733333333333369,0.039896687348556004,0.054325715583231404,0.08694533850454078,0.006733333333333369
Bank,XGB,Boosting,0.0,0.0,0.6,0.0,5000,42,0.893,0.005176871642217918,0.6139142976062568,0.021944628876549112,0.6465647123629706,0.026093628462034064,0.3397238736142915,0.04691663846802547,feature_noise,0.6,extreme_single,,,,,0.0027333333333332543,0.05048349159334442,0.04871276345100417,0.06931738069708215,0.0027333333333332543
Bank,SVM,Kernel,0.0,0.0,0.6,0.0,5000,42,0.8888,0.0017204650534085267,0.5677904579376833,0.004455992263326467,0.5890363096960116,0.005930574018177549,0.2606152607140327,0.009626282405102916,feature_noise,0.6,extreme_single,,,,,0.0013999999999999568,0.020564767223883784,0.027091099804240626,0.03545871898634989,0.0013999999999999568
Bank,MLP,Neural,0.0,0.0,0.6,0.0,5000,42,0.8916000000000001,0.008380930735902794,0.6108971939096515,0.029621594028366904,0.6418724785050547,0.03761336981102157,0.3289539171089674,0.07144241752377048,feature_noise,0.6,extreme_single,,,,,-0.0006000000000000449,0.008310505818999503,0.004814206477201544,0.005221118735297459,-0.0006000000000000449
Bank,GB,Boosting,0.0,0.0,0.6,0.0,5000,42,0.8928,0.006144916598294892,0.6367860150419606,0.021506872329547427,0.6688195234036851,0.02379350742152518,0.3671643568784003,0.04499469163166874,feature_noise,0.6,extreme_single,,,,,0.0015999999999999348,0.02908112398486129,0.02615993567623931,0.03883162276016244,0.0015999999999999348
Wine,LR,Linear,0.0,0.0,0.6,0.0,178,42,0.9384126984126985,0.040656616232006226,0.9404473304473304,0.038201854611331805,0.941579761136107,0.03962747272702035,0.9080659086443464,0.06084201070885217,feature_noise,0.6,extreme_single,,,,,0.046719576719576494,0.04533750200416875,0.04329272584349353,0.07005232566303266,0.046719576719576494
Wine,RF,Ensemble,0.0,0.0,0.6,0.0,178,42,0.9550793650793651,0.0136876578649588,0.9555266955266954,0.010477879804484303,0.9577272655464799,0.011820501062527486,0.9329415526766324,0.020598068325347774,feature_noise,0.6,extreme_single,,,,,0.028095238095238173,0.029923039923040018,0.026003481073155643,0.04213608326416396,0.028095238095238173
Wine,XGB,Boosting,0.0,0.0,0.6,0.0,178,42,0.9046031746031744,0.02829406820859082,0.903886483886484,0.0342382163276118,0.9064212452136715,0.030768786346187297,0.860028834746682,0.0447944003184997,feature_noise,0.6,extreme_single,,,,,0.05238095238095253,0.055063331729998444,0.0507198463895554,0.07601631806514819,0.05238095238095253
Wine,SVM,Kernel,0.0,0.0,0.6,0.0,178,42,0.9328571428571429,0.05133540453851787,0.9356854256854257,0.047223742916217074,0.9364167582219796,0.04956699773418822,0.8993905873666378,0.07751066795500311,feature_noise,0.6,extreme_single,,,,,0.050317460317460205,0.046297899631232986,0.0464153214987858,0.07563854416421112,0.050317460317460205
Wine,MLP,Neural,0.0,0.0,0.6,0.0,178,42,0.870952380952381,0.06503211602654799,0.8750505050505051,0.06760487786798418,0.8768441915987498,0.06311380148927176,0.8075811157112541,0.09702604110923864,feature_noise,0.6,extreme_single,,,,,0.048518518518518405,0.04869648869648879,0.04416646334482999,0.07541118851209083,0.048518518518518405
Wine,GB,Boosting,0.0,0.0,0.6,0.0,178,42,0.86,0.058447625858591715,0.8534632034632035,0.06384938153679305,0.8602380098630981,0.058951495293282724,0.7930150382964356,0.0861791046885806,feature_noise,0.6,extreme_single,,,,,0.07079365079365085,0.0754224787558121,0.07172015471312254,0.10561264412963733,0.07079365079365085
BreastCancer,LR,Linear,0.0,0.0,0.6,0.0,569,42,0.9437820214252446,0.011819453636820996,0.9360561300620258,0.017314978232661742,0.939243698881371,0.013100209529453235,0.8811919108785317,0.02491343230283431,feature_noise,0.6,extreme_single,,,,,0.031641049526471066,0.03484691525552985,0.03420654649073929,0.06677788880544178,0.031641049526471066
BreastCancer,RF,Ensemble,0.0,0.0,0.6,0.0,569,42,0.9279925477410339,0.014947523088658465,0.9205961869407661,0.01906750954004422,0.9224238925727238,0.01607930754419376,0.848594224746769,0.030694312360504288,feature_noise,0.6,extreme_single,,,,,0.033359209232521,0.03689065920068213,0.03609455824032537,0.07010413937315263,0.033359209232521
BreastCancer,XGB,Boosting,0.0,0.0,0.6,0.0,569,42,0.9297469337059463,0.01453923463998835,0.9239138318281783,0.01901794759358279,0.9245537734169371,0.015994444575502507,0.8510299482706356,0.03189203210106785,feature_noise,0.6,extreme_single,,,,,0.03745277648398271,0.03848558621323117,0.04009202614568397,0.0795907597190022,0.03745277648398271
BreastCancer,SVM,Kernel,0.0,0.0,0.6,0.0,569,42,0.9420276354603322,0.013046294781492142,0.931710612512283,0.018871604317307757,0.9369899881582908,0.014739867271836862,0.8760576175382919,0.027892923594746755,feature_noise,0.6,extreme_single,,,,,0.03338508513170846,0.040384880341480356,0.0365816606209709,0.07164474167304757,0.03338508513170846
BreastCancer,MLP,Neural,0.0,0.0,0.6,0.0,569,42,0.9314702685918336,0.008508278960896844,0.9236150104762946,0.01673542632324111,0.926020712110984,0.010024396487434507,0.8548963208659736,0.018358254193247932,feature_noise,0.6,extreme_single,,,,,0.015230554261760454,0.01440358342995085,0.01615974633292372,0.030963573789238974,0.015230554261760454
BreastCancer,GB,Boosting,0.0,0.0,0.6,0.0,569,42,0.9209750038813848,0.01907671250975323,0.9112026812035001,0.02105037567310807,0.9146385842074523,0.02048705549106797,0.8326535800463379,0.04043933846293081,feature_noise,0.6,extreme_single,,,,,0.03509289447808328,0.039813515026420276,0.03811579151331834,0.07395751107225246,0.03509289447808328
Digits,LR,Linear,0.0,0.0,0.6,0.0,1797,42,0.8130068090374497,0.021200361681743066,0.8130156623489752,0.02123992739117628,0.8129354014541356,0.021218173297873375,0.626502590551046,0.04250585663952216,feature_noise,0.6,extreme_single,,,,,0.07977715877437319,0.07978925961363681,0.07983500716511227,0.15934732916276118,0.07977715877437319
Digits,RF,Ensemble,0.0,0.0,0.6,0.0,1797,42,0.9209687403280717,0.014746884091000901,0.9209709661820838,0.01473783705472765,0.9209356153472029,0.014766377636985815,0.8425635795400355,0.029157721183979145,feature_noise,0.6,extreme_single,,,,,0.056773960590116745,0.05676941903785315,0.05680574572988961,0.1129877127801594,0.056773960590116745
Digits,XGB,Boosting,0.0,0.0,0.6,0.0,1797,42,0.927658619622408,0.006806753788283856,0.9276964652544146,0.006784070508146133,0.9276479263169188,0.006813077223777131,0.8556790552634826,0.01341254129255685,feature_noise,0.6,extreme_single,,,,,0.04247395027339307,0.04243165941335614,0.0424826081033135,0.08466721816742573,0.04247395027339307
Digits,SVM,Kernel,0.0,0.0,0.6,0.0,1797,42,0.9538177034973693,0.017269677478160668,0.953820368255536,0.017268321687800244,0.953815455324524,0.01726918637473453,0.9077349661277061,0.034575203326152416,feature_noise,0.6,extreme_single,,,,,0.026895697926338613,0.026897452253327403,0.02689669592690791,0.05377409549191392,0.026895697926338613
Digits,MLP,Neural,0.0,0.0,0.6,0.0,1797,42,0.9276524295883627,0.02235636781064358,0.9276563234119022,0.022371585895204382,0.9276372400384597,0.022365338337419414,0.8556109702171941,0.04463053018057824,feature_noise,0.6,extreme_single,,,,,0.03599350046425265,0.03599634419443698,0.03600747827621065,0.07174838842385,0.03599350046425265
Digits,GB,Boosting,0.0,0.0,0.6,0.0,1797,42,0.9148607242339833,0.013914102977590664,0.9148536134517183,0.013900867963160323,0.9148381604161276,0.01391972718903955,0.8301145029646481,0.02777441630024362,feature_noise,0.6,extreme_single,,,,,0.05230372433715047,0.05230636405101663,0.05232347674092641,0.10431544971213258,0.05230372433715047
Spambase,LR,Linear,0.0,0.0,0.7,0.0,4601,42,0.8454720766652505,0.011940725535795964,0.8305298774858514,0.01301594877693071,0.8354376586525912,0.012881162942846271,0.6733574451538245,0.025500834010258593,feature_noise,0.7,extreme_single,,,,,0.07976270279626729,0.0877475387929798,0.0857034582990549,0.1696499154412605,0.07976270279626729
Spambase,RF,Ensemble,0.0,0.0,0.7,0.0,4601,42,0.8532946230467828,0.00565917271087765,0.8301352638801474,0.007825194192256881,0.8402484599058677,0.006957272117912169,0.6913645533877528,0.011856590364202743,feature_noise,0.7,extreme_single,,,,,0.09150088907771947,0.10727670103065057,0.10134150959343102,0.19290226208423467,0.09150088907771947
Spambase,XGB,Boosting,0.0,0.0,0.7,0.0,4601,42,0.8598154180238871,0.008461518641907943,0.8430419687275108,0.010307651673706194,0.8497921025289502,0.009552026568860483,0.7037611812093335,0.018157734671611938,feature_noise,0.7,extreme_single,,,,,0.09055878141276807,0.10305701010283141,0.09802269654118057,0.19213830235520835,0.09055878141276807
Spambase,SVM,Kernel,0.0,0.0,0.7,0.0,4601,42,0.8643801633385262,0.007856044240572962,0.8480596499583385,0.00903483721782898,0.8547749348247404,0.008626054660837823,0.7137207137415505,0.016710392639771685,feature_noise,0.7,extreme_single,,,,,0.06853435931328578,0.07823038002629401,0.07446546908249796,0.14537123155543352,0.06853435931328578
Spambase,MLP,Neural,0.0,0.0,0.7,0.0,4601,42,0.8406885238162676,0.009025636478986986,0.8278370786212061,0.011358552727226683,0.8312222128733822,0.010246361114451066,0.6637348516911252,0.019982336630271075,feature_noise,0.7,extreme_single,,,,,0.09635548946482264,0.10488369835578493,0.10265594506836229,0.20428357163394295,0.09635548946482264
Spambase,GB,Boosting,0.0,0.0,0.7,0.0,4601,42,0.8598165982155501,0.01018877819355992,0.8419774298361956,0.012093661430812296,0.8493737911632658,0.0114270262642217,0.703976427642159,0.021804348819579815,feature_noise,0.7,extreme_single,,,,,0.08787612708303849,0.10100771421363564,0.0955833999568233,0.18630528269411284,0.08787612708303849
Bank,LR,Linear,0.0,0.0,0.7,0.0,5000,42,0.8932,0.003919183588453088,0.6073544927452063,0.013295637583301568,0.6402098624700531,0.017019259414218984,0.33409442731223743,0.032121739671435987,feature_noise,0.7,extreme_single,,,,,0.0029333333333332323,0.034284829301816755,0.03647736780514166,0.05156623979636882,0.0029333333333332323
Bank,RF,Ensemble,0.0,0.0,0.7,0.0,5000,42,0.8879999999999999,0.004604345773288539,0.5576985993747036,0.013253876587483612,0.5741773083121858,0.0206324832642534,0.23877259204857965,0.04931979437533501,feature_noise,0.7,extreme_single,,,,,0.007933333333333459,0.04576634304833627,0.06326314228942365,0.10405271638217606,0.007933333333333459
Bank,XGB,Boosting,0.0,0.0,0.7,0.0,5000,42,0.8894,0.006916646586316239,0.605944187937393,0.02089760318782375,0.6358877203541256,0.026534898853872176,0.31556515990049216,0.05443153985152867,feature_noise,0.7,extreme_single,,,,,0.006333333333333302,0.05845360126220822,0.05938975545984926,0.0934760944108815,0.006333333333333302
Bank,SVM,Kernel,0.0,0.0,0.7,0.0,5000,42,0.8878,0.0021354156504062643,0.5605511513778785,0.0078396043611555,0.5783525949481728,0.011575836232154664,0.2429572239814179,0.022224820433479876,feature_noise,0.7,extreme_single,,,,,0.0023999999999999577,0.027804073783688654,0.03777481455207943,0.05311675571896468,0.0023999999999999577
Bank,MLP,Neural,0.0,0.0,0.7,0.0,5000,42,0.891,0.0058991524815010556,0.5949869810571962,0.04863627863157221,0.6164045577682792,0.07031192666012896,0.2918668969674295,0.10942121516163633,feature_noise,0.7,extreme_single,,,,,0.0,0.02422071867145481,0.03028212721397705,0.04230813887683532,0.0
Bank,GB,Boosting,0.0,0.0,0.7,0.0,5000,42,0.8842000000000001,0.0053814496188294885,0.6133799885781765,0.019417753253203413,0.6398666708217682,0.022269013391054922,0.3071530615519185,0.04252574317076462,feature_noise,0.7,extreme_single,,,,,0.010199999999999876,0.05248715044864538,0.05511278825815624,0.09884291808664425,0.010199999999999876
Wine,LR,Linear,0.0,0.0,0.7,0.0,178,42,0.9049206349206349,0.047925994852639896,0.9087012987012988,0.046245001724377004,0.909343910373068,0.046885983699796775,0.8575817598008451,0.07073439536729205,feature_noise,0.7,extreme_single,,,,,0.08021164021164007,0.07708353375020038,0.07552857660653245,0.12053647450653404,0.08021164021164007
Wine,RF,Ensemble,0.0,0.0,0.7,0.0,178,42,0.9157142857142857,0.035155773998765176,0.92012987012987,0.03599506287056334,0.9190359966248373,0.03578677259533812,0.8743607957170457,0.05324889793865239,feature_noise,0.7,extreme_single,,,,,0.06746031746031755,0.06531986531986544,0.0646947499947983,0.1007168402237506,0.06746031746031755
Wine,XGB,Boosting,0.0,0.0,0.7,0.0,178,42,0.9157142857142858,0.039527952864993554,0.9163732563732564,0.04076991231780172,0.9185397852663482,0.03991811472230628,0.8736381108521032,0.060088818656782506,feature_noise,0.7,extreme_single,,,,,0.04126984126984112,0.04257655924322601,0.03860130633687875,0.062407041959727017,0.04126984126984112
Wine,SVM,Kernel,0.0,0.0,0.7,0.0,178,42,0.9104761904761904,0.053474397723510286,0.9145743145743147,0.050627330840778986,0.9153906625869626,0.05246718179946249,0.865848443660133,0.07995653707157765,feature_noise,0.7,extreme_single,,,,,0.0726984126984127,0.06740901074234396,0.0674414171338028,0.10918068787071589,0.0726984126984127
Wine,MLP,Neural,0.0,0.0,0.7,0.0,178,42,0.7253968253968254,0.13240892704306378,0.7422462722462722,0.11939422056825098,0.7202187631848038,0.1593902269493181,0.6088635049150986,0.17405291218200963,feature_noise,0.7,extreme_single,,,,,0.19407407407407407,0.18150072150072172,0.200791891758776,0.2741287993082464,0.19407407407407407
Wine,GB,Boosting,0.0,0.0,0.7,0.0,178,42,0.8931746031746031,0.05401631846599509,0.8919817219817221,0.05538473265954034,0.8955164671995515,0.05422480044322261,0.8394720237159012,0.08215150931434334,feature_noise,0.7,extreme_single,,,,,0.037619047619047774,0.036903960237293476,0.036441697376669135,0.0591556587101717,0.037619047619047774
BreastCancer,LR,Linear,0.0,0.0,0.7,0.0,569,42,0.9279925477410339,0.016881523887481282,0.9195649998180297,0.01856001779892532,0.9223808100589966,0.017605774223107464,0.8477575652481105,0.03393122112885046,feature_noise,0.7,extreme_single,,,,,0.04743052321068175,0.05133804549952592,0.0510694353131137,0.10021223443586291,0.04743052321068175
BreastCancer,RF,Ensemble,0.0,0.0,0.7,0.0,569,42,0.917450706412048,0.015112786965980968,0.9094136524573798,0.021662342634938863,0.9109834694208407,0.016590432818526887,0.8262797699045741,0.031582290655292104,feature_noise,0.7,extreme_single,,,,,0.04390105056150695,0.04807319368406837,0.047534981392208464,0.0924185942153476,0.04390105056150695
BreastCancer,XGB,Boosting,0.0,0.0,0.7,0.0,569,42,0.9121720229777985,0.019070178875978012,0.9022545479595923,0.02488285540006008,0.9050329600975481,0.021502722755054104,0.8121759796745568,0.04198759690993252,feature_noise,0.7,extreme_single,,,,,0.05502768721213047,0.06014487008181724,0.05961283946507301,0.11844472831508102,0.05502768721213047
BreastCancer,SVM,Kernel,0.0,0.0,0.7,0.0,569,42,0.9332091290172334,0.004404604042093694,0.9227233556377022,0.009292251112053266,0.9276026983646422,0.005281552971955422,0.8573324233368925,0.009403528385865155,feature_noise,0.7,extreme_single,,,,,0.04220359157480724,0.04937213721606115,0.04596895041461957,0.09036993587444697,0.04220359157480724
BreastCancer,MLP,Neural,0.0,0.0,0.7,0.0,569,42,0.9120943952802361,0.012671598769362963,0.9013178554531323,0.01491570138266122,0.9049384484149261,0.013666000280642531,0.8130060352245823,0.028035416690813508,feature_noise,0.7,extreme_single,,,,,0.03460642757335797,0.03670073845311317,0.03724201002898164,0.07285385943063027,0.03460642757335797
BreastCancer,GB,Boosting,0.0,0.0,0.7,0.0,569,42,0.912156497438286,0.022094408317277842,0.9012982936377959,0.02535343679024233,0.9049939651176141,0.02428970422297949,0.8117228195586488,0.04871711176278878,feature_noise,0.7,extreme_single,,,,,0.043911400921182064,0.0497179025921245,0.0477604106031565,0.09488827155994162,0.043911400921182064
Digits,LR,Linear,0.0,0.0,0.7,0.0,1797,42,0.7918678427731353,0.016809255142367866,0.791867135816949,0.01685774662052685,0.7917541391160824,0.01681444052253591,0.5843679660359188,0.033826492858612396,feature_noise,0.7,extreme_single,,,,,0.10091612503868763,0.10093778614566296,0.10101626950316545,0.20148195367788835,0.10091612503868763
Digits,RF,Ensemble,0.0,0.0,0.7,0.0,1797,42,0.907623026926648,0.00888217230890254,0.907637461375694,0.008887278296982803,0.907592685428912,0.008894990007172901,0.8157971135456782,0.017606328493938422,feature_noise,0.7,extreme_single,,,,,0.07011967399154051,0.07010292384424299,0.0701486756481805,0.13975417877451668,0.07011967399154051
Digits,XGB,Boosting,0.0,0.0,0.7,0.0,1797,42,0.9020581863200248,0.012878484469065742,0.9020725605385624,0.012875384075484112,0.9020370839438104,0.012882906236597536,0.8044920331782708,0.025707746112337716,feature_noise,0.7,extreme_single,,,,,0.06807438357577633,0.06805556412920832,0.0680934504764219,0.1358542402526376,0.06807438357577633
Digits,SVM,Kernel,0.0,0.0,0.7,0.0,1797,42,0.9449133395233673,0.01614298662959496,0.9449158924658168,0.016150736236754774,0.944909037203708,0.0161457229584503,0.889937169472742,0.03224784490979122,feature_noise,0.7,extreme_single,,,,,0.035800061900340574,0.035801928043046605,0.03580311404772396,0.07157189214687798,0.035800061900340574
Digits,MLP,Neural,0.0,0.0,0.7,0.0,1797,42,0.9170798514391828,0.021893638075822848,0.917094491942481,0.021909293497615254,0.9170646110934213,0.021905496932979777,0.8344467992988864,0.04366592846848149,feature_noise,0.7,extreme_single,,,,,0.04656607861343254,0.046558175663858115,0.046580107221249056,0.0929125593421577,0.04656607861343254
Digits,GB,Boosting,0.0,0.0,0.7,0.0,1797,42,0.8942633859486226,0.015378263811905024,0.8942607453590817,0.015366999982423666,0.8942315925617302,0.015391936660069506,0.788947531971529,0.03057059867707017,feature_noise,0.7,extreme_single,,,,,0.07290106262251117,0.07289923214365324,0.07293004459532382,0.14548242070525164,0.07290106262251117
Spambase,LR,Linear,0.0,0.0,0.0,0.5,3694,42,0.9274497508168587,0.0076848905068016594,0.8878803095133257,0.015822807539880152,0.898981851241205,0.011433030297545024,0.7998582385112247,0.022225542381200163,imbalance,0.5,extreme_single,,,,,-0.002214971355340878,0.030397106765505444,0.022159265710441134,0.043149122083860236,-0.002214971355340878
Spambase,RF,Ensemble,0.0,0.0,0.0,0.5,3694,42,0.9504582109420554,0.008765791350520564,0.9157824520065176,0.015401039765363708,0.9305398111137105,0.012631664377958603,0.8634785280558281,0.024467206046891326,imbalance,0.5,extreme_single,,,,,-0.005662698817553102,0.02162951290428028,0.011050158385588205,0.020788287416159346,-0.005662698817553102
Spambase,XGB,Boosting,0.0,0.0,0.0,0.5,3694,42,0.9518113909149918,0.005342269747420961,0.9282079883698211,0.010802471413819794,0.9339791403749068,0.007641345839894576,0.8685752325832222,0.014986515621069988,imbalance,0.5,extreme_single,,,,,-0.0014371914783366524,0.017890990460521117,0.013835658695223962,0.02732425098131963,-0.0014371914783366524
Spambase,SVM,Kernel,0.0,0.0,0.0,0.5,3694,42,0.9366521080637058,0.005046354951486822,0.8999046830093789,0.012122248482898211,0.9117327444575368,0.007918549156417756,0.8252785973605367,0.014906626682990677,imbalance,0.5,extreme_single,,,,,-0.00373758541189384,0.026385346975253632,0.017507659449701563,0.03381334793644741,-0.00373758541189384
Spambase,MLP,Neural,0.0,0.0,0.0,0.5,3694,42,0.9355695640853566,0.003192129813954494,0.9017900445236849,0.011372194107316526,0.9108756425448666,0.005268777026789388,0.8232976736468516,0.009699248755744457,imbalance,0.5,extreme_single,,,,,0.0014744491957335848,0.03093073245330613,0.02300251539687781,0.0447207496782166,0.0014744491957335848
Spambase,GB,Boosting,0.0,0.0,0.0,0.5,3694,42,0.956684672394762,0.005008717239182007,0.9325592285676463,0.007742208508516804,0.9404143109432521,0.006894714325432119,0.8815501224928154,0.013754677492376162,imbalance,0.5,extreme_single,,,,,-0.008991947096173347,0.010425915482184966,0.004542880176837016,0.008731587843456401,-0.008991947096173347
Bank,LR,Linear,0.0,0.0,0.0,0.5,4707,42,0.9347791458244494,0.00436770069335157,0.5719637374049602,0.019226815878790975,0.5973147007572432,0.026060261419319965,0.2330719545402713,0.04982749880969631,imbalance,0.5,extreme_single,,,,,-0.038645812491116205,0.0696755846420628,0.07937252951795148,0.15258871256833495,-0.038645812491116205
Bank,RF,Ensemble,0.0,0.0,0.0,0.5,4707,42,0.9392404520645924,0.002780238274575849,0.5311110309482378,0.015031403107774607,0.5424310552102645,0.025281704965449545,0.18161192715490576,0.06970281687406808,imbalance,0.5,extreme_single,,,,,-0.04330711873125903,0.07235391147480208,0.09500939539134501,0.16121338127584994,-0.04330711873125903
Bank,XGB,Boosting,0.0,0.0,0.0,0.5,4707,42,0.9388169517453312,0.0054951494562801425,0.5822868217310813,0.03741694576466383,0.6124641485097071,0.049281064867232,0.2710580281519711,0.09583758638559084,imbalance,0.5,extreme_single,,,,,-0.043083618411997926,0.08211096746851998,0.08281332730426771,0.13798322615940256,-0.043083618411997926
Bank,SVM,Kernel,0.0,0.0,0.0,0.5,4707,42,0.9373275934035933,0.0017698911722238073,0.5157106802761163,0.010575913738546912,0.5150734374031183,0.01945533396721481,0.1041414184910329,0.06481830840295637,imbalance,0.5,extreme_single,,,,,-0.04712759340359329,0.0726445448854508,0.10105397209713396,0.19193256120934968,-0.04712759340359329
Bank,MLP,Neural,0.0,0.0,0.0,0.5,4707,42,0.936266473530666,0.003715951449420856,0.5231696444232343,0.021703505366118446,0.5259908116165396,0.03838242231236174,0.09824025193085466,0.0932599931714194,imbalance,0.5,extreme_single,,,,,-0.04526647353066604,0.09603805530541665,0.12069587336571663,0.23593478391341016,-0.04526647353066604
Bank,GB,Boosting,0.0,0.0,0.0,0.5,4707,42,0.9352026461437102,0.0026077035142532713,0.6010108795727863,0.0251875824414129,0.6292387869139389,0.025568791776677775,0.28471841741395904,0.04148593603727683,imbalance,0.5,extreme_single,,,,,-0.04080264614371021,0.06485625945403561,0.06574067216598556,0.12127756222460373,-0.04080264614371021
Wine,LR,Linear,0.0,0.0,0.0,0.5,124,42,0.952,0.046647615158762396,0.9441269841269841,0.06751090540200551,0.9475650728375978,0.052175661486943206,0.9203099989638392,0.077335949247074,imbalance,0.5,extreme_single,,,,,0.03313227513227501,0.04165784832451502,0.03730741414200267,0.05780823534353985,0.03313227513227501
Wine,RF,Ensemble,0.0,0.0,0.0,0.5,124,42,0.9676666666666666,0.030029615012147206,0.9746031746031747,0.023220220378298052,0.9654469838377885,0.031216138239931128,0.9486154193281452,0.04654934917501548,imbalance,0.5,extreme_single,,,,,0.015507936507936693,0.010846560846560771,0.01828376278184707,0.026462216612651135,0.015507936507936693
Wine,XGB,Boosting,0.0,0.0,0.0,0.5,124,42,0.9356666666666665,0.019194906731850606,0.9257142857142856,0.03733905581884985,0.9285582597410554,0.018876774304027115,0.8949913056525503,0.02954830439142544,imbalance,0.5,extreme_single,,,,,0.0213174603174604,0.0332355299021968,0.028582831862171476,0.041053847159279955,0.0213174603174604
Wine,SVM,Kernel,0.0,0.0,0.0,0.5,124,42,0.968,0.029933259094191523,0.9574603174603175,0.04669365378835572,0.9638515422423468,0.03365129188310428,0.9472163537368183,0.04983568536554143,imbalance,0.5,extreme_single,,,,,0.015174603174603174,0.024523007856341206,0.018980537478418547,0.027812777794030574,0.015174603174603174
Wine,MLP,Neural,0.0,0.0,0.0,0.5,124,42,0.7266666666666668,0.22477643213745618,0.7511111111111111,0.1684078362028698,0.7190191051481374,0.21158699701056438,0.5906362343631255,0.2877409852845658,imbalance,0.5,extreme_single,,,,,0.19280423280423264,0.1726358826358828,0.20199154979544243,0.29235606986021945,0.19280423280423264
Wine,GB,Boosting,0.0,0.0,0.0,0.5,124,42,0.9036666666666665,0.06470789064025433,0.8704761904761906,0.10218376482544943,0.8884120902511707,0.07628009511546534,0.8394609159560836,0.10765429160683604,imbalance,0.5,extreme_single,,,,,0.027126984126984333,0.05840949174282495,0.043546074325049866,0.05916676646998931,0.027126984126984333
BreastCancer,LR,Linear,0.0,0.0,0.0,0.5,463,42,0.9718793828892005,0.014703782639651783,0.9485885007011768,0.023335318742787006,0.959295779387998,0.021042880860741582,0.9200521878941668,0.04158597264726044,imbalance,0.5,extreme_single,,,,,0.003543688062515149,0.02231454461637883,0.014154465984112297,0.027917611789806673,0.003543688062515149
BreastCancer,RF,Ensemble,0.0,0.0,0.0,0.5,463,42,0.9632772323515661,0.014607741813380365,0.936522925431376,0.030413288049577655,0.9465218051040953,0.021037301191211326,0.8957252075032311,0.041477031503575526,imbalance,0.5,extreme_single,,,,,-0.0019254753780112432,0.020963920710072137,0.011996645708953868,0.022973156616690527,-0.0019254753780112432
BreastCancer,XGB,Boosting,0.0,0.0,0.0,0.5,463,42,0.9718793828892005,0.011122274118810883,0.9519615165741927,0.013167314408014582,0.9595788018976815,0.015792225145586904,0.9198016145331532,0.03188531481529947,imbalance,0.5,extreme_single,,,,,-0.004679672699271498,0.010437901467216792,0.005066997664939565,0.010819093456484574,-0.004679672699271498
BreastCancer,SVM,Kernel,0.0,0.0,0.0,0.5,463,42,0.9783777466105658,0.006912168145217861,0.9561673068715322,0.01048321922570131,0.9685467996153273,0.009948605633354013,0.9384266242771929,0.01990767557175224,imbalance,0.5,extreme_single,,,,,-0.0029650260185251076,0.015928185982231224,0.0050248491639344195,0.009275734934146573,-0.0029650260185251076
BreastCancer,MLP,Neural,0.0,0.0,0.0,0.5,463,42,0.9287517531556801,0.010851478212919513,0.8879463650590411,0.020240870812243454,0.8967756638621717,0.013115730914140762,0.7996592361116588,0.02826302768553673,imbalance,0.5,extreme_single,,,,,0.017949069697913878,0.0500722288472043,0.045404794581736074,0.08620065854355374,0.017949069697913878
BreastCancer,GB,Boosting,0.0,0.0,0.0,0.5,463,42,0.9417017297802712,0.022120400449002046,0.9096739528077556,0.03513072310587549,0.9161325721133442,0.03198160635842576,0.8339576377988285,0.06370907726131994,imbalance,0.5,extreme_single,,,,,0.014366168579196814,0.04134224342216475,0.036621803607426395,0.07265345331976192,0.014366168579196814
Digits,LR,Linear,0.0,0.0,0.0,0.5,1349,42,0.8977034283353987,0.011604787514664436,0.8802020954469896,0.01628784635009906,0.8835159470366903,0.013876914124927562,0.767850051034231,0.027196817528064368,imbalance,0.5,extreme_single,,,,,-0.004919460523575836,0.01260282651562239,0.009254461582557494,0.017999868679576148,-0.004919460523575836
Digits,RF,Ensemble,0.0,0.0,0.0,0.5,1349,42,0.9673826242599478,0.009194481318734066,0.9576216193846092,0.011989191860545135,0.9627899667742167,0.010490807592872211,0.9263797612215235,0.020792823165764487,imbalance,0.5,extreme_single,,,,,0.01036007665824068,0.02011876583532779,0.014951394302875842,0.02917153109867132,0.01036007665824068
Digits,XGB,Boosting,0.0,0.0,0.0,0.5,1349,42,0.9740520446096654,0.0077795742400401414,0.9659580220856526,0.009964896357394852,0.970441829022523,0.00890430021655888,0.9414968571948659,0.017630124245004136,imbalance,0.5,extreme_single,,,,,-0.003919474713864335,0.00417010258211814,-0.0003112946022906238,-0.0011505837639574912,-0.003919474713864335
Digits,SVM,Kernel,0.0,0.0,0.0,0.5,1349,42,0.9770177612556795,0.007189799475982073,0.9704648885026315,0.012185745133090377,0.9738406216505935,0.008328692494848747,0.9482894012860668,0.016267053223452385,imbalance,0.5,extreme_single,,,,,0.003695640168028369,0.010252932006231896,0.006871529600838477,0.013219660333553263,0.003695640168028369
Digits,MLP,Neural,0.0,0.0,0.0,0.5,1349,42,0.9570067465234752,0.014548746603177879,0.9482050061732228,0.020543368908676977,0.9510804808515984,0.016758058145874458,0.9030705897442166,0.0333495803703231,imbalance,0.5,extreme_single,,,,,0.006639183529140169,0.015447661433116378,0.012564237463072003,0.024288768896827517,0.006639183529140169
Digits,GB,Boosting,0.0,0.0,0.0,0.5,1349,42,0.9703483409059617,0.0023428422138803873,0.961526062035715,0.0054440676376820455,0.9662197635728251,0.0027472080829541116,0.9331270899243569,0.005199722569351468,imbalance,0.5,extreme_single,,,,,-0.0031838923348278536,0.005633915467019968,0.000941873584228925,0.0013028627524237502,-0.0031838923348278536
Spambase,LR,Linear,0.0,0.0,0.0,0.6,3513,42,0.9319663793348003,0.0019097230031938958,0.8744675700797504,0.009714602176022796,0.8912705287883261,0.004388222483226124,0.7855046041699169,0.006914248003087322,imbalance,0.6,extreme_single,,,,,-0.006731599873282534,0.04380984619908079,0.02987058816332,0.05750275642516811,-0.006731599873282534
Spambase,RF,Ensemble,0.0,0.0,0.0,0.6,3513,42,0.9530323846113319,0.007192801761221642,0.904580295902511,0.013593824990404084,0.9246058630197963,0.011654993980543185,0.8527689429927108,0.02299923121352384,imbalance,0.6,extreme_single,,,,,-0.008236872486829583,0.032831669008286934,0.016984106479502437,0.03149787247927671,-0.008236872486829583
Spambase,XGB,Boosting,0.0,0.0,0.0,0.6,3513,42,0.9570169359643043,0.005861928445755465,0.9218895499066166,0.0102985480140462,0.9326739908971856,0.009275621656865891,0.8663524097153129,0.018458249604826373,imbalance,0.6,extreme_single,,,,,-0.006642736527649129,0.024209428923725573,0.015140808172945164,0.029547073849228944,-0.006642736527649129
Spambase,SVM,Kernel,0.0,0.0,0.0,0.6,3513,42,0.9370933686723161,0.008148242786229023,0.8833095442394823,0.014365750262528239,0.899701538939318,0.013305925531307349,0.801824758972446,0.026328648897298322,imbalance,0.6,extreme_single,,,,,-0.004178846020504112,0.04298048574515023,0.029538864967920353,0.05726718632453809,-0.004178846020504112
Spambase,MLP,Neural,0.0,0.0,0.0,0.6,3513,42,0.941931810352863,0.008593245900922135,0.8970751352379253,0.012924772965579034,0.9087303640276474,0.013433143040318455,0.8186174102289856,0.027021640557385384,imbalance,0.6,extreme_single,,,,,-0.0048877970717727814,0.035645641739065814,0.02514779391409705,0.04940101309608258,-0.0048877970717727814
Spambase,GB,Boosting,0.0,0.0,0.0,0.6,3513,42,0.9558761190340137,0.00414683920619821,0.91912996398463,0.010594870991072517,0.9306964107167481,0.006969990295217403,0.8625915458470983,0.0134213881311461,imbalance,0.6,extreme_single,,,,,-0.008183393735425093,0.023855180065201265,0.014260780403341,0.027690164489173497,-0.008183393735425093
Bank,LR,Linear,0.0,0.0,0.0,0.6,4649,42,0.945149715846615,0.00450830542916594,0.5381411972262586,0.011116957694836664,0.5541902964747788,0.018019827628463495,0.15272478212279222,0.05417315794827337,imbalance,0.6,extreme_single,,,,,-0.049016382513281775,0.10349812482076437,0.12249693380041593,0.23293588498581402,-0.049016382513281775
Bank,RF,Ensemble,0.0,0.0,0.0,0.6,4649,42,0.9490206835885505,0.0016294625370110712,0.5137611141900196,0.014369089150720335,0.5139647457804727,0.02508185405477436,0.10059623078990106,0.07375887266156417,imbalance,0.6,extreme_single,,,,,-0.05308735025521716,0.08970382823302026,0.12347570482113679,0.24222907764085466,-0.05308735025521716
Bank,XGB,Boosting,0.0,0.0,0.0,0.6,4649,42,0.9429994097017257,0.004941097529552506,0.5410375129776861,0.012373390695403122,0.5569706870706431,0.01856296258839609,0.14628613307984228,0.046256280722654065,imbalance,0.6,extreme_single,,,,,-0.04726607636839242,0.12336027622191514,0.1383067887433317,0.2627551212315314,-0.04726607636839242
Bank,SVM,Kernel,0.0,0.0,0.0,0.6,4649,42,0.9498818246003913,0.0008524573182115216,0.5041420688658105,0.005308177304148839,0.4954760443644076,0.010341693628438143,0.05536926195228026,0.07095726052952978,imbalance,0.6,extreme_single,,,,,-0.05968182460039129,0.08421315629575665,0.12065136513584462,0.24070471774810231,-0.05968182460039129
Bank,MLP,Neural,0.0,0.0,0.0,0.6,4649,42,0.947084736738544,0.002504058992537454,0.5149875382782814,0.02039335352016896,0.5136261303123009,0.033997651620412794,0.05876098929725386,0.07920029821238292,imbalance,0.6,extreme_single,,,,,-0.05608473673854397,0.10422016145036961,0.13306055466995537,0.27541404654701096,-0.05608473673854397
Bank,GB,Boosting,0.0,0.0,0.0,0.6,4649,42,0.9429987152331677,0.006304607585532147,0.5774818940978896,0.01598256261788503,0.6021419046465828,0.023903683861497597,0.22660022490196458,0.05671476565829669,imbalance,0.6,extreme_single,,,,,-0.04859871523316772,0.0883852449289323,0.09283755443334163,0.1793957547365982,-0.04859871523316772
Wine,LR,Linear,0.0,0.0,0.0,0.6,113,42,0.9470355731225297,0.042449194374178226,0.9390476190476191,0.06278856287667296,0.938800429030314,0.05099902248036696,0.9045667950673151,0.0788585667867082,imbalance,0.6,extreme_single,,,,,0.03809670200974524,0.04673721340388004,0.04607205794928648,0.07355143924006402,0.03809670200974524
Wine,RF,Ensemble,0.0,0.0,0.0,0.6,113,42,0.9739130434782609,0.03478260869565219,0.9652380952380952,0.05835228069348721,0.9700945967612634,0.04188130650560892,0.9541083951302376,0.06209235514153708,imbalance,0.6,extreme_single,,,,,0.009261559696342347,0.020211640211640236,0.013636149858372137,0.02096924081055873,0.009261559696342347
Wine,XGB,Boosting,0.0,0.0,0.0,0.6,113,42,0.9474308300395258,0.050642268389081334,0.9304761904761906,0.07998582640883231,0.9369390322115573,0.06147208661667952,0.9085304095127611,0.08869159359908732,imbalance,0.6,extreme_single,,,,,0.009553296944601164,0.028473625140291836,0.020202059391669636,0.02751474329906911,0.009553296944601164
Wine,SVM,Kernel,0.0,0.0,0.0,0.6,113,42,0.9648221343873518,0.05077782404032167,0.9485714285714286,0.06918049611764791,0.9572067141032659,0.06052693163254427,0.9349102918064507,0.09372523673172767,imbalance,0.6,extreme_single,,,,,0.018352468787251386,0.03341189674523004,0.025625365617499507,0.040118839724398225,0.018352468787251386
Wine,MLP,Neural,0.0,0.0,0.0,0.6,113,42,0.8324110671936757,0.0893787676586128,0.7982539682539682,0.08284041672690348,0.8085861903103282,0.09088942819636187,0.6982410423401739,0.155457544642211,imbalance,0.6,extreme_single,,,,,0.08705983227722369,0.12549302549302566,0.11242446463325162,0.18475126188317104,0.08705983227722369
Wine,GB,Boosting,0.0,0.0,0.0,0.6,113,42,0.9209486166007906,0.050168053283730085,0.8607936507936508,0.09718460561558653,0.883896366511309,0.07804353217608034,0.8555710666684385,0.09023580048925135,imbalance,0.6,extreme_single,,,,,0.009845034192860203,0.0680920314253648,0.04806179806491162,0.04305661575763442,0.009845034192860203
BreastCancer,LR,Linear,0.0,0.0,0.0,0.6,441,42,0.9863891726251277,0.011139372714261495,0.9691993464052289,0.031049621361854192,0.9770744494659956,0.019302766782938508,0.9558276780176944,0.03634040860544616,imbalance,0.6,extreme_single,,,,,-0.010966101673412054,0.001703698912326801,-0.003624204093885308,-0.00785787833372098,-0.010966101673412054
BreastCancer,RF,Ensemble,0.0,0.0,0.0,0.6,441,42,0.9751021450459654,0.014937730776228418,0.9532288502255362,0.026369671737498913,0.9593390126167674,0.024240316528538718,0.919360050058717,0.04846790263495226,imbalance,0.6,extreme_single,,,,,-0.013750388072410469,0.004257995915912027,-0.000820561803718145,-0.0006616859387953422,-0.013750388072410469
BreastCancer,XGB,Boosting,0.0,0.0,0.0,0.6,441,42,0.9773748723186927,0.020214398786576444,0.9546373009297616,0.038823297482207086,0.9625408496732026,0.03336235600553402,0.9261576316990746,0.06611332104102458,imbalance,0.6,extreme_single,,,,,-0.010175162128763682,0.0077621171116478704,0.0021049498894184504,0.004463076290563195,-0.010175162128763682
BreastCancer,SVM,Kernel,0.0,0.0,0.0,0.6,441,42,0.9886874361593463,0.007106517221093798,0.9705882352941175,0.018601633295108118,0.98119132579749,0.012049667886693576,0.963340256424192,0.02322516583783565,imbalance,0.6,extreme_single,,,,,-0.01327471556730564,0.0015072575596458693,-0.007619677018228299,-0.01563789721285247,-0.01327471556730564
BreastCancer,MLP,Neural,0.0,0.0,0.0,0.6,441,42,0.9455566905005106,0.020875421303921927,0.8842550400441868,0.024301522538145447,0.9069557367443908,0.03423893862732751,0.8189967654974769,0.07166037379702869,imbalance,0.6,extreme_single,,,,,0.0011441323530834158,0.053763553862058666,0.03522472169951696,0.06686312915773562,0.0011441323530834158
BreastCancer,GB,Boosting,0.0,0.0,0.0,0.6,441,42,0.9410878447395301,0.02065670478436632,0.918390983153825,0.03226758508379742,0.907300075810714,0.03185918369805338,0.8154767925355889,0.06364442984509766,imbalance,0.6,extreme_single,,,,,0.014980053619937928,0.03262521307609545,0.04545429991005656,0.09113429858300148,0.014980053619937928
Digits,LR,Linear,0.0,0.0,0.0,0.6,1259,42,0.8967400240308608,0.0191321204687263,0.8655867896142972,0.02621861826764085,0.8710036659054424,0.024062723210564723,0.7433667511294402,0.048070834060852045,imbalance,0.6,extreme_single,,,,,-0.00395605621903794,0.027218132348314716,0.02176674271380541,0.04248316858436696,-0.00395605621903794
Digits,RF,Ensemble,0.0,0.0,0.0,0.6,1259,42,0.9618763043065833,0.006909321762608074,0.9405491142064172,0.014372769582797465,0.9518121340726997,0.009167623467962361,0.9060861179977996,0.016690385575265074,imbalance,0.6,extreme_single,,,,,0.01586639661160516,0.03719127101351982,0.02592922700439282,0.04946517432239528,0.01586639661160516
Digits,XGB,Boosting,0.0,0.0,0.0,0.6,1259,42,0.9658572060962498,0.01191228481358214,0.9517446113142946,0.016237212321997947,0.9574583127286452,0.014948347663882009,0.9154267198028411,0.029716611643206856,imbalance,0.6,extreme_single,,,,,0.0042753637995512905,0.01838351335347621,0.012672221691587104,0.024919553628067304,0.0042753637995512905
Digits,SVM,Kernel,0.0,0.0,0.0,0.6,1259,42,0.9785619427053689,0.008160093411438906,0.969022449614816,0.008572814013929786,0.9734325630913279,0.010092252131725231,0.9471610743362546,0.02036471922766739,imbalance,0.6,extreme_single,,,,,0.0021514587183389944,0.011695370894047374,0.0072795881601041,0.014347987283365393,0.0021514587183389944
Digits,MLP,Neural,0.0,0.0,0.0,0.6,1259,42,0.9658572060962498,0.015374809488877568,0.9526201376460112,0.022541550707614186,0.9574551565900569,0.01948625715306859,0.9156998215694706,0.03840261863496568,imbalance,0.6,extreme_single,,,,,-0.002211276043634469,0.011032529960327997,0.00618956172461349,0.011659537071573522,-0.002211276043634469
Digits,GB,Boosting,0.0,0.0,0.0,0.6,1259,42,0.965860368051603,0.01191184837041583,0.9534143473486715,0.013628346171099296,0.957690368759892,0.014757207238164566,0.9157112308763342,0.029671700895291423,imbalance,0.6,extreme_single,,,,,0.0013040805195307925,0.013745630154063493,0.009471268397162058,0.018718721800446425,0.0013040805195307925
Spambase,LR,Linear,0.0,0.0,0.0,0.7,3331,42,0.9372552462507485,0.011216503029006801,0.8579576577272772,0.019172466176030384,0.8784323461890476,0.02112431837987019,0.7606083818080798,0.04316619496839469,imbalance,0.7,extreme_single,,,,,-0.012020466789230744,0.060319758551554026,0.04270877076259849,0.0823989787870052,-0.012020466789230744
Spambase,RF,Ensemble,0.0,0.0,0.0,0.7,3331,42,0.9591722156939548,0.007189824839002799,0.8977120210546197,0.019212803917147515,0.9205527570607582,0.01518444481815286,0.8447422337573487,0.02890842599463826,imbalance,0.7,extreme_single,,,,,-0.014376703569452531,0.039699943856178255,0.02103721243854051,0.039524581714638796,-0.014376703569452531
Spambase,XGB,Boosting,0.0,0.0,0.0,0.7,3331,42,0.9600726663695178,0.008088171144246228,0.9101020359790205,0.019035918615450124,0.9241058054391125,0.016257983319587315,0.8494519883147458,0.03192768508246092,imbalance,0.7,extreme_single,,,,,-0.009698466932862693,0.03599694285132171,0.023708993631018305,0.04644749524979608,-0.009698466932862693
Spambase,SVM,Kernel,0.0,0.0,0.0,0.7,3331,42,0.9486621554087822,0.006269714714397106,0.8766563052272044,0.01617378174653825,0.8998629262721428,0.012865173763844358,0.8039227987225399,0.02519368485615882,imbalance,0.7,extreme_single,,,,,-0.01574763275697022,0.04963372475742811,0.029377477635095572,0.05516914657444416,-0.01574763275697022
Spambase,MLP,Neural,0.0,0.0,0.0,0.7,3331,42,0.949564857211034,0.004895967895372417,0.8853300590802868,0.011656996387048014,0.9031653263948314,0.00973000190739403,0.8085727830872929,0.01925888567677475,imbalance,0.7,extreme_single,,,,,-0.012520843929943792,0.04739071789670424,0.030712831546913066,0.05944564023777532,-0.012520843929943792
Spambase,GB,Boosting,0.0,0.0,0.0,0.7,3331,42,0.9594716155435796,0.006080666240578319,0.9097514642849968,0.015495702316928343,0.923135530170794,0.01238109102884348,0.8474826087304537,0.024358924326043967,imbalance,0.7,extreme_single,,,,,-0.011778890244991014,0.03323367976483449,0.021821660949295163,0.042799101605818124,-0.011778890244991014
Bank,LR,Linear,0.0,0.0,0.0,0.7,4590,42,0.957516339869281,0.0015405376496438836,0.5169422423556058,0.01412449487031484,0.5216628861794396,0.02280493764768284,0.07099971175946633,0.05427826836047028,imbalance,0.7,extreme_single,,,,,-0.06138300653594775,0.12469707969141719,0.15502434409575516,0.3146609553491399,-0.06138300653594775
Bank,RF,Ensemble,0.0,0.0,0.0,0.7,4590,42,0.9620915032679738,0.00043572984749453705,0.5110888205791942,0.010299419699027243,0.5115485368465471,0.019407425133340442,0.08762410953190877,0.07386568519569886,imbalance,0.7,extreme_single,,,,,-0.06615816993464041,0.09237612184384558,0.12589191375506237,0.25520119889884696,-0.06615816993464041
Bank,XGB,Boosting,0.0,0.0,0.0,0.7,4590,42,0.9566448801742921,0.0036063061780494316,0.5192331337971202,0.017694317560260162,0.5259403012754129,0.02916758265884059,0.0791159526780687,0.07771616540278399,imbalance,0.7,extreme_single,,,,,-0.060911546840958786,0.14516465540248102,0.1693371745385619,0.32992530163330497,-0.060911546840958786
Bank,SVM,Kernel,0.0,0.0,0.0,0.7,4590,42,0.9618736383442265,1.1102230246251565e-16,0.5,0.0,0.49028317601332594,0.0,0.0,0.0,imbalance,0.7,extreme_single,,,,,-0.07167363834422646,0.08835522516156713,0.1258442334869263,0.2960739797003826,-0.07167363834422646
Bank,MLP,Neural,0.0,0.0,0.0,0.7,4590,42,0.9612200435729846,0.0008714596949891128,0.4996602491506229,0.00045300113250283934,0.49011320744234793,0.00022665100407882262,-0.00317551004012239,0.0039837408303281825,imbalance,0.7,extreme_single,,,,,-0.07022004357298461,0.11954745057802807,0.1565734775399083,0.33735054588438723,-0.07022004357298461
Bank,GB,Boosting,0.0,0.0,0.0,0.7,4590,42,0.9557734204793029,0.004948939734902199,0.5517068435528232,0.019394332575322287,0.5717701709706585,0.029235498654052457,0.16938181138473923,0.07058560452186144,imbalance,0.7,extreme_single,,,,,-0.06137342047930294,0.11416029547399875,0.1232092881092659,0.23661416825382353,-0.06137342047930294
Wine,LR,Linear,0.0,0.0,0.0,0.7,102,42,0.9709523809523809,0.03834442312228075,0.9333333333333332,0.08888888888888893,0.9535344827586207,0.06177583506831909,0.9349333171976877,0.0871030148277432,imbalance,0.7,extreme_single,,,,,0.01417989417989407,0.052451499118165934,0.031338004220979765,0.04318491710969141,0.01417989417989407
Wine,RF,Ensemble,0.0,0.0,0.0,0.7,102,42,0.9709523809523809,0.03834442312228075,0.9507936507936507,0.08699802924472845,0.9533641975308642,0.061864079272401035,0.9371479062330573,0.08614241354744281,imbalance,0.7,extreme_single,,,,,0.012222222222222356,0.03465608465608472,0.030366549088771344,0.037929729707739,0.012222222222222356
Wine,XGB,Boosting,0.0,0.0,0.0,0.7,102,42,0.9514285714285714,0.0521770924792848,0.9063492063492063,0.12662648047732783,0.9158380742288788,0.09637433641479504,0.8923476285067039,0.12254827197480132,imbalance,0.7,extreme_single,,,,,0.005555555555555536,0.052600609267276055,0.04130301737434816,0.0436975243051263,0.005555555555555536
Wine,SVM,Kernel,0.0,0.0,0.0,0.7,102,42,0.9709523809523809,0.03834442312228075,0.9333333333333332,0.08888888888888893,0.9535344827586207,0.06177583506831909,0.9349333171976877,0.0871030148277432,imbalance,0.7,extreme_single,,,,,0.012222222222222245,0.048649991983325425,0.029297596962144623,0.04009581433316123,0.012222222222222245
Wine,MLP,Neural,0.0,0.0,0.0,0.7,102,42,0.6185714285714285,0.14993876301030773,0.6582539682539681,0.0943658469804709,0.5882920782920784,0.14058920080981116,0.3969354112493292,0.20725878031939152,imbalance,0.7,extreme_single,,,,,0.3008994708994709,0.2654930254930258,0.3327185766515014,0.4860568929740158,0.3008994708994709
Wine,GB,Boosting,0.0,0.0,0.0,0.7,102,42,0.891904761904762,0.0796904441788602,0.8023809523809524,0.10601701256823204,0.8324749409806882,0.11204707462538845,0.7687192701161157,0.16695229277110643,imbalance,0.7,extreme_single,,,,,0.03888888888888886,0.12650472983806316,0.09948322359553241,0.1299084123099572,0.03888888888888886
BreastCancer,LR,Linear,0.0,0.0,0.0,0.7,420,42,0.9857142857142858,0.008908708063747495,0.9657924039966292,0.0175580008444365,0.9717784179826433,0.017638129739679966,0.9439834737397008,0.03539422411181299,imbalance,0.7,extreme_single,,,,,-0.010291214762570111,0.005110641320926423,0.0016718273894670288,0.003986325944272617,-0.010291214762570111
BreastCancer,RF,Ensemble,0.0,0.0,0.0,0.7,420,42,0.9714285714285715,0.016148404721726836,0.9378491031660046,0.04160871900718918,0.9431035826953323,0.03294850292013978,0.8874182586271131,0.06473494134958234,imbalance,0.7,extreme_single,,,,,-0.010076814455016625,0.01963774297544363,0.015414868117716862,0.031280105492808574,-0.010076814455016625
BreastCancer,XGB,Boosting,0.0,0.0,0.0,0.7,420,42,0.9833333333333334,0.017817416127494982,0.9580805344889851,0.044741114162100956,0.9664173158996523,0.036105893307527344,0.9338892010396276,0.07084461350291475,imbalance,0.7,extreme_single,,,,,-0.016133623143404385,0.00431888355242438,-0.0017715163370312093,-0.0032684930499897735,-0.016133623143404385
BreastCancer,SVM,Kernel,0.0,0.0,0.0,0.7,420,42,0.9857142857142858,0.008908708063747495,0.9532051282051283,0.028638856286780333,0.9708187735968845,0.01819258908175551,0.9438551898328711,0.034629468442854465,imbalance,0.7,extreme_single,,,,,-0.010301565122245115,0.01889036464863514,0.0027528751823772124,0.003847169378468407,-0.010301565122245115
BreastCancer,MLP,Neural,0.0,0.0,0.0,0.7,420,42,0.95,0.020481726826291978,0.8610524256651017,0.055160054872595794,0.892316930634332,0.04302541278642213,0.7979326852657957,0.07947060554999638,imbalance,0.7,extreme_single,,,,,-0.0032991771464059294,0.07696616824114377,0.0498635278095757,0.08792720938941678,-0.0032991771464059294
BreastCancer,GB,Boosting,0.0,0.0,0.0,0.7,420,42,0.9595238095238094,0.012140522651411398,0.9176567954736969,0.030065225932961844,0.9197624894667149,0.024787695285625983,0.8401028722813134,0.04945918630956982,imbalance,0.7,extreme_single,,,,,-0.0034559111643414075,0.033359400756223456,0.03299188625405569,0.06650821883727698,-0.0034559111643414075
Digits,LR,Linear,0.0,0.0,0.0,0.7,1169,42,0.9118997835736034,0.012208027395984422,0.8617239422263919,0.03177510213039252,0.8711313217221075,0.020911463258416012,0.7455004850258201,0.04008999320835507,imbalance,0.7,extreme_single,,,,,-0.019115815761780452,0.031080979736220038,0.021639086897140336,0.04034943468798702,-0.019115815761780452
Digits,RF,Ensemble,0.0,0.0,0.0,0.7,1169,42,0.9606544147316679,0.00826865977121251,0.924806977309844,0.018525083282778878,0.9418676460573913,0.012727872124333699,0.8870086877930543,0.023557294275040903,imbalance,0.7,extreme_single,,,,,0.017088286186520585,0.052933407910093044,0.03587371501970127,0.06854260452714056,0.017088286186520585
Digits,XGB,Boosting,0.0,0.0,0.0,0.7,1169,42,0.9768937309709841,0.00644704086118748,0.9600908455625436,0.006742672375661152,0.966891131714832,0.008957768813355185,0.934455439169057,0.0182841673569404,imbalance,0.7,extreme_single,,,,,-0.0067611610751829865,0.010037279105227115,0.0032394027054003516,0.00589083426185133,-0.0067611610751829865
Digits,SVM,Kernel,0.0,0.0,0.0,0.7,1169,42,0.9751916657496057,0.0062838915042322556,0.9537945492662473,0.009534619723091728,0.9641369034707322,0.008889859079244604,0.9293307187572232,0.01779854011686959,imbalance,0.7,extreme_single,,,,,0.005521735674102191,0.026923271242616065,0.016575247780699742,0.03217834286239685,0.005521735674102191
Digits,MLP,Neural,0.0,0.0,0.0,0.7,1169,42,0.950394336231246,0.0087581474842032,0.9180354888402423,0.024390951288913974,0.9277362866062578,0.014378854199316707,0.8576664984991069,0.026572992005210204,imbalance,0.7,extreme_single,,,,,0.013251593821369312,0.04561717876609683,0.035908431708412514,0.06969286014193721,0.013251593821369312
Digits,GB,Boosting,0.0,0.0,0.0,0.7,1169,42,0.9674920215692747,0.0043700257559475715,0.9436155028164827,0.013378290092790533,0.9529397745323311,0.006767492288124604,0.9072058908395458,0.012379325986927337,imbalance,0.7,extreme_single,,,,,-0.00032757299814090146,0.023544474686252315,0.014221862624722914,0.027224061837234803,-0.00032757299814090146
Spambase,LR,Linear,0.5,0.5,0.0,0.0,4601,42,0.5053226644006987,0.012373155264943493,0.5052687533304615,0.012381060114081485,0.5043440146909735,0.01222431667172557,0.010600210668322924,0.02486349349701676,,,extreme_pair,label_noise,missing,0.5,0.5,0.41991211506081905,0.4130086629483697,0.4167971022606727,0.832407149926762,0.41991211506081905
Spambase,RF,Ensemble,0.5,0.5,0.0,0.0,4601,42,0.4992392484539489,0.009683071109580728,0.499334858752006,0.009705134711747021,0.49769433489113846,0.010141928028251469,-0.001362570343734081,0.019645522875696233,,,extreme_pair,label_noise,missing,0.5,0.5,0.4455562636705534,0.4380771061587919,0.4438956346081603,0.8856293858157216,0.4455562636705534
Spambase,XGB,Boosting,0.5,0.5,0.0,0.0,4601,42,0.49315134777887926,0.008202389217162261,0.4932207655953988,0.008214244158131313,0.4927416333717005,0.007966224602712376,-0.013565639125300122,0.016438567706487914,,,extreme_pair,label_noise,missing,0.5,0.5,0.4572228516577759,0.4528782132349434,0.45507316569843026,0.909465122689842,0.4572228516577759
Spambase,SVM,Kernel,0.5,0.5,0.0,0.0,4601,42,0.48967403106264457,0.012488272118524725,0.4894411132737,0.012500155892875113,0.48449522702828995,0.016703856159607147,-0.021916690533034584,0.026441524100607215,,,extreme_pair,label_noise,missing,0.5,0.5,0.4432404915891674,0.4368489167109325,0.44474517687894843,0.8810086358300186,0.4432404915891674
Spambase,MLP,Neural,0.5,0.5,0.0,0.0,4601,42,0.49119624226974457,0.00607589071067918,0.4912048209370619,0.0062093959527206,0.4891603134902911,0.007603100445859809,-0.01778816289565754,0.012701295136541267,,,extreme_pair,label_noise,missing,0.5,0.5,0.44584777101134565,0.44151595603992916,0.44471784445145335,0.8858065862207257,0.44584777101134565
Spambase,GB,Boosting,0.5,0.5,0.0,0.0,4601,42,0.4898933106736534,0.010147946642235698,0.4899797823507324,0.010150768924729022,0.4893034138114619,0.010272418129919405,-0.020098246554432965,0.020384052685872848,,,extreme_pair,label_noise,missing,0.5,0.5,0.45779941462493523,0.45300536169909883,0.4556537773086272,0.9103799568907047,0.45779941462493523
Bank,LR,Linear,0.5,0.5,0.0,0.0,5000,42,0.5028,0.013818827736099772,0.5026188140657137,0.013935799972090207,0.49978249455321,0.01640895766574336,0.005024028199090988,0.02820382437170144,,,extreme_pair,label_noise,missing,0.5,0.5,0.3933333333333332,0.13902050798130927,0.17690473572198473,0.38063663890951527,0.3933333333333332
Bank,RF,Ensemble,0.5,0.5,0.0,0.0,5000,42,0.48599999999999993,0.012116104984688758,0.48592265227794657,0.012263620102794522,0.48417947789774135,0.013014330517127387,-0.028421906155356703,0.024854408406866327,,,extreme_pair,label_noise,missing,0.5,0.5,0.4099333333333334,0.11754229014509326,0.15326097270386813,0.37124721458611243,0.4099333333333334
Bank,XGB,Boosting,0.5,0.5,0.0,0.0,5000,42,0.4968,0.01203993355463394,0.4967083721260532,0.012027551155592451,0.49537518773174705,0.011939814000853014,-0.006604559586317835,0.024175319638039188,,,extreme_pair,label_noise,missing,0.5,0.5,0.39893333333333325,0.16768941707354806,0.19990228808222776,0.4156458138976915,0.39893333333333325
Bank,SVM,Kernel,0.5,0.5,0.0,0.0,5000,42,0.4962,0.012560254774486076,0.49604954984884975,0.012618449950462483,0.49158488336917283,0.016086088529661202,-0.008376307246997918,0.025921291372043506,,,extreme_pair,label_noise,missing,0.5,0.5,0.394,0.09230567531271738,0.12454252613107941,0.30445028694738047,0.394
Bank,MLP,Neural,0.5,0.5,0.0,0.0,5000,42,0.49559999999999993,0.01330563790278393,0.49533837231974476,0.01330587740607198,0.49024048035658013,0.015342638286180847,-0.009690399803720382,0.02748537671709469,,,extreme_pair,label_noise,missing,0.5,0.5,0.3954000000000001,0.12386932740890622,0.1564462046256761,0.3438654356479852,0.3954000000000001
Bank,GB,Boosting,0.5,0.5,0.0,0.0,5000,42,0.49779999999999996,0.009785703858180063,0.49767116125057403,0.009813260647906101,0.4956658757850638,0.009376371870337907,-0.004636252006227899,0.01981041352113743,,,extreme_pair,label_noise,missing,0.5,0.5,0.3966,0.1681959777762479,0.1993135832948606,0.4106322316447907,0.3966
Wine,LR,Linear,0.5,0.5,0.0,0.0,178,42,0.3595238095238095,0.066649657694157,0.35881895881895887,0.06672751754024528,0.3616405501600404,0.06749065662556702,0.03721976217665458,0.0975765700917788,,,extreme_pair,label_noise,missing,0.5,0.5,0.6256084656084655,0.6269658736325403,0.6232319368195601,0.9408984721307245,0.6256084656084655
Wine,RF,Ensemble,0.5,0.5,0.0,0.0,178,42,0.35365079365079366,0.08064616844436483,0.3542735042735043,0.08201549615768654,0.3486881268581059,0.08556615449680186,0.027218729087379424,0.12301958850636555,,,extreme_pair,label_noise,missing,0.5,0.5,0.6295238095238096,0.6311762311762312,0.6350426197615296,0.9478589068534169,0.6295238095238096
Wine,XGB,Boosting,0.5,0.5,0.0,0.0,178,42,0.39888888888888885,0.03754765175990764,0.4001554001554002,0.03711856408455508,0.39937215097245604,0.03402675401531817,0.09758295497734297,0.05819774130406737,,,extreme_pair,label_noise,missing,0.5,0.5,0.5580952380952381,0.5587944154610822,0.5577689406307709,0.8384621978344873,0.5580952380952381
Wine,SVM,Kernel,0.5,0.5,0.0,0.0,178,42,0.3987301587301587,0.04750409405385021,0.395066045066045,0.04861246851484529,0.3821464402087419,0.05717790040155099,0.09304134124773476,0.0758200138752306,,,extreme_pair,label_noise,missing,0.5,0.5,0.5844444444444444,0.5869172802506137,0.6006856395120235,0.8819877902831141,0.5844444444444444
Wine,MLP,Neural,0.5,0.5,0.0,0.0,178,42,0.33206349206349206,0.05216067198271206,0.3343045843045843,0.05037608302108197,0.2854751889753887,0.05009040453300677,0.0012087226616409347,0.08478419359156163,,,extreme_pair,label_noise,missing,0.5,0.5,0.5874074074074074,0.5894424094424096,0.6355354659681911,0.881783581561704,0.5874074074074074
Wine,GB,Boosting,0.5,0.5,0.0,0.0,178,42,0.376984126984127,0.07045187625768934,0.3771173271173271,0.0678954420783347,0.3755646817731441,0.06881589077668107,0.06308120714886459,0.1055983151570108,,,extreme_pair,label_noise,missing,0.5,0.5,0.5538095238095239,0.5517683551016885,0.5563934828030765,0.8355464752772084,0.5538095238095239
BreastCancer,LR,Linear,0.5,0.5,0.0,0.0,569,42,0.5096879366557988,0.03622336286396477,0.5010041126805741,0.03554702179197766,0.4940607744049588,0.0367457097594292,0.0022269350633700898,0.07314781678986998,,,extreme_pair,label_noise,missing,0.5,0.5,0.46573513429591684,0.46989893263698157,0.4793894709671515,0.9457428646206033,0.46573513429591684
BreastCancer,RF,Ensemble,0.5,0.5,0.0,0.0,569,42,0.5254463592609844,0.04871048393704744,0.5157931516422082,0.04850147479305519,0.5058312535521067,0.04919993474108075,0.034734422226002815,0.10589890908093186,,,extreme_pair,label_noise,missing,0.5,0.5,0.43590539771257053,0.44169369449924,0.45268719726094253,0.8839639418939189,0.43590539771257053
BreastCancer,XGB,Boosting,0.5,0.5,0.0,0.0,569,42,0.5113336438441236,0.0307050663878429,0.5062776231226587,0.03166055376982126,0.5038458787839202,0.03206017677331336,0.012587468680754494,0.0639682786616575,,,extreme_pair,label_noise,missing,0.5,0.5,0.4558660663458054,0.4561217949187508,0.4607999207787009,0.9180332393088834,0.4558660663458054
BreastCancer,SVM,Kernel,0.5,0.5,0.0,0.0,569,42,0.4938053097345133,0.042968887727935445,0.47876149889450226,0.04058624795944187,0.4510793986141355,0.03486896251512674,-0.0419526688390454,0.0894644525116854,,,extreme_pair,label_noise,missing,0.5,0.5,0.48160741085752734,0.49333399395926114,0.5224922501651262,0.9896550280503849,0.48160741085752734
BreastCancer,MLP,Neural,0.5,0.5,0.0,0.0,569,42,0.5149200434715107,0.05789332749399787,0.5030426389891283,0.05817948014330031,0.4719805723282205,0.06983041522065173,0.005429556446514173,0.1293056064964826,,,extreme_pair,label_noise,missing,0.5,0.5,0.43178077938208337,0.43497595491711716,0.47019988611568725,0.8804303382086983,0.43178077938208337
BreastCancer,GB,Boosting,0.5,0.5,0.0,0.0,569,42,0.5359571495109454,0.036641207401405355,0.5323753880697895,0.03779130753244865,0.5309981094716241,0.03773369623977754,0.06527193121403116,0.07636664651141184,,,extreme_pair,label_noise,missing,0.5,0.5,0.4201107488485226,0.41864080816013094,0.4217562662491465,0.8413391599045592,0.4201107488485226
Digits,LR,Linear,0.5,0.5,0.0,0.0,1797,42,0.4924914887031878,0.016144697735098437,0.48806030828349123,0.016326277583148578,0.4850935553147412,0.01697543456478345,-0.024379854413140604,0.03331439304602627,,,extreme_pair,label_noise,missing,0.5,0.5,0.4002924791086351,0.40474461367912073,0.40767685330450665,0.8102297741269477,0.4002924791086351
Digits,RF,Ensemble,0.5,0.5,0.0,0.0,1797,42,0.5075193438563912,0.009093524496528498,0.5017379648196857,0.009549901175208667,0.4959530463881562,0.011615556469187781,0.003437638653301525,0.01979295396148801,,,extreme_pair,label_noise,missing,0.5,0.5,0.4702233570617973,0.4760024204002513,0.48178831468893635,0.9521136536668934,0.4702233570617973
Digits,XGB,Boosting,0.5,0.5,0.0,0.0,1797,42,0.490266171463943,0.016868935221978593,0.4874287814208125,0.016350287850498253,0.48635810561562354,0.01621538125620975,-0.025271681240259934,0.03288886514042971,,,extreme_pair,label_noise,missing,0.5,0.5,0.4798663984318581,0.4826993432469583,0.4837724288046088,0.9656179546711683,0.4798663984318581
Digits,SVM,Kernel,0.5,0.5,0.0,0.0,1797,42,0.5036320024760137,0.016383828311477954,0.4979563993275288,0.016684354334407993,0.49259613120145185,0.017970709027086564,-0.004367768563945237,0.034309400086791536,,,extreme_pair,label_noise,missing,0.5,0.5,0.4770813989476942,0.4827614211813346,0.4881160200499801,0.9658768301835653,0.4770813989476942
Digits,MLP,Neural,0.5,0.5,0.0,0.0,1797,42,0.5030408542246982,0.023634039199674526,0.4995521440083799,0.02456814737964872,0.4969678612347983,0.026263362760488487,-0.0012908856245808487,0.04948557065926179,,,extreme_pair,label_noise,missing,0.5,0.5,0.4606050758279171,0.4641005235979593,0.46667685707987205,0.9286502442656249,0.4606050758279171
Digits,GB,Boosting,0.5,0.5,0.0,0.0,1797,42,0.49750077375425567,0.01599448381691013,0.49364942952796803,0.016420968196320322,0.4914931418694799,0.017014850512289105,-0.01296447489279445,0.03323679415221069,,,extreme_pair,label_noise,missing,0.5,0.5,0.46966367481687815,0.47351054797476694,0.47566849528757416,0.947394427569575,0.46966367481687815
Spambase,LR,Linear,0.5,0.6,0.0,0.0,4601,42,0.4966303167634424,0.00914848231136559,0.49664059560079615,0.009182528880997333,0.495105758108956,0.009879461226951875,-0.006796623665805765,0.018431634852760715,,,extreme_pair,label_noise,missing,0.5,0.6,0.4286044626980754,0.42163682067803504,0.4260353588426901,0.8498039842608908,0.4286044626980754
Spambase,RF,Ensemble,0.5,0.6,0.0,0.0,4601,42,0.4881546523155361,0.005957656677441298,0.48816275473934,0.005962042831803211,0.487126115070614,0.006447572673918754,-0.023791556154086683,0.011996460951819474,,,extreme_pair,label_noise,missing,0.5,0.6,0.4566408598089662,0.4492492101714579,0.45446385442868475,0.9080583716260742,0.4566408598089662
Spambase,XGB,Boosting,0.5,0.6,0.0,0.0,4601,42,0.4859826275787188,0.015248224585440787,0.48594341289757115,0.015287402163567939,0.48545927176452397,0.015463250358744064,-0.028188002772334037,0.030607074676134802,,,extreme_pair,label_noise,missing,0.5,0.6,0.46439157185793634,0.46015556593277107,0.4623555273056068,0.9240874863368759,0.46439157185793634
Spambase,SVM,Kernel,0.5,0.6,0.0,0.0,4601,42,0.4894554595666336,0.014177690688268395,0.48941044697469405,0.01429794237976312,0.484364723940269,0.02064582514663767,-0.02232107242610932,0.030647584801420203,,,extreme_pair,label_noise,missing,0.5,0.6,0.44345906308517835,0.43687958300993845,0.44487567996696936,0.8814130177230934,0.44345906308517835
Spambase,MLP,Neural,0.5,0.6,0.0,0.0,4601,42,0.4859771986970684,0.013757881282488489,0.4859245458006904,0.01375587401149287,0.4855947853105791,0.013900729740488522,-0.028202635831126262,0.027578718263086312,,,extreme_pair,label_noise,missing,0.5,0.6,0.4510668145840218,0.4467962311763007,0.44828337263116536,0.8962210591561944,0.4510668145840218
Spambase,GB,Boosting,0.5,0.6,0.0,0.0,4601,42,0.49380399376858797,0.01053592904716465,0.4937908933329548,0.01068166426512568,0.4922606074250678,0.009607903223941216,-0.012401718548131099,0.021504403888713747,,,extreme_pair,label_noise,missing,0.5,0.6,0.45388873153000064,0.44919425071687646,0.45269658369502136,0.9026834288844029,0.45388873153000064
Bank,LR,Linear,0.5,0.6,0.0,0.0,5000,42,0.505,0.012083045973594584,0.5048024323811402,0.012090474543682575,0.5021303246459417,0.012386004743803972,0.00969449195280294,0.024398962139521512,,,extreme_pair,label_noise,missing,0.5,0.6,0.3911333333333332,0.1368368896658828,0.17455690562925308,0.37596617515580333,0.3911333333333332
Bank,RF,Ensemble,0.5,0.6,0.0,0.0,5000,42,0.4892,0.007652450587883603,0.48901710201954335,0.007632745440040949,0.4863228703636315,0.007336997533663155,-0.022170149907789042,0.01537098232492073,,,extreme_pair,label_noise,missing,0.5,0.6,0.40673333333333334,0.11444784040349648,0.151117580237978,0.36499545833854474,0.40673333333333334
Bank,XGB,Boosting,0.5,0.6,0.0,0.0,5000,42,0.4888,0.007984985911070858,0.48863428406240866,0.007994150505610826,0.48637193294653314,0.007539218704028434,-0.022906052893625503,0.016118472398089737,,,extreme_pair,label_noise,missing,0.5,0.6,0.40693333333333326,0.17576350513719258,0.20890554286744167,0.4319473072049992,0.40693333333333326
Bank,SVM,Kernel,0.5,0.6,0.0,0.0,5000,42,0.5012000000000001,0.008657944328765352,0.5008860109553626,0.008592305089147911,0.4946531356485159,0.007172026702445085,0.001939270109001515,0.017707071272358835,,,extreme_pair,label_noise,missing,0.5,0.6,0.3889999999999999,0.08746921420620457,0.12147427385173637,0.29413470959138105,0.3889999999999999
Bank,MLP,Neural,0.5,0.6,0.0,0.0,5000,42,0.5054000000000001,0.01246755790040697,0.5052172564759956,0.01243679156838248,0.5001643225039615,0.012521329556762896,0.010776530561209368,0.025811501866591424,,,extreme_pair,label_noise,missing,0.5,0.6,0.38559999999999994,0.1139904432526554,0.14652236247829475,0.32339850528305547,0.38559999999999994
Bank,GB,Boosting,0.5,0.6,0.0,0.0,5000,42,0.4928,0.008084553172563102,0.4926167574012205,0.008116543026318075,0.48934773574500623,0.01073275582898066,-0.015106759196341291,0.016562314685062408,,,extreme_pair,label_noise,missing,0.5,0.6,0.40159999999999996,0.1732503816256014,0.2056317233349182,0.42110273883490407,0.40159999999999996
Wine,LR,Linear,0.5,0.6,0.0,0.0,178,42,0.37079365079365073,0.06771362340518047,0.3707847707847708,0.06873431614737802,0.37026422527118,0.06577787694910962,0.05322245192314525,0.1040468918577656,,,extreme_pair,label_noise,missing,0.5,0.6,0.6143386243386242,0.6150000616667284,0.6146082617084205,0.9248957823842339,0.6143386243386242
Wine,RF,Ensemble,0.5,0.6,0.0,0.0,178,42,0.3988888888888889,0.05663931579500566,0.39972804972804976,0.05833659015126869,0.4031244713700854,0.06097205262379549,0.09584980350717695,0.08633352932689221,,,extreme_pair,label_noise,missing,0.5,0.6,0.5842857142857143,0.5857216857216857,0.5806062752495502,0.8792278324336193,0.5842857142857143
Wine,XGB,Boosting,0.5,0.6,0.0,0.0,178,42,0.38809523809523805,0.041561848505531795,0.38523698523698524,0.042640532634375346,0.3833323774868792,0.04468405574052014,0.0782921033501343,0.06361949115464374,,,extreme_pair,label_noise,missing,0.5,0.6,0.5688888888888889,0.5737128303794972,0.5738087141163477,0.857753049461696,0.5688888888888889
Wine,SVM,Kernel,0.5,0.6,0.0,0.0,178,42,0.3761904761904762,0.03534732106646789,0.3755633255633256,0.03381819452897238,0.37870607517747107,0.031849035412176256,0.060212741976525666,0.05357378908302467,,,extreme_pair,label_noise,missing,0.5,0.6,0.606984126984127,0.606419999753333,0.6041260045432943,0.9148163895543232,0.606984126984127
Wine,MLP,Neural,0.5,0.6,0.0,0.0,178,42,0.32666666666666666,0.0624005381426621,0.32672882672882675,0.06223165069562935,0.26940643172222123,0.04946936814363665,-0.007251528494024914,0.10603024339598871,,,extreme_pair,label_noise,missing,0.5,0.6,0.5928042328042328,0.5970181670181671,0.6516042232213586,0.8902438327173698,0.5928042328042328
Wine,GB,Boosting,0.5,0.6,0.0,0.0,178,42,0.3538095238095238,0.054943109448666386,0.35233100233100234,0.05322333382980339,0.35030382005230065,0.0495857947752706,0.027658757419048597,0.08221914334696172,,,extreme_pair,label_noise,missing,0.5,0.6,0.576984126984127,0.5765546798880132,0.58165434452392,0.8709689250070244,0.576984126984127
BreastCancer,LR,Linear,0.5,0.6,0.0,0.0,569,42,0.5219375873311598,0.015184469753576596,0.5140445750421005,0.016269147085749433,0.5087429935370212,0.02099131205259217,0.028401995829064997,0.033605395165647235,,,extreme_pair,label_noise,missing,0.5,0.6,0.45348548362055585,0.4568584702754551,0.4647072518350891,0.9195678038549084,0.45348548362055585
BreastCancer,RF,Ensemble,0.5,0.6,0.0,0.0,569,42,0.5062102158049993,0.03444676051556485,0.4981110309195679,0.03521090254758181,0.49211557366236447,0.036979839390777945,-0.004247379418346795,0.07306903785702033,,,extreme_pair,label_noise,missing,0.5,0.6,0.45514154116855565,0.4593758152218803,0.46640287715068474,0.9229457435382684,0.45514154116855565
BreastCancer,XGB,Boosting,0.5,0.6,0.0,0.0,569,42,0.4973140816643379,0.052338217151925645,0.4927499398563425,0.05372926729937422,0.49099722849518396,0.05380206670621822,-0.014855207710669827,0.10797248187181678,,,extreme_pair,label_noise,missing,0.5,0.6,0.4698856285255911,0.46964947818506697,0.47364857106743713,0.9454759157003076,0.4698856285255911
BreastCancer,SVM,Kernel,0.5,0.6,0.0,0.0,569,42,0.5201832013662475,0.023792503060816254,0.5058534671386512,0.02505480457405083,0.481264256777155,0.03875750510011579,0.011676151108702829,0.05342258371234178,,,extreme_pair,label_noise,missing,0.5,0.6,0.45522951922579313,0.4662420257151122,0.4923073920021067,0.9360262081026367,0.45522951922579313
BreastCancer,MLP,Neural,0.5,0.6,0.0,0.0,569,42,0.5219531128706723,0.030882573368411003,0.5106504679749344,0.02538680911667533,0.47842274276557906,0.024306473941396015,0.029474457728490982,0.059802575477663066,,,extreme_pair,label_noise,missing,0.5,0.6,0.4247477099829218,0.427368125931311,0.4637577156783287,0.8563854369267215,0.4247477099829218
BreastCancer,GB,Boosting,0.5,0.6,0.0,0.0,569,42,0.5096103089582363,0.02429672032983866,0.504790127275435,0.025927987853719518,0.5030295539708552,0.026972814410218482,0.009321376133864539,0.05217295494318037,,,extreme_pair,label_noise,missing,0.5,0.6,0.4464575894012317,0.44622606895448536,0.44972482174991535,0.8972897149847259,0.4464575894012317
Digits,LR,Linear,0.5,0.6,0.0,0.0,1797,42,0.5103327143299288,0.03224016615447038,0.5050747849336353,0.03112918364903728,0.499992147705899,0.03008101353948028,0.01117376402809667,0.06510904480144178,,,extreme_pair,label_noise,missing,0.5,0.6,0.3824512534818941,0.38773013702897663,0.39277826091334883,0.7746761556857105,0.3824512534818941
Digits,RF,Ensemble,0.5,0.6,0.0,0.0,1797,42,0.5130965645311049,0.0224596418258943,0.5057536220561298,0.022834303069990135,0.49563007911501195,0.025836328390984823,0.011757379408008493,0.04875265272093048,,,extreme_pair,label_noise,missing,0.5,0.6,0.46464613638708363,0.47198676316380717,0.4821112819620806,0.9437939129121864,0.46464613638708363
Digits,XGB,Boosting,0.5,0.6,0.0,0.0,1797,42,0.4896812132466729,0.02200193299665123,0.4871631495033147,0.022291894977605285,0.4865223566499182,0.02246561107907738,-0.025838894312811035,0.04481916103631951,,,extreme_pair,label_noise,missing,0.5,0.6,0.4804513566491282,0.4829649751644561,0.4836081777703141,0.9661851677437194,0.4804513566491282
Digits,SVM,Kernel,0.5,0.6,0.0,0.0,1797,42,0.5203419993809966,0.024820891299892553,0.5139924072096785,0.02404794073960737,0.5073561873648516,0.02344697379389045,0.02950574373640264,0.050499168110145855,,,extreme_pair,label_noise,missing,0.5,0.6,0.4603714020427113,0.4667254132991848,0.4733559638865804,0.9320033178832173,0.4603714020427113
Digits,MLP,Neural,0.5,0.6,0.0,0.0,1797,42,0.5014159702878366,0.030299676836212847,0.49736943381048704,0.030457787211205626,0.4938888886230105,0.03221212803765211,-0.005662597542258998,0.062456379179312724,,,extreme_pair,label_noise,missing,0.5,0.6,0.46222995976477876,0.4662832337958521,0.46975582969165985,0.9330219561833031,0.46222995976477876
Digits,GB,Boosting,0.5,0.6,0.0,0.0,1797,42,0.4919235530795419,0.039972756057061035,0.4880964782068977,0.03952192086698058,0.4857009301212026,0.039066050819502735,-0.02382088922803094,0.07982547847174704,,,extreme_pair,label_noise,missing,0.5,0.6,0.47524089549159193,0.47906349929583725,0.4814607070358515,0.9582508419048116,0.47524089549159193
Spambase,LR,Linear,0.5,0.7,0.0,0.0,4601,42,0.48554147193504227,0.01447243060108054,0.48548970573840844,0.014555928693009285,0.48200008601330213,0.017745978996456607,-0.029747920734091538,0.029740790987837506,,,extreme_pair,label_noise,missing,0.5,0.7,0.4396933075264755,0.43278771054042275,0.439141030938344,0.8727552813291765,0.4396933075264755
Spambase,RF,Ensemble,0.5,0.7,0.0,0.0,4601,42,0.49315370816220555,0.022887067699263654,0.4929950989768015,0.022796518275750563,0.4895280558511013,0.024265052226011108,-0.014365557948301577,0.046784070511874616,,,extreme_pair,label_noise,missing,0.5,0.7,0.45164180396229675,0.44441686593399643,0.4520619136481974,0.898632373420289,0.45164180396229675
Spambase,XGB,Boosting,0.5,0.7,0.0,0.0,4601,42,0.49380517396025114,0.01736966542734333,0.4935679629131027,0.017367875589804568,0.48988889426857574,0.020307524050310707,-0.013429086629677438,0.03583561470701636,,,extreme_pair,label_noise,missing,0.5,0.7,0.456569025476404,0.45253101591723954,0.45792590480155504,0.9093285701942193,0.456569025476404
Spambase,SVM,Kernel,0.5,0.7,0.0,0.0,4601,42,0.49597649058207055,0.01341515418023467,0.49556470272121533,0.013442476661986044,0.48448932057329747,0.02272678532692249,-0.010273876255783477,0.03006431138382278,,,extreme_pair,label_noise,missing,0.5,0.7,0.4369380320697414,0.43072532726341717,0.4447510833339409,0.8693658215527675,0.4369380320697414
Spambase,MLP,Neural,0.5,0.7,0.0,0.0,4601,42,0.48358919888589913,0.0143734587545491,0.4833922694692595,0.014324506808583352,0.48030928990791305,0.013623368485967862,-0.03351520547581962,0.02886247959595441,,,extreme_pair,label_noise,missing,0.5,0.7,0.4534548143951911,0.44932850750773157,0.4535688680338314,0.9015336288008878,0.4534548143951911
Spambase,GB,Boosting,0.5,0.7,0.0,0.0,4601,42,0.49467167067931833,0.016555336382552417,0.4942943442937036,0.01646273694951528,0.4875874721389497,0.01635371372630862,-0.011623031700509337,0.03411632019415387,,,extreme_pair,label_noise,missing,0.5,0.7,0.4530210546192703,0.44869079975612763,0.45736971898113943,0.9019047420367812,0.4530210546192703
Bank,LR,Linear,0.5,0.7,0.0,0.0,5000,42,0.5058,0.018280043763623778,0.5055136103998551,0.018394544298558805,0.5002807606096027,0.020985927410744742,0.010899239931971557,0.037828485534003614,,,extreme_pair,label_noise,missing,0.5,0.7,0.3903333333333332,0.1361257116471679,0.17640646966559204,0.3747614271766347,0.3903333333333332
Bank,RF,Ensemble,0.5,0.7,0.0,0.0,5000,42,0.49420000000000003,0.004445222154178577,0.49396516208442787,0.004426503271462678,0.4904026340886004,0.005510532841329316,-0.01226521019989098,0.00895477932852243,,,extreme_pair,label_noise,missing,0.5,0.7,0.40173333333333333,0.10949978033861196,0.14703781651300907,0.35509051863064667,0.40173333333333333
Bank,XGB,Boosting,0.5,0.7,0.0,0.0,5000,42,0.4968,0.010833282051160683,0.4965975298548148,0.010921866738914926,0.4936693494024983,0.011958539029943663,-0.006970012260391914,0.02215087850649771,,,extreme_pair,label_noise,missing,0.5,0.7,0.39893333333333325,0.16780025934478643,0.20160812641147652,0.41601126657176557,0.39893333333333325
Bank,SVM,Kernel,0.5,0.7,0.0,0.0,5000,42,0.5012000000000001,0.015638414241859702,0.5009535569750785,0.01570587627575788,0.49283614443680046,0.016320548006313097,0.0021000871553999243,0.03310175906121088,,,extreme_pair,label_noise,missing,0.5,0.7,0.3889999999999999,0.08740166818648865,0.12329126506345178,0.29397389254498263,0.3889999999999999
Bank,MLP,Neural,0.5,0.7,0.0,0.0,5000,42,0.5024,0.016304600577751068,0.5022864167201881,0.01608988649578139,0.49231337866877983,0.006176461134979004,0.007118172519559601,0.036956126005934606,,,extreme_pair,label_noise,missing,0.5,0.7,0.38860000000000006,0.11692128300846283,0.1543733063134764,0.32705686332470524,0.38860000000000006
Bank,GB,Boosting,0.5,0.7,0.0,0.0,5000,42,0.4958,0.007493997598078085,0.49552634165031934,0.007585034454066285,0.49079142533013076,0.00958611465658792,-0.009240205937655637,0.015469082964650008,,,extreme_pair,label_noise,missing,0.5,0.7,0.39859999999999995,0.1703407973765026,0.20418803374979366,0.4152361855762184,0.39859999999999995
Wine,LR,Linear,0.5,0.7,0.0,0.0,178,42,0.3822222222222222,0.08243216440440626,0.37975912975912973,0.08495100906767186,0.378691190846692,0.0850328312996345,0.07126852298720415,0.12418109637590195,,,extreme_pair,label_noise,missing,0.5,0.7,0.6029100529100528,0.6060257026923694,0.6061812961329085,0.906849711320175,0.6029100529100528
Wine,RF,Ensemble,0.5,0.7,0.0,0.0,178,42,0.3765079365079365,0.10360909732803758,0.37327117327117326,0.10653418806181472,0.3670628471788882,0.11181153729740081,0.058906692363435695,0.15969989060986398,,,extreme_pair,label_noise,missing,0.5,0.7,0.6066666666666667,0.6121785621785623,0.6166678994407473,0.9161709435773606,0.6066666666666667
Wine,XGB,Boosting,0.5,0.7,0.0,0.0,178,42,0.38190476190476186,0.03616261807212226,0.37882672882672885,0.04177551740853684,0.3667367944370233,0.04637295133363349,0.06974437534810686,0.06115831123323025,,,extreme_pair,label_noise,missing,0.5,0.7,0.5750793650793651,0.5801230867897536,0.5904042971662036,0.8663007774637234,0.5750793650793651
Wine,SVM,Kernel,0.5,0.7,0.0,0.0,178,42,0.3995238095238095,0.050218971259136984,0.39541569541569543,0.05415305229082856,0.3904606788290753,0.060812205295486185,0.09792846262221089,0.08145460581888044,,,extreme_pair,label_noise,missing,0.5,0.7,0.5836507936507936,0.5865676299009632,0.59237140089169,0.877100668908638,0.5836507936507936
Wine,MLP,Neural,0.5,0.7,0.0,0.0,178,42,0.3317460317460318,0.03509695745036331,0.3293317793317793,0.029414020972206335,0.2784003847239141,0.05614792335350918,-0.00845884360612306,0.05377315626331856,,,extreme_pair,label_noise,missing,0.5,0.7,0.5877248677248677,0.5944152144152146,0.6426102702196657,0.891451147829468,0.5877248677248677
Wine,GB,Boosting,0.5,0.7,0.0,0.0,178,42,0.3317460317460318,0.060835287660549034,0.3295260295260295,0.0661166256141146,0.320257392366088,0.06676441257915863,-0.006783475581763225,0.09613130558188057,,,extreme_pair,label_noise,missing,0.5,0.7,0.599047619047619,0.5993596526929861,0.6117007722101326,0.9054111580078361,0.599047619047619
BreastCancer,LR,Linear,0.5,0.7,0.0,0.0,569,42,0.5009781089892874,0.060639219667303644,0.4915050234273866,0.0613974241952201,0.4824469594884578,0.06573613126146005,-0.01910036978754178,0.13050737668047033,,,extreme_pair,label_noise,missing,0.5,0.7,0.47444496196242825,0.47939802189016906,0.49100328588365255,0.9670701694715153,0.47444496196242825
BreastCancer,RF,Ensemble,0.5,0.7,0.0,0.0,569,42,0.4990374165502251,0.026527673005457077,0.490955539517247,0.02619449067370392,0.4837953069880879,0.026500820269964948,-0.01846791619723187,0.05526936424540458,,,extreme_pair,label_noise,missing,0.5,0.7,0.4623143404233298,0.46653130662420117,0.4747231438249613,0.9371662803171535,0.4623143404233298
BreastCancer,XGB,Boosting,0.5,0.7,0.0,0.0,569,42,0.4884955752212389,0.027292087973117204,0.48368949834461744,0.026791144251318243,0.4826792713182287,0.026701712506307266,-0.03282205281092911,0.05385538941020563,,,extreme_pair,label_noise,missing,0.5,0.7,0.47870413496869013,0.47870991969679205,0.4819665282443924,0.9634427608005669,0.47870413496869013
BreastCancer,SVM,Kernel,0.5,0.7,0.0,0.0,569,42,0.49205092376960097,0.016345864297568964,0.4776383017722331,0.013428737313353407,0.45351996515613086,0.01846128423474398,-0.050190435103517506,0.029123883348666568,,,extreme_pair,label_noise,missing,0.5,0.7,0.4833617968224397,0.4944571910815303,0.5200516836231308,0.997892794314857,0.4833617968224397
BreastCancer,MLP,Neural,0.5,0.7,0.0,0.0,569,42,0.5009315323707499,0.03791491238273813,0.4861371733626605,0.0262199628502832,0.42994857370206885,0.041095866068361304,-0.0385600133459441,0.06254340857961464,,,extreme_pair,label_noise,missing,0.5,0.7,0.4457692904828441,0.45188142054358493,0.5122318847418389,0.9244199080011566,0.4457692904828441
BreastCancer,GB,Boosting,0.5,0.7,0.0,0.0,569,42,0.5394348703617451,0.04873122845523362,0.532765405368251,0.04934292331681744,0.5283794085133378,0.05309113249211432,0.06609921926118334,0.10035172150821309,,,extreme_pair,label_noise,missing,0.5,0.7,0.41663302799772295,0.4182507908616694,0.42437496720743284,0.8405118718574071,0.41663302799772295
Digits,LR,Linear,0.5,0.7,0.0,0.0,1797,42,0.4903172392448159,0.04113144225397263,0.4837079090601318,0.04063400422212987,0.4756120071023888,0.04069579325755092,-0.033530424973976264,0.08451424461820688,,,extreme_pair,label_noise,missing,0.5,0.7,0.402466728567007,0.4090970129024802,0.417158401516859,0.8193803446877834,0.402466728567007
Digits,RF,Ensemble,0.5,0.7,0.0,0.0,1797,42,0.5058836273599505,0.030693520221890844,0.4979499610811624,0.029309084402845614,0.48595161289792743,0.02635272305765956,-0.002884018163147132,0.0628580978198597,,,extreme_pair,label_noise,missing,0.5,0.7,0.471859073558238,0.4797904241387746,0.4917897481791651,0.958435310483342,0.471859073558238
Digits,XGB,Boosting,0.5,0.7,0.0,0.0,1797,42,0.49806251934385637,0.0287365399592783,0.49493867027787186,0.028661344373369705,0.49385860521945935,0.028775246524561586,-0.010181059841293841,0.057763577415412395,,,extreme_pair,label_noise,missing,0.5,0.7,0.47207005055194473,0.4751894543898989,0.476271929200773,0.9505273332722022,0.47207005055194473
Digits,SVM,Kernel,0.5,0.7,0.0,0.0,1797,42,0.5092200557103064,0.032648645160682124,0.498555228579448,0.03183901062366099,0.4743468144271207,0.03235876463797229,-0.0020404741134338556,0.07123128118315598,,,extreme_pair,label_noise,missing,0.5,0.7,0.4714933457134015,0.48216259192941535,0.5063653368243113,0.9635495357330539,0.4714933457134015
Digits,MLP,Neural,0.5,0.7,0.0,0.0,1797,42,0.5086134323738781,0.02418926310209024,0.5036497622912635,0.02518242338726474,0.4996935657968663,0.02724363595845325,0.007017141451169597,0.05137141902114562,,,extreme_pair,label_noise,missing,0.5,0.7,0.4550324976787372,0.4600029053150757,0.46395115251780406,0.9203422171898745,0.4550324976787372
Digits,GB,Boosting,0.5,0.7,0.0,0.0,1797,42,0.5008480346641906,0.02587379141960557,0.49779956653963786,0.02605075833953288,0.4961576489649048,0.02635372194005566,-0.004462297327070719,0.052981697565771174,,,extreme_pair,label_noise,missing,0.5,0.7,0.46631641390694323,0.4693604109630971,0.4710039881921493,0.9388922500038513,0.46631641390694323
Spambase,LR,Linear,0.6,0.5,0.0,0.0,4601,42,0.5420617948354812,0.016293925626317346,0.5297487111885916,0.015723118349508167,0.5092753256255796,0.015395716040939467,0.06745844578730625,0.03537856727788953,,,extreme_pair,label_noise,missing,0.6,0.5,0.38317298462603655,0.3885287050902396,0.4118657913260665,0.7755489148077788,0.38317298462603655
Spambase,RF,Ensemble,0.6,0.5,0.0,0.0,4601,42,0.5470582542604919,0.015369464207321796,0.5377706378173662,0.015416337836516367,0.5273942880065324,0.017234315794360265,0.08056696824285393,0.032579079118389684,,,extreme_pair,label_noise,missing,0.6,0.5,0.3977372578640104,0.3996413270934317,0.4141956814927663,0.8036998472291336,0.3977372578640104
Spambase,XGB,Boosting,0.6,0.5,0.0,0.0,4601,42,0.5327156210168532,0.012559575715817605,0.5251219808587217,0.012260104994380199,0.5187152335567037,0.012148675384650542,0.052478051040795726,0.025561969924674487,,,extreme_pair,label_noise,missing,0.6,0.5,0.4176585784198019,0.42097699797162047,0.4290995655134271,0.8434214325237461,0.4176585784198019
Spambase,SVM,Kernel,0.6,0.5,0.0,0.0,4601,42,0.5366241797667941,0.011948762250514161,0.5253167898077924,0.012408245550157536,0.5077193897025285,0.017245881500988776,0.055721040764146676,0.026492466869378693,,,extreme_pair,label_noise,missing,0.6,0.5,0.39629034288501785,0.4009732401768401,0.4215210142047099,0.8033709045328374,0.39629034288501785
Spambase,MLP,Neural,0.6,0.5,0.0,0.0,4601,42,0.5409694094320917,0.007667746212230935,0.5306985832263473,0.008128189758595184,0.5164056497907956,0.013807848514173934,0.0666946209917187,0.01733918965422042,,,extreme_pair,label_noise,missing,0.6,0.5,0.3960746038489985,0.40202219375064374,0.41747250815094883,0.8013238023333494,0.3960746038489985
Spambase,GB,Boosting,0.6,0.5,0.0,0.0,4601,42,0.5242378322239531,0.013061587790666412,0.516158977678841,0.012509015805689885,0.5080691407310819,0.012792590645597303,0.03406718331956641,0.026322052383116523,,,extreme_pair,label_noise,missing,0.6,0.5,0.42345489307463546,0.42682616637099025,0.43688805038900724,0.8562145270167054,0.42345489307463546
Bank,LR,Linear,0.6,0.5,0.0,0.0,5000,42,0.571,0.004690415759823434,0.5007354468882361,0.00453308347012177,0.41057013107906093,0.01438797068802749,0.0019411925638133948,0.019747873629414606,,,extreme_pair,label_noise,missing,0.6,0.5,0.3251333333333333,0.14090387515878688,0.2661170991961338,0.3837194745447928,0.3251333333333333
Bank,RF,Ensemble,0.6,0.5,0.0,0.0,5000,42,0.5765999999999999,0.005713142742834285,0.5037577723794339,0.007052503549242826,0.40400658407836876,0.015990302449601954,0.014991695896566015,0.03595150744604584,,,extreme_pair,label_noise,missing,0.6,0.5,0.31933333333333347,0.09970717004360596,0.23343386652324072,0.3278336125341897,0.31933333333333347
Bank,XGB,Boosting,0.6,0.5,0.0,0.0,5000,42,0.5586,0.008333066662399845,0.5013516121885468,0.006701732896604164,0.4527395687844359,0.006759936498980279,0.00437472394853238,0.018108363389393648,,,extreme_pair,label_noise,missing,0.6,0.5,0.3371333333333333,0.1630461770110544,0.24253790702953892,0.4046665303628413,0.3371333333333333
Bank,SVM,Kernel,0.6,0.5,0.0,0.0,5000,42,0.5634,0.005678027826631307,0.4950418981624768,0.005871140938455219,0.411365170284508,0.007182262059816637,-0.018844870412262866,0.022258105688595372,,,extreme_pair,label_noise,missing,0.6,0.5,0.3268,0.09331332699909034,0.20476223921574427,0.3149188501126454,0.3268
Bank,MLP,Neural,0.6,0.5,0.0,0.0,5000,42,0.5718,0.0065543878432695385,0.5018804078210415,0.00764352179792799,0.41145093959263335,0.02712525768865925,0.005887902341426382,0.025098351464194375,,,extreme_pair,label_noise,missing,0.6,0.5,0.31920000000000004,0.11732729190760949,0.23523574538962289,0.32828713350283845,0.31920000000000004
Bank,GB,Boosting,0.6,0.5,0.0,0.0,5000,42,0.562,0.006985699678629147,0.500376710809637,0.005785914155638998,0.4398110119434403,0.005262673531763756,0.0018712234177811337,0.018512266441148298,,,extreme_pair,label_noise,missing,0.6,0.5,0.3323999999999999,0.16549042821718496,0.2551684471364841,0.40412475622078164,0.3323999999999999
Wine,LR,Linear,0.6,0.5,0.0,0.0,178,42,0.34174603174603174,0.10646002281394637,0.34193473193473195,0.10204959599181208,0.3388952702017218,0.10536998502636107,0.0021591849076313618,0.15807568787069132,,,extreme_pair,label_noise,missing,0.6,0.5,0.6433862433862432,0.6438501005167672,0.6459772167778788,0.9759590493997478,0.6433862433862432
Wine,RF,Ensemble,0.6,0.5,0.0,0.0,178,42,0.33698412698412694,0.08400950167619188,0.33400932400932404,0.08715637353620044,0.31204005334440116,0.0922723017974082,-0.0003930797362346583,0.13330298937266039,,,extreme_pair,label_noise,missing,0.6,0.5,0.6461904761904763,0.6514404114404114,0.6716906932752345,0.975470715677031,0.6461904761904763
Wine,XGB,Boosting,0.6,0.5,0.0,0.0,178,42,0.3311111111111111,0.03374052128402902,0.33289044289044284,0.03599195251724188,0.31871491678588126,0.02965127625224752,-0.001048914064060591,0.05553274451855663,,,extreme_pair,label_noise,missing,0.6,0.5,0.6258730158730159,0.6260593727260395,0.6384261748173456,0.9370940668758908,0.6258730158730159
Wine,SVM,Kernel,0.6,0.5,0.0,0.0,178,42,0.35317460317460314,0.09685661739698165,0.3468220668220668,0.10271941573299465,0.3348684686917919,0.10492628927782037,0.012174934606076476,0.1605967705720404,,,extreme_pair,label_noise,missing,0.6,0.5,0.63,0.6351612584945918,0.6479636110289735,0.9628541969247725,0.63
Wine,MLP,Neural,0.6,0.5,0.0,0.0,178,42,0.36587301587301585,0.057800449066771814,0.3652758352758353,0.06303809937545365,0.30148109353991703,0.07177285521042165,0.05156677474109315,0.10458101553334347,,,extreme_pair,label_noise,missing,0.6,0.5,0.5535978835978836,0.5584711584711586,0.6195295614036628,0.8314255294822518,0.5535978835978836
Wine,GB,Boosting,0.6,0.5,0.0,0.0,178,42,0.3082539682539683,0.08816256543491979,0.3076068376068376,0.08599811253613607,0.2844210916508811,0.08456578826102346,-0.04517615051918075,0.13582613723598652,,,extreme_pair,label_noise,missing,0.6,0.5,0.6225396825396825,0.621278844612178,0.6475370729253396,0.9438038329452537,0.6225396825396825
BreastCancer,LR,Linear,0.6,0.5,0.0,0.0,569,42,0.49571495109455055,0.039387421684133075,0.4956453634085213,0.03927831870686023,0.49207037863287495,0.04030800429261472,-0.009074183145478924,0.07930963587360794,,,extreme_pair,label_noise,missing,0.6,0.5,0.4797081198571651,0.4752576819090344,0.4813798667392354,0.9570439828294524,0.4797081198571651
BreastCancer,RF,Ensemble,0.6,0.5,0.0,0.0,569,42,0.5044092532215494,0.035093571801159684,0.5042919799498746,0.03506471901007524,0.49973440446182005,0.03798606181940066,0.0079893462393363,0.07141033425948819,,,extreme_pair,label_noise,missing,0.6,0.5,0.4569425037520055,0.45319486619157356,0.45878404635122916,0.9107090178805853,0.4569425037520055
BreastCancer,XGB,Boosting,0.6,0.5,0.0,0.0,569,42,0.49383636081353827,0.021422690536277492,0.493609022556391,0.021502824640402658,0.48640386296571114,0.02173149269719538,-0.013142169486098665,0.04393991883290894,,,extreme_pair,label_noise,missing,0.6,0.5,0.47336334937639074,0.4687903954850185,0.47824193659690994,0.9437628774757365,0.47336334937639074
BreastCancer,SVM,Kernel,0.6,0.5,0.0,0.0,569,42,0.5027169694146872,0.03242247896565325,0.5027882205513785,0.0325236256622347,0.4999472649078891,0.03555110945348986,0.004906253055764328,0.06645670943355846,,,extreme_pair,label_noise,missing,0.6,0.5,0.4726957511773534,0.4693072723023849,0.4736243838713726,0.9427961061555752,0.4726957511773534
BreastCancer,MLP,Neural,0.6,0.5,0.0,0.0,569,42,0.511442322620711,0.04737710916399788,0.5116541353383459,0.047426732087391614,0.49850929342859523,0.05458032622351514,0.021952755184721864,0.09832967919048148,,,extreme_pair,label_noise,missing,0.6,0.5,0.43525850023288304,0.4263644585678995,0.4436711650153125,0.8639071394704907,0.43525850023288304
BreastCancer,GB,Boosting,0.6,0.5,0.0,0.0,569,42,0.5219531128706723,0.03679478838993158,0.5218358395989975,0.03682318619823572,0.5184353191305178,0.038056963765000784,0.04403497364787297,0.07484051284540641,,,extreme_pair,label_noise,missing,0.6,0.5,0.4341147854887958,0.4291803566309229,0.4343190565902528,0.8625761174707174,0.4341147854887958
Digits,LR,Linear,0.6,0.5,0.0,0.0,1797,42,0.525891364902507,0.012174660081168399,0.5250107284020327,0.012118564980981992,0.5245413449825451,0.01216167110293238,0.05019188200350777,0.024386614458508527,,,extreme_pair,label_noise,missing,0.6,0.5,0.3668926029093159,0.3677941935605793,0.3682290636367027,0.7356580377102994,0.3668926029093159
Digits,RF,Ensemble,0.6,0.5,0.0,0.0,1797,42,0.5320179510987311,0.02199265555641678,0.5310136928289102,0.022093879188647202,0.5303360804197521,0.022206321227935616,0.06229437655840424,0.04441778237622658,,,extreme_pair,label_noise,missing,0.6,0.5,0.4457247498194574,0.4467266923910268,0.4474052806573404,0.8932569157617907,0.4457247498194574
Digits,XGB,Boosting,0.6,0.5,0.0,0.0,1797,42,0.5275410089755493,0.03364533117245266,0.5267926312817617,0.033807163168985174,0.5264460707468552,0.033944235982514774,0.05366594360335638,0.06765734728886216,,,extreme_pair,label_noise,missing,0.6,0.5,0.44259156092025176,0.4433354933860091,0.4436844636733771,0.886680329827552,0.44259156092025176
Digits,SVM,Kernel,0.6,0.5,0.0,0.0,1797,42,0.5364407304240174,0.01795684867195946,0.5356482213438735,0.017918994596636022,0.5352638450847325,0.017947852609034032,0.07151196078815028,0.036014505858692626,,,extreme_pair,label_noise,missing,0.6,0.5,0.4442726709996905,0.4450695991649899,0.4454483061666995,0.8899971008314698,0.4442726709996905
Digits,MLP,Neural,0.6,0.5,0.0,0.0,1797,42,0.490239863819251,0.01865083143605732,0.4901644551101073,0.018571168175245706,0.49005047232370147,0.018675945541458523,-0.01967885529058085,0.03715171285775642,,,extreme_pair,label_noise,missing,0.6,0.5,0.47340606623336434,0.47348821249623185,0.4735942459909689,0.947038213931625,0.47340606623336434
Digits,GB,Boosting,0.6,0.5,0.0,0.0,1797,42,0.5297725162488394,0.02186588916307796,0.5289815076228119,0.022329984529576654,0.5284719385357166,0.022734671394747514,0.0580326854065513,0.0446236910521967,,,extreme_pair,label_noise,missing,0.6,0.5,0.43739193232229445,0.43817846987992304,0.43868969862133744,0.8763972672702294,0.43739193232229445
Spambase,LR,Linear,0.6,0.6,0.0,0.0,4601,42,0.5370587263371572,0.012503259027403974,0.5234742901812584,0.011950475747578484,0.4972281479133711,0.011615628386968578,0.054845451656368414,0.028629654571185586,,,extreme_pair,label_noise,missing,0.6,0.6,0.38817605312436054,0.39480312609757284,0.423912969038275,0.7881619089387165,0.38817605312436054
Spambase,RF,Ensemble,0.6,0.6,0.0,0.0,4601,42,0.5520589623754898,0.015298171847249997,0.5422319199989729,0.014493289481766536,0.5307257595217532,0.013569452982184963,0.09130833720143314,0.032031705352533746,,,extreme_pair,label_noise,missing,0.6,0.6,0.3927365497490125,0.395180044911825,0.4108642099775456,0.7929584782705543,0.3927365497490125
Spambase,XGB,Boosting,0.6,0.6,0.0,0.0,4601,42,0.5401010244063637,0.005467543178147196,0.5321053468136696,0.005775076097844514,0.5248132861121193,0.007437599654625575,0.06728167948665316,0.01173380299874723,,,extreme_pair,label_noise,missing,0.6,0.6,0.4102731750302915,0.4139936320166726,0.42300151295801147,0.8286178040778887,0.4102731750302915
Spambase,SVM,Kernel,0.6,0.6,0.0,0.0,4601,42,0.5344538072983054,0.013552605065706989,0.5218509334843675,0.012691501661606791,0.4996183908624337,0.011580651875704397,0.05012019615558279,0.029368354700332548,,,extreme_pair,label_noise,missing,0.6,0.6,0.3984607153535066,0.404439096500265,0.4296220130448047,0.8089717491414012,0.3984607153535066
Spambase,MLP,Neural,0.6,0.6,0.0,0.0,4601,42,0.5355393475900486,0.010430002549182178,0.5221663547629358,0.008593658147260874,0.49623743104043455,0.004892090181978233,0.05227664817431984,0.021741698167122018,,,extreme_pair,label_noise,missing,0.6,0.6,0.4015046656910416,0.41055442221405525,0.4376407269013099,0.8157417751507483,0.4015046656910416
Spambase,GB,Boosting,0.6,0.6,0.0,0.0,4601,42,0.5348881178303356,0.014269760026672738,0.5261746960887154,0.013974619012460113,0.5172650633913799,0.014051988010743612,0.05544347612239915,0.029536857025921272,,,extreme_pair,label_noise,missing,0.6,0.6,0.412804607468253,0.4168104479611159,0.42769212772870924,0.8348382342138726,0.412804607468253
Bank,LR,Linear,0.6,0.6,0.0,0.0,5000,42,0.5769999999999998,0.0017888543819998333,0.504744172335928,0.0022039356191266703,0.40786432455146143,0.008999584081732081,0.022245752052732,0.008708110640121286,,,extreme_pair,label_noise,missing,0.6,0.6,0.3191333333333334,0.13689514971109495,0.2688229057237333,0.36341491505587425,0.3191333333333334
Bank,RF,Ensemble,0.6,0.6,0.0,0.0,5000,42,0.574,0.008988882021697701,0.5001379460497172,0.008862554031110933,0.3953301040724207,0.010750526347288993,0.0022458947632040317,0.04623572310925566,,,extreme_pair,label_noise,missing,0.6,0.6,0.3219333333333334,0.10332699637332265,0.24211034652918878,0.3405794136675517,0.3219333333333334
Bank,XGB,Boosting,0.6,0.6,0.0,0.0,5000,42,0.5456000000000001,0.013529227620230223,0.4847121765487623,0.011859504762942697,0.423530657368994,0.01231972200649172,-0.04559712171447909,0.03204548620392812,,,extreme_pair,label_noise,missing,0.6,0.6,0.3501333333333332,0.17968561265083893,0.27174681844498083,0.4546383760258528,0.3501333333333332
Bank,SVM,Kernel,0.6,0.6,0.0,0.0,5000,42,0.5664,0.007418894796396522,0.4971111390263786,0.006919607245717317,0.41031903481034,0.00671697968931685,-0.010397322818547845,0.027809564303369876,,,extreme_pair,label_noise,missing,0.6,0.6,0.3238,0.09124408613518853,0.20580837468991225,0.3064713025189304,0.3238
Bank,MLP,Neural,0.6,0.6,0.0,0.0,5000,42,0.5721999999999999,0.004664761515876244,0.50032845117938,0.0066031258055418585,0.402927027508792,0.021874492004343403,-0.0019673003783965944,0.028102412189594975,,,extreme_pair,label_noise,missing,0.6,0.6,0.3188000000000001,0.11887924854927101,0.24375965747346423,0.33614233622266143,0.3188000000000001
Bank,GB,Boosting,0.6,0.6,0.0,0.0,5000,42,0.5596,0.01100181803158002,0.4943765629206931,0.010504970584528083,0.4216787189917882,0.010207577828153335,-0.01833597192130085,0.034040575429402926,,,extreme_pair,label_noise,missing,0.6,0.6,0.3348,0.17149057610612883,0.2733007400881362,0.42433195155986364,0.3348
Wine,LR,Linear,0.6,0.6,0.0,0.0,178,42,0.32587301587301587,0.06268052788919079,0.3313442113442113,0.06236064374200676,0.32988737624066095,0.0627219668132531,-0.01593438619359262,0.09482115627009868,,,extreme_pair,label_noise,missing,0.6,0.6,0.6592592592592591,0.6544406211072878,0.6549851107389395,0.9940526205009718,0.6592592592592591
Wine,RF,Ensemble,0.6,0.6,0.0,0.0,178,42,0.3141269841269841,0.0802842016590389,0.3127117327117327,0.08294062538800515,0.30263589442083083,0.07358873218052546,-0.033887985672825686,0.1276151987701236,,,extreme_pair,label_noise,missing,0.6,0.6,0.6690476190476191,0.6727380027380028,0.6810948521988047,1.008965621613622,0.6690476190476191
Wine,XGB,Boosting,0.6,0.6,0.0,0.0,178,42,0.2642857142857143,0.0438279234423424,0.26323232323232326,0.045050787814646866,0.25733515758587877,0.0442227696367623,-0.11363714600430604,0.06820377588012294,,,extreme_pair,label_noise,missing,0.6,0.6,0.6926984126984126,0.6957174923841591,0.6998059340173481,1.0496822988161363,0.6926984126984126
Wine,SVM,Kernel,0.6,0.6,0.0,0.0,178,42,0.3142857142857143,0.09593790508789038,0.30724164724164726,0.09623330317204859,0.30603389313698953,0.09470282727520109,-0.04620612395471482,0.15534338198536246,,,extreme_pair,label_noise,missing,0.6,0.6,0.6688888888888889,0.6747416780750114,0.6767981865837758,1.0212352554855637,0.6688888888888889
Wine,MLP,Neural,0.6,0.6,0.0,0.0,178,42,0.3265079365079365,0.06157748244421247,0.3234032634032634,0.0628988852714496,0.28965482967380496,0.05194696491358958,-0.013906666177813234,0.10094673870753314,,,extreme_pair,label_noise,missing,0.6,0.6,0.5929629629629629,0.6003437303437305,0.6313558252697749,0.8968989704011582,0.5929629629629629
Wine,GB,Boosting,0.6,0.6,0.0,0.0,178,42,0.23634920634920636,0.06150337924745384,0.23690753690753694,0.06348197633191335,0.2226825802179911,0.056965126191840534,-0.15470965541284015,0.09652224466525706,,,extreme_pair,label_noise,missing,0.6,0.6,0.6944444444444444,0.6919781453114786,0.7092755843582295,1.053337337838913,0.6944444444444444
BreastCancer,LR,Linear,0.6,0.6,0.0,0.0,569,42,0.5412824095637323,0.041465614882865244,0.5413847117794486,0.04144067834928447,0.5398032243863696,0.04229663792511751,0.08301090621541232,0.08278797726476174,,,extreme_pair,label_noise,missing,0.6,0.6,0.43414066138798335,0.4295183335381071,0.4336470209857407,0.8649588934685611,0.43414066138798335
BreastCancer,RF,Ensemble,0.6,0.6,0.0,0.0,569,42,0.5079335506908865,0.045117265906520064,0.5078947368421052,0.045105123270815554,0.5048686273288503,0.04608783924700884,0.015748223548484142,0.09098035450440942,,,extreme_pair,label_noise,missing,0.6,0.6,0.4534182062826684,0.449592109299343,0.4536498234841989,0.9029501405714375,0.4534182062826684
BreastCancer,XGB,Boosting,0.6,0.6,0.0,0.0,569,42,0.4903120633442012,0.021220942139493444,0.4901942355889724,0.02129118410604335,0.4891188053972992,0.02116067417437504,-0.019675941708711387,0.04268376207571204,,,extreme_pair,label_noise,missing,0.6,0.6,0.4768876468457278,0.4722051824524371,0.4755269941653219,0.9502966496983491,0.4768876468457278
BreastCancer,SVM,Kernel,0.6,0.6,0.0,0.0,569,42,0.5184598664803602,0.0294136006967224,0.5184523809523809,0.029412672026196972,0.5146414618642403,0.026722722590845512,0.038379603239616714,0.061248022248681235,,,extreme_pair,label_noise,missing,0.6,0.6,0.4569528541116804,0.4536431119013825,0.4589301869150214,0.9093227559717227,0.4569528541116804
BreastCancer,MLP,Neural,0.6,0.6,0.0,0.0,569,42,0.5183511877037726,0.05110760475698024,0.518640350877193,0.05078068584399083,0.5086915950294436,0.05814349903580226,0.03594067604425545,0.10452890967408025,,,extreme_pair,label_noise,missing,0.6,0.6,0.4283496351498214,0.41937824302905247,0.43348886341446413,0.8499192186109571,0.4283496351498214
BreastCancer,GB,Boosting,0.6,0.6,0.0,0.0,569,42,0.5307716193137711,0.02483584602337149,0.530733082706767,0.024821917095465624,0.5282547513561978,0.02342602386350475,0.0624977278720845,0.05040127075442964,,,extreme_pair,label_noise,missing,0.6,0.6,0.4252962790456969,0.4202831135231534,0.4244996243645728,0.8441133632465059,0.4252962790456969
Digits,LR,Linear,0.6,0.6,0.0,0.0,1797,42,0.5242200557103065,0.013731625089956585,0.5234114906832298,0.01389354674584452,0.5228854317327398,0.014167887404667552,0.04694109109310053,0.027795641687076777,,,extreme_pair,label_noise,missing,0.6,0.6,0.3685639121015164,0.3693934312793822,0.369884976886508,0.7389088286207066,0.3685639121015164
Digits,RF,Ensemble,0.6,0.6,0.0,0.0,1797,42,0.5481352522438874,0.01868743495670055,0.5469624505928853,0.01886024791364052,0.5461844784468458,0.01921257684235193,0.09439115511470683,0.03779846058881599,,,extreme_pair,label_noise,missing,0.6,0.6,0.4296074486743011,0.4307779346270517,0.4315568826302467,0.861160137205488,0.4296074486743011
Digits,XGB,Boosting,0.6,0.6,0.0,0.0,1797,42,0.5247818012999071,0.028648771162765273,0.5241655844155846,0.028557072101488504,0.5240630618985417,0.028543923483481743,0.04841076320205429,0.05718757128979993,,,extreme_pair,label_noise,missing,0.6,0.6,0.44535076859589395,0.4459625402521862,0.44606747252169066,0.8919355102288541,0.44535076859589395
Digits,SVM,Kernel,0.6,0.6,0.0,0.0,1797,42,0.53590683998762,0.02956623593635,0.5348265104460757,0.02967327625577172,0.5340612914033256,0.029922719861137665,0.06995935600547461,0.059578503799909116,,,extreme_pair,label_noise,missing,0.6,0.6,0.4448065614360879,0.4458913100627877,0.4466508598481064,0.8915497056141454,0.4448065614360879
Digits,MLP,Neural,0.6,0.6,0.0,0.0,1797,42,0.4902429588362736,0.030343762978003248,0.49028274985883674,0.03043247818829434,0.4896306889406711,0.030791634657369515,-0.019554528792244043,0.06098894291544632,,,extreme_pair,label_noise,missing,0.6,0.6,0.47340297121634173,0.4733699177475024,0.4740140293739993,0.9469138874332882,0.47340297121634173
Digits,GB,Boosting,0.6,0.6,0.0,0.0,1797,42,0.5141875580315692,0.012858131351186755,0.5135567476002258,0.0125393185330547,0.5132605194566742,0.012568391427706481,0.027182507605864374,0.02511132220714369,,,extreme_pair,label_noise,missing,0.6,0.6,0.4529768905395646,0.4536032299025091,0.4539011177003799,0.9072474450709163,0.4529768905395646
Spambase,LR,Linear,0.6,0.7,0.0,0.0,4601,42,0.5279306519378747,0.0077641252859233754,0.513246729296465,0.007370002395669738,0.4807642030207518,0.007598763201698245,0.03181726872068336,0.01781724919950507,,,extreme_pair,label_noise,missing,0.6,0.7,0.3973041275236431,0.4050306869823662,0.44037691393089434,0.8111900918744016,0.3973041275236431
Spambase,RF,Ensemble,0.6,0.7,0.0,0.0,4601,42,0.5359734220837464,0.011459649234877245,0.5247394865091832,0.011209864868043715,0.508055343787129,0.011991040456300232,0.054604228359404386,0.024633068074910204,,,extreme_pair,label_noise,missing,0.6,0.7,0.40882209004075587,0.4126724784016147,0.4335346257121697,0.8296625871125831,0.40882209004075587
Spambase,XGB,Boosting,0.6,0.7,0.0,0.0,4601,42,0.530542888165038,0.01612465460470929,0.5213092115412763,0.016008724579991595,0.5107923395523187,0.016500088538261033,0.04546819779426407,0.03385272127033068,,,extreme_pair,label_noise,missing,0.6,0.7,0.4198313112716171,0.4247897672890659,0.43702245951781205,0.8504312857702778,0.4198313112716171
Spambase,SVM,Kernel,0.6,0.7,0.0,0.0,4601,42,0.5379294717462116,0.01314099723317571,0.5243933031518373,0.01217986387209783,0.49841574131090055,0.00976611161536219,0.057284130892689536,0.029732674462220415,,,extreme_pair,label_noise,missing,0.6,0.7,0.3949850509056003,0.4018967268327952,0.43082466259633784,0.8018078144042945,0.3949850509056003
Spambase,MLP,Neural,0.6,0.7,0.0,0.0,4601,42,0.5344493225699853,0.007985696632251548,0.523795183330581,0.007780185157371284,0.5083725864954134,0.011284400917989693,0.05205684113636799,0.01662036246179448,,,extreme_pair,label_noise,missing,0.6,0.7,0.4025946907111049,0.4089255936464101,0.42550557144633105,0.8159615821887002,0.4025946907111049
Spambase,GB,Boosting,0.6,0.7,0.0,0.0,4601,42,0.5290185526129443,0.012565397382579052,0.5189435599482779,0.01193846817447834,0.5059854111115677,0.010406645662772189,0.04118780714004973,0.026287522413847225,,,extreme_pair,label_noise,missing,0.6,0.7,0.41867417268564433,0.42404158410155335,0.43897178000852144,0.849093903196222,0.41867417268564433
Bank,LR,Linear,0.6,0.7,0.0,0.0,5000,42,0.5732,0.008447484832777121,0.5017848386833341,0.008477479865448776,0.4075338280569851,0.014687943649783713,0.00740403542660473,0.035148897300774966,,,extreme_pair,label_noise,missing,0.6,0.7,0.3229333333333332,0.1398544833636889,0.2691534022182096,0.3782566316820015,0.3229333333333332
Bank,RF,Ensemble,0.6,0.7,0.0,0.0,5000,42,0.5698000000000001,0.007756287771866094,0.4965780533413474,0.00701948187228038,0.3935053338182538,0.010278121021473699,-0.01622662148276096,0.033320457827147036,,,extreme_pair,label_noise,missing,0.6,0.7,0.3261333333333333,0.10688688908169242,0.24393511678335567,0.35905192991351664,0.3261333333333333
Bank,XGB,Boosting,0.6,0.7,0.0,0.0,5000,42,0.5568,0.007222188034107078,0.49522957323369365,0.007864799735074876,0.4336670147739593,0.015067188459246405,-0.015529692528183805,0.02511682569150299,,,extreme_pair,label_noise,missing,0.6,0.7,0.3389333333333333,0.1691682159659076,0.2616104610400155,0.4245709468395575,0.3389333333333333
Bank,SVM,Kernel,0.6,0.7,0.0,0.0,5000,42,0.5708,0.009967948635501662,0.5007530207751631,0.0077757225858485525,0.41118730928712066,0.01452302989141543,0.006409079048991777,0.03489228378729224,,,extreme_pair,label_noise,missing,0.6,0.7,0.3194,0.08760220438640398,0.20494010021313158,0.2896649006513908,0.3194
Bank,MLP,Neural,0.6,0.7,0.0,0.0,5000,42,0.5742,0.004534313619501858,0.5032195830303762,0.008188938959644362,0.4072156003721109,0.03580226342632816,0.007839000942429432,0.03158494614952594,,,extreme_pair,label_noise,missing,0.6,0.7,0.31679999999999997,0.1159881166982748,0.23947108461014532,0.3263360349018354,0.31679999999999997
Bank,GB,Boosting,0.6,0.7,0.0,0.0,5000,42,0.558,0.00822192191643774,0.4924101360956191,0.007939406821892977,0.4177394994426247,0.0130001320969974,-0.02643135676846729,0.027203864405771938,,,extreme_pair,label_noise,missing,0.6,0.7,0.3363999999999999,0.1734570029312028,0.27723995963729975,0.43242733640703007,0.3363999999999999
Wine,LR,Linear,0.6,0.7,0.0,0.0,178,42,0.4103174603174603,0.0670698315778869,0.4057886557886558,0.06481811083919976,0.4023416429292693,0.06707147890115778,0.10612781874330843,0.10232431154892668,,,extreme_pair,label_noise,missing,0.6,0.7,0.5748148148148147,0.5799961766628434,0.5825308440503312,0.8719904155640706,0.5748148148148147
Wine,RF,Ensemble,0.6,0.7,0.0,0.0,178,42,0.29222222222222227,0.023097283496400105,0.2873348873348873,0.027492050948773793,0.2744183226360899,0.024710604100425915,-0.07789478927021888,0.048264091219369976,,,extreme_pair,label_noise,missing,0.6,0.7,0.690952380952381,0.6981148481148481,0.7093124239835457,1.0529724252110153,0.690952380952381
Wine,XGB,Boosting,0.6,0.7,0.0,0.0,178,42,0.2641269841269841,0.014834265387245811,0.2674203574203574,0.01767864774789803,0.26242551216616816,0.016481043560783698,-0.11013979608925088,0.02322358157089588,,,extreme_pair,label_noise,missing,0.6,0.7,0.6928571428571428,0.691529458196125,0.6947155794370588,1.046184948901081,0.6928571428571428
Wine,SVM,Kernel,0.6,0.7,0.0,0.0,178,42,0.3201587301587302,0.036884189521174414,0.3144133644133644,0.04106513427201742,0.3037677918937417,0.054617527507240624,-0.04277935611966382,0.06718370664412907,,,extreme_pair,label_noise,missing,0.6,0.7,0.663015873015873,0.6675699609032942,0.6790642878270237,1.0178084876505127,0.663015873015873
Wine,MLP,Neural,0.6,0.7,0.0,0.0,178,42,0.3484126984126984,0.0460755128550692,0.3395571095571096,0.037775012947388636,0.29448104698878697,0.05491580550240355,0.011473334971272868,0.058048100299062565,,,extreme_pair,label_noise,missing,0.6,0.7,0.571058201058201,0.5841898841898843,0.6265296079547928,0.8715189692520721,0.571058201058201
Wine,GB,Boosting,0.6,0.7,0.0,0.0,178,42,0.32555555555555554,0.03517368630975122,0.3310878010878011,0.03900148724552812,0.32105780537569284,0.042548976121893844,-0.017869103515920172,0.055437469222872286,,,extreme_pair,label_noise,missing,0.6,0.7,0.6052380952380954,0.5977978811312145,0.6109003592005278,0.9164967859419931,0.6052380952380954
BreastCancer,LR,Linear,0.6,0.7,0.0,0.0,569,42,0.5131811830461108,0.04385967385374795,0.5133145363408521,0.04386076797713619,0.5117594951620269,0.04376023525582317,0.026865758769422415,0.08805176507939892,,,extreme_pair,label_noise,missing,0.6,0.7,0.46224188790560483,0.45758850897670356,0.46169075021008343,0.921104040914551,0.46224188790560483
BreastCancer,RF,Ensemble,0.6,0.7,0.0,0.0,569,42,0.5290172333488588,0.03135810790443271,0.5290100250626566,0.03135562719734231,0.5284143639080172,0.030955471096365497,0.058295113032777957,0.06298844658029387,,,extreme_pair,label_noise,missing,0.6,0.7,0.43233452362469615,0.4284768210787916,0.430104086905032,0.8604032510871438,0.43233452362469615
BreastCancer,XGB,Boosting,0.6,0.7,0.0,0.0,569,42,0.5026548672566371,0.029312424180701607,0.5027255639097744,0.02933836609719398,0.5020694015645172,0.02909895053687263,0.005527990353675794,0.05883220969789786,,,extreme_pair,label_noise,missing,0.6,0.7,0.4645448429332919,0.4596738541316351,0.4625763979981039,0.925092717635962,0.4645448429332919
BreastCancer,SVM,Kernel,0.6,0.7,0.0,0.0,569,42,0.5149510945505357,0.024130234838379495,0.5151315789473685,0.024186518735021496,0.5121773005935465,0.02539817344529227,0.030418007451911266,0.048837854329205836,,,extreme_pair,label_noise,missing,0.6,0.7,0.460461626041505,0.4569639139063949,0.46139434818571523,0.9172843517594282,0.460461626041505
BreastCancer,MLP,Neural,0.6,0.7,0.0,0.0,569,42,0.5096724111162863,0.04544685294415209,0.5098997493734336,0.045467140706664994,0.500368457901438,0.04541628806363989,0.021019144677567485,0.09213274113870273,,,extreme_pair,label_noise,missing,0.6,0.7,0.4370284117373078,0.4281188445328118,0.4418120005424697,0.864840749977645,0.4370284117373078
BreastCancer,GB,Boosting,0.6,0.7,0.0,0.0,569,42,0.4850178543704393,0.01360315487368502,0.4848997493734336,0.013819163427326895,0.4838618224640009,0.01431174013082121,-0.030382516382731227,0.027884958615886878,,,extreme_pair,label_noise,missing,0.6,0.7,0.4710500439890287,0.4661164468564868,0.4688925532567697,0.9369936075013217,0.4710500439890287
Digits,LR,Linear,0.6,0.7,0.0,0.0,1797,42,0.5008449396471681,0.0145370270956352,0.4999503105590062,0.014961798853968736,0.49921613448145835,0.015551063096841239,-0.0001921957728447032,0.029993393599804755,,,extreme_pair,label_noise,missing,0.6,0.7,0.39193902816465476,0.3928546114036058,0.3935542741377895,0.7860421154866518,0.39193902816465476
Digits,RF,Ensemble,0.6,0.7,0.0,0.0,1797,42,0.5208650572578148,0.020522456461064084,0.5192399774138905,0.02068852269034632,0.517568079450743,0.021139015053180665,0.038787877372874605,0.0415804010663268,,,extreme_pair,label_noise,missing,0.6,0.7,0.45687764366037364,0.4585004078060465,0.4601732816263495,0.9167634149473203,0.45687764366037364
Digits,XGB,Boosting,0.6,0.7,0.0,0.0,1797,42,0.5242061281337047,0.022897928990371588,0.5232639751552794,0.02327268401971329,0.522611561809765,0.024109382258417394,0.04653790402359677,0.04676258455862152,,,extreme_pair,label_noise,missing,0.6,0.7,0.4459264417620964,0.4468641495124913,0.44751897261046736,0.8938083694073116,0.4459264417620964
Digits,SVM,Kernel,0.6,0.7,0.0,0.0,1797,42,0.5047431135871248,0.024446417643889825,0.5036825239977414,0.024087578306137888,0.5027755260802431,0.023931129187809038,0.007489643005532602,0.04845237759874546,,,extreme_pair,label_noise,missing,0.6,0.7,0.47597028783658313,0.477035296511122,0.47793662517118884,0.9540194186140875,0.47597028783658313
Digits,MLP,Neural,0.6,0.7,0.0,0.0,1797,42,0.48969049829774064,0.047282430453012184,0.4890892151326933,0.04654424437804554,0.48791591253397487,0.046246155163043215,-0.02162718552784257,0.0936011425630796,,,extreme_pair,label_noise,missing,0.6,0.7,0.4739554317548747,0.47456345247364584,0.4757288057806955,0.9489865441688867,0.4739554317548747
Digits,GB,Boosting,0.6,0.7,0.0,0.0,1797,42,0.5091798204890127,0.02192345132846383,0.5083073122529644,0.022173098304489117,0.5077189376300285,0.02272214175558446,0.016566247815747927,0.044559018159727494,,,extreme_pair,label_noise,missing,0.6,0.7,0.45798462808212115,0.45885266524977053,0.45944269952702554,0.9178637048610327,0.45798462808212115
Spambase,LR,Linear,0.7,0.5,0.0,0.0,4601,42,0.6285618184393146,0.018596423265669397,0.6089849908027175,0.017874028701527083,0.6004732814821259,0.018457922956109155,0.24168541136852922,0.04204566428997712,,,extreme_pair,label_noise,missing,0.7,0.5,0.2966729610222032,0.3092924254761137,0.32066783546952027,0.6013219492265558,0.2966729610222032
Spambase,RF,Ensemble,0.7,0.5,0.0,0.0,4601,42,0.6605081905301421,0.014536284650454472,0.6475641595281221,0.0160930118322326,0.6462302663726824,0.01757246533669236,0.3084157700334796,0.030767666243773077,,,extreme_pair,label_noise,missing,0.7,0.5,0.2842873215943602,0.28984780538267585,0.2953597031266163,0.575851045438508,0.2842873215943602
Spambase,XGB,Boosting,0.7,0.5,0.0,0.0,4601,42,0.6394238304300619,0.014996457827496094,0.6271012148400695,0.017042015066344438,0.6255250257457174,0.018573007531759268,0.2640712853625036,0.032687061508701445,,,extreme_pair,label_noise,missing,0.7,0.5,0.31095036900659323,0.3189977639902727,0.32228977332441333,0.6318281982020382,0.31095036900659323
Spambase,SVM,Kernel,0.7,0.5,0.0,0.0,4601,42,0.6468184393145447,0.018175787925759888,0.6305756416757229,0.017437932487247766,0.6267376630912763,0.017734310255728237,0.280249675976299,0.03956056193339483,,,extreme_pair,label_noise,missing,0.7,0.5,0.2860960833372672,0.2957143883089096,0.30250274081596207,0.578842269320685,0.2860960833372672
Spambase,MLP,Neural,0.7,0.5,0.0,0.0,4601,42,0.6350790728414294,0.008270700938592624,0.6223392258709581,0.009046012153972648,0.6205707329284162,0.010044762196276497,0.2550355534256169,0.017663467723320093,,,extreme_pair,label_noise,missing,0.7,0.5,0.3019649404396608,0.31038155110603294,0.3133074250133282,0.6129828698994513,0.3019649404396608
Spambase,GB,Boosting,0.7,0.5,0.0,0.0,4601,42,0.6420348864655621,0.01250169620916355,0.6291143720813006,0.013622728883066103,0.6273256563806122,0.01484236976767712,0.26959095328671706,0.02667059662131048,,,extreme_pair,label_noise,missing,0.7,0.5,0.30565783883302655,0.31387077196853064,0.3176315347394769,0.6206907570495548,0.30565783883302655
Bank,LR,Linear,0.7,0.5,0.0,0.0,5000,42,0.6548,0.0028565713714171427,0.5020588150638493,0.002607118010610518,0.41413296010359096,0.007351121273238932,0.017325437546444594,0.02058559392488379,,,extreme_pair,label_noise,missing,0.7,0.5,0.24133333333333318,0.1395805069831737,0.26255427017160377,0.36833522956216164,0.24133333333333318
Bank,RF,Ensemble,0.7,0.5,0.0,0.0,5000,42,0.6556000000000001,0.0028000000000000026,0.5022375396544871,0.002412760432873609,0.4130047490380074,0.005530065033307533,0.017977950635174784,0.018625460206552962,,,extreme_pair,label_noise,missing,0.7,0.5,0.2403333333333333,0.10122740276855269,0.2244357015636021,0.32484735779558094,0.2403333333333333
Bank,XGB,Boosting,0.7,0.5,0.0,0.0,5000,42,0.6454000000000001,0.005083306010855539,0.5055064572159477,0.006830072563731601,0.44414571244236,0.014134334021498936,0.02119438917194105,0.027608712266109166,,,extreme_pair,label_noise,missing,0.7,0.5,0.2503333333333332,0.15889133198365357,0.2511317633716148,0.3878468651394326,0.2503333333333332
Bank,SVM,Kernel,0.7,0.5,0.0,0.0,5000,42,0.6526,0.003261901286060021,0.4975647934816025,0.0023061931630787885,0.40292040426652614,0.0041411078952253814,-0.018906700365089478,0.02250067821805216,,,extreme_pair,label_noise,missing,0.7,0.5,0.23760000000000003,0.09079043167996464,0.2132070052337261,0.31498068006547203,0.23760000000000003
Bank,MLP,Neural,0.7,0.5,0.0,0.0,5000,42,0.656,0.002190890230020666,0.5002859697061318,0.002489650571259134,0.4048200728854431,0.005632019738843801,0.0018991130361966694,0.025320767208183343,,,extreme_pair,label_noise,missing,0.7,0.5,0.235,0.11892173002251916,0.24186661209681315,0.33227592280806817,0.235
Bank,GB,Boosting,0.7,0.5,0.0,0.0,5000,42,0.6452,0.0036551333764994164,0.5035160394240298,0.0037435238645983997,0.43869081649060837,0.008602268800598863,0.014633046058815786,0.015473366657903017,,,extreme_pair,label_noise,missing,0.7,0.5,0.24919999999999998,0.16235109960279215,0.25628864258931605,0.391362933579747,0.24919999999999998
Wine,LR,Linear,0.7,0.5,0.0,0.0,178,42,0.3765079365079365,0.054943568016781665,0.3698834498834499,0.053135017334643916,0.3624389235210736,0.05207057571561496,0.054776628121066054,0.08343110329668244,,,extreme_pair,label_noise,missing,0.7,0.5,0.6086243386243384,0.6159013825680493,0.622433563458527,0.923341606186313,0.6086243386243384
Wine,RF,Ensemble,0.7,0.5,0.0,0.0,178,42,0.35396825396825393,0.1254219384135987,0.3466233766233766,0.12536782536960656,0.33869922878771086,0.12492007604197294,0.022825014770135633,0.2007621995890021,,,extreme_pair,label_noise,missing,0.7,0.5,0.6292063492063493,0.6388263588263589,0.6450315178319247,0.9522526211706607,0.6292063492063493
Wine,XGB,Boosting,0.7,0.5,0.0,0.0,178,42,0.3763492063492063,0.04098927832084622,0.37794316794316796,0.03651774656700074,0.36571238371518877,0.03818688845834939,0.06249830334307559,0.06092858877176364,,,extreme_pair,label_noise,missing,0.7,0.5,0.5806349206349206,0.5810066476733144,0.5914287078880381,0.8735468494687546,0.5806349206349206
Wine,SVM,Kernel,0.7,0.5,0.0,0.0,178,42,0.33730158730158727,0.10178057012280167,0.3246853146853147,0.09772602474578444,0.3085860435860436,0.0903959722922202,-0.012937282884293818,0.1591461748420387,,,extreme_pair,label_noise,missing,0.7,0.5,0.6458730158730159,0.657298010631344,0.6742460361347218,0.9879664144151428,0.6458730158730159
Wine,MLP,Neural,0.7,0.5,0.0,0.0,178,42,0.29174603174603175,0.11540523102068975,0.2918159618159618,0.11254221031556177,0.2571671748142337,0.10096043494431622,-0.06394307966533165,0.1816864579429586,,,extreme_pair,label_noise,missing,0.7,0.5,0.6277248677248677,0.6319310319310321,0.6638434801293461,0.9469353838886766,0.6277248677248677
Wine,GB,Boosting,0.7,0.5,0.0,0.0,178,42,0.34793650793650793,0.0926916174939283,0.34795204795204804,0.09149091305217129,0.34454453550681496,0.09394985659284429,0.02140334657161061,0.13921591451554166,,,extreme_pair,label_noise,missing,0.7,0.5,0.582857142857143,0.5809336342669675,0.5874136290694056,0.8772243358544624,0.582857142857143
BreastCancer,LR,Linear,0.7,0.5,0.0,0.0,569,42,0.6080267039279615,0.0342516273956965,0.6007573518461239,0.03366162808117312,0.5964471010633297,0.03214880499486562,0.21187593377399078,0.07599468509630831,,,extreme_pair,label_noise,missing,0.7,0.5,0.3673963670237541,0.3701456934714318,0.3770031443087807,0.7360938659099827,0.3673963670237541
BreastCancer,RF,Ensemble,0.7,0.5,0.0,0.0,569,42,0.651901878590281,0.04067265859128554,0.6464907607886266,0.03981808100439432,0.6456681701217277,0.03982292806883883,0.2998690538472827,0.08270753853542069,,,extreme_pair,label_noise,missing,0.7,0.5,0.30944987838327387,0.31099608535282164,0.3128502806913215,0.618829310272639,0.30944987838327387
BreastCancer,XGB,Boosting,0.7,0.5,0.0,0.0,569,42,0.5782021425244528,0.022241417777849586,0.5747072435875406,0.022298692795845836,0.5730552304539152,0.02297293516093831,0.15134927273740206,0.044465231674153574,,,extreme_pair,label_noise,missing,0.7,0.5,0.3889975676654762,0.38769217445386894,0.39159056910870593,0.7792714352522357,0.3889975676654762
BreastCancer,SVM,Kernel,0.7,0.5,0.0,0.0,569,42,0.6378667908709827,0.03323234388746391,0.6311324764294143,0.03380472378731949,0.627915064482403,0.03435865323342086,0.2724054213004947,0.0698759689750795,,,extreme_pair,label_noise,missing,0.7,0.5,0.3375459297210579,0.3409630164243491,0.34565658429685875,0.6752969379108448,0.3375459297210579
BreastCancer,MLP,Neural,0.7,0.5,0.0,0.0,569,42,0.6186151218754852,0.03633497044002284,0.6073906244630031,0.03732240726430563,0.5949638796125376,0.04705839605030495,0.23356770306955354,0.07596076820813787,,,extreme_pair,label_noise,missing,0.7,0.5,0.32808570097810885,0.33062796944324235,0.34721657883137014,0.652292191585659,0.32808570097810885
BreastCancer,GB,Boosting,0.7,0.5,0.0,0.0,569,42,0.6326036329762459,0.02458146467652557,0.6285961324764294,0.02550907891196931,0.6277254317356382,0.02566316696275444,0.26069510211866836,0.05119563843183164,,,extreme_pair,label_noise,missing,0.7,0.5,0.32346426538322215,0.32242006375349097,0.3250289439851324,0.645915988999922,0.32346426538322215
Digits,LR,Linear,0.7,0.5,0.0,0.0,1797,42,0.5982157226864748,0.025463458379010016,0.5965488464596437,0.026029574750279862,0.5962818680518736,0.026341643058396823,0.19372966918123347,0.05176679690634885,,,extreme_pair,label_noise,missing,0.7,0.5,0.29456824512534807,0.2962560755029683,0.2964885405673743,0.5921202505325737,0.29456824512534807
Digits,RF,Ensemble,0.7,0.5,0.0,0.0,1797,42,0.6160321881770351,0.014891065793002768,0.6134450220537591,0.014582745317084313,0.6130665183760908,0.01451336483848724,0.22881032478872304,0.029829228924136652,,,extreme_pair,label_noise,missing,0.7,0.5,0.3617105127411534,0.36429536316617794,0.3646748427010017,0.7267409675314718,0.3617105127411534
Digits,XGB,Boosting,0.7,0.5,0.0,0.0,1797,42,0.5926632621479417,0.020232458170397667,0.5908435802761003,0.019720569932923825,0.5906826101685867,0.01960344978136142,0.18254915681453948,0.040049541070155695,,,extreme_pair,label_noise,missing,0.7,0.5,0.37746930774785936,0.3792845443916705,0.37944792425164564,0.7577971166163688,0.37746930774785936
Digits,SVM,Kernel,0.7,0.5,0.0,0.0,1797,42,0.6349489322191272,0.025088524892114588,0.6338630502257286,0.02491669553377242,0.6339076259156913,0.02496408124032433,0.26813317193072805,0.05009819583670979,,,extreme_pair,label_noise,missing,0.7,0.5,0.3457644692045807,0.3468547702831347,0.3468045253357407,0.693375889688892,0.3457644692045807
Digits,MLP,Neural,0.7,0.5,0.0,0.0,1797,42,0.5970937790157846,0.014572135568960457,0.5957767266764719,0.01506671456582934,0.5955911997010411,0.015120338724738284,0.19201152034917598,0.02989546132617436,,,extreme_pair,label_noise,missing,0.7,0.5,0.3665521510368307,0.3678759409298673,0.3680535186136292,0.7353478382918681,0.3665521510368307
Digits,GB,Boosting,0.7,0.5,0.0,0.0,1797,42,0.5993268337975859,0.011721563353729363,0.5976936985613226,0.011766543156324909,0.5976745383390589,0.011792312987485527,0.19594879772068396,0.023595036455599443,,,extreme_pair,label_noise,missing,0.7,0.5,0.3678376147735479,0.3694662789414124,0.36948709881799513,0.7384811549560967,0.3678376147735479
Spambase,LR,Linear,0.7,0.6,0.0,0.0,4601,42,0.6244309115800407,0.016007624479450287,0.6037559018391648,0.01634955699934524,0.5934369398611411,0.01823291568894323,0.23230625936285332,0.0361299599961456,,,extreme_pair,label_noise,missing,0.7,0.6,0.30080386788147706,0.31452151443966636,0.32770417709050503,0.6107011012322316,0.30080386788147706
Spambase,RF,Ensemble,0.7,0.6,0.0,0.0,4601,42,0.6416010480101968,0.014074997413755428,0.6264617730367298,0.015272163179389786,0.6230571249562391,0.017267037276177594,0.26843545783030487,0.030060318704807906,,,extreme_pair,label_noise,missing,0.7,0.6,0.3031944641143055,0.31095019187406814,0.31853284454305963,0.6158313576416826,0.3031944641143055
Spambase,XGB,Boosting,0.7,0.6,0.0,0.0,4601,42,0.6333406505216447,0.008625633258821536,0.6202552701792425,0.009775872202077646,0.618160148680755,0.01112196268540942,0.25125114841507357,0.01854117149459684,,,extreme_pair,label_noise,missing,0.7,0.6,0.31703354891501045,0.3258437086510997,0.3296546503893758,0.6446483351494683,0.31703354891501045
Spambase,SVM,Kernel,0.7,0.6,0.0,0.0,4601,42,0.6352955199924468,0.013175148243033997,0.6171775110224449,0.013435648194350232,0.6109415874674707,0.014443370299653036,0.2552796425568692,0.029319785044710684,,,extreme_pair,label_noise,missing,0.7,0.6,0.29761900265936514,0.3091125189621876,0.31829881643976765,0.6038123027401149,0.29761900265936514
Spambase,MLP,Neural,0.7,0.6,0.0,0.0,4601,42,0.6285578057876599,0.007692393895543069,0.6128457499331625,0.00905015575472997,0.6086659741972803,0.010679707785676328,0.24031869252615462,0.017106920498022045,,,extreme_pair,label_noise,missing,0.7,0.6,0.30848620749343036,0.31987502704382853,0.32521218374446415,0.6276997307989136,0.30848620749343036
Spambase,GB,Boosting,0.7,0.6,0.0,0.0,4601,42,0.6342087995090402,0.011260579467728864,0.6214241194705084,0.011766719597498136,0.6196712407824784,0.01250609274092637,0.25313074225855947,0.02399634209788611,,,extreme_pair,label_noise,missing,0.7,0.6,0.3134839257895484,0.3215610245793229,0.32528595033761076,0.6371509680777123,0.3134839257895484
Bank,LR,Linear,0.7,0.6,0.0,0.0,5000,42,0.6526000000000001,0.002059126028197402,0.49968131215622247,0.0025918754255799072,0.4106734841034818,0.007845840453541529,-0.004817701509605372,0.01834592729760305,,,extreme_pair,label_noise,missing,0.7,0.6,0.24353333333333316,0.14195800989080054,0.2660137461717129,0.3904783686182116,0.24353333333333316
Bank,RF,Ensemble,0.7,0.6,0.0,0.0,5000,42,0.6588,0.0019390719429665333,0.5046657563539318,0.00320840688653096,0.4143367194446256,0.007716837614089977,0.03857801494849633,0.02331467817048468,,,extreme_pair,label_noise,missing,0.7,0.6,0.2371333333333333,0.09879918606910798,0.2231037311569839,0.3042472934822594,0.2371333333333333
Bank,XGB,Boosting,0.7,0.6,0.0,0.0,5000,42,0.6456000000000001,0.002800000000000002,0.5046687199252275,0.0021636644459555893,0.4414785238753433,0.006499487078779023,0.019552317925652162,0.008611892739905206,,,extreme_pair,label_noise,missing,0.7,0.6,0.2501333333333332,0.1597290692743737,0.2537989519386315,0.3894889363857215,0.2501333333333332
Bank,SVM,Kernel,0.7,0.6,0.0,0.0,5000,42,0.6519999999999999,0.003687817782917158,0.4975288786496336,0.004012394503612948,0.40432354642114576,0.005844397551930642,-0.019295648949777762,0.0304088705999213,,,extreme_pair,label_noise,missing,0.7,0.6,0.23820000000000008,0.09082634651193355,0.21180386307910648,0.3153696286501603,0.23820000000000008
Bank,MLP,Neural,0.7,0.6,0.0,0.0,5000,42,0.6564,0.0037202150475476583,0.50312576012142,0.002258848311964735,0.4142779114864813,0.006695990080997107,0.028527682232591545,0.02516120465603975,,,extreme_pair,label_noise,missing,0.7,0.6,0.23460000000000003,0.11608193960723101,0.23240877349577493,0.3056473536116733,0.23460000000000003
Bank,GB,Boosting,0.7,0.6,0.0,0.0,5000,42,0.6472,0.004069397989875164,0.5065806036334751,0.00311426064540965,0.4444514957260906,0.00616863342225591,0.02769028466835146,0.013517878693521695,,,extreme_pair,label_noise,missing,0.7,0.6,0.24719999999999998,0.1592865353933468,0.2505279633538338,0.3783056949702113,0.24719999999999998
Wine,LR,Linear,0.7,0.6,0.0,0.0,178,42,0.38793650793650797,0.05582564730887836,0.3834820734820735,0.05648042496969212,0.37650790202135753,0.059555683578461055,0.07015585995969599,0.09169809809247166,,,extreme_pair,label_noise,missing,0.7,0.6,0.5971957671957671,0.6023027589694256,0.608364584958243,0.9079623743476831,0.5971957671957671
Wine,RF,Ensemble,0.7,0.6,0.0,0.0,178,42,0.4103174603174603,0.08260986027627214,0.4075158175158175,0.081848634048483,0.40151810181861336,0.07963334427679224,0.1096067628451948,0.1287989391107319,,,extreme_pair,label_noise,missing,0.7,0.6,0.572857142857143,0.577933917933918,0.5822126448010222,0.8654708730956016,0.572857142857143
Wine,XGB,Boosting,0.7,0.6,0.0,0.0,178,42,0.3655555555555555,0.0928857641414772,0.36798423798423796,0.09078413394471146,0.36060850512382026,0.089664806171021,0.04619749503941106,0.14036566826725028,,,extreme_pair,label_noise,missing,0.7,0.6,0.5914285714285714,0.5909655776322444,0.5965325864794067,0.8898476577724191,0.5914285714285714
Wine,SVM,Kernel,0.7,0.6,0.0,0.0,178,42,0.36539682539682544,0.04807873361321345,0.35637140637140635,0.047424336470077585,0.34667258454614774,0.041153767187745355,0.033572732144259675,0.07549595378545614,,,extreme_pair,label_noise,missing,0.7,0.6,0.6177777777777778,0.6256119189452523,0.6361594951746177,0.9414563993865892,0.6177777777777778
Wine,MLP,Neural,0.7,0.6,0.0,0.0,178,42,0.3036507936507936,0.06347737925431961,0.2949417249417249,0.056602762192217895,0.26009377419464175,0.0595263007549773,-0.05760241809391471,0.08921684750966787,,,extreme_pair,label_noise,missing,0.7,0.6,0.6158201058201058,0.628805268805269,0.6609168807489381,0.9405947223172597,0.6158201058201058
Wine,GB,Boosting,0.7,0.6,0.0,0.0,178,42,0.3649206349206349,0.07544676708543073,0.3616150516150516,0.069999394022983,0.3515502519346913,0.07247927222697102,0.042121064377234216,0.11189315822490833,,,extreme_pair,label_noise,missing,0.7,0.6,0.5658730158730159,0.567270630603964,0.5804079126415294,0.8565066180488388,0.5658730158730159
BreastCancer,LR,Linear,0.7,0.6,0.0,0.0,569,42,0.6116441546343736,0.02950895802561811,0.6056391838792086,0.029586698710432194,0.6018002064494484,0.03245156264927342,0.2179453743879459,0.058906454067616375,,,extreme_pair,label_noise,missing,0.7,0.6,0.36377891631734205,0.3652638614383471,0.3716500389226619,0.7300244252960275,0.36377891631734205
BreastCancer,RF,Ensemble,0.7,0.6,0.0,0.0,569,42,0.6379133674895202,0.025150156855167416,0.6315180831929982,0.024954325751302513,0.629199502695436,0.026071076576900398,0.2712124837899442,0.050303838326176215,,,extreme_pair,label_noise,missing,0.7,0.6,0.3234383894840347,0.32596876294845,0.3293189481176132,0.6474858803299774,0.3234383894840347
BreastCancer,XGB,Boosting,0.7,0.6,0.0,0.0,569,42,0.567644775655954,0.01552636234428774,0.5649499375651557,0.015505128861991227,0.5639784093131235,0.015169591216062164,0.13099238926315881,0.0317854404594322,,,extreme_pair,label_noise,missing,0.7,0.6,0.39955493453397506,0.39744948047625384,0.4006673902494976,0.799628318726479,0.39955493453397506
BreastCancer,SVM,Kernel,0.7,0.6,0.0,0.0,569,42,0.636158981524608,0.03949240735677207,0.6290757351846125,0.04044674169659779,0.6247639061860527,0.042699408758431145,0.26895686699159277,0.0796588920158313,,,extreme_pair,label_noise,missing,0.7,0.6,0.3392537390674326,0.34301975766915094,0.348807742593209,0.6787454922197467,0.3392537390674326
BreastCancer,MLP,Neural,0.7,0.6,0.0,0.0,569,42,0.599285825182425,0.03630736294884842,0.585951415380738,0.03919947527444751,0.5637963814555189,0.05219777583245202,0.19489084675654425,0.0758941275869853,,,extreme_pair,label_noise,missing,0.7,0.6,0.347414997671169,0.3520671785255074,0.37838407698838883,0.6909690478986683,0.347414997671169
BreastCancer,GB,Boosting,0.7,0.6,0.0,0.0,569,42,0.5817109144542773,0.03081037742076902,0.5780056363198955,0.030487147558045484,0.5765144488484764,0.030563040925049655,0.15821057301209285,0.06108280615198735,,,extreme_pair,label_noise,missing,0.7,0.6,0.3743569839051908,0.37301055991002485,0.37623992687229424,0.7484005181064975,0.3743569839051908
Digits,LR,Linear,0.7,0.6,0.0,0.0,1797,42,0.5781987000928506,0.02246635026738281,0.5761941773139018,0.022750896647962475,0.5759227807478878,0.022950025250809386,0.15305073235983216,0.04557367889821819,,,extreme_pair,label_noise,missing,0.7,0.6,0.31458526771897233,0.3166107446487102,0.31684762787136,0.632799187353975,0.31458526771897233
Digits,RF,Ensemble,0.7,0.6,0.0,0.0,1797,42,0.5892989786443825,0.023415801234751427,0.5868715180353131,0.023565083404948138,0.5864231258517829,0.02376021303560917,0.17493156723297992,0.04731156211838177,,,extreme_pair,label_noise,missing,0.7,0.6,0.38844372227380597,0.3908688671846239,0.3913182352253096,0.7806197250872149,0.38844372227380597
Digits,XGB,Boosting,0.7,0.6,0.0,0.0,1797,42,0.5792958836273598,0.012080555985028076,0.5781155541232074,0.012291502380946754,0.5779702392008583,0.012121734166174226,0.1565398429598363,0.024676602130536664,,,extreme_pair,label_noise,missing,0.7,0.6,0.39083668626844126,0.3920125705445634,0.392160295219374,0.7838064304710721,0.39083668626844126
Digits,SVM,Kernel,0.7,0.6,0.0,0.0,1797,42,0.6149210770659239,0.021328144179730037,0.613546323080316,0.021406758150525854,0.6135854075050349,0.02144637251823202,0.22754756364321854,0.04287406069199795,,,extreme_pair,label_noise,missing,0.7,0.6,0.36579232435778397,0.3671714974285474,0.3671267437463971,0.7339614979764015,0.36579232435778397
Digits,MLP,Neural,0.7,0.6,0.0,0.0,1797,42,0.5742788610337357,0.03000081134137114,0.5714821963583481,0.0315491710346842,0.5693351337687191,0.034095261981685034,0.14420381964578657,0.06300943021037225,,,extreme_pair,label_noise,missing,0.7,0.6,0.38936706901887963,0.3921704712479911,0.3943095845459512,0.7831555389952576,0.38936706901887963
Digits,GB,Boosting,0.7,0.6,0.0,0.0,1797,42,0.5692927886103373,0.010149416417776122,0.5678079288058979,0.00978377053422825,0.5676792061532803,0.009694320228880875,0.13599723641385342,0.019807620725751485,,,extreme_pair,label_noise,missing,0.7,0.6,0.39787165996079654,0.39935204869683705,0.3994824310037738,0.7984327162629272,0.39787165996079654
Spambase,LR,Linear,0.7,0.7,0.0,0.0,4601,42,0.6055249492517585,0.016400992522576503,0.5820344042638871,0.015971933008547563,0.5656206978055452,0.016756213057614062,0.19053032904809178,0.03839913756521005,,,extreme_pair,label_noise,missing,0.7,0.7,0.3197098302097593,0.3362430120149441,0.3555204191461009,0.6524770315469932,0.3197098302097593
Spambase,RF,Ensemble,0.7,0.7,0.0,0.0,4601,42,0.6313853089741774,0.011233900014456765,0.6143813692519211,0.01223432723711722,0.6088107015620688,0.014785071674540616,0.24671643543944807,0.024459055238832506,,,extreme_pair,label_noise,missing,0.7,0.7,0.31341020315032486,0.3230305956588768,0.3327792679372299,0.6375503800325394,0.31341020315032486
Spambase,XGB,Boosting,0.7,0.7,0.0,0.0,4601,42,0.6200842656847472,0.011395777757208694,0.6051094442755716,0.011479429528453062,0.601328464462363,0.012697819895938477,0.22249055796830502,0.024155006436846052,,,extreme_pair,label_noise,missing,0.7,0.7,0.33028993375190796,0.34098953455477066,0.3464863346077678,0.6734089255962368,0.33028993375190796
Spambase,SVM,Kernel,0.7,0.7,0.0,0.0,4601,42,0.62660222820186,0.014048550087630778,0.6056537791417184,0.014673214859978526,0.5950812900680058,0.016825713408313854,0.2371989036240323,0.0322203442405003,,,extreme_pair,label_noise,missing,0.7,0.7,0.306312294449952,0.32063625084291414,0.3341591138392326,0.6218930416729518,0.306312294449952
Spambase,MLP,Neural,0.7,0.7,0.0,0.0,4601,42,0.6229079922579427,0.008336518058907793,0.6095908155392973,0.007359973270244925,0.6062457254598081,0.00853372034084126,0.2307065812769317,0.016983791374571646,,,extreme_pair,label_noise,missing,0.7,0.7,0.3141360210231475,0.3231299614376938,0.3276324324819363,0.6373118420481365,0.3141360210231475
Spambase,GB,Boosting,0.7,0.7,0.0,0.0,4601,42,0.622693669451919,0.013141980551844006,0.6070320736943751,0.013284215292804458,0.6027428984297456,0.014311990590142511,0.2278743605437496,0.02822663202638273,,,extreme_pair,label_noise,missing,0.7,0.7,0.32499905584666966,0.3359530703554562,0.34221429269034354,0.6624073497925222,0.32499905584666966
Bank,LR,Linear,0.7,0.7,0.0,0.0,5000,42,0.6540000000000001,0.0032863353450309995,0.5003202511542626,0.0029209095703796708,0.4096885667480774,0.008251603245179035,-0.002065998063937,0.0243087784675007,,,extreme_pair,label_noise,missing,0.7,0.7,0.2421333333333331,0.1413190708927604,0.2669986635271173,0.38772666517254323,0.2421333333333331
Bank,RF,Ensemble,0.7,0.7,0.0,0.0,5000,42,0.6558,0.0024819347291981735,0.5014047165750383,0.00311897679357901,0.40947503997495743,0.007416749409389071,0.010116261634435091,0.023800329715017537,,,extreme_pair,label_noise,missing,0.7,0.7,0.2401333333333333,0.10206022584800156,0.22796541062665204,0.33270904679632063,0.2401333333333333
Bank,XGB,Boosting,0.7,0.7,0.0,0.0,5000,42,0.6462,0.003867815921162747,0.5024424192962216,0.0039020404982355646,0.4334701439641021,0.009286019374333054,0.010438358390984457,0.019140971701562898,,,extreme_pair,label_noise,missing,0.7,0.7,0.24953333333333327,0.16195536990337966,0.2618073318498727,0.3986028959203892,0.24953333333333327
Bank,SVM,Kernel,0.7,0.7,0.0,0.0,5000,42,0.6538,0.001166190378969061,0.500589375776826,0.0010695166456852474,0.41128354245947846,0.003555242452188539,0.004093170294202658,0.007277594207324726,,,extreme_pair,label_noise,missing,0.7,0.7,0.23639999999999994,0.08776584938474108,0.20484386704077379,0.29198080940617993,0.23639999999999994
Bank,MLP,Neural,0.7,0.7,0.0,0.0,5000,42,0.6540000000000001,0.006164414002968982,0.5018767612216821,0.002485259599564538,0.41489084825949013,0.0102588523083039,0.02297492714101409,0.03469763485131041,,,extreme_pair,label_noise,missing,0.7,0.7,0.23699999999999988,0.11733093850696885,0.2317958367227661,0.31120010870325077,0.23699999999999988
Bank,GB,Boosting,0.7,0.7,0.0,0.0,5000,42,0.6428,0.007520638270785272,0.4978846815302873,0.007412746334421601,0.42573000959236545,0.010243430387563415,-0.009266664995909899,0.033022968934588476,,,extreme_pair,label_noise,missing,0.7,0.7,0.25159999999999993,0.16798245749653462,0.26924944948755897,0.41526264463447266,0.25159999999999993
Wine,LR,Linear,0.7,0.7,0.0,0.0,178,42,0.38746031746031745,0.03884318662118731,0.3784515484515485,0.03433975284572782,0.37570167681889,0.03515208628215235,0.06661372553979818,0.05806375633280131,,,extreme_pair,label_noise,missing,0.7,0.7,0.5976719576719576,0.6073332839999507,0.6091708101607105,0.9115045087675809,0.5976719576719576
Wine,RF,Ensemble,0.7,0.7,0.0,0.0,178,42,0.3485714285714286,0.04430647519286683,0.3406160506160506,0.047588790398433965,0.33861365806686644,0.05726211345488552,0.009250754820613067,0.06683497890121562,,,extreme_pair,label_noise,missing,0.7,0.7,0.6346031746031746,0.6448336848336849,0.6451170885527691,0.9658268811201832,0.6346031746031746
Wine,XGB,Boosting,0.7,0.7,0.0,0.0,178,42,0.3885714285714285,0.0832245699907099,0.39162726162726164,0.08763346178113793,0.39066474077381785,0.08601488561680543,0.07655922048628463,0.1279615324819355,,,extreme_pair,label_noise,missing,0.7,0.7,0.5684126984126985,0.5673225539892208,0.5664763508294091,0.8594859323255456,0.5684126984126985
Wine,SVM,Kernel,0.7,0.7,0.0,0.0,178,42,0.3604761904761905,0.07864498721218945,0.3457964257964258,0.07427832145707897,0.3236727725233472,0.07380052232548681,0.02471564972599375,0.12045543947537361,,,extreme_pair,label_noise,missing,0.7,0.7,0.6226984126984126,0.6361868995202329,0.6591593071974182,0.9503134818048552,0.6226984126984126
Wine,MLP,Neural,0.7,0.7,0.0,0.0,178,42,0.286031746031746,0.06484588392590172,0.2831546231546232,0.06510320968039121,0.23530509543942082,0.03976471514373737,-0.07898482744256158,0.10171861505143043,,,extreme_pair,label_noise,missing,0.7,0.7,0.6334391534391535,0.6405923705923706,0.685705559504159,0.9619771316659065,0.6334391534391535
Wine,GB,Boosting,0.7,0.7,0.0,0.0,178,42,0.3712698412698413,0.05150396198621177,0.36835386835386835,0.05002947263016831,0.36480416587403836,0.04870795413233096,0.04985022305011409,0.0747306551570064,,,extreme_pair,label_noise,missing,0.7,0.7,0.5595238095238095,0.5605318138651472,0.5671539987021823,0.8487774593759588,0.5595238095238095
BreastCancer,LR,Linear,0.7,0.7,0.0,0.0,569,42,0.5957770532526006,0.018455511242096885,0.5886050108258584,0.019713033026115816,0.5832835792331232,0.022555663523835538,0.18477483949103596,0.039598899535534554,,,extreme_pair,label_noise,missing,0.7,0.7,0.3796460176991151,0.3822980344916973,0.3901666661389871,0.7631949601929375,0.3796460176991151
BreastCancer,RF,Ensemble,0.7,0.7,0.0,0.0,569,42,0.6097810898928737,0.02493536016307727,0.6032619628598596,0.023602648329561503,0.6005522294016373,0.02163008832925561,0.2141594547469384,0.0536251934979536,,,extreme_pair,label_noise,missing,0.7,0.7,0.3515706670806812,0.35422488328158863,0.3579662214114119,0.7045389093729832,0.3515706670806812
BreastCancer,XGB,Boosting,0.7,0.7,0.0,0.0,569,42,0.5694767893184288,0.027999095601281818,0.5660883710806384,0.027538161890911562,0.5654301811761597,0.027798921188680308,0.13333513757858595,0.05565332938619757,,,extreme_pair,label_noise,missing,0.7,0.7,0.3977229208715002,0.39631104696077113,0.39921561838646136,0.7972855704110519,0.3977229208715002
BreastCancer,SVM,Kernel,0.7,0.7,0.0,0.0,569,42,0.6256171401956218,0.028623486931476837,0.6175348546814676,0.02824879317472639,0.6128529946525605,0.028919310628809505,0.24719970227640284,0.06149220069334263,,,extreme_pair,label_noise,missing,0.7,0.7,0.3497955803964189,0.3545606381722958,0.36071865412670123,0.7005026569349366,0.3497955803964189
BreastCancer,MLP,Neural,0.7,0.7,0.0,0.0,569,42,0.5886663561558765,0.05599697302509671,0.5724658899542908,0.057940908295283707,0.5396927681789896,0.07813774734756974,0.16878229616798895,0.13248374041016198,,,extreme_pair,label_noise,missing,0.7,0.7,0.35803446669771755,0.3655527039519546,0.40248769026491815,0.7170775984872235,0.35803446669771755
BreastCancer,GB,Boosting,0.7,0.7,0.0,0.0,569,42,0.5817419655333023,0.024820040566377044,0.5784077969091889,0.02411202483977903,0.5764595625194493,0.022832994759302023,0.1598182593653384,0.050985649466862945,,,extreme_pair,label_noise,missing,0.7,0.7,0.3743259328261658,0.37260839932073153,0.3762948132013213,0.746792831753252,0.3743259328261658
Digits,LR,Linear,0.7,0.7,0.0,0.0,1797,42,0.5770860414732282,0.029956034699284616,0.5751166414053935,0.03049047273377364,0.5744305400722054,0.030684121902567512,0.15107082304173117,0.06072690450039562,,,extreme_pair,label_noise,missing,0.7,0.7,0.3156979263385947,0.3176882805572184,0.31833986854704244,0.634779096672076,0.3156979263385947
Digits,RF,Ensemble,0.7,0.7,0.0,0.0,1797,42,0.5787418755803156,0.022592179312151052,0.5757769824068082,0.02301048600877213,0.5744885021155751,0.023255779122735708,0.15333922438367203,0.04613239382834749,,,extreme_pair,label_noise,missing,0.7,0.7,0.39900082533787284,0.4019634028131288,0.4032528589615174,0.8022120679365228,0.39900082533787284
Digits,XGB,Boosting,0.7,0.7,0.0,0.0,1797,42,0.5620396162178892,0.019361066315207846,0.5597259317183789,0.019660539901580055,0.5589585545474139,0.01987288631918829,0.12030104788281826,0.03950383341964983,,,extreme_pair,label_noise,missing,0.7,0.7,0.4080929536779119,0.41040219294939184,0.4111719798728184,0.8200452255480901,0.4080929536779119
Digits,SVM,Kernel,0.7,0.7,0.0,0.0,1797,42,0.5854147322810276,0.028638670154871468,0.5842505742193751,0.028259847729926776,0.5842295509719059,0.028294024785269014,0.16880421236772403,0.05668755453646297,,,extreme_pair,label_noise,missing,0.7,0.7,0.3952986691426803,0.39646724628948826,0.3964826002795261,0.792704849251896,0.3952986691426803
Digits,MLP,Neural,0.7,0.7,0.0,0.0,1797,42,0.5308542246982358,0.034608845701757734,0.5280667917624424,0.03425583784723023,0.5268290776207278,0.034128251119458185,0.05687452484779574,0.06938077644084607,,,extreme_pair,label_noise,missing,0.7,0.7,0.4327917053543795,0.43558587584389674,0.4368156406939425,0.8704848337932484,0.4327917053543795
Digits,GB,Boosting,0.7,0.7,0.0,0.0,1797,42,0.549254100897555,0.028476638232391393,0.5470235458965826,0.029533685086852064,0.5461094856713666,0.030440097250504554,0.09439046466266234,0.05922272054169364,,,extreme_pair,label_noise,missing,0.7,0.7,0.4179103476735788,0.4201364316061523,0.4210521514856874,0.8400394880141183,0.4179103476735788
