dataset,algorithm,algo_family,label_noise,missing,feature_noise,imbalance,n_samples,seed,accuracy,accuracy_std,balanced_accuracy,balanced_accuracy_std,macro_f1,macro_f1_std,mcc,mcc_std,dim1,dim2,sev1,sev2,deg_accuracy,deg_balanced_accuracy,deg_macro_f1,deg_mcc,degradation
Spambase,LR,Linear,0.15,0.1,0.0,0.0,4601,42,0.7648312325921729,0.018200549682484076,0.74576589865741,0.019838734086919028,0.7504767359218727,0.020277744956858017,0.5125680994511679,0.038527645979886616,label_noise,missing,0.15,0.1,0.16040354686934488,0.17251151762142114,0.17066438102977344,0.3304392611439171,0.16040354686934488
Spambase,LR,Linear,0.15,0.1,0.0,0.0,4601,43,0.7722234810933296,0.006394763584891816,0.7541309529939209,0.007735074403201064,0.7589292283539311,0.007623549150773993,0.5316575447102704,0.013544233445157075,label_noise,missing,0.15,0.1,0.15301129836818816,0.16414646328491034,0.16221188859771507,0.3113498158848146,0.15301129836818816
Spambase,RF,Ensemble,0.15,0.1,0.0,0.0,4601,42,0.7991717414908182,0.010567018724067614,0.7867205353536951,0.012796693906800539,0.79037688740899,0.012039041984006467,0.5852241486970677,0.02218727027609247,label_noise,missing,0.15,0.1,0.14562377063368415,0.1506914295571028,0.1512130820903087,0.29904266677491975,0.14562377063368415
Spambase,RF,Ensemble,0.15,0.1,0.0,0.0,4601,43,0.7976504744370485,0.007117128750284896,0.7844531667928927,0.0071383141791619515,0.7887882435182914,0.007342782131232661,0.5837631739693703,0.0149704075377366,label_noise,missing,0.15,0.1,0.1471450376874538,0.15295879811790525,0.15280172598100739,0.3005036415026172,0.1471450376874538
Spambase,XGB,Boosting,0.15,0.1,0.0,0.0,4601,42,0.7976507104753812,0.008363203120281644,0.7860360521178199,0.010791527698613725,0.7892675871841314,0.009863056701224015,0.5822271967793549,0.017628205836934266,label_noise,missing,0.15,0.1,0.15272348896127397,0.1600629267125223,0.1585472118859994,0.313672286785187,0.15272348896127397
Spambase,XGB,Boosting,0.15,0.1,0.0,0.0,4601,43,0.7961296794599444,0.006905811000477195,0.7845423211413733,0.007295351601932585,0.7881594627826667,0.007304379580597092,0.5804949725289956,0.014483184094947983,label_noise,missing,0.15,0.1,0.15424451997671074,0.16155665768896887,0.1596553362874641,0.31540451103554623,0.15424451997671074
Spambase,SVM,Kernel,0.15,0.1,0.0,0.0,4601,42,0.7854796298918945,0.011361553103947012,0.7706183629091482,0.012877767482184213,0.7748777976252296,0.012644266236853685,0.5562277150929903,0.023887514270296298,label_noise,missing,0.15,0.1,0.1474348927599175,0.1556716670754843,0.15436260628200882,0.3028642302039938,0.1474348927599175
Spambase,SVM,Kernel,0.15,0.1,0.0,0.0,4601,43,0.7898243874805269,0.013745020840394563,0.7758803825001214,0.01260154529540254,0.7802520774039724,0.013453257619790274,0.5679011187997485,0.029195661477618404,label_noise,missing,0.15,0.1,0.1430901351712851,0.15040964748451113,0.148988326503266,0.2911908264972356,0.1430901351712851
Spambase,MLP,Neural,0.15,0.1,0.0,0.0,4601,42,0.7809151206155879,0.014622207403774802,0.7667428331521962,0.015903325956294206,0.7706341780666566,0.01583278766365121,0.5465139519177336,0.03064778751898928,label_noise,missing,0.15,0.1,0.15612889266550234,0.16597794382479492,0.16324397987508787,0.3215044714073346,0.15612889266550234
Spambase,MLP,Neural,0.15,0.1,0.0,0.0,4601,43,0.7809137043855923,0.017828484418065216,0.7670606305746249,0.0182642319706676,0.7710490900912328,0.018743465747515172,0.5490365381736126,0.03762605574834105,label_noise,missing,0.15,0.1,0.15613030889549795,0.16566014640236615,0.16282906785051166,0.31898188515145554,0.15613030889549795
Spambase,GB,Boosting,0.15,0.1,0.0,0.0,4601,42,0.7948253316338574,0.009720779195776038,0.7828248261197635,0.012471253289184013,0.786161128218834,0.011602557657967293,0.576057661706361,0.020773028178126623,label_noise,missing,0.15,0.1,0.15286739366473123,0.1601603179300678,0.15879606290125514,0.3142240486299108,0.15286739366473123
Spambase,GB,Boosting,0.15,0.1,0.0,0.0,4601,43,0.7943898409101637,0.008765468226883549,0.7826332866365977,0.00880121705757006,0.7862654072643676,0.009007710607046242,0.576994913844971,0.018337983273023658,label_noise,missing,0.15,0.1,0.15330288438842488,0.16035185741323355,0.15869178385572158,0.31328679649130076,0.15330288438842488
Bank,LR,Linear,0.15,0.1,0.0,0.0,5000,42,0.7694,0.003261901286060021,0.5532178098099791,0.006176510561656621,0.5429199601516144,0.009690396157956898,0.1990150513670375,0.01820225315733598,label_noise,missing,0.15,0.1,0.12673333333333325,0.08842151223704386,0.13376727012358036,0.18664561574156874,0.12673333333333325
Bank,LR,Linear,0.15,0.1,0.0,0.0,5000,43,0.7718,0.0059126981996377986,0.5430274124318265,0.00427865205401039,0.5281761427906145,0.004675463812797988,0.17195830908929263,0.02495063777353518,label_noise,missing,0.15,0.1,0.12433333333333318,0.0986119096151965,0.1485110874845802,0.21370235801931362,0.12433333333333318
Bank,RF,Ensemble,0.15,0.1,0.0,0.0,5000,42,0.7674,0.004673328578219173,0.5408479249227656,0.0065148643120777686,0.5207270065388081,0.010053215709509252,0.17452792425917338,0.02762777088445811,label_noise,missing,0.15,0.1,0.1285333333333334,0.06261701750027426,0.11671344406280137,0.16829738417158233,0.1285333333333334
Bank,RF,Ensemble,0.15,0.1,0.0,0.0,5000,43,0.7676000000000001,0.007391887445030538,0.527477175107705,0.011005079367366763,0.49965893134458134,0.01853114496785002,0.12640737666553808,0.04590074562675998,label_noise,missing,0.15,0.1,0.1283333333333333,0.07598776731533485,0.13778151925702814,0.21641793176521762,0.1283333333333333
Bank,XGB,Boosting,0.15,0.1,0.0,0.0,5000,42,0.7647999999999999,0.010703270528207732,0.5572778679576608,0.016304477806307303,0.551853888492422,0.023155376912244924,0.19125346942662982,0.052071424477677056,label_noise,missing,0.15,0.1,0.13093333333333335,0.10711992124194047,0.1434235873215528,0.21778778488474385,0.13093333333333335
Bank,XGB,Boosting,0.15,0.1,0.0,0.0,5000,43,0.7672000000000001,0.011320777358467935,0.5501642157278962,0.01134801454840816,0.5431641190501909,0.01479061514142164,0.1727575298734711,0.043429810433349675,label_noise,missing,0.15,0.1,0.12853333333333317,0.11423357347170504,0.1521133567637839,0.23628372443790258,0.12853333333333317
Bank,SVM,Kernel,0.15,0.1,0.0,0.0,5000,42,0.7646,0.007337574531137663,0.5344542741955671,0.0105153500239379,0.5096284092827261,0.016380978795491885,0.154192713395164,0.04607978625222712,label_noise,missing,0.15,0.1,0.12560000000000004,0.053900950966000005,0.10649900021752612,0.14188126630521858,0.12560000000000004
Bank,SVM,Kernel,0.15,0.1,0.0,0.0,5000,43,0.7624,0.007787168933572721,0.5181312206773732,0.010042885421622261,0.4839823787050272,0.01682822983249411,0.08774391103981835,0.048809272424327886,label_noise,missing,0.15,0.1,0.12780000000000002,0.07022400448419397,0.13214503079522505,0.20833006866056422,0.12780000000000002
Bank,MLP,Neural,0.15,0.1,0.0,0.0,5000,42,0.7592000000000001,0.002638181191654586,0.5209600481777814,0.02202375822373673,0.4807492898080534,0.04502002036685454,0.07979623633206576,0.07885941847841527,label_noise,missing,0.15,0.1,0.13179999999999992,0.09824765155086956,0.1659373951742028,0.2543787995121991,0.13179999999999992
Bank,MLP,Neural,0.15,0.1,0.0,0.0,5000,43,0.7658000000000001,0.006615134163416496,0.538495728193732,0.012357339819771213,0.521921014777768,0.023010520109672267,0.14524599821251724,0.03485314051410437,label_noise,missing,0.15,0.1,0.12519999999999987,0.08071197153491894,0.12476567020448825,0.1889290376317476,0.12519999999999987
Bank,GB,Boosting,0.15,0.1,0.0,0.0,5000,42,0.7644,0.010781465577554853,0.5541723040482974,0.014792730830391974,0.546790201373429,0.021077287847879433,0.18629245683408088,0.04925282933615366,label_noise,missing,0.15,0.1,0.13,0.1116948349785245,0.14818925770649538,0.21970352280448188,0.13
Bank,GB,Boosting,0.15,0.1,0.0,0.0,5000,43,0.7644,0.009499473669630342,0.5465497519039322,0.010902192673075935,0.5379436789408792,0.01518986754600233,0.1590171469263814,0.03716768628337948,label_noise,missing,0.15,0.1,0.13,0.11931738712288975,0.15703578013904518,0.24697883271218138,0.13
Wine,LR,Linear,0.15,0.1,0.0,0.0,178,42,0.718888888888889,0.027037295891242662,0.7205439005439006,0.027610790121260543,0.7183536108085412,0.026378793533764454,0.5808505948147963,0.038193679557843606,label_noise,missing,0.15,0.1,0.26624338624338595,0.26524093190759856,0.2665188761710593,0.3972676394925828,0.26624338624338595
Wine,LR,Linear,0.15,0.1,0.0,0.0,178,43,0.7865079365079366,0.06321367540234882,0.7872283272283273,0.06184299948845258,0.7837939786399241,0.061982356536358384,0.6859011638832373,0.09450991314025654,label_noise,missing,0.15,0.1,0.19862433862433837,0.19855650522317192,0.20107850833967644,0.2922170704241418,0.19862433862433837
Wine,RF,Ensemble,0.15,0.1,0.0,0.0,178,42,0.8031746031746032,0.040719777469282625,0.8025896325896327,0.04104734181445192,0.8025264137380184,0.04222860993779342,0.705684569887795,0.059253768477178885,label_noise,missing,0.15,0.1,0.18000000000000005,0.1828601028601028,0.1812043328816172,0.2693930660530013,0.18000000000000005
Wine,RF,Ensemble,0.15,0.1,0.0,0.0,178,43,0.8307936507936509,0.09440028312600866,0.8288156288156288,0.09463930763697051,0.827096829581482,0.09325203636116872,0.7490445032400972,0.14403962164896586,label_noise,missing,0.15,0.1,0.1523809523809524,0.1566341066341067,0.15663391703815355,0.22603313270069914,0.1523809523809524
Wine,XGB,Boosting,0.15,0.1,0.0,0.0,178,42,0.7582539682539682,0.024237424757620814,0.7595770895770896,0.025195255881153535,0.7600890135404457,0.02730251473299051,0.639494130213494,0.036400641491518795,label_noise,missing,0.15,0.1,0.19873015873015876,0.19937272603939282,0.19705207806278124,0.2965510225983362,0.19873015873015876
Wine,XGB,Boosting,0.15,0.1,0.0,0.0,178,43,0.785873015873016,0.08312127213039064,0.7823687423687424,0.08912334902541612,0.7775792719320955,0.0871382149824447,0.6835682274240245,0.12884413907435527,label_noise,missing,0.15,0.1,0.171111111111111,0.17658107324773997,0.17956181967113138,0.25247692538780575,0.171111111111111
Wine,SVM,Kernel,0.15,0.1,0.0,0.0,178,42,0.7863492063492064,0.034570393676116036,0.787005217005217,0.034707732177307986,0.7859491372824706,0.03514579079405755,0.6808392739843757,0.049900169769951395,label_noise,missing,0.15,0.1,0.1968253968253968,0.1949781083114417,0.19688294243829474,0.2941898575464732,0.1968253968253968
Wine,SVM,Kernel,0.15,0.1,0.0,0.0,178,43,0.8257142857142856,0.07294959034269169,0.8205494505494505,0.07741237871312545,0.8173299314275176,0.07770608718682362,0.7447889150997817,0.10884209171156681,label_noise,missing,0.15,0.1,0.15746031746031752,0.16143387476720816,0.16550214829324772,0.23024021643106718,0.15746031746031752
Wine,MLP,Neural,0.15,0.1,0.0,0.0,178,42,0.7577777777777778,0.0655565163848262,0.7615639915639916,0.0604747236486645,0.7583208897933641,0.06573509233883361,0.6423598360086394,0.09304033384077678,label_noise,missing,0.15,0.1,0.16169312169312167,0.1621830021830023,0.16268976515021571,0.24063246821470552,0.16169312169312167
Wine,MLP,Neural,0.15,0.1,0.0,0.0,178,43,0.82,0.06663340061939893,0.8154212454212454,0.07103735994937853,0.8113947984529911,0.0699724827098065,0.7365185506272282,0.10016269815978297,label_noise,missing,0.15,0.1,0.09947089947089949,0.10832574832574848,0.10961585649058869,0.1464737535961168,0.09947089947089949
Wine,GB,Boosting,0.15,0.1,0.0,0.0,178,42,0.7355555555555555,0.06003148581780711,0.7375657675657676,0.06107577653948276,0.7368956779300029,0.06307370551651359,0.6056722105244434,0.09095738923990891,label_noise,missing,0.15,0.1,0.19523809523809532,0.19131991465324794,0.19506248664621773,0.2929554719016295,0.19523809523809532
Wine,GB,Boosting,0.15,0.1,0.0,0.0,178,43,0.8142857142857143,0.0965243824750747,0.8141025641025641,0.09643530718533352,0.8115980307513488,0.09661163794432724,0.726748760798097,0.14628860412830808,label_noise,missing,0.15,0.1,0.11650793650793656,0.11478311811645148,0.12036013382487176,0.1718789216279759,0.11650793650793656
BreastCancer,LR,Linear,0.15,0.1,0.0,0.0,569,42,0.7908399316876261,0.03749835962052838,0.7717118819029952,0.03377566818217666,0.7777458526463514,0.037170934141495714,0.5636434049150829,0.08145977586754129,label_noise,missing,0.15,0.1,0.18458313926408954,0.19919116341456045,0.1957043927257589,0.3843263947688905,0.18458313926408954
BreastCancer,LR,Linear,0.15,0.1,0.0,0.0,569,43,0.7995031827356001,0.041899125303767555,0.776222610352493,0.049338403298347565,0.7824703886739436,0.05049796330047349,0.5793795771552471,0.09141104277762936,label_noise,missing,0.15,0.1,0.1759198882161156,0.1946804349650627,0.19097985669816675,0.3685902225287263,0.1759198882161156
BreastCancer,RF,Ensemble,0.15,0.1,0.0,0.0,569,42,0.7873932619158517,0.03630312705850783,0.7768452860040007,0.03749762111041704,0.7782415783735596,0.03777505103827655,0.5586249261244236,0.07505454141436607,label_noise,missing,0.15,0.1,0.17395849505770322,0.18064156013744748,0.18027687243948964,0.36007343799549807,0.17395849505770322
BreastCancer,RF,Ensemble,0.15,0.1,0.0,0.0,569,43,0.8118615121875485,0.03036704247260261,0.7984732497386822,0.03698341867776998,0.8011712353389531,0.03509428683777655,0.6087688125733557,0.06654816668643306,label_noise,missing,0.15,0.1,0.14949024478600637,0.15901359640276602,0.15734721547409614,0.309929551546566,0.14949024478600637
BreastCancer,XGB,Boosting,0.15,0.1,0.0,0.0,569,42,0.7978574755472753,0.02799444639071101,0.7849607799821159,0.029839292789871467,0.7877282415705561,0.029575082834927942,0.5796129493941432,0.06021172671227134,label_noise,missing,0.15,0.1,0.16934223464265374,0.1774386380592936,0.176917557992065,0.3510077585954946,0.16934223464265374
BreastCancer,XGB,Boosting,0.15,0.1,0.0,0.0,569,43,0.7925166899549759,0.038567496415683404,0.7753121398503483,0.04370903111802573,0.7793689651028396,0.04379727167983385,0.5650974414872209,0.08338182461523605,label_noise,missing,0.15,0.1,0.17468302023495308,0.1870872781910612,0.1852768344597815,0.36552326650241695,0.17468302023495308
BreastCancer,SVM,Kernel,0.15,0.1,0.0,0.0,569,42,0.8207421207886973,0.022563977566427678,0.8043708309949409,0.02293525874322133,0.8099154264010415,0.023699579926926184,0.6265192272042739,0.04831884125379017,label_noise,missing,0.15,0.1,0.1546705998033433,0.1677246618588225,0.1636562223782202,0.3211831320070656,0.1546705998033433
BreastCancer,SVM,Kernel,0.15,0.1,0.0,0.0,569,43,0.8153237074988355,0.046223184205849366,0.7964668481611098,0.05445483878179458,0.8016846261142453,0.05388418345613347,0.6126480656345069,0.09936463030764117,label_noise,missing,0.15,0.1,0.1600890130932051,0.1756286446926536,0.17188702266501643,0.3350542935768326,0.1600890130932051
BreastCancer,MLP,Neural,0.15,0.1,0.0,0.0,569,42,0.7663716814159292,0.051248924057473916,0.7462685754987375,0.05729028535673657,0.7500015569404754,0.05732297273750818,0.5102480651789633,0.11140448970456765,label_noise,missing,0.15,0.1,0.18032914143766487,0.19175001840750794,0.1921789015034323,0.37561182947624927,0.18032914143766487
BreastCancer,MLP,Neural,0.15,0.1,0.0,0.0,569,43,0.7731563421828909,0.04537842976524859,0.7526082042852074,0.04484536480423517,0.7576664317372066,0.047424774330135894,0.5254353591964925,0.09641512749262812,label_noise,missing,0.15,0.1,0.17354448067070316,0.18541038962103806,0.18451402670670114,0.36042453545872,0.17354448067070316
BreastCancer,GB,Boosting,0.15,0.1,0.0,0.0,569,42,0.7768514205868654,0.02415275003961883,0.7633736484362753,0.026263135526473663,0.7657709491119102,0.02608013651919295,0.534783129281698,0.049941114384056746,label_noise,missing,0.15,0.1,0.17921647777260263,0.1876425477936451,0.18698342660886036,0.3718279618368924,0.17921647777260263
BreastCancer,GB,Boosting,0.15,0.1,0.0,0.0,569,43,0.7907312529110386,0.04252502805572908,0.7752019477624122,0.05277036147523158,0.7772883728786714,0.050962198481045606,0.5630088707616134,0.09480186319782472,label_noise,missing,0.15,0.1,0.1653366454484294,0.17581424846750815,0.17546600284209923,0.34360222035697696,0.1653366454484294
Digits,LR,Linear,0.15,0.1,0.0,0.0,1797,42,0.7195280099040546,0.018554965459982954,0.7186260831163003,0.018411235904678913,0.7186099159863304,0.01858144273449129,0.43860423718785907,0.036878720878336414,label_noise,missing,0.15,0.1,0.17325595790776827,0.1741788388463117,0.17416049263291744,0.34724568252594806,0.17325595790776827
Digits,LR,Linear,0.15,0.1,0.0,0.0,1797,43,0.7501191581553698,0.023724572119956006,0.7500906845308069,0.023709874740272547,0.7500262903372937,0.023680813907997787,0.5003862746265766,0.047578490367248254,label_noise,missing,0.15,0.1,0.14266480965645312,0.1427142374318051,0.1427441182819541,0.28546364508723054,0.14266480965645312
Digits,RF,Ensemble,0.15,0.1,0.0,0.0,1797,42,0.7979944289693595,0.013967458459860036,0.7980782931754788,0.014158055635092696,0.7977455591639064,0.013989155065936712,0.5966283087789177,0.02851760908323252,label_noise,missing,0.15,0.1,0.17974827194882903,0.17966209204445815,0.1799958019131861,0.35892298354127716,0.17974827194882903
Digits,RF,Ensemble,0.15,0.1,0.0,0.0,1797,43,0.8230346641906531,0.01330049491028294,0.8231512212895931,0.013297490807913676,0.8229814434003171,0.013314408450658318,0.64658933318529,0.02650106287567063,label_noise,missing,0.15,0.1,0.15470803672753541,0.15458916393034394,0.15475991767677544,0.3089619591349049,0.15470803672753541
Digits,XGB,Boosting,0.15,0.1,0.0,0.0,1797,42,0.7807443515939338,0.014041283833723316,0.7803348191852437,0.014245320676898347,0.780224390610196,0.014029921661412975,0.5618901867218183,0.028909680107508325,label_noise,missing,0.15,0.1,0.18938821830186725,0.18979330548252704,0.18990614381003634,0.37845608670909003,0.18938821830186725
Digits,XGB,Boosting,0.15,0.1,0.0,0.0,1797,43,0.7935345094398019,0.016952491058553242,0.7935481671241605,0.01692728467183336,0.7934795181563249,0.016969804447934247,0.5871981741623948,0.03372379559755027,label_noise,missing,0.15,0.1,0.17659806045599924,0.17657995754361022,0.17665101626390745,0.35314809926851354,0.17659806045599924
Digits,SVM,Kernel,0.15,0.1,0.0,0.0,1797,42,0.8119003404518725,0.017039787608057078,0.8119082043458519,0.016955248902728957,0.8116889327422395,0.016987859359954182,0.6241149753790911,0.03428706109819489,label_noise,missing,0.15,0.1,0.16881306097183535,0.1688096161630115,0.16902321850919244,0.3373940862405289,0.16881306097183535
Digits,SVM,Kernel,0.15,0.1,0.0,0.0,1797,43,0.8224713710925409,0.01478306005505709,0.8225276760842195,0.014635398376463467,0.8224214251298912,0.014762809009001995,0.6452643567615652,0.029267269023024206,label_noise,missing,0.15,0.1,0.15824203033116702,0.15819014442464385,0.15829072612154071,0.3162447048580548,0.15824203033116702
Digits,MLP,Neural,0.15,0.1,0.0,0.0,1797,42,0.7651764159702878,0.0186032457247189,0.7650422669288848,0.018580133933443432,0.7647854322818851,0.018588400076501737,0.5307920836111492,0.03729952324601545,label_noise,missing,0.15,0.1,0.1984695140823275,0.1986104006774544,0.19885928603278524,0.396567275029895,0.1984695140823275
Digits,MLP,Neural,0.15,0.1,0.0,0.0,1797,43,0.7896285979572888,0.02276727928909135,0.7896123974201217,0.02272258219371976,0.789565655134737,0.022732973165815615,0.5793853432843354,0.0456394294545664,label_noise,missing,0.15,0.1,0.17401733209532655,0.17404027018621748,0.17407906317993338,0.3479740153567087,0.17401733209532655
Digits,GB,Boosting,0.15,0.1,0.0,0.0,1797,42,0.7729541937480656,0.008751066357368659,0.7727124811386709,0.008565801244159262,0.7725544002544579,0.008699656131253038,0.5461218773757139,0.017234596889905366,label_noise,missing,0.15,0.1,0.1942102548230682,0.1944474963640641,0.19460723690259618,0.3883080753010667,0.1942102548230682
Digits,GB,Boosting,0.15,0.1,0.0,0.0,1797,43,0.7924280408542248,0.01307255064755689,0.7923501338894503,0.012867280318751803,0.792324237746265,0.013020893140562949,0.5850060353974716,0.025819107419702975,label_noise,missing,0.15,0.1,0.17473640771690901,0.17480984361328467,0.17483739941078902,0.349423917279309,0.17473640771690901
Spambase,LR,Linear,0.15,0.25,0.0,0.0,4601,42,0.7504869470802057,0.0124062963874928,0.7287456391222491,0.016092804875492916,0.7330267897644791,0.016392861845209744,0.4826106319043256,0.02583543531167587,label_noise,missing,0.15,0.25,0.17474783238131208,0.1895317771565821,0.18811432718716703,0.36039672869075934,0.17474783238131208
Spambase,LR,Linear,0.15,0.25,0.0,0.0,4601,43,0.7635297172260775,0.008628209408527283,0.7442198029948839,0.009844218972141968,0.7487651373006663,0.00990991697925211,0.5139686660329862,0.018730790532325313,label_noise,missing,0.15,0.25,0.16170506223544023,0.1740576132839473,0.17237597965097984,0.3290386945620988,0.16170506223544023
Spambase,RF,Ensemble,0.15,0.25,0.0,0.0,4601,42,0.7911308596516073,0.007706465980521147,0.7771107343551898,0.011190610440028784,0.781131655725975,0.010104582964666212,0.5683409993175689,0.01621214218738224,label_noise,missing,0.15,0.25,0.15366465247289496,0.16030123055560808,0.16045831377332376,0.3159258161544186,0.15366465247289496
Spambase,RF,Ensemble,0.15,0.25,0.0,0.0,4601,43,0.7902598782042204,0.007854898514042962,0.7758103143085366,0.007935261339192227,0.7803668027635039,0.008172839160326155,0.5684943274355683,0.016736378390340756,label_noise,missing,0.15,0.25,0.1545356339202819,0.16160165060226128,0.16122316673579484,0.3157724880364192,0.1545356339202819
Spambase,XGB,Boosting,0.15,0.25,0.0,0.0,4601,42,0.7891759901808053,0.00576095652611565,0.7766114634555307,0.008680988329838187,0.7800255365493032,0.007618577456510638,0.564385705543152,0.01226496775490121,label_noise,missing,0.15,0.25,0.16119820925584982,0.16948751537481155,0.1677892625208276,0.3315137780213898,0.16119820925584982
Spambase,XGB,Boosting,0.15,0.25,0.0,0.0,4601,43,0.7876518906670442,0.009199522154574011,0.7745579836831809,0.009681848914217545,0.7785219385433322,0.009754327484764864,0.5628696061769427,0.01931240560866536,label_noise,missing,0.15,0.25,0.1627223087696109,0.17154099514716137,0.1692928605267986,0.33302987738759915,0.1627223087696109
Spambase,SVM,Kernel,0.15,0.25,0.0,0.0,4601,42,0.772006561865647,0.014087137476970534,0.7548427838812206,0.015625258065694828,0.7593597430915453,0.015787219026562438,0.5277914436047804,0.029936666795948617,label_noise,missing,0.15,0.25,0.16090796078616498,0.1714472461034119,0.16988066081569309,0.3313005016922037,0.16090796078616498
Spambase,SVM,Kernel,0.15,0.25,0.0,0.0,4601,43,0.7728702261247227,0.01489540365580511,0.7561801756682104,0.014297178988627156,0.7607949783534982,0.015017873877700766,0.5325452070851181,0.032041984430257436,label_noise,missing,0.15,0.25,0.1600442965270893,0.17010985431642212,0.1684454255537402,0.326546738211866,0.1600442965270893
Spambase,MLP,Neural,0.15,0.25,0.0,0.0,4601,42,0.7657007978095642,0.011058515151481152,0.7518482148030985,0.013367873872797536,0.7551588184497259,0.012840217892645563,0.514612491650257,0.023710190506462652,label_noise,missing,0.15,0.25,0.17134321547152598,0.18087256217389258,0.17871933949201857,0.35340593167481116,0.17134321547152598
Spambase,MLP,Neural,0.15,0.25,0.0,0.0,4601,43,0.7800434310532032,0.015407078161514341,0.7661706413697704,0.015196475235679656,0.7701706801392767,0.015725902200573412,0.5472876528210273,0.03261997530588748,label_noise,missing,0.15,0.25,0.15700058222788704,0.16655013560722065,0.16370747780246775,0.32073077050404086,0.15700058222788704
Spambase,GB,Boosting,0.15,0.25,0.0,0.0,4601,42,0.7848291082471793,0.00630930086046235,0.7715253330741054,0.008959597428521017,0.7751177554319141,0.008091946839354837,0.5551784892611364,0.01338701024290412,label_noise,missing,0.15,0.25,0.16286361705140928,0.17145981097572582,0.16983943568817506,0.33510322107513535,0.16286361705140928
Spambase,GB,Boosting,0.15,0.25,0.0,0.0,4601,43,0.7806967851579096,0.008964421243029857,0.7674595738556353,0.008225667504880865,0.7713023041523248,0.008737607551665914,0.548394894284415,0.018919139040385474,label_noise,missing,0.15,0.25,0.16699594014067898,0.1755255701941959,0.17365488696776432,0.3418868160518568,0.16699594014067898
Bank,LR,Linear,0.15,0.25,0.0,0.0,5000,42,0.766,0.004427188724235735,0.5419141838305768,0.005519506111828237,0.5235549314018997,0.009828679542631974,0.1720842291957835,0.020687709537038072,label_noise,missing,0.15,0.25,0.1301333333333332,0.09972513821644624,0.15313229887329505,0.21357643791282274,0.1301333333333332
Bank,LR,Linear,0.15,0.25,0.0,0.0,5000,43,0.7704000000000001,0.008731551981177237,0.535259235057539,0.01080126052712835,0.5138797109438059,0.01614696791709504,0.15340622779230056,0.04776673390057143,label_noise,missing,0.15,0.25,0.12573333333333314,0.10638008698948398,0.16280751933138882,0.23225443931630568,0.12573333333333314
Bank,RF,Ensemble,0.15,0.25,0.0,0.0,5000,42,0.7626,0.0038262252939418014,0.5280418306377197,0.0043062788071511916,0.49751686396316097,0.00844112637640512,0.1357034484805171,0.018697275841176853,label_noise,missing,0.15,0.25,0.13333333333333341,0.07542311178532013,0.1399235866384485,0.2071218599502386,0.13333333333333341
Bank,RF,Ensemble,0.15,0.25,0.0,0.0,5000,43,0.766,0.0047749345545253325,0.5201782368710887,0.0050487915143123995,0.48535421782563404,0.00873927735972674,0.10433228718838594,0.026944613229986397,label_noise,missing,0.15,0.25,0.12993333333333335,0.08328670555195117,0.15208623277597544,0.23849302124236976,0.12993333333333335
Bank,XGB,Boosting,0.15,0.25,0.0,0.0,5000,42,0.7615999999999999,0.005083306010855539,0.5421253176916674,0.00568919292201888,0.5268153121590363,0.007718468207302152,0.15893226273023556,0.024289840028828988,label_noise,missing,0.15,0.25,0.13413333333333333,0.12227247150793386,0.1684621636549385,0.2501089915811381,0.13413333333333333
Bank,XGB,Boosting,0.15,0.25,0.0,0.0,5000,43,0.7632,0.007756287771866133,0.5365336971798937,0.006316159630425343,0.5207110723425784,0.009095766909540812,0.13705992196990308,0.027626843581015248,label_noise,missing,0.15,0.25,0.13253333333333328,0.1278640920197075,0.1745664034713964,0.2719813323414706,0.13253333333333328
Bank,SVM,Kernel,0.15,0.25,0.0,0.0,5000,42,0.7556,0.005238320341483522,0.5200208655772572,0.0077291595823638206,0.4861148945892861,0.013552134858116575,0.09292929916758397,0.03379523314602393,label_noise,missing,0.15,0.25,0.13459999999999994,0.06833435958430989,0.13001251491096616,0.2031446805327986,0.13459999999999994
Bank,SVM,Kernel,0.15,0.25,0.0,0.0,5000,43,0.7638,0.004261455150532507,0.5154665476445913,0.006590990377076974,0.4767412129281654,0.011834920960781788,0.0817114600632872,0.030846653924637146,label_noise,missing,0.15,0.25,0.12639999999999996,0.07288867751697581,0.13938619657208684,0.21436251963709538,0.12639999999999996
Bank,MLP,Neural,0.15,0.25,0.0,0.0,5000,42,0.7582000000000001,0.004445222154178577,0.5135034535706199,0.015343763171605044,0.46598003872316324,0.034815926377260234,0.06607280592537479,0.06542245373263629,label_noise,missing,0.15,0.25,0.13279999999999992,0.10570424615803109,0.180706646259093,0.26810222991889004,0.13279999999999992
Bank,MLP,Neural,0.15,0.25,0.0,0.0,5000,43,0.7666000000000001,0.005535341001239224,0.5307149304659324,0.026621515416417572,0.5026112556904923,0.04915888347707616,0.11428046804302405,0.07658315770848029,label_noise,missing,0.15,0.25,0.12439999999999996,0.08849276926271854,0.14407542929176398,0.21989456780124078,0.12439999999999996
Bank,GB,Boosting,0.15,0.25,0.0,0.0,5000,42,0.7628,0.004578209256903843,0.5474499098824588,0.0057051574284874345,0.5357793615009478,0.008755765755433659,0.17150807935483475,0.020994291802228737,label_noise,missing,0.15,0.25,0.13159999999999994,0.11841722914436315,0.15920009757897657,0.234487900283728,0.13159999999999994
Bank,GB,Boosting,0.15,0.25,0.0,0.0,5000,43,0.7604,0.009264987857520383,0.5358874248071055,0.006576710025258003,0.5211736312598182,0.008082811833682117,0.13046527584397954,0.030415482184072425,label_noise,missing,0.15,0.25,0.134,0.12997971421971644,0.17380582782010623,0.2755307037945832,0.134
Wine,LR,Linear,0.15,0.25,0.0,0.0,178,42,0.7355555555555555,0.05943252259284098,0.7361893661893663,0.06221711140531704,0.7336855699640623,0.06331333026960038,0.606328063737081,0.08932316313993965,label_noise,missing,0.15,0.25,0.24957671957671945,0.24959546626213291,0.2511869170155382,0.37179017057029806,0.24957671957671945
Wine,LR,Linear,0.15,0.25,0.0,0.0,178,43,0.803015873015873,0.07245714452622969,0.79997557997558,0.07448576417910464,0.795720814561484,0.07457018096311767,0.7094592983864083,0.11043365425331093,label_noise,missing,0.15,0.25,0.182116402116402,0.18580925247591917,0.18915167241811648,0.2686589359209708,0.182116402116402
Wine,RF,Ensemble,0.15,0.25,0.0,0.0,178,42,0.7523809523809525,0.06492238131698481,0.7534387834387835,0.06739367891890882,0.7508501877007625,0.06676713791867134,0.630658129116386,0.09838137210993156,label_noise,missing,0.15,0.25,0.23079365079365077,0.232010952010952,0.23288055891887305,0.34441950682441036,0.23079365079365077
Wine,RF,Ensemble,0.15,0.25,0.0,0.0,178,43,0.830952380952381,0.06811540013055659,0.8296092796092795,0.0703586737272526,0.8281964519742997,0.06971875187145224,0.7510445139648256,0.10443037013550317,label_noise,missing,0.15,0.25,0.15222222222222226,0.15584045584045592,0.15553429464533586,0.2240331219759707,0.15222222222222226
Wine,XGB,Boosting,0.15,0.25,0.0,0.0,178,42,0.6796825396825397,0.04997757118515411,0.6813697413697415,0.05097677244426579,0.6762732855957821,0.05295832796501906,0.5220237771533661,0.07654369222776702,label_noise,missing,0.15,0.25,0.27730158730158727,0.2775800742467409,0.28086780600744476,0.4140213756584641,0.27730158730158727
Wine,XGB,Boosting,0.15,0.25,0.0,0.0,178,43,0.7412698412698412,0.0705751485999089,0.7411599511599511,0.07693572584337721,0.733796822263103,0.07822407367162479,0.6177233977936717,0.10870584677641848,label_noise,missing,0.15,0.25,0.21571428571428575,0.21778986445653126,0.22334426934012386,0.3183217550181585,0.21571428571428575
Wine,SVM,Kernel,0.15,0.25,0.0,0.0,178,42,0.781111111111111,0.04682512779045663,0.7828094128094129,0.04559462421081059,0.7823871666860172,0.04380243477811354,0.6729211547565048,0.07290603852844182,label_noise,missing,0.15,0.25,0.20206349206349217,0.1991739125072458,0.2004449130347482,0.3021079767743441,0.20206349206349217
Wine,SVM,Kernel,0.15,0.25,0.0,0.0,178,43,0.825873015873016,0.05792367764000233,0.8213431013431013,0.06667409736437883,0.8175533184775932,0.06663841631207996,0.7422733494830807,0.08691071539781078,label_noise,missing,0.15,0.25,0.15730158730158716,0.16064022397355737,0.1652787612431722,0.23275578204776826,0.15730158730158716
Wine,MLP,Neural,0.15,0.25,0.0,0.0,178,42,0.6568253968253969,0.06691299917282022,0.6692673992673993,0.06074807292461747,0.6534522463079238,0.07131272170617797,0.5014216100288434,0.08579842199102547,label_noise,missing,0.15,0.25,0.26264550264550257,0.25447959447959456,0.26755840863565605,0.3815706941945015,0.26264550264550257
Wine,MLP,Neural,0.15,0.25,0.0,0.0,178,43,0.753015873015873,0.08349477936315534,0.7536263736263736,0.07974327659383308,0.748985327325378,0.07796947735135562,0.6355753112768372,0.12686529277988826,label_noise,missing,0.15,0.25,0.1664550264550264,0.17012062012062024,0.17202532761820177,0.24741699294650776,0.1664550264550264
Wine,GB,Boosting,0.15,0.25,0.0,0.0,178,42,0.6906349206349207,0.05266971871329261,0.6911732711732712,0.0591336663629366,0.6844773510388282,0.06199274093102635,0.5411681087959053,0.07912680873587687,label_noise,missing,0.15,0.25,0.24015873015873013,0.23771241104574437,0.24748081353739237,0.35745957363016767,0.24015873015873013
Wine,GB,Boosting,0.15,0.25,0.0,0.0,178,43,0.7577777777777778,0.08634599667237289,0.7555555555555556,0.08780824996303487,0.750301392366018,0.08658409207408889,0.6395749883883892,0.1327381732206412,label_noise,missing,0.15,0.25,0.17301587301587307,0.17333012666345993,0.1816567722102026,0.2590526940376837,0.17301587301587307
BreastCancer,LR,Linear,0.15,0.25,0.0,0.0,569,42,0.7873311597578015,0.017186330451012533,0.7645679950359754,0.018632632553551298,0.7711886138534346,0.019058054279195435,0.5544696297258849,0.03808377486858899,label_noise,missing,0.15,0.25,0.1880919111939141,0.20633505028158028,0.2022616315186757,0.39350016995808856,0.1880919111939141
BreastCancer,LR,Linear,0.15,0.25,0.0,0.0,569,43,0.7960099363452879,0.037451077009901225,0.7719892402816955,0.04237995577947726,0.7788206985778716,0.04385715483194129,0.5724240423428457,0.08188186615230382,label_noise,missing,0.15,0.25,0.17941313460642772,0.1989138050358602,0.19462954679423872,0.3755457573411277,0.17941313460642772
BreastCancer,RF,Ensemble,0.15,0.25,0.0,0.0,569,42,0.7856233504114268,0.04512146497507057,0.7753503933778352,0.04722456239351903,0.7765988902951528,0.047328357400919896,0.5547041377986449,0.09468366026714847,label_noise,missing,0.15,0.25,0.17572840656212807,0.182136452763613,0.18191956051789637,0.36399422632127676,0.17572840656212807
BreastCancer,RF,Ensemble,0.15,0.25,0.0,0.0,569,43,0.7977798478497127,0.03633171968607764,0.7838050929983049,0.043942487210192414,0.7861401954589814,0.04254943984673028,0.5779030718485708,0.07970551931595869,label_noise,missing,0.15,0.25,0.16357190912384223,0.17368175314314327,0.1723782553540678,0.34079529227135086,0.16357190912384223
BreastCancer,XGB,Boosting,0.15,0.25,0.0,0.0,569,42,0.7855612482533768,0.01920977958913909,0.7699966051009577,0.022010814192196932,0.7734086485640373,0.02088716711817656,0.5533516158347564,0.042342182544608205,label_noise,missing,0.15,0.25,0.1816384619365522,0.1924028129404518,0.19123715099858374,0.37726909215488136,0.1816384619365522
BreastCancer,XGB,Boosting,0.15,0.25,0.0,0.0,569,43,0.7872380065207267,0.03388081825486727,0.7715135483273625,0.0407242720423575,0.7745240959331131,0.0396306308017431,0.55456381203835,0.07443134814868502,label_noise,missing,0.15,0.25,0.17996170366920228,0.19088586971404697,0.19012170362950798,0.3760568959512878,0.17996170366920228
BreastCancer,SVM,Kernel,0.15,0.25,0.0,0.0,569,42,0.8119391398851109,0.024643956428717275,0.7976553673922384,0.023734846846436668,0.8017262223615423,0.025019247775897178,0.6091810250512629,0.05063409952755787,label_noise,missing,0.15,0.25,0.16347358070692974,0.174440125461525,0.17184542641771938,0.33852133416007657,0.16347358070692974
BreastCancer,SVM,Kernel,0.15,0.25,0.0,0.0,569,43,0.8171091445427727,0.049375487429427274,0.8006825330819917,0.0559675708439596,0.8051750279332541,0.05520127069800224,0.6167229980942389,0.10541370436213399,label_noise,missing,0.15,0.25,0.15830357604926792,0.17141295977177173,0.1683966208460076,0.3309793611171006,0.15830357604926792
BreastCancer,MLP,Neural,0.15,0.25,0.0,0.0,569,42,0.7856699270299643,0.04983918244711852,0.76572804747011,0.05592846986172146,0.7701791727173939,0.057219840033530533,0.5516358245360042,0.11024288524902759,label_noise,missing,0.15,0.25,0.16103089582362973,0.1722905464361354,0.17200128572651385,0.3342240701192083,0.16103089582362973
BreastCancer,MLP,Neural,0.15,0.25,0.0,0.0,569,43,0.7750038813848781,0.04445880222492249,0.7535361771974864,0.037800618615072314,0.7594955609612265,0.04165940009210442,0.5327372318790947,0.09348774661308462,label_noise,missing,0.15,0.25,0.17169694146871595,0.18448241670875898,0.18268489748268124,0.3531226627761178,0.17169694146871595
BreastCancer,GB,Boosting,0.15,0.25,0.0,0.0,569,42,0.7645241422139419,0.019235422927137955,0.7468860126098571,0.013756446214201443,0.7506732631858917,0.01591514435902667,0.508985952718201,0.03706786183798724,label_noise,missing,0.15,0.25,0.1915437561455261,0.2041301836200633,0.20208111253487893,0.3976251384003894,0.1915437561455261
BreastCancer,GB,Boosting,0.15,0.25,0.0,0.0,569,43,0.7890389691041764,0.02829716877388411,0.7757731314045216,0.031684251164834,0.7783395180379887,0.03106439181662805,0.5591313595778555,0.061062753299457526,label_noise,missing,0.15,0.25,0.16702892925529167,0.17524306482539875,0.17441485768278187,0.34747973154073486,0.16702892925529167
Digits,LR,Linear,0.15,0.25,0.0,0.0,1797,42,0.6861389662643145,0.013206383234948863,0.6850892151225212,0.013309246303558344,0.6849770059005845,0.013264922380011805,0.3715520065216123,0.02666599984888495,label_noise,missing,0.15,0.25,0.20664500154750842,0.20771570684009077,0.2077934027186633,0.41429791319219483,0.20664500154750842
Digits,LR,Linear,0.15,0.25,0.0,0.0,1797,43,0.720631383472609,0.016896283440800262,0.7206363285690877,0.016841160760578632,0.7205350080668932,0.016840969522156645,0.44145629745145304,0.03380112102726667,label_noise,missing,0.15,0.25,0.17215258433921388,0.1721685933935243,0.17223540055235464,0.3443936222623541,0.17215258433921388
Digits,RF,Ensemble,0.15,0.25,0.0,0.0,1797,42,0.7846409780253791,0.016392786220315387,0.7841964973840468,0.016323197022944585,0.7841360499106793,0.016409852597132495,0.5695138345393642,0.032545917886688994,label_noise,missing,0.15,0.25,0.19310172289280936,0.19354388783589016,0.19360531116641322,0.38603745778083065,0.19310172289280936
Digits,RF,Ensemble,0.15,0.25,0.0,0.0,1797,43,0.8046703806870937,0.018882592449066038,0.8047204300746952,0.018928294194868498,0.8046169537830439,0.01891715435390792,0.6095828887857861,0.03770739429542769,label_noise,missing,0.15,0.25,0.17307232023109476,0.17301995514524182,0.17312440729404865,0.3459684035344087,0.17307232023109476
Digits,XGB,Boosting,0.15,0.25,0.0,0.0,1797,42,0.7551470133085731,0.01154522497423871,0.7544243127565636,0.011536558399529787,0.7545029821414404,0.011631172748039788,0.5098795422980184,0.022876097712787834,label_noise,missing,0.15,0.25,0.21498555658722796,0.21570381191120713,0.21562755227879193,0.43046673113289,0.21498555658722796
Digits,XGB,Boosting,0.15,0.25,0.0,0.0,1797,43,0.7829712163416899,0.011142893465948017,0.7829744118991133,0.0111925164672886,0.7829345976250085,0.011156419351539625,0.5659379680443848,0.022372070600555446,label_noise,missing,0.15,0.25,0.18716135355411123,0.18715371276865744,0.18719593679522384,0.3744083053865236,0.18716135355411123
Digits,SVM,Kernel,0.15,0.25,0.0,0.0,1797,42,0.7941024450634478,0.017776508797061514,0.7939365940747695,0.017965479599881484,0.7937875351940319,0.017819900213043405,0.5883808960430631,0.03597624742820931,label_noise,missing,0.15,0.25,0.18661095636026004,0.1867812264340939,0.18692461605740007,0.3731281655765569,0.18661095636026004
Digits,SVM,Kernel,0.15,0.25,0.0,0.0,1797,43,0.8046688331785825,0.013178322623233573,0.8047484700166001,0.013119363696300887,0.8046373725326521,0.013170718334882236,0.6095694256189013,0.026209284285261304,label_noise,missing,0.15,0.25,0.17604456824512538,0.17596935049226325,0.17607477871877986,0.35193963600071876,0.17604456824512538
Digits,MLP,Neural,0.15,0.25,0.0,0.0,1797,42,0.7562658619622408,0.0160867111629944,0.7560099584690171,0.01641424714385407,0.7559035116633951,0.016251651675120216,0.5123307268249719,0.03262506112629707,label_noise,missing,0.15,0.25,0.20738006809037457,0.20764270913732208,0.20774120665127527,0.4150286318160722,0.20738006809037457
Digits,MLP,Neural,0.15,0.25,0.0,0.0,1797,43,0.7612488393686165,0.021156011667008798,0.7613005037011704,0.021198498902299516,0.761177045719002,0.021147484932107864,0.5228002164250742,0.04249248605904818,label_noise,missing,0.15,0.25,0.2023970906839988,0.20235216390516875,0.20246767259566834,0.4045591422159699,0.2023970906839988
Digits,GB,Boosting,0.15,0.25,0.0,0.0,1797,42,0.7540297121634169,0.0104679295858175,0.7530807726847,0.010278534512113888,0.7532616621654709,0.010374160489979734,0.5075171193797618,0.021009356255394664,label_noise,missing,0.15,0.25,0.21313473640771696,0.214079204818035,0.2138999749915832,0.4269128332970188,0.21313473640771696
Digits,GB,Boosting,0.15,0.25,0.0,0.0,1797,43,0.7762906220984215,0.006813714243170903,0.7762848756319165,0.0067807025105339125,0.7762303894565337,0.006804481304342726,0.5526676683445374,0.013572051734743696,label_noise,missing,0.15,0.25,0.19087382647271234,0.19087510187081846,0.1909312477005204,0.38176228433224324,0.19087382647271234
Spambase,LR,Linear,0.35,0.1,0.0,0.0,4601,42,0.5994351602700279,0.009352934018635519,0.5889494999545679,0.009034692616079514,0.5833729416766366,0.009127159952217412,0.18783936052204875,0.01967367933726729,label_noise,missing,0.35,0.1,0.3257996191914899,0.3293279163242633,0.3377681752750096,0.6551680000730362,0.3257996191914899
Spambase,LR,Linear,0.35,0.1,0.0,0.0,4601,43,0.6133427748666384,0.011922328719657808,0.6020708469253309,0.0111487557385658,0.5973903556682342,0.010534417310095637,0.21561822891992496,0.025270175831976542,label_noise,missing,0.35,0.1,0.3118920045948794,0.31620656935350033,0.32375076128341196,0.62738913167516,0.3118920045948794
Spambase,RF,Ensemble,0.35,0.1,0.0,0.0,4601,42,0.6057399801727801,0.008327797985551872,0.5955022828101025,0.0072332861486143285,0.5905000102253142,0.005989759854711149,0.20133421956366643,0.017686319822107947,label_noise,missing,0.35,0.1,0.3390555319517222,0.3419096821006954,0.35108995927398456,0.682932595908321,0.3390555319517222
Spambase,RF,Ensemble,0.35,0.1,0.0,0.0,4601,43,0.6266010480101968,0.014344958147766106,0.6155103483444364,0.014100763383658154,0.6114178580812573,0.014229676107343653,0.2435981171246769,0.030415469873318415,label_noise,missing,0.35,0.1,0.3181944641143055,0.3219016165663615,0.3301721114180415,0.6406686983473106,0.3181944641143055
Spambase,XGB,Boosting,0.35,0.1,0.0,0.0,4601,42,0.5924835953358826,0.016416706709967952,0.5842805827715598,0.014838248685937975,0.5814424572069272,0.013492809967448859,0.17464067120332574,0.033112569784338255,label_noise,missing,0.35,0.1,0.35789060410077256,0.3618183960587824,0.36637234186320355,0.7212588123612161,0.35789060410077256
Spambase,XGB,Boosting,0.35,0.1,0.0,0.0,4601,43,0.6183387622149837,0.02093115283597895,0.6091458109427949,0.020978148852129692,0.6068353748642176,0.021397262784375894,0.22613670950916917,0.043636338545494396,label_noise,missing,0.35,0.1,0.3320354372216714,0.33695316788754737,0.3409794242059132,0.6697627740553727,0.3320354372216714
Spambase,SVM,Kernel,0.35,0.1,0.0,0.0,4601,42,0.6074784024925648,0.014620904693859248,0.5973970610137901,0.014092224930216469,0.5927377275717396,0.013836768760506138,0.204902217749992,0.030954308307561393,label_noise,missing,0.35,0.1,0.32543612015924717,0.3288929689708424,0.3365026763354988,0.6541897275469921,0.32543612015924717
Spambase,SVM,Kernel,0.35,0.1,0.0,0.0,4601,43,0.6192078553557099,0.018066095680580305,0.6086558383028831,0.01777860420989371,0.6050589445844214,0.017980311712569752,0.2278127312582921,0.038058595609470586,label_noise,missing,0.35,0.1,0.3137066672961021,0.31763419168174944,0.32418145932281694,0.631279214038692,0.3137066672961021
Spambase,MLP,Neural,0.35,0.1,0.0,0.0,4601,42,0.5944349242316952,0.012223249113934848,0.5858530052022213,0.012378588135212646,0.5825963391727049,0.012898293326393273,0.17792759475532044,0.0253740215440624,label_noise,missing,0.35,0.1,0.342609089049395,0.3468677717747698,0.3512818187690395,0.6900908285697478,0.342609089049395
Spambase,MLP,Neural,0.35,0.1,0.0,0.0,4601,43,0.6018233961195298,0.015815927050877542,0.5928762599259523,0.015571152522299389,0.5902580248971525,0.015681754465125097,0.19221613786355207,0.032389236921793456,label_noise,missing,0.35,0.1,0.3352206171615604,0.3398445170510388,0.34362013304459194,0.6758022854615161,0.3352206171615604
Spambase,GB,Boosting,0.35,0.1,0.0,0.0,4601,42,0.5940041542746541,0.01460690499729669,0.5856740999728732,0.013340191256590136,0.5827181264236934,0.012351784306581655,0.17756776469498856,0.029567315128331443,label_noise,missing,0.35,0.1,0.3536885710239345,0.357311044076958,0.3622390646963958,0.7127139456412832,0.3536885710239345
Spambase,GB,Boosting,0.35,0.1,0.0,0.0,4601,43,0.6189907000896946,0.01812797141383903,0.6100052875993713,0.01856213472567573,0.607884869801721,0.019302529804473237,0.22736913222744065,0.037864858850639976,label_noise,missing,0.35,0.1,0.328702025208894,0.3329798564504599,0.3370723213183682,0.6629125781088312,0.328702025208894
Bank,LR,Linear,0.35,0.1,0.0,0.0,5000,42,0.6081999999999999,0.007025667228100124,0.5199284649277109,0.004881909304992845,0.45769115662449755,0.0047938757386816865,0.07360203163218162,0.020508219822698046,label_noise,missing,0.35,0.1,0.2879333333333334,0.12171085711931207,0.21899607365069718,0.31205863547642465,0.2879333333333334
Bank,LR,Linear,0.35,0.1,0.0,0.0,5000,43,0.6186,0.005953150426454892,0.5243013871291311,0.0042510382425673095,0.470664519428599,0.0023767856814653136,0.08469108176492371,0.01770566972799987,label_noise,missing,0.35,0.1,0.2775333333333332,0.1173379349178919,0.20602271084659574,0.30096958534368257,0.2775333333333332
Bank,RF,Ensemble,0.35,0.1,0.0,0.0,5000,42,0.6081999999999999,0.004445222154178577,0.5183302340386323,0.003964693736419887,0.4520406972892504,0.0048267550458337815,0.06963337281158133,0.016243228727390552,label_noise,missing,0.35,0.1,0.2877333333333335,0.08513470838440751,0.18539975331235908,0.2731919356191744,0.2877333333333335
Bank,RF,Ensemble,0.35,0.1,0.0,0.0,5000,43,0.6164,0.007761443164772909,0.5180083610495196,0.005938660296138204,0.45441593615899023,0.00484234726500464,0.07008227615772265,0.027537195620238382,label_noise,missing,0.35,0.1,0.2795333333333334,0.08545658137352019,0.18302451444261925,0.27274303227303304,0.2795333333333334
Bank,XGB,Boosting,0.35,0.1,0.0,0.0,5000,42,0.5913999999999999,0.011876026271442828,0.5146797674691327,0.009986343904929106,0.4748387733210113,0.009374447939848152,0.042956472587577996,0.029218749934705156,label_noise,missing,0.35,0.1,0.30433333333333334,0.14971802173046855,0.2204387024929635,0.36608478172379566,0.30433333333333334
Bank,XGB,Boosting,0.35,0.1,0.0,0.0,5000,43,0.6104,0.009478396488858237,0.5287987012987013,0.008410468148411732,0.4969221425726049,0.009665766080269634,0.08096457982042418,0.024705190092283627,label_noise,missing,0.35,0.1,0.2853333333333332,0.13559908790089992,0.1983553332413699,0.32807667449094946,0.2853333333333332
Bank,SVM,Kernel,0.35,0.1,0.0,0.0,5000,42,0.6054,0.0027276363393971734,0.5168191184600694,0.002160485903090642,0.4531799608836158,0.006492068120152893,0.06142511692981837,0.007975390014776089,label_noise,missing,0.35,0.1,0.28479999999999994,0.07153610670149768,0.16294744861663646,0.2346488627705642,0.28479999999999994
Bank,SVM,Kernel,0.35,0.1,0.0,0.0,5000,43,0.6136,0.011740528097151348,0.5183713935962412,0.010135950700331015,0.4614317639169312,0.012109708541757129,0.06670691670893107,0.03772002473683711,label_noise,missing,0.35,0.1,0.27659999999999996,0.06998383156532595,0.15469564558332105,0.2293670629914515,0.27659999999999996
Bank,MLP,Neural,0.35,0.1,0.0,0.0,5000,42,0.6014,0.010873821775254559,0.5178695280695582,0.011293926192162396,0.46507877732496467,0.01895656691099332,0.05795661559100066,0.037402392161628356,label_noise,missing,0.35,0.1,0.28959999999999997,0.10133817165909276,0.18160790765729157,0.27621842025326415,0.28959999999999997
Bank,MLP,Neural,0.35,0.1,0.0,0.0,5000,43,0.608,0.009654014708917745,0.5184160859465738,0.013346775358952576,0.471555263739811,0.024254594928540565,0.055482077089861304,0.03986596430322809,label_noise,missing,0.35,0.1,0.28300000000000003,0.10079161378207713,0.17513142124244524,0.27869295875440353,0.28300000000000003
Bank,GB,Boosting,0.35,0.1,0.0,0.0,5000,42,0.5936,0.007683749084919426,0.5132096966041783,0.0066710846979933245,0.4665426177806206,0.0065662989388662945,0.04049490313900814,0.020994548279348907,label_noise,missing,0.35,0.1,0.30079999999999996,0.15265744242264367,0.2284368412993038,0.36550107649955466,0.30079999999999996
Bank,GB,Boosting,0.35,0.1,0.0,0.0,5000,43,0.6130000000000001,0.008876936408468867,0.5251315364005913,0.007930467125087593,0.48308981708480536,0.01071016474960705,0.07731112859381557,0.025262091015786605,label_noise,missing,0.35,0.1,0.2813999999999999,0.14073560262623064,0.21188964199511906,0.3286848510447472,0.2813999999999999
Wine,LR,Linear,0.35,0.1,0.0,0.0,178,42,0.49444444444444446,0.1059979986215126,0.49048729048729045,0.10600908885835025,0.48709147970529043,0.10783492233113717,0.23766231946656227,0.16002532993124854,label_noise,missing,0.35,0.1,0.4906878306878305,0.4952975419642087,0.49778100727431007,0.7404559148408169,0.4906878306878305
Wine,LR,Linear,0.35,0.1,0.0,0.0,178,43,0.6117460317460317,0.09523465602255801,0.6075135975135975,0.09357511554401704,0.6076668789689167,0.09292019986583086,0.4167332102179221,0.1448077341231252,label_noise,missing,0.35,0.1,0.37338624338624327,0.3782712349379017,0.3772056080106838,0.561385024089457,0.37338624338624327
Wine,RF,Ensemble,0.35,0.1,0.0,0.0,178,42,0.5003174603174603,0.05103267174356017,0.4977078477078477,0.05090458192285178,0.4967786831045203,0.0504059542868957,0.24847030991377062,0.07653699837123394,label_noise,missing,0.35,0.1,0.482857142857143,0.48774188774188776,0.4869520635151153,0.7266073260270257,0.482857142857143
Wine,RF,Ensemble,0.35,0.1,0.0,0.0,178,43,0.6122222222222222,0.10419833985588543,0.6095571095571095,0.10118298515601686,0.6052564095119134,0.10172607276857101,0.4198101819021929,0.15840092630558986,label_noise,missing,0.35,0.1,0.37095238095238103,0.37589262589262595,0.37847433710772216,0.5552674540386034,0.37095238095238103
Wine,XGB,Boosting,0.35,0.1,0.0,0.0,178,42,0.47174603174603175,0.05642539003823984,0.4698357198357198,0.05689189384852584,0.47009230415918246,0.056583089830529815,0.2065122458765134,0.08417211871378828,label_noise,missing,0.35,0.1,0.4852380952380952,0.4891140957807626,0.48704878744404445,0.7295329069353168,0.4852380952380952
Wine,XGB,Boosting,0.35,0.1,0.0,0.0,178,43,0.5895238095238095,0.10277750199141769,0.5862237762237762,0.10233293036032536,0.5858038188610272,0.09959618418517681,0.38344093369941373,0.15847254953939993,label_noise,missing,0.35,0.1,0.3674603174603175,0.3727260393927062,0.37133727274219974,0.5526042191124165,0.3674603174603175
Wine,SVM,Kernel,0.35,0.1,0.0,0.0,178,42,0.5393650793650794,0.027316348907046296,0.537900987900988,0.031193768546961743,0.5345716788399302,0.029964066852364944,0.307948684038191,0.04566167568597876,label_noise,missing,0.35,0.1,0.44380952380952376,0.4440823374156707,0.4482604008808352,0.6670804474926579,0.44380952380952376
Wine,SVM,Kernel,0.35,0.1,0.0,0.0,178,43,0.6174603174603174,0.09367634841009083,0.6131468531468531,0.09042317156479932,0.6094054190314883,0.0919901220076601,0.4278295547940282,0.1426935868376553,label_noise,missing,0.35,0.1,0.36571428571428577,0.36883647216980553,0.3734266606892771,0.5471995767368207,0.36571428571428577
Wine,MLP,Neural,0.35,0.1,0.0,0.0,178,42,0.4377777777777778,0.0447005095107036,0.44875679875679875,0.03796553333093058,0.4121101460276284,0.060283955744037714,0.17722297657739347,0.05121397986281076,label_noise,missing,0.35,0.1,0.4816931216931216,0.4749901949901951,0.5089005089159514,0.7057693276459515,0.4816931216931216
Wine,MLP,Neural,0.35,0.1,0.0,0.0,178,43,0.5774603174603173,0.12370019593018858,0.5739083139083139,0.12056186177691473,0.5708865454968295,0.12197059740697785,0.36743651145028083,0.19030519286921085,label_noise,missing,0.35,0.1,0.3420105820105821,0.34983867983868,0.3501241094467503,0.5155557927730641,0.3420105820105821
Wine,GB,Boosting,0.35,0.1,0.0,0.0,178,42,0.46031746031746035,0.04833066169278446,0.45633810633810634,0.04667213339632007,0.4550646393327553,0.04712330373907874,0.18945290217447225,0.0702191563344544,label_noise,missing,0.35,0.1,0.4704761904761905,0.47254757588090923,0.4768935252434653,0.7091747802516006,0.4704761904761905
Wine,GB,Boosting,0.35,0.1,0.0,0.0,178,43,0.5222222222222223,0.11961873588743796,0.521033411033411,0.11742902123525367,0.518635517558409,0.11439569535969617,0.28579483847827974,0.1837763478287515,label_noise,missing,0.35,0.1,0.4085714285714286,0.4078522711856045,0.41332264701781163,0.6128328439477932,0.4085714285714286
BreastCancer,LR,Linear,0.35,0.1,0.0,0.0,569,42,0.6099052942089738,0.04117861881731981,0.5755077369439071,0.03710039133863167,0.5689668708347168,0.03659042404494119,0.17226003429941739,0.09125576409015838,label_noise,missing,0.35,0.1,0.3655177767427419,0.39539530837364856,0.4044833745373936,0.775709765384556,0.3655177767427419
BreastCancer,LR,Linear,0.35,0.1,0.0,0.0,569,43,0.6133364384412359,0.031118309456594957,0.591609710550887,0.031139283075134097,0.5835502011754701,0.03257087130163734,0.20220027301174034,0.06912666425850966,label_noise,missing,0.35,0.1,0.3620866325104798,0.3792933347666687,0.38990004419664026,0.7457695266722331,0.3620866325104798
BreastCancer,RF,Ensemble,0.35,0.1,0.0,0.0,569,42,0.6186616984940227,0.03318613033518639,0.5962846550612507,0.03343471709151751,0.5945485895306979,0.03687373077862183,0.20123981136018268,0.06929210628031988,label_noise,missing,0.35,0.1,0.34269005847953216,0.36120219108019747,0.3639698612823513,0.717458552759739,0.34269005847953216
BreastCancer,RF,Ensemble,0.35,0.1,0.0,0.0,569,43,0.6009470579102624,0.05622851445943933,0.588046685340803,0.05584579393480429,0.585944553903496,0.05700588594338758,0.18337361077323283,0.11776535279990123,label_noise,missing,0.35,0.1,0.36040469906329253,0.36944016080064523,0.3725738969095532,0.7353247533466889,0.36040469906329253
BreastCancer,XGB,Boosting,0.35,0.1,0.0,0.0,569,42,0.6063188945815867,0.016215576887567914,0.5857229206963249,0.025595219580508227,0.581866943783892,0.02799512307972028,0.17792476781803174,0.04784579326152697,label_noise,missing,0.35,0.1,0.3608808156083423,0.37667649734508457,0.38277885577872905,0.752695940171606,0.3608808156083423
BreastCancer,XGB,Boosting,0.35,0.1,0.0,0.0,569,43,0.5940071417481758,0.03754629529883237,0.5848422035480858,0.038121361761119216,0.582842641914034,0.03916898206666879,0.17322465480150098,0.0772466907201553,label_noise,missing,0.35,0.1,0.3731925684417532,0.3775572144933237,0.3818031576485871,0.7573960531881369,0.3731925684417532
BreastCancer,SVM,Kernel,0.35,0.1,0.0,0.0,569,42,0.6361745070641205,0.03476464025341041,0.607325918762089,0.028647201538641247,0.6052640618825939,0.027125655396025235,0.23635152335877913,0.07511556884275618,label_noise,missing,0.35,0.1,0.33923821352792016,0.36476957409167443,0.36830758689666787,0.7113508358525604,0.33923821352792016
BreastCancer,SVM,Kernel,0.35,0.1,0.0,0.0,569,43,0.6273404750815091,0.037456232046079514,0.6101064425770308,0.03505985300886864,0.6071710109290798,0.03433838426057444,0.23635462165608662,0.08310495922234981,label_noise,missing,0.35,0.1,0.3480722455105315,0.36198905027673256,0.36640063785018195,0.7113477375552528,0.3480722455105315
BreastCancer,MLP,Neural,0.35,0.1,0.0,0.0,569,42,0.608104331625524,0.033768658748479924,0.5843085106382978,0.029760134365342146,0.5821237045761295,0.02890109562719435,0.18037751561814924,0.07035520033775836,label_noise,missing,0.35,0.1,0.33859649122807,0.3537100832679476,0.36005675386777825,0.7054823790370632,0.33859649122807
BreastCancer,MLP,Neural,0.35,0.1,0.0,0.0,569,43,0.5851265331470269,0.0406703235233023,0.5666647992530345,0.036799109372485254,0.560502230111817,0.033379749341771486,0.14742160846988697,0.0884682821890412,label_noise,missing,0.35,0.1,0.36157428970656713,0.37135379465321094,0.38167822833209075,0.7384382861853256,0.36157428970656713
BreastCancer,GB,Boosting,0.35,0.1,0.0,0.0,569,42,0.6010091600683124,0.019830459902731877,0.5828376853642812,0.020983129890107987,0.5816897907013219,0.02090655784852331,0.1702632163429265,0.04252070321278453,label_noise,missing,0.35,0.1,0.35505873829115564,0.36817851086563924,0.3710645850194487,0.7363478747756639,0.35505873829115564
BreastCancer,GB,Boosting,0.35,0.1,0.0,0.0,569,43,0.576370128861978,0.05313771888409159,0.5635835667600373,0.053807332607921365,0.5613684766918832,0.054994313031794494,0.13113324967691037,0.11006561915144628,label_noise,missing,0.35,0.1,0.37969776949749,0.3874326294698831,0.39138589902888743,0.7754778414416801,0.37969776949749
Digits,LR,Linear,0.35,0.1,0.0,0.0,1797,42,0.5665196533580934,0.0295355432844031,0.5623047612068808,0.02877622956392161,0.5615497338327061,0.028489017542734908,0.12626725955195545,0.0586923158135525,label_noise,missing,0.35,0.1,0.3262643144537295,0.3305001607557312,0.3312206747865417,0.6595826601618517,0.3262643144537295
Digits,LR,Linear,0.35,0.1,0.0,0.0,1797,43,0.601580006190034,0.02524168186279221,0.6015137101956608,0.02517954043262853,0.6013385427058244,0.02518535739677867,0.2032512941520061,0.0504789839739865,label_noise,missing,0.35,0.1,0.29120396162178885,0.29129121176695116,0.2914318659134234,0.582598625561801,0.29120396162178885
Digits,RF,Ensemble,0.35,0.1,0.0,0.0,1797,42,0.6110229031259672,0.0066255047547408045,0.6066224558960924,0.005244250220334531,0.6059374077112466,0.0046307016187035884,0.2162159674124037,0.012304949462165338,label_noise,missing,0.35,0.1,0.3667197977922213,0.3711179293238446,0.37180395336584593,0.7393353249077912,0.3667197977922213
Digits,RF,Ensemble,0.35,0.1,0.0,0.0,1797,43,0.6099257195914577,0.01969193143014335,0.6098256951334675,0.019530109587854488,0.609480733984285,0.019547584896615212,0.22012628346534738,0.03927867469171454,label_noise,missing,0.35,0.1,0.3678169813267308,0.3679146900864695,0.3682606270928075,0.7354250088548475,0.3678169813267308
Digits,XGB,Boosting,0.35,0.1,0.0,0.0,1797,42,0.5781615598885794,0.03164662306391975,0.5745992635609211,0.031073838854714483,0.5741320780782446,0.031117897922021284,0.1506409404858351,0.06321416934050554,label_noise,missing,0.35,0.1,0.3919710100072217,0.3955288611068497,0.3959984563419877,0.7897053329450733,0.3919710100072217
Digits,XGB,Boosting,0.35,0.1,0.0,0.0,1797,43,0.6071324667285671,0.02408045489668948,0.6071345141391865,0.02401323475241565,0.6068839822621996,0.02402499364039643,0.21454053966326736,0.048104817408772815,label_noise,missing,0.35,0.1,0.36300010316723397,0.36299361052858425,0.3632465521580327,0.725805733767641,0.36300010316723397
Digits,SVM,Kernel,0.35,0.1,0.0,0.0,1797,42,0.5976586196224078,0.006949243037241933,0.5943449905655193,0.007187903502553659,0.5938074440610587,0.0071957707613391425,0.19031047027353723,0.01437496442939928,label_noise,missing,0.35,0.1,0.38305478180130004,0.3863728299433441,0.3869047071903733,0.7711985913460828,0.38305478180130004
Digits,SVM,Kernel,0.35,0.1,0.0,0.0,1797,43,0.6299675023212628,0.029345153814817126,0.6299725751002858,0.02929408203217253,0.6297392247299298,0.02940315796210346,0.2602294105458989,0.05858301748744358,label_noise,missing,0.35,0.1,0.35074589910244514,0.35074524540857754,0.35097292652150214,0.7012796510737211,0.35074589910244514
Digits,MLP,Neural,0.35,0.1,0.0,0.0,1797,42,0.5809733828536057,0.03384433309589008,0.5775028853023614,0.03270873214356775,0.5770791237479708,0.03246262072542401,0.1566620722121589,0.06658179284261775,label_noise,missing,0.35,0.1,0.38267254719900967,0.3861497823039778,0.3865655945666996,0.7706972864288852,0.38267254719900967
Digits,MLP,Neural,0.35,0.1,0.0,0.0,1797,43,0.5960136180748995,0.03731664809321707,0.5958835946871713,0.037539327207933744,0.5944487762207816,0.038107694711392866,0.19295429133571657,0.07522047162015706,label_noise,missing,0.35,0.1,0.36763231197771584,0.3677690729191678,0.36919594209388873,0.7344050673053275,0.36763231197771584
Digits,GB,Boosting,0.35,0.1,0.0,0.0,1797,42,0.5809470752089136,0.021426829112349735,0.5773303167420815,0.0216875276119084,0.5767101984749161,0.02171884033325294,0.15608232901775193,0.04381784963303596,label_noise,missing,0.35,0.1,0.3862173733622202,0.3898296607606535,0.39045143868213794,0.7783476236590288,0.3862173733622202
Digits,GB,Boosting,0.35,0.1,0.0,0.0,1797,43,0.580422469823584,0.0199548689738052,0.5803237962331338,0.01991662728494839,0.5796871885174576,0.019614713392617816,0.16125430502144877,0.040238685042452794,label_noise,missing,0.35,0.1,0.3867419787475498,0.3868361812696012,0.38747444863959646,0.7731756476553319,0.3867419787475498
Spambase,LR,Linear,0.35,0.25,0.0,0.0,4601,42,0.5946556200726998,0.012896099444027198,0.5833274177787037,0.01238003662956775,0.5761292370374763,0.012470019879622039,0.17784204088312694,0.027549001618926715,label_noise,missing,0.35,0.25,0.330579159388818,0.3349499985001275,0.3450118799141698,0.665165319711958,0.330579159388818
Spambase,LR,Linear,0.35,0.25,0.0,0.0,4601,43,0.6053037813340886,0.015003945058673371,0.5923577900250712,0.014745338939725681,0.5849272991430512,0.014953045262951326,0.1985361524140891,0.0320874791027492,label_noise,missing,0.35,0.25,0.3199309981274292,0.32591962625376003,0.33621381780859494,0.6444712081809959,0.3199309981274292
Spambase,RF,Ensemble,0.35,0.25,0.0,0.0,4601,42,0.6083496199782845,0.008566925955276836,0.5983000277008708,0.007775268953351129,0.5935663266307255,0.00726514598696059,0.20685149598175756,0.017831859249499336,label_noise,missing,0.35,0.25,0.3364458921462178,0.33911193720992716,0.34802364286857324,0.6774153194902299,0.3364458921462178
Spambase,RF,Ensemble,0.35,0.25,0.0,0.0,4601,43,0.6242080913940424,0.01947384880034522,0.6134695423956665,0.01927820072835911,0.6097434509724605,0.01950950136335593,0.2384662573923481,0.04120694113468474,label_noise,missing,0.35,0.25,0.32058742073045987,0.3239424225151314,0.3318465185268382,0.6458005580796393,0.32058742073045987
Spambase,XGB,Boosting,0.35,0.25,0.0,0.0,4601,42,0.5946551479960346,0.012856614489630403,0.5862311082876611,0.012242366164810045,0.583182624311025,0.012052703816957786,0.17864268421147694,0.026394994225546323,label_noise,missing,0.35,0.25,0.35571905144062055,0.3598678705426811,0.3646321747591058,0.717256799353065,0.35571905144062055
Spambase,XGB,Boosting,0.35,0.25,0.0,0.0,4601,43,0.6137773214370015,0.015573289027857345,0.60416575566797,0.015533966273741111,0.6011652290716901,0.01591227902187987,0.2167553002602783,0.03224343325045954,label_noise,missing,0.35,0.25,0.33659687799965365,0.3419332231623722,0.34664956999844065,0.6791441833042635,0.33659687799965365
Spambase,SVM,Kernel,0.35,0.25,0.0,0.0,4601,42,0.6050880422980691,0.013343960287777219,0.5942758761628653,0.013411219673651945,0.5882710518513012,0.014252624600093267,0.19986995472302665,0.02859337089491444,label_noise,missing,0.35,0.25,0.32782648035374284,0.33201415382176724,0.34096935205593715,0.6592219905739574,0.32782648035374284
Spambase,SVM,Kernel,0.35,0.25,0.0,0.0,4601,43,0.6146440541944012,0.015343009178608603,0.6033585443205565,0.014973859697877954,0.5986636270094893,0.01508176090537002,0.21832932427157486,0.03253623596956419,label_noise,missing,0.35,0.25,0.3182704684574108,0.32293148566407603,0.3305767768977491,0.6407626210254092,0.3182704684574108
Spambase,MLP,Neural,0.35,0.25,0.0,0.0,4601,42,0.5976974460652411,0.01076249014641482,0.58849699977157,0.011444714401462056,0.5845487705785501,0.012685348661325044,0.18431823672735756,0.022869460434056306,label_noise,missing,0.35,0.25,0.3393465672158491,0.3442237772054211,0.3493293873631943,0.6837001865977106,0.3393465672158491
Spambase,MLP,Neural,0.35,0.25,0.0,0.0,4601,43,0.600087570221404,0.019599685068193214,0.5897941761070268,0.019546070305606407,0.5852698092776139,0.02023460881028203,0.18840130834735963,0.04070268015831882,label_noise,missing,0.35,0.25,0.3369564430596862,0.3429266008699643,0.3486083486641306,0.6796171149777086,0.3369564430596862
Spambase,GB,Boosting,0.35,0.25,0.0,0.0,4601,42,0.591179011471463,0.01483411864387889,0.5823254411797015,0.013816475912001781,0.5787276000168151,0.013064468140226663,0.1713569462647829,0.03078700537288115,label_noise,missing,0.35,0.25,0.3565137138271256,0.3606597028701297,0.366229591103274,0.7189247640714889,0.3565137138271256
Spambase,GB,Boosting,0.35,0.25,0.0,0.0,4601,43,0.6159488740971534,0.017075960623287832,0.6059646799398554,0.016505719049879575,0.6027953380868736,0.01629478387425191,0.22126731876106134,0.035654221765632765,label_noise,missing,0.35,0.25,0.33174385120143524,0.3370204641099759,0.34216185303321556,0.6690143915752105,0.33174385120143524
Bank,LR,Linear,0.35,0.25,0.0,0.0,5000,42,0.6026,0.011429785649783648,0.5114900068687072,0.009592117176715244,0.44038532419740645,0.009810908464581745,0.04764759973956645,0.037881199078711236,label_noise,missing,0.35,0.25,0.2935333333333332,0.13014931517831585,0.23630190607778828,0.3380130673690398,0.2935333333333332
Bank,LR,Linear,0.35,0.25,0.0,0.0,5000,43,0.6132,0.0059126981996377986,0.515902673292155,0.006108620696802131,0.45424410444134133,0.00862624603877424,0.05855014061790832,0.02291093025213237,label_noise,missing,0.35,0.25,0.28293333333333326,0.125736648754868,0.2224431258338534,0.32711052649069794,0.28293333333333326
Bank,RF,Ensemble,0.35,0.25,0.0,0.0,5000,42,0.6042,0.0031874754901018484,0.511034326782932,0.003033616155739472,0.43425124652690206,0.008711507439969663,0.04641516508574086,0.012802814629416483,label_noise,missing,0.35,0.25,0.2917333333333334,0.0924306156401078,0.20318920407470742,0.29641014334501486,0.2917333333333334
Bank,RF,Ensemble,0.35,0.25,0.0,0.0,5000,43,0.6167999999999999,0.005153639490690054,0.5153921675377469,0.004601844653712468,0.44403036067394863,0.009248591724578398,0.06458131946990482,0.019324798649130216,label_noise,missing,0.35,0.25,0.27913333333333346,0.08807277488529297,0.19341008992766084,0.2782439889608509,0.27913333333333346
Bank,XGB,Boosting,0.35,0.25,0.0,0.0,5000,42,0.591,0.010917875251164954,0.5119523881322142,0.011438567129555594,0.46746662508183007,0.015210468989700052,0.03530384060975089,0.032902176336740294,label_noise,missing,0.35,0.25,0.3047333333333333,0.15244540106738702,0.22781085073214474,0.3737374137016228,0.3047333333333333
Bank,XGB,Boosting,0.35,0.25,0.0,0.0,5000,43,0.6018000000000001,0.013905394636614969,0.515456706657164,0.013209160213498912,0.47449456684676106,0.014733719346357031,0.046582660454107735,0.04078629366116645,label_noise,missing,0.35,0.25,0.29393333333333316,0.1489410825424372,0.22078290896721375,0.3624585938572659,0.29393333333333316
Bank,SVM,Kernel,0.35,0.25,0.0,0.0,5000,42,0.6,0.003898717737923589,0.508900839322511,0.003326386007211641,0.43728727174298687,0.006102349421385832,0.034722283413997704,0.012857192653191818,label_noise,missing,0.35,0.25,0.2902,0.07945438583905617,0.17884013775726537,0.2613516962863849,0.2902
Bank,SVM,Kernel,0.35,0.25,0.0,0.0,5000,43,0.616,0.004335896677735764,0.5188539027029881,0.0043897910489694575,0.45801576654027737,0.009251279546020473,0.0695542944793139,0.015188496595635837,label_noise,missing,0.35,0.25,0.2742,0.06950132245857898,0.15811164295997487,0.2265196852210687,0.2742
Bank,MLP,Neural,0.35,0.25,0.0,0.0,5000,42,0.6066,0.01278436545159752,0.520472935618435,0.013424764054148622,0.46280850674421414,0.020838741865988553,0.07044819920713956,0.042621557534972807,label_noise,missing,0.35,0.25,0.2844,0.09873476411021598,0.1838781782380421,0.26372683663712526,0.2844
Bank,MLP,Neural,0.35,0.25,0.0,0.0,5000,43,0.6098,0.0018330302779823377,0.5208611155105057,0.007701407474842994,0.47521156670250464,0.020961879831009674,0.06331384683442652,0.017754125172871667,label_noise,missing,0.35,0.25,0.2812,0.09834658421814524,0.1714751182797516,0.2708611890098383,0.2812
Bank,GB,Boosting,0.35,0.25,0.0,0.0,5000,42,0.5896,0.00755248303539969,0.5061801611633244,0.008413976201283552,0.4520320011905004,0.013037864184843876,0.019319533792666013,0.026414769808793155,label_noise,missing,0.35,0.25,0.30479999999999996,0.1596869778634975,0.242947457889424,0.3866764458458968,0.30479999999999996
Bank,GB,Boosting,0.35,0.25,0.0,0.0,5000,43,0.6032,0.008255906976220124,0.5147337101414846,0.008181402471349786,0.469971663558037,0.010478789195888122,0.0453037690436499,0.025785586791739985,label_noise,missing,0.35,0.25,0.2912,0.15113342888533732,0.22500779552188743,0.36069221059491285,0.2912
Wine,LR,Linear,0.35,0.25,0.0,0.0,178,42,0.4996825396825397,0.08513117351745811,0.4971139971139971,0.08391151568201403,0.4889199798596942,0.08104961679098067,0.2525673346569075,0.12803249996914146,label_noise,missing,0.35,0.25,0.4854497354497353,0.48867083533750205,0.4959525071199063,0.7255508996504716,0.4854497354497353
Wine,LR,Linear,0.35,0.25,0.0,0.0,178,43,0.5784126984126984,0.07010304476886475,0.5761460761460763,0.06750198442643185,0.5723072437351614,0.0697480933462221,0.3689288896321286,0.1058983527250601,label_noise,missing,0.35,0.25,0.4067195767195766,0.4096387563054229,0.4125652432444391,0.6091893446752505,0.4067195767195766
Wine,RF,Ensemble,0.35,0.25,0.0,0.0,178,42,0.5003174603174603,0.037010345635394945,0.4979242979242978,0.03626714561101255,0.49508533978099195,0.036387886687619456,0.2520685402466784,0.0555990494923062,label_noise,missing,0.35,0.25,0.482857142857143,0.48752543752543764,0.4886454068386436,0.723009095694118,0.482857142857143
Wine,RF,Ensemble,0.35,0.25,0.0,0.0,178,43,0.5782539682539682,0.08475001402833494,0.576045066045066,0.08060325184986221,0.5705474026204815,0.08175589842344476,0.3698793093777285,0.13018442816743553,label_noise,missing,0.35,0.25,0.404920634920635,0.40940466940466946,0.413183343999154,0.6051983265630678,0.404920634920635
Wine,XGB,Boosting,0.35,0.25,0.0,0.0,178,42,0.46603174603174596,0.0558482087786558,0.4638528138528139,0.053980118626152526,0.4579887015829045,0.05064646362856842,0.20035767379348285,0.08098561744862834,label_noise,missing,0.35,0.25,0.490952380952381,0.4950970017636685,0.4991523900203224,0.7356874790183474,0.490952380952381
Wine,XGB,Boosting,0.35,0.25,0.0,0.0,178,43,0.5107936507936508,0.10549837334066257,0.5100777000777,0.10421819227606927,0.506383163408335,0.10542974116578274,0.2646087554704918,0.16122922547910407,label_noise,missing,0.35,0.25,0.44619047619047614,0.44887211553878237,0.4507579281948919,0.6714363973413384,0.44619047619047614
Wine,SVM,Kernel,0.35,0.25,0.0,0.0,178,42,0.49952380952380954,0.0428089087772383,0.49827394827394833,0.04364348206164524,0.4948030659994679,0.04005358517800279,0.2514512197844433,0.06174686714683163,label_noise,missing,0.35,0.25,0.4836507936507936,0.48370937704271033,0.4880290137212975,0.7235779117464056,0.4836507936507936
Wine,SVM,Kernel,0.35,0.25,0.0,0.0,178,43,0.6228571428571429,0.09507578762117273,0.6187024087024088,0.09186180731033572,0.6160084871088038,0.08973852561874222,0.4358460877834882,0.1468658641780431,label_noise,missing,0.35,0.25,0.36031746031746026,0.3632809166142499,0.3668235926119615,0.5391830437473607,0.36031746031746026
Wine,MLP,Neural,0.35,0.25,0.0,0.0,178,42,0.3758730158730159,0.04788970699723667,0.3905705405705406,0.047111184107546236,0.35001340421377464,0.0596172167517935,0.08201362762613076,0.06853552482292716,label_noise,missing,0.35,0.25,0.5435978835978835,0.5331764531764533,0.5709972507298051,0.8009786765972142,0.5435978835978835
Wine,MLP,Neural,0.35,0.25,0.0,0.0,178,43,0.48841269841269835,0.057405920054855133,0.4869619269619269,0.05821368744619107,0.452592435736452,0.060724928056058954,0.24834005808899243,0.09768532747604833,label_noise,missing,0.35,0.25,0.4310582010582011,0.43678506678506696,0.4684182192071278,0.6346522461343526,0.4310582010582011
Wine,GB,Boosting,0.35,0.25,0.0,0.0,178,42,0.5111111111111111,0.039206670521143336,0.5031968031968032,0.035009210650533584,0.4995624198684278,0.03163892565730565,0.2633528195436751,0.058286786050373796,label_noise,missing,0.35,0.25,0.41968253968253977,0.4256888790222124,0.4323957447077928,0.6352748628823979,0.41968253968253977
Wine,GB,Boosting,0.35,0.25,0.0,0.0,178,43,0.4938095238095238,0.07631999573212302,0.49053613053613054,0.07205535295781977,0.48734201694185453,0.07120416142195175,0.23927664568684381,0.11695183725705048,label_noise,missing,0.35,0.25,0.43698412698412703,0.43834955168288503,0.4446161476343661,0.6593510367392291,0.43698412698412703
BreastCancer,LR,Linear,0.35,0.25,0.0,0.0,569,42,0.6221549448843346,0.034056593591672055,0.5865490006447454,0.0229512604014116,0.5777572456727003,0.015203776397319933,0.2097016511311461,0.09098573900470953,label_noise,missing,0.35,0.25,0.353268126067381,0.3843540446728103,0.3956929996994101,0.7382681485528273,0.353268126067381
BreastCancer,LR,Linear,0.35,0.25,0.0,0.0,569,43,0.6010091600683124,0.029760819178491167,0.580203548085901,0.028432064250239517,0.5720490693189317,0.02845782758298249,0.17718775283478927,0.06532307569277561,label_noise,missing,0.35,0.25,0.37441391088340326,0.39069949723165465,0.4014011760531786,0.7707820468491842,0.37441391088340326
BreastCancer,RF,Ensemble,0.35,0.25,0.0,0.0,569,42,0.5904207421207888,0.049050592564065916,0.5650467440361057,0.04325241674557614,0.5615328602391967,0.04338190011145342,0.14157342321761798,0.09509659611247749,label_noise,missing,0.35,0.25,0.37093101485276614,0.3924401021053425,0.3969855905738525,0.7771249409023037,0.37093101485276614
BreastCancer,RF,Ensemble,0.35,0.25,0.0,0.0,569,43,0.5711224965067536,0.03326737311221727,0.5603548085901027,0.030699484974288857,0.5576504093979316,0.029373853127686724,0.12573914643359996,0.06802543690721703,label_noise,missing,0.35,0.25,0.3902292604668013,0.3971320375513455,0.40086804141511756,0.7929592176863217,0.3902292604668013
BreastCancer,XGB,Boosting,0.35,0.25,0.0,0.0,569,42,0.6028566992702997,0.028969092485825385,0.5804198903932946,0.02756589829581609,0.5791569073866409,0.027825820839453598,0.1681994657587847,0.05806257826870686,label_noise,missing,0.35,0.25,0.3643430109196293,0.38197952764811494,0.38548889217598015,0.7624212422308532,0.3643430109196293
BreastCancer,XGB,Boosting,0.35,0.25,0.0,0.0,569,43,0.595792578792113,0.03218961442913329,0.584483660130719,0.029488810148716144,0.5832904248633929,0.02900014259876521,0.17431984351313456,0.06214466560715512,label_noise,missing,0.35,0.25,0.371407131397816,0.37791575791069054,0.3813553746992282,0.7563008644765032,0.371407131397816
BreastCancer,SVM,Kernel,0.35,0.25,0.0,0.0,569,42,0.6361745070641206,0.03476464025341045,0.6054440683430045,0.029817498889233834,0.6020606431587824,0.029764431337961673,0.23456897115589234,0.07700079026030522,label_noise,missing,0.35,0.25,0.33923821352792005,0.36665142451075894,0.37151100562047934,0.7131333880554471,0.33923821352792005
BreastCancer,SVM,Kernel,0.35,0.25,0.0,0.0,569,43,0.608042229467474,0.031219902800197076,0.59193837535014,0.026903083334963232,0.5888304554901884,0.024232536973781933,0.1967526282980024,0.06753664296844325,label_noise,missing,0.35,0.25,0.36737049112456666,0.38015711750362335,0.3847411932890733,0.750949730913337,0.36737049112456666
BreastCancer,MLP,Neural,0.35,0.25,0.0,0.0,569,42,0.6098121409718988,0.031046987775805786,0.5857350096711799,0.028296860156446016,0.5851079993577759,0.02837368632641109,0.18052751292187635,0.062499970784843484,label_noise,missing,0.35,0.25,0.3368886818816952,0.35228358423506556,0.35707245908613183,0.7053323817333361,0.3368886818816952
BreastCancer,MLP,Neural,0.35,0.25,0.0,0.0,569,43,0.5921751280857009,0.04748578582279391,0.5748814192343604,0.0407151935121533,0.5684820685515414,0.036018311497826624,0.16811707159936626,0.10118683307355754,label_noise,missing,0.35,0.25,0.3545256947678931,0.363137174671885,0.37369838989236637,0.7177428230558462,0.3545256947678931
BreastCancer,GB,Boosting,0.35,0.25,0.0,0.0,569,42,0.5869740723490141,0.019612241043553302,0.5660823662153449,0.02532670013576387,0.5635347821353294,0.027477118789080365,0.13611428248221671,0.049158772131655745,label_noise,missing,0.35,0.25,0.36909382601045393,0.3849338300145755,0.3892195935854412,0.7704968086363737,0.36909382601045393
BreastCancer,GB,Boosting,0.35,0.25,0.0,0.0,569,43,0.564027324949542,0.03978803530376224,0.5554603174603174,0.041017769293001806,0.5549008519024952,0.04121886576082333,0.11219415123728811,0.08333033798579546,label_noise,missing,0.35,0.25,0.39204057340992604,0.39555587876960296,0.39785352381827543,0.7944169398813022,0.39204057340992604
Digits,LR,Linear,0.35,0.25,0.0,0.0,1797,42,0.5570427112349118,0.019474100923447108,0.5523144704783189,0.019149300928580283,0.5510907930592703,0.01908729443498487,0.10617570243494993,0.03920126646758403,label_noise,missing,0.35,0.25,0.3357412565769111,0.340490451484293,0.3416796155599775,0.6796742172788572,0.3357412565769111
Digits,LR,Linear,0.35,0.25,0.0,0.0,1797,43,0.5665227483751162,0.02108877556082021,0.56654909587652,0.021021718943094125,0.5662909092451035,0.021359569040219715,0.13317732597021376,0.04196832394933543,label_noise,missing,0.35,0.25,0.3262612194367067,0.32625582608609194,0.32647949937414433,0.6526725937435933,0.3262612194367067
Digits,RF,Ensemble,0.35,0.25,0.0,0.0,1797,42,0.6021092541008976,0.022841500108647467,0.5962672431164929,0.022204291809696353,0.5944979649462692,0.0219054088878548,0.1972616424550016,0.046520736937717015,label_noise,missing,0.35,0.25,0.37563344681729094,0.3814731421034441,0.38324339613082337,0.7582896498651932,0.37563344681729094
Digits,RF,Ensemble,0.35,0.25,0.0,0.0,1797,43,0.6054781801299908,0.018532809066384208,0.6055297864305009,0.01850803934553624,0.6050993511630174,0.018870403986049934,0.21139802533884477,0.03674519593424627,label_noise,missing,0.35,0.25,0.3722645207881977,0.3722105987894361,0.37264200991407515,0.7441532669813501,0.3722645207881977
Digits,XGB,Boosting,0.35,0.25,0.0,0.0,1797,42,0.5653806870937791,0.008624900102193585,0.5625559199076704,0.008523394013284695,0.5622551535701812,0.008391687320270715,0.12575636989601935,0.017195776324245213,label_noise,missing,0.35,0.25,0.404751882802022,0.40757220476010037,0.40787538085005115,0.814589903534889,0.404751882802022
Digits,XGB,Boosting,0.35,0.25,0.0,0.0,1797,43,0.5765304859176725,0.01856546315728802,0.5765371625077899,0.018569609572685726,0.5761223802427373,0.01874022900243568,0.15333060926297304,0.03710077214858313,label_noise,missing,0.35,0.25,0.39360208397812857,0.3935909621599809,0.394008154177495,0.7870156641679353,0.39360208397812857
Digits,SVM,Kernel,0.35,0.25,0.0,0.0,1797,42,0.5943268337975859,0.015905706527855,0.5907056625203804,0.015738013924191573,0.5902215379916417,0.015976015013094213,0.18306385969221867,0.03172109503987875,label_noise,missing,0.35,0.25,0.386386567626122,0.390012157988483,0.3904906132597903,0.7784452019274013,0.386386567626122
Digits,SVM,Kernel,0.35,0.25,0.0,0.0,1797,43,0.6127096874032807,0.023334947292559794,0.6127958069173309,0.023322042557085535,0.6123679243523558,0.023496656971078105,0.22596770158895385,0.0464904650041531,label_noise,missing,0.35,0.25,0.3680037140204272,0.3679220135915324,0.3683442268990762,0.7355413600306662,0.3680037140204272
Digits,MLP,Neural,0.35,0.25,0.0,0.0,1797,42,0.5776477870628288,0.020081587751765197,0.5732679942110759,0.020185230372602347,0.572433671916177,0.020434157604710082,0.14827801325446868,0.04059115660260375,label_noise,missing,0.35,0.25,0.3859981429897865,0.3903846733952633,0.39121104639849336,0.7790813453865755,0.3859981429897865
Digits,MLP,Neural,0.35,0.25,0.0,0.0,1797,43,0.5559687403280718,0.034670732266203964,0.5558419752863784,0.03488120854539682,0.5548606167109643,0.03551721998600936,0.1119662670791759,0.06966773456112285,label_noise,missing,0.35,0.25,0.4076771897245436,0.4078106923199608,0.40878410160370604,0.8153930915618682,0.4076771897245436
Digits,GB,Boosting,0.35,0.25,0.0,0.0,1797,42,0.5631569173630455,0.027816577453328956,0.5589812592741861,0.028114464736207892,0.5581756697145176,0.028613522178166612,0.1191212885964601,0.056732495570425534,label_noise,missing,0.35,0.25,0.4040075312080883,0.4081787182285489,0.40898596744253646,0.8153086640803205,0.4040075312080883
Digits,GB,Boosting,0.35,0.25,0.0,0.0,1797,43,0.5898792943361189,0.022429063800970983,0.5898555268212953,0.022442775742057653,0.5894716414002188,0.022437978913941087,0.18005616320202888,0.045016690403956915,label_noise,missing,0.35,0.25,0.37728515423501496,0.3773044506814397,0.37768999575683526,0.7543737894747518,0.37728515423501496
Spambase,LR,Linear,0.15,0.0,0.2,0.0,4601,42,0.7691807109474579,0.01379163454592081,0.7510688769792446,0.014481528145652714,0.7557784198996446,0.014861373761206035,0.5219439419874797,0.02923949839337444,label_noise,feature_noise,0.15,0.2,0.1560540685140599,0.16720853929958657,0.16536269705200157,0.32106341860760523,0.1560540685140599
Spambase,LR,Linear,0.15,0.0,0.2,0.0,4601,43,0.769832412783836,0.004326265757153625,0.752754052856195,0.004629241333978453,0.7572444469001745,0.0045838456676459,0.5263367112360495,0.009538685364518741,label_noise,feature_noise,0.15,0.2,0.1554023666776818,0.16552336342263618,0.16389667005147168,0.31667064935903544,0.1554023666776818
Spambase,RF,Ensemble,0.15,0.0,0.2,0.0,4601,42,0.7883059528867488,0.00994325249240233,0.7724322715980378,0.010198690767063378,0.7771931785478007,0.01035368900606682,0.5624071350237472,0.02090423479773931,label_noise,feature_noise,0.15,0.2,0.15648955923775354,0.16497969331276008,0.16439679095149806,0.3218596804482403,0.15648955923775354
Spambase,RF,Ensemble,0.15,0.0,0.2,0.0,4601,43,0.7889550583014682,0.011897996798523713,0.7733194851885921,0.009848111826065127,0.7782336984765883,0.01090965668266716,0.5667173728925434,0.02615733909635984,label_noise,feature_noise,0.15,0.2,0.15584045382303413,0.16409247972220586,0.16335627102271044,0.31754944257944406,0.15584045382303413
Spambase,XGB,Boosting,0.15,0.0,0.2,0.0,4601,42,0.7843962139451446,0.01191000362093646,0.7701710007830437,0.01204375633530496,0.7742158390686635,0.012399430307988346,0.5540273108769103,0.02487550142499936,label_noise,feature_noise,0.15,0.2,0.16597798549151055,0.17592797804729854,0.17359896000146724,0.3418721726876316,0.16597798549151055
Spambase,XGB,Boosting,0.15,0.0,0.2,0.0,4601,43,0.7835238162677619,0.007707949069010244,0.770311108531902,0.005182687540324515,0.7741974142984226,0.006301650739173937,0.5546945968643745,0.015964479040150772,label_noise,feature_noise,0.15,0.2,0.16685038316889322,0.17578787029844023,0.17361738477170818,0.34120488670016735,0.16685038316889322
Spambase,SVM,Kernel,0.15,0.0,0.2,0.0,4601,42,0.7854808100835575,0.013350128581809801,0.7702668101351904,0.014104410785593434,0.7746900406241698,0.014305353424128081,0.5562347864447137,0.028015122131837163,label_noise,feature_noise,0.15,0.2,0.14743371256825444,0.15602321984944212,0.1545503632830686,0.3028571588522704,0.14743371256825444
Spambase,SVM,Kernel,0.15,0.0,0.2,0.0,4601,43,0.7843919652551575,0.010802645043522872,0.7706203023221914,0.008336630640271774,0.7747407221928737,0.009504814522213299,0.5567233550240687,0.02287090000068205,label_noise,feature_noise,0.15,0.2,0.14852255739665443,0.15566972766244114,0.15449968171436468,0.3023685902729154,0.14852255739665443
Spambase,MLP,Neural,0.15,0.0,0.2,0.0,4601,42,0.7765724873719492,0.01664751104098603,0.7642440113773443,0.01698905899073433,0.767163559687154,0.017431209057955917,0.5387734207205882,0.03418272198105322,label_noise,feature_noise,0.15,0.2,0.16047152590914104,0.16847676559964675,0.16671459825459045,0.32924500260448,0.16047152590914104
Spambase,MLP,Neural,0.15,0.0,0.2,0.0,4601,43,0.7761341641882641,0.012700598242907618,0.7619256871545226,0.012500309646361936,0.7658606199609181,0.012829398231795028,0.5393205287278888,0.02685794602305283,label_noise,feature_noise,0.15,0.2,0.16090984909282613,0.1707950898224685,0.1680175379808263,0.32869789459717935,0.16090984909282613
Spambase,GB,Boosting,0.15,0.0,0.2,0.0,4601,42,0.7811341641882642,0.008828412628275117,0.7656710512675764,0.00940662720097896,0.7699794258259524,0.009395744482322967,0.5474294888195309,0.018426528571873196,label_noise,feature_noise,0.15,0.2,0.1665585611103244,0.17731409278225485,0.17497776529413678,0.3428522215167409,0.1665585611103244
Spambase,GB,Boosting,0.15,0.0,0.2,0.0,4601,43,0.7820025492139924,0.006763755813993551,0.7683369214751388,0.006293951450456144,0.7722879905681431,0.006503013719687279,0.5514796764218196,0.014087073769292208,label_noise,feature_noise,0.15,0.2,0.16569017608459624,0.17464822257469248,0.172669200551946,0.3388020339144522,0.16569017608459624
Bank,LR,Linear,0.15,0.0,0.2,0.0,5000,42,0.7726000000000001,0.005953150426454892,0.5629846497342367,0.011517645873944094,0.5584101514787425,0.017142425167129275,0.22105957126160053,0.03184808041329308,label_noise,feature_noise,0.15,0.2,0.12353333333333316,0.07865467231278633,0.11827707879645222,0.16460109584700572,0.12353333333333316
Bank,LR,Linear,0.15,0.0,0.2,0.0,5000,43,0.7708,0.009368030742904303,0.5444673373259549,0.007499591991113476,0.5313322193613251,0.009941310878070257,0.1734100139834761,0.039741528917771725,label_noise,feature_noise,0.15,0.2,0.12533333333333319,0.09717198472106814,0.1453550109138696,0.21225065312513014,0.12533333333333319
Bank,RF,Ensemble,0.15,0.0,0.2,0.0,5000,42,0.7654000000000001,0.005678027826631361,0.5347013824209219,0.009093765000526064,0.5095463806254885,0.014363157583168784,0.1567894468380364,0.037361386515300014,label_noise,feature_noise,0.15,0.2,0.13053333333333328,0.06876356000211792,0.12789406997612096,0.18603586159271931,0.13053333333333328
Bank,RF,Ensemble,0.15,0.0,0.2,0.0,5000,43,0.7698,0.005114684741017774,0.5241524785353384,0.004971683040504897,0.4905887326465018,0.00993745222073213,0.13092843272180102,0.029824767556203304,label_noise,feature_noise,0.15,0.2,0.12613333333333332,0.07931246388770141,0.14685171795510765,0.21189687570895469,0.12613333333333332
Bank,XGB,Boosting,0.15,0.0,0.2,0.0,5000,42,0.7651999999999999,0.007413501197140262,0.558679994538854,0.010895811799374055,0.5540551564521821,0.015643298681297085,0.19510084546958484,0.03543313808017156,label_noise,feature_noise,0.15,0.2,0.1305333333333334,0.10571779466074727,0.14122231936179275,0.21394040884178883,0.1305333333333334
Bank,XGB,Boosting,0.15,0.0,0.2,0.0,5000,43,0.7694000000000001,0.01092886087385141,0.5504000295011426,0.009163984335817025,0.542743493558306,0.011099801113739958,0.17956061674277884,0.04397562436186973,label_noise,feature_noise,0.15,0.2,0.1263333333333332,0.1139977596984586,0.15253398225566883,0.22948063756859483,0.1263333333333332
Bank,SVM,Kernel,0.15,0.0,0.2,0.0,5000,42,0.7660000000000001,0.005549774770204648,0.5353774024510705,0.00782667742273027,0.5105536118600752,0.012190372842578427,0.16097917219100416,0.03737778180913073,label_noise,feature_noise,0.15,0.2,0.12419999999999987,0.05297782271049667,0.10557379764017705,0.1350948075093784,0.12419999999999987
Bank,SVM,Kernel,0.15,0.0,0.2,0.0,5000,43,0.768,0.0056920997883030885,0.5307206636698037,0.003804544177128264,0.506230504317966,0.006620340701333012,0.13736507361273828,0.022651065311304133,label_noise,feature_noise,0.15,0.2,0.12219999999999998,0.05763456149176338,0.10989690518228623,0.1587089060876443,0.12219999999999998
Bank,MLP,Neural,0.15,0.0,0.2,0.0,5000,42,0.7658,0.0057061370470748475,0.5429023775550927,0.027467943132348738,0.5209926627895921,0.05103577743493128,0.1538558710328885,0.08412864429361183,label_noise,feature_noise,0.15,0.2,0.12519999999999998,0.07630532217355823,0.12569402219266412,0.18031916481137633,0.12519999999999998
Bank,MLP,Neural,0.15,0.0,0.2,0.0,5000,43,0.7662,0.007626270385975054,0.5498246895262926,0.01099048901079912,0.5414447229939006,0.018976836387467822,0.16996743839099143,0.025806982620867922,label_noise,feature_noise,0.15,0.2,0.12480000000000002,0.06938301020235838,0.10524196198835567,0.1642075974532734,0.12480000000000002
Bank,GB,Boosting,0.15,0.0,0.2,0.0,5000,42,0.7626,0.005314132102234574,0.5572481510366538,0.010621180965628592,0.5524500913195687,0.015723470195904084,0.18619624479046273,0.02945330785486013,label_noise,feature_noise,0.15,0.2,0.13180000000000003,0.10861898799016811,0.14252936776035574,0.21979973484810003,0.13180000000000003
Bank,GB,Boosting,0.15,0.0,0.2,0.0,5000,43,0.7706,0.009891410415102598,0.5541671668356417,0.011100467631406395,0.5485161472725995,0.015238304786847718,0.18706088242301694,0.043226688492397476,label_noise,feature_noise,0.15,0.2,0.12380000000000002,0.11169997219118022,0.14646331180732497,0.21893509721554583,0.12380000000000002
Wine,LR,Linear,0.15,0.0,0.2,0.0,178,42,0.763968253968254,0.028859220767907343,0.7677300477300477,0.02633747086790323,0.7667119586066955,0.027302303457175256,0.6487001760633213,0.039525920849927385,label_noise,feature_noise,0.15,0.2,0.221164021164021,0.21805478472145146,0.218160528372905,0.3294180582440578,0.221164021164021
Wine,LR,Linear,0.15,0.0,0.2,0.0,178,43,0.7976190476190477,0.06554229467321454,0.7955311355311356,0.06683918827645283,0.79349746871486,0.06665259460948213,0.7006352122463788,0.09777735907834376,label_noise,feature_noise,0.15,0.2,0.1875132275132273,0.19025369692036354,0.19137501826474046,0.2774830220610003,0.1875132275132273
Wine,RF,Ensemble,0.15,0.0,0.2,0.0,178,42,0.8255555555555556,0.029407519738719377,0.8251670551670551,0.02879231397813411,0.8267322189351175,0.028509773765321458,0.7387071344534308,0.04288217819400434,label_noise,feature_noise,0.15,0.2,0.15761904761904766,0.16028268028268033,0.15699852768451805,0.2363705014873655,0.15761904761904766
Wine,RF,Ensemble,0.15,0.0,0.2,0.0,178,43,0.8422222222222222,0.05390846361175199,0.8375946275946277,0.05496748151729736,0.8373531984864554,0.05328481204688812,0.7665947951203254,0.08267882012633003,label_noise,feature_noise,0.15,0.2,0.14095238095238105,0.1478551078551078,0.14637754813318016,0.20848284082047097,0.14095238095238105
Wine,XGB,Boosting,0.15,0.0,0.2,0.0,178,42,0.791904761904762,0.04352333483584475,0.7924109224109224,0.04492708692672896,0.7922388649846501,0.04617873547383671,0.6897780235929181,0.06268157691647086,label_noise,feature_noise,0.15,0.2,0.16507936507936494,0.16653889320556003,0.16490222661857679,0.24626712921891214,0.16507936507936494
Wine,XGB,Boosting,0.15,0.0,0.2,0.0,178,43,0.7973015873015873,0.04373469569988688,0.7963858363858365,0.049541113049271605,0.7919382735812757,0.0469975723690584,0.6987710061226932,0.06661755003932948,label_noise,feature_noise,0.15,0.2,0.15968253968253965,0.16256397923064592,0.16520281802195125,0.23727414668913704,0.15968253968253965
Wine,SVM,Kernel,0.15,0.0,0.2,0.0,178,42,0.8198412698412699,0.04723655911480853,0.8181740481740482,0.04749755574979569,0.8193881565078073,0.04836666769437534,0.7307533011029114,0.0687576899909652,label_noise,feature_noise,0.15,0.2,0.16333333333333322,0.1638092771426105,0.1634439232129581,0.24427583042793755,0.16333333333333322
Wine,SVM,Kernel,0.15,0.0,0.2,0.0,178,43,0.831111111111111,0.06560646011613118,0.8268498168498167,0.0691768088037701,0.824171350263199,0.06825113331733146,0.7516237868666842,0.09958368695532692,label_noise,feature_noise,0.15,0.2,0.15206349206349212,0.15513350846684193,0.15866072945756637,0.22340534466416473,0.15206349206349212
Wine,MLP,Neural,0.15,0.0,0.2,0.0,178,42,0.7636507936507937,0.07233185469297589,0.7634676434676434,0.07228772490058542,0.7659966920668675,0.07144755600941503,0.6463366829510617,0.10618544532862913,label_noise,feature_noise,0.15,0.2,0.15582010582010575,0.16027935027935047,0.15501396287671232,0.23665562127228323,0.15582010582010575
Wine,MLP,Neural,0.15,0.0,0.2,0.0,178,43,0.7693650793650794,0.06424474493059162,0.7733211233211233,0.07039225059678042,0.7723340068651251,0.06557245805348393,0.6587187026848347,0.09813126452467766,label_noise,feature_noise,0.15,0.2,0.15010582010582008,0.15042587042587052,0.1486766480784547,0.22427360153851028,0.15010582010582008
Wine,GB,Boosting,0.15,0.0,0.2,0.0,178,42,0.7526984126984126,0.0584368480099791,0.7548151848151848,0.06010963765190288,0.75444279691656,0.06032169987259526,0.6308102221716464,0.0898906018063586,label_noise,feature_noise,0.15,0.2,0.1780952380952382,0.17407049740383074,0.17751536765966058,0.26781746025442654,0.1780952380952382
Wine,GB,Boosting,0.15,0.0,0.2,0.0,178,43,0.7915873015873016,0.044860861010373954,0.7904639804639805,0.045692475986698684,0.7868142992661294,0.04775190563822631,0.6923189109497273,0.06677558323989916,label_noise,feature_noise,0.15,0.2,0.13920634920634922,0.1384217017550351,0.14514386531009116,0.20630877147634563,0.13920634920634922
BreastCancer,LR,Linear,0.15,0.0,0.2,0.0,569,42,0.7908554572271387,0.027438350593241886,0.7716193749649748,0.02776549792932478,0.7771731400697447,0.02910333054259733,0.5625451568360919,0.05930585660878313,label_noise,feature_noise,0.15,0.2,0.18456761372457697,0.19928367035258088,0.19627710530236564,0.3854246428478816,0.18456761372457697
BreastCancer,LR,Linear,0.15,0.0,0.2,0.0,569,43,0.8170936190032604,0.04244409348920455,0.7958031575809801,0.04951831265205876,0.8025201975170067,0.04912122472846155,0.6169165459795352,0.09140500469735616,label_noise,feature_noise,0.15,0.2,0.15832945194845527,0.1750998877365756,0.17093004785510368,0.3310532537044383,0.15832945194845527
BreastCancer,RF,Ensemble,0.15,0.0,0.2,0.0,569,42,0.7820990529420897,0.026635600384264546,0.7702553443264172,0.029466950793906217,0.7718534517126923,0.028972700298997747,0.5474502800521731,0.056870182212788556,label_noise,feature_noise,0.15,0.2,0.1792527040314652,0.187231501815031,0.18666499910035694,0.37124808406774856,0.1792527040314652
BreastCancer,RF,Ensemble,0.15,0.0,0.2,0.0,569,43,0.8206334420121099,0.040465066386359716,0.8024459719685298,0.046849448233030826,0.8080787514671636,0.04601446061684683,0.6241449072556241,0.08550079738795895,label_noise,feature_noise,0.15,0.2,0.14071831496144505,0.15504087417291834,0.15043969934588564,0.29455345686429757,0.14071831496144505
BreastCancer,XGB,Boosting,0.15,0.0,0.2,0.0,569,42,0.7785281788542151,0.03673875439185126,0.764522817701231,0.040046464038840386,0.7671953737695992,0.03982403266989922,0.5376727991906578,0.07952869222027434,label_noise,feature_noise,0.15,0.2,0.1886715313357139,0.1978766003401785,0.19745042579302186,0.39294790879898,0.1886715313357139
BreastCancer,XGB,Boosting,0.15,0.0,0.2,0.0,569,43,0.7995187082751126,0.039494989057908304,0.783190011199918,0.04725686221847676,0.7866008580411641,0.0464322159390432,0.5806391369135163,0.08642716033489697,label_noise,feature_noise,0.15,0.2,0.16768100191481639,0.17920940684149145,0.178044941521457,0.3499815710761215,0.16768100191481639
BreastCancer,SVM,Kernel,0.15,0.0,0.2,0.0,569,42,0.8137090513895359,0.02504329680499535,0.795675178821028,0.026268062797852154,0.801672671408749,0.026932884517962073,0.6114036108127546,0.05466504800936689,label_noise,feature_noise,0.15,0.2,0.16170366920250479,0.1764203140327354,0.17189897737051274,0.33629874839858487,0.16170366920250479
BreastCancer,SVM,Kernel,0.15,0.0,0.2,0.0,569,43,0.8206023909330848,0.04831205144876003,0.8009029172578636,0.05313013341807157,0.8073844033031463,0.054145566772696586,0.6246569647394052,0.10381383038629205,label_noise,feature_noise,0.15,0.2,0.1548103296589558,0.17119257559589984,0.1661872454761154,0.32304539447193426,0.1548103296589558
BreastCancer,MLP,Neural,0.15,0.0,0.2,0.0,569,42,0.7821456295606272,0.047258798697370194,0.7688510500227815,0.04932301424388332,0.7713546863146086,0.05014471315901644,0.5458843215293955,0.09908225918037496,label_noise,feature_noise,0.15,0.2,0.16455519329296686,0.1691675438834639,0.17082577212929917,0.33997557312581705,0.16455519329296686
BreastCancer,MLP,Neural,0.15,0.0,0.2,0.0,569,43,0.7802359882005899,0.04164796511379681,0.765477551839215,0.03905039290494654,0.7689568744227491,0.0416686806585879,0.5419871565589344,0.08652346097473575,label_noise,feature_noise,0.15,0.2,0.1664648346530041,0.17254104206703047,0.17322358402115867,0.34387273809627816,0.1664648346530041
BreastCancer,GB,Boosting,0.15,0.0,0.2,0.0,569,42,0.7645551932929668,0.034930842309133674,0.7488423434874385,0.03790774160763174,0.7517607184957036,0.037760138366856995,0.5077148654693823,0.0747925634361595,label_noise,feature_noise,0.15,0.2,0.1915127050665012,0.2021738527424819,0.200993657225067,0.3988962256492081,0.1915127050665012
BreastCancer,GB,Boosting,0.15,0.0,0.2,0.0,569,43,0.7942555503803757,0.04141059258116324,0.7774202056594104,0.04664159081978254,0.7814432186763438,0.04649788238158956,0.5682648868713708,0.08854173252629781,label_noise,feature_noise,0.15,0.2,0.16181234797909239,0.17359599057051,0.1713111570444268,0.3383462042472196,0.16181234797909239
Digits,LR,Linear,0.15,0.0,0.2,0.0,1797,42,0.7178613432373877,0.00494101219999287,0.7172143494449589,0.004555750950900794,0.7172035508556108,0.0046701225513946605,0.4351973814681,0.009691085378888135,label_noise,feature_noise,0.15,0.2,0.1749226245744352,0.1755905725176531,0.175566857763637,0.35065253824570713,0.1749226245744352
Digits,LR,Linear,0.15,0.0,0.2,0.0,1797,43,0.7707226864747756,0.010022805851893198,0.7705700708479257,0.00976839439095134,0.770535712050979,0.009849319722131107,0.541728263709916,0.020161468696036217,label_noise,feature_noise,0.15,0.2,0.1220612813370473,0.12223485111468624,0.1222346965682688,0.24412165600389113,0.1220612813370473
Digits,RF,Ensemble,0.15,0.0,0.2,0.0,1797,42,0.7985422469823584,0.012445136762821107,0.7986192496224838,0.012066007515298762,0.7983678417199941,0.01234596216871082,0.5973107042228119,0.024378904559922348,label_noise,feature_noise,0.15,0.2,0.17920045393583006,0.17912113559745324,0.17937351935709844,0.358240588097383,0.17920045393583006
Digits,RF,Ensemble,0.15,0.0,0.2,0.0,1797,43,0.8196951408232745,0.010090998645534796,0.8196312162413857,0.010006555331396917,0.8196069022435555,0.0100735369524038,0.6395790871407663,0.020074680045569483,label_noise,feature_noise,0.15,0.2,0.15804756009491394,0.15810916897855132,0.15813445883353705,0.3159722051794286,0.15804756009491394
Digits,XGB,Boosting,0.15,0.0,0.2,0.0,1797,42,0.7796316929743113,0.015897256443716284,0.7794052479633762,0.015562386654409257,0.779229800982699,0.01586023909729026,0.5596039665620565,0.031070919367738408,label_noise,feature_noise,0.15,0.2,0.19050087692148976,0.19072287670439458,0.19090073343753333,0.3807423068688519,0.19050087692148976
Digits,XGB,Boosting,0.15,0.0,0.2,0.0,1797,43,0.7946518105849583,0.009178516023005675,0.7946906293669284,0.009226327656598603,0.7945821912371972,0.009189733189494847,0.5896108085967237,0.018443147212745856,label_noise,feature_noise,0.15,0.2,0.17548075931084284,0.1754374953008424,0.17554834318303514,0.3507354648341847,0.17548075931084284
Digits,SVM,Kernel,0.15,0.0,0.2,0.0,1797,42,0.8191380377592076,0.018772509064177538,0.8194114413783025,0.01860503932904414,0.8189980815411897,0.018748445171507342,0.6389745929920679,0.037268486979398344,label_noise,feature_noise,0.15,0.2,0.16157536366450032,0.1613063791305609,0.16171406971024227,0.3225344686275521,0.16157536366450032
Digits,SVM,Kernel,0.15,0.0,0.2,0.0,1797,43,0.8341566078613433,0.010951823459578725,0.8341752949282819,0.010781916214887877,0.8341045403622116,0.010899280846002569,0.6685818024814871,0.021818752316803115,label_noise,feature_noise,0.15,0.2,0.14655679356236462,0.14654252558058145,0.14660761088922036,0.2929272591381329,0.14655679356236462
Digits,MLP,Neural,0.15,0.0,0.2,0.0,1797,42,0.7790745899102445,0.010812070644175917,0.7790604806198883,0.010622401230596924,0.7788341384495034,0.010751651046379016,0.5583365354362573,0.02138759312511211,label_noise,feature_noise,0.15,0.2,0.18457134014237087,0.18459218698645086,0.1848105798651669,0.36902282320478685,0.18457134014237087
Digits,MLP,Neural,0.15,0.0,0.2,0.0,1797,43,0.8013215722686475,0.011580326213598226,0.8012785399281647,0.011457543004732694,0.8012252932117503,0.011542064832333209,0.6028900321245503,0.02303868440850741,label_noise,feature_noise,0.15,0.2,0.1623243577839678,0.1623741276781745,0.16241942510292007,0.32446932651649385,0.1623243577839678
Digits,GB,Boosting,0.15,0.0,0.2,0.0,1797,42,0.7651501083255958,0.012273380636690959,0.7647295718822207,0.011962611541600426,0.7647688263269338,0.012143733878703983,0.5298465034853915,0.024305529142520876,label_noise,feature_noise,0.15,0.2,0.202014340245538,0.2024304056205143,0.20239281083012028,0.4045834491913891,0.202014340245538
Digits,GB,Boosting,0.15,0.0,0.2,0.0,1797,43,0.7868570102135561,0.015841347808178696,0.7869021920008306,0.01578202405774449,0.7867662735697528,0.015809137459125815,0.5741616736780137,0.031710842661727745,label_noise,feature_noise,0.15,0.2,0.18030743835757768,0.1802577855019044,0.18039536358730124,0.3602682789987669,0.18030743835757768
Spambase,LR,Linear,0.15,0.0,0.45,0.0,4601,42,0.7559217296889015,0.013860070269597,0.7366728635557525,0.014222916363360896,0.741139678165525,0.014656045472892537,0.49371654198991005,0.029657624670814686,label_noise,feature_noise,0.15,0.45,0.1693130497726163,0.18160455272307874,0.18000143878612118,0.3492908186051749,0.1693130497726163
Spambase,LR,Linear,0.15,0.0,0.45,0.0,4601,43,0.7546180899778123,0.012120641329030695,0.7372715161887355,0.012240213415928887,0.7412277406247846,0.012575938775372088,0.4941196287595056,0.02604174189558648,label_noise,feature_noise,0.15,0.45,0.17061668948370545,0.18100590009009565,0.17991337632686155,0.34888773183557936,0.17061668948370545
Spambase,RF,Ensemble,0.15,0.0,0.45,0.0,4601,42,0.7659203134589058,0.01704429865503738,0.7460775766658829,0.018099060695684864,0.7510262632336723,0.018714177661895825,0.5152303837950674,0.03639969575895449,label_noise,feature_noise,0.15,0.45,0.17887519866559654,0.191334388244915,0.19056370626562646,0.36903643167692013,0.17887519866559654
Spambase,RF,Ensemble,0.15,0.0,0.45,0.0,4601,43,0.7665696549119576,0.010103909603464908,0.7484223210732057,0.009030695294943776,0.7530151823739949,0.00954551190214961,0.5200561171631188,0.022596836617507464,label_noise,feature_noise,0.15,0.45,0.1782258572125447,0.1889896438375922,0.18857478712530384,0.36421069830886865,0.1782258572125447
Spambase,XGB,Boosting,0.15,0.0,0.45,0.0,4601,42,0.7587497049520844,0.01912900476171555,0.741559985794698,0.01982628562908784,0.7456118897035461,0.02037895201510977,0.4998792908986099,0.04026258137492847,label_noise,feature_noise,0.15,0.45,0.19162449448457075,0.20453899303564427,0.2022029093665847,0.39602019266593197,0.19162449448457075
Spambase,XGB,Boosting,0.15,0.0,0.45,0.0,4601,43,0.7600481518198556,0.013046028686339787,0.7441368739763531,0.013465621461300877,0.7480497881070749,0.013782275249426929,0.505148802370775,0.027902845195783205,label_noise,feature_noise,0.15,0.45,0.1903260476167995,0.20196210485398913,0.19976501096305588,0.3907506811937669,0.1903260476167995
Spambase,SVM,Kernel,0.15,0.0,0.45,0.0,4601,42,0.768527592881084,0.015185188090244607,0.7519064377742751,0.01664502845922219,0.7561648018812261,0.016790270040366113,0.5203079203285381,0.03220590679053846,label_noise,feature_noise,0.15,0.45,0.164386929770728,0.17438359221035737,0.17307560202601224,0.33878402496844595,0.164386929770728
Spambase,SVM,Kernel,0.15,0.0,0.45,0.0,4601,43,0.7674385120143511,0.008532685856423096,0.7512385026369373,0.007888106996544164,0.7554583238741441,0.008291221344493359,0.5211217603813284,0.018660622188399933,label_noise,feature_noise,0.15,0.45,0.16547601063746087,0.17505152734769525,0.17378208003309426,0.33797018491565567,0.16547601063746087
Spambase,MLP,Neural,0.15,0.0,0.45,0.0,4601,42,0.7470098664023037,0.020498198393237594,0.7301436296768931,0.02410071779002233,0.7333884266067325,0.024259851487186734,0.47501828898642423,0.04349508785084899,label_noise,feature_noise,0.15,0.45,0.1900341468787865,0.20257714730009801,0.2004897313350119,0.39300013433864395,0.1900341468787865
Spambase,MLP,Neural,0.15,0.0,0.45,0.0,4601,43,0.7580930463107208,0.015256065144672294,0.7427680161125585,0.014346943757401111,0.746533229747885,0.014956942170273569,0.5012148790864116,0.03215871325064265,label_noise,feature_noise,0.15,0.45,0.17895096697036939,0.18995276086443258,0.1873449281938594,0.3668035442386566,0.17895096697036939
Spambase,GB,Boosting,0.15,0.0,0.45,0.0,4601,42,0.7604867110418733,0.0161033754639318,0.7429945704253083,0.017356148045568207,0.7471852611366163,0.017634716745369,0.503354505643993,0.03411312045056716,label_noise,feature_noise,0.15,0.45,0.18720601425671535,0.199990573624523,0.19777192998347282,0.3869272046922788,0.18720601425671535
Spambase,GB,Boosting,0.15,0.0,0.45,0.0,4601,43,0.7589626115281123,0.00790154891740901,0.7423529005534987,0.00831604126207534,0.7463369754763385,0.008364305158144994,0.5031242243514219,0.01728567970317664,label_noise,feature_noise,0.15,0.45,0.18873011377047633,0.20063224349633257,0.19862021564375065,0.3871574859848499,0.18873011377047633
Bank,LR,Linear,0.15,0.0,0.45,0.0,5000,42,0.7737999999999999,0.006079473661428271,0.5620755307713134,0.010351642876715125,0.5565666281956273,0.015503661264898485,0.2240125563120333,0.03248343630848248,label_noise,feature_noise,0.15,0.45,0.1223333333333333,0.07956379127570956,0.12012060207956743,0.16164811079657296,0.1223333333333333
Bank,LR,Linear,0.15,0.0,0.45,0.0,5000,43,0.7714,0.007002856560004645,0.540091088048981,0.006182512843433127,0.5225541103954586,0.009914936031173575,0.16699426164319217,0.03205533128120837,label_noise,feature_noise,0.15,0.45,0.12473333333333325,0.10154823399804203,0.1541331198797361,0.21866640546541408,0.12473333333333325
Bank,RF,Ensemble,0.15,0.0,0.45,0.0,5000,42,0.7624,0.00717216843081645,0.5296140357351155,0.009005492698021476,0.5012241122940475,0.01370726041070625,0.13794472844671407,0.0428919071783472,label_noise,feature_noise,0.15,0.45,0.1335333333333334,0.07385090668792438,0.13621633830756197,0.20488057998404163,0.1335333333333334
Bank,RF,Ensemble,0.15,0.0,0.45,0.0,5000,43,0.7674,0.004963869458396347,0.518399489084078,0.006530702826393877,0.4794639800067606,0.014472025981533214,0.10648762171962511,0.03467184858639369,label_noise,feature_noise,0.15,0.45,0.1285333333333334,0.08506545333896187,0.15797647059484887,0.2363376867111306,0.1285333333333334
Bank,XGB,Boosting,0.15,0.0,0.45,0.0,5000,42,0.7646,0.008428523002282199,0.5534645360716175,0.009651069588566675,0.5455557216287932,0.013535769215797008,0.18659799318474285,0.03439465672602597,label_noise,feature_noise,0.15,0.45,0.13113333333333332,0.11093325312798374,0.14972175418518163,0.22244326112663082,0.13113333333333332
Bank,XGB,Boosting,0.15,0.0,0.45,0.0,5000,43,0.7634000000000001,0.011943198901466903,0.5387440730372137,0.010347638719263738,0.5248668408439843,0.013053116231567111,0.1441988600695197,0.04619086482909144,label_noise,feature_noise,0.15,0.45,0.1323333333333332,0.12565371616238752,0.17041063496999054,0.26484239424185396,0.1323333333333332
Bank,SVM,Kernel,0.15,0.0,0.45,0.0,5000,42,0.7664,0.00588557558782487,0.5359244392326659,0.008193231598357319,0.5114057773774531,0.012532031951960397,0.16361760796731498,0.03924185088976502,label_noise,feature_noise,0.15,0.45,0.12380000000000002,0.05243078592890127,0.10472163212279917,0.1324563717330676,0.12380000000000002
Bank,SVM,Kernel,0.15,0.0,0.45,0.0,5000,43,0.766,0.005932958789676535,0.5246494991385925,0.0037785639647978458,0.49496372198264976,0.007713879709197128,0.11793118792664029,0.02381803010171042,label_noise,feature_noise,0.15,0.45,0.12419999999999998,0.06370572602297464,0.12116368751760248,0.1781427917737423,0.12419999999999998
Bank,MLP,Neural,0.15,0.0,0.45,0.0,5000,42,0.7646000000000001,0.00546260011349907,0.5392528620663561,0.02638775763624508,0.5146609568137412,0.04976068569256552,0.15114573873078863,0.07049757378150971,label_noise,feature_noise,0.15,0.45,0.12639999999999996,0.07995483766229483,0.132025728168515,0.1830292971134762,0.12639999999999996
Bank,MLP,Neural,0.15,0.0,0.45,0.0,5000,43,0.765,0.005692099788303088,0.5308442328612597,0.011520861961877987,0.5079172372963037,0.021608587150703185,0.12551763262370852,0.036680926260566085,label_noise,feature_noise,0.15,0.45,0.126,0.08836346686739127,0.13876944768595256,0.20865740322055631,0.126
Bank,GB,Boosting,0.15,0.0,0.45,0.0,5000,42,0.7632000000000001,0.0064000000000000055,0.5522644398829393,0.007795051137807205,0.544136674960509,0.010971518240301537,0.18044626325497626,0.02827620266751992,label_noise,feature_noise,0.15,0.45,0.13119999999999987,0.11360269914388266,0.15084278411941543,0.2255497163835865,0.13119999999999987
Bank,GB,Boosting,0.15,0.0,0.45,0.0,5000,43,0.7586,0.009134549797335396,0.5380045611644398,0.007362671714728672,0.525859489379722,0.00929446158664906,0.1318702835359804,0.03233503377798169,label_noise,feature_noise,0.15,0.45,0.13579999999999992,0.1278625778623821,0.16911996970020238,0.27412569610258236,0.13579999999999992
Wine,LR,Linear,0.15,0.0,0.45,0.0,178,42,0.7753968253968253,0.02954257809303326,0.7747829947829947,0.026494413155621194,0.7762315780103728,0.027616228270528113,0.6671000165267191,0.04222107230864003,label_noise,feature_noise,0.15,0.45,0.20973544973544966,0.21100183766850444,0.2086409089692277,0.31101821778065997,0.20973544973544966
Wine,LR,Linear,0.15,0.0,0.45,0.0,178,43,0.7806349206349207,0.0655126882403993,0.7786609686609688,0.06278696304655065,0.7784584244812959,0.06621174861055598,0.6769321980033475,0.09747970637263022,label_noise,feature_noise,0.15,0.45,0.2044973544973543,0.20712386379053038,0.20641406249830463,0.3011860363040316,0.2044973544973543
Wine,RF,Ensemble,0.15,0.0,0.45,0.0,178,42,0.8201587301587303,0.014405144513699591,0.8190453990453991,0.016617667023353166,0.821341227591313,0.015144399036920865,0.7303639468681563,0.021166963478675926,label_noise,feature_noise,0.15,0.45,0.16301587301587295,0.16640433640433638,0.16238951902832255,0.24471368907264002,0.16301587301587295
Wine,RF,Ensemble,0.15,0.0,0.45,0.0,178,43,0.82,0.0831212721303906,0.8165323565323565,0.08329231817249409,0.8145618005407058,0.08371147141924509,0.7339441062643526,0.12707574593608423,label_noise,feature_noise,0.15,0.45,0.1631746031746033,0.168917378917379,0.16916894607892974,0.24113352967644375,0.1631746031746033
Wine,XGB,Boosting,0.15,0.0,0.45,0.0,178,42,0.7419047619047618,0.029828602512366673,0.7422666222666223,0.02746447948081509,0.7431783631993526,0.02834799433941614,0.6125816585043321,0.04437025186841187,label_noise,feature_noise,0.15,0.45,0.2150793650793651,0.21668319334986008,0.2139627284038743,0.3234634943074981,0.2150793650793651
Wine,XGB,Boosting,0.15,0.0,0.45,0.0,178,43,0.7806349206349207,0.06367750696219297,0.7764346764346766,0.07115298055247736,0.7727289441407929,0.07118715561372171,0.6738774144902498,0.09847158179922609,label_noise,feature_noise,0.15,0.45,0.17634920634920626,0.18251513918180584,0.18441214746243406,0.26216773832158036,0.17634920634920626
Wine,SVM,Kernel,0.15,0.0,0.45,0.0,178,42,0.8198412698412699,0.04723655911480853,0.8181740481740482,0.04749755574979572,0.8200756573689055,0.04718600080405445,0.7299919488276795,0.0699865829519977,label_noise,feature_noise,0.15,0.45,0.16333333333333322,0.1638092771426105,0.16275642235185983,0.24503718270316943,0.16333333333333322
Wine,SVM,Kernel,0.15,0.0,0.45,0.0,178,43,0.8142857142857143,0.06966246953979935,0.8094993894993895,0.0717097104413803,0.80817234181193,0.0691957166728328,0.726767024925341,0.10809075189348452,label_noise,feature_noise,0.15,0.45,0.16888888888888887,0.17248393581726917,0.17465973790883538,0.24826210660550796,0.16888888888888887
Wine,MLP,Neural,0.15,0.0,0.45,0.0,178,42,0.7358730158730158,0.04987866355825174,0.7374270174270174,0.049299009728349406,0.7373770072820547,0.04959499841058158,0.6054964085030313,0.0746726529605106,label_noise,feature_noise,0.15,0.45,0.18359788359788365,0.18631997631997643,0.18363364766152512,0.27749589572031363,0.18359788359788365
Wine,MLP,Neural,0.15,0.0,0.45,0.0,178,43,0.7468253968253967,0.06606684049087305,0.7477777777777779,0.065874782283907,0.744575950081407,0.06715375467064953,0.6233956827249736,0.10040309122847549,label_noise,feature_noise,0.15,0.45,0.1726455026455027,0.175969215969216,0.17643470486217283,0.25959662149837137,0.1726455026455027
Wine,GB,Boosting,0.15,0.0,0.45,0.0,178,42,0.7415873015873016,0.02074816301703616,0.744925074925075,0.02253625213140846,0.7450442748803568,0.021961026047178166,0.6125554445880224,0.03354040461513007,label_noise,feature_noise,0.15,0.45,0.18920634920634927,0.1839606072939406,0.18691388969586376,0.2860722378380506,0.18920634920634927
Wine,GB,Boosting,0.15,0.0,0.45,0.0,178,43,0.7636507936507937,0.0853525583030101,0.7613593813593813,0.08591008939008933,0.7574814971731064,0.08513566497957564,0.648272540705027,0.1309450633491758,label_noise,feature_noise,0.15,0.45,0.16714285714285715,0.16752630085963427,0.17447666740311418,0.2503551417210459,0.16714285714285715
BreastCancer,LR,Linear,0.15,0.0,0.45,0.0,569,42,0.7750815090824407,0.015777156837340087,0.756933533074682,0.017618228396850316,0.7613935478954412,0.017277210702559588,0.5284660780976915,0.03406374421237001,label_noise,feature_noise,0.15,0.45,0.200341561869275,0.21396951224287364,0.2120566974766691,0.4195037215862819,0.200341561869275
BreastCancer,LR,Linear,0.15,0.0,0.45,0.0,569,43,0.7906846762925012,0.05572969343135253,0.7687552131598632,0.06353272190066282,0.7740600559837952,0.06393415989414142,0.5588563614622184,0.12163321941698461,label_noise,feature_noise,0.15,0.45,0.1847383946592145,0.2021478321576925,0.1993901893883151,0.38911343822175504,0.1847383946592145
BreastCancer,RF,Ensemble,0.15,0.0,0.45,0.0,569,42,0.7979351032448377,0.029083442480544324,0.7822838858436771,0.03178024001750908,0.7862608835941245,0.03131910356834881,0.5789871144534686,0.0630890423991743,label_noise,feature_noise,0.15,0.45,0.16341665372871716,0.17520296029777105,0.1722575672189247,0.33971124966645305,0.16341665372871716
BreastCancer,RF,Ensemble,0.15,0.0,0.45,0.0,569,43,0.8118149355690111,0.04365262689766176,0.7935280270032544,0.05068082450688262,0.7986335775628858,0.05002877074187705,0.6053585406758545,0.09406699406605733,label_noise,feature_noise,0.15,0.45,0.14953682140454383,0.16395881913819377,0.15988487325016343,0.3133398234440672,0.14953682140454383
BreastCancer,XGB,Boosting,0.15,0.0,0.45,0.0,569,42,0.7662474770998292,0.01729508865762664,0.7487628110738683,0.020319224766972246,0.7523830641149107,0.019295416719841828,0.5109950560914023,0.03852228583358207,label_noise,feature_noise,0.15,0.45,0.2009522330900998,0.21363660696754116,0.21226273544771035,0.41962565189823553,0.2009522330900998
BreastCancer,XGB,Boosting,0.15,0.0,0.45,0.0,569,43,0.7925011644154634,0.03623569124805259,0.7752000391469219,0.03919257404891961,0.779827375997227,0.03935784293917455,0.5643918717571239,0.07747782496634291,label_noise,feature_noise,0.15,0.45,0.17469854577446564,0.18719937889448757,0.18481842356539413,0.3662288362325139,0.17469854577446564
BreastCancer,SVM,Kernel,0.15,0.0,0.45,0.0,569,42,0.8084303679552864,0.02034944018889615,0.789153439690593,0.01915163808076906,0.7955238892861123,0.02033074850842648,0.6012769964284158,0.04598907357227529,label_noise,feature_noise,0.15,0.45,0.1669823526367542,0.18294205316317036,0.17804775949314944,0.3464253627829237,0.1669823526367542
BreastCancer,SVM,Kernel,0.15,0.0,0.45,0.0,569,43,0.8100294985250738,0.05646212894200322,0.7906750935424635,0.06109412734889691,0.7965548181891846,0.0626246534905802,0.6013272916429999,0.12187281507751023,label_noise,feature_noise,0.15,0.45,0.16538322206696687,0.18142039931129994,0.1770168305900771,0.3463750675683396,0.16538322206696687
BreastCancer,MLP,Neural,0.15,0.0,0.45,0.0,569,42,0.7663406303369041,0.060411308672631385,0.7488043539174131,0.0629564124564703,0.7516613425557942,0.06280894771215982,0.5156272081950007,0.12617432451571425,label_noise,feature_noise,0.15,0.45,0.1803601925166899,0.18921423998883236,0.19051911588811354,0.3702326864602118,0.1803601925166899
BreastCancer,MLP,Neural,0.15,0.0,0.45,0.0,569,43,0.787253532060239,0.03594052073581854,0.7699752042421618,0.03157964328965028,0.7747931126757803,0.034781052953551786,0.5569119537343525,0.07638627688615636,label_noise,feature_noise,0.15,0.45,0.15944729079335507,0.1680433896640836,0.16738734576812742,0.32894794092086,0.15944729079335507
BreastCancer,GB,Boosting,0.15,0.0,0.45,0.0,569,42,0.7592765098587175,0.03415241118987756,0.7422915893406666,0.03857219078560311,0.7451708872808942,0.0376424777466828,0.4969465193030024,0.07530970599224701,label_noise,feature_noise,0.15,0.45,0.1967913885007505,0.20872460688925376,0.2075834884398764,0.409664571815588,0.1967913885007505
BreastCancer,GB,Boosting,0.15,0.0,0.45,0.0,569,43,0.7925011644154634,0.040639771563717335,0.7793784451524822,0.04243466683981937,0.7821922681465351,0.042731481633667495,0.5663947538451344,0.0852261459802239,label_noise,feature_noise,0.15,0.45,0.16356673394400467,0.17163775107743817,0.1705621075742355,0.340216337273456,0.16356673394400467
Digits,LR,Linear,0.15,0.0,0.45,0.0,1797,42,0.702273290003095,0.013123232039587334,0.7014945453983049,0.012657566051379908,0.7014971069321698,0.012762194448223891,0.4038972033659062,0.0260209251677172,label_noise,feature_noise,0.15,0.45,0.19051067780872788,0.19131037656430705,0.191273301687078,0.38195271634790096,0.19051067780872788
Digits,LR,Linear,0.15,0.0,0.45,0.0,1797,43,0.7456716186939027,0.016333164341937455,0.74560495538545,0.016196509254583838,0.7455048269543341,0.016221873657681952,0.49167448139154335,0.03275017111665703,label_noise,feature_noise,0.15,0.45,0.14711234911792015,0.14719996657716194,0.14726558166491377,0.2941754383222638,0.14711234911792015
Digits,RF,Ensemble,0.15,0.0,0.45,0.0,1797,42,0.782955741256577,0.013304183127137454,0.7825786137072923,0.012898687846570455,0.7825809540103931,0.013100465071528799,0.5657660731446124,0.026573913776729793,label_noise,feature_noise,0.15,0.45,0.19478695966161153,0.1951617715126447,0.19516040706669946,0.3897852191755825,0.19478695966161153
Digits,RF,Ensemble,0.15,0.0,0.45,0.0,1797,43,0.8052274837511606,0.005100820455923038,0.8052053022461468,0.005071519312874943,0.805154090830904,0.00510976899488234,0.6106167452567716,0.010035756709504455,label_noise,feature_noise,0.15,0.45,0.1725152171670279,0.17253508297379017,0.17258727024618858,0.3449345470634233,0.1725152171670279
Digits,XGB,Boosting,0.15,0.0,0.45,0.0,1797,42,0.7668167749922625,0.017759933139718877,0.7661587423451923,0.017614153926060066,0.766262600138955,0.017714407766424828,0.5332512064537224,0.03554383417644174,label_noise,feature_noise,0.15,0.45,0.20331579490353857,0.20396938232257844,0.20386793428127736,0.407095066977186,0.20331579490353857
Digits,XGB,Boosting,0.15,0.0,0.45,0.0,1797,43,0.780735066542866,0.008413763216697947,0.7807370688031983,0.008318045797153126,0.780560969666509,0.008331196475727397,0.5621961518763559,0.01696173443306694,label_noise,feature_noise,0.15,0.45,0.18939750335293515,0.1893910558645725,0.18956956475372333,0.3781501215545525,0.18939750335293515
Digits,SVM,Kernel,0.15,0.0,0.45,0.0,1797,42,0.80355617455896,0.010001486091653522,0.8036657729311738,0.009629774612882414,0.8033560817478931,0.009913465139570327,0.6076078912601952,0.019448782722735813,label_noise,feature_noise,0.15,0.45,0.17715722686474789,0.17705204757768955,0.17735606950353888,0.3539011703594248,0.17715722686474789
Digits,SVM,Kernel,0.15,0.0,0.45,0.0,1797,43,0.8258124419684307,0.009387569799712192,0.8258153719948662,0.009119038018577628,0.8257313784253084,0.009276649057449692,0.6520629607702075,0.01884276313392079,label_noise,feature_noise,0.15,0.45,0.15490095945527715,0.15490244851399715,0.15498077282612355,0.3094461008494125,0.15490095945527715
Digits,MLP,Neural,0.15,0.0,0.45,0.0,1797,42,0.7562519343856392,0.010085329170575934,0.7561902440739556,0.009845911879138568,0.7559659833063357,0.010045757330204566,0.5126313032433059,0.01968896268522119,label_noise,feature_noise,0.15,0.45,0.20739399566697614,0.20746242353238353,0.20767873500833467,0.41472805539773827,0.20739399566697614
Digits,MLP,Neural,0.15,0.0,0.45,0.0,1797,43,0.7774079232435778,0.015399195223913522,0.7772410834511418,0.01530679777212531,0.7772078364647621,0.01533149125019937,0.5551409919335561,0.030912417853846973,label_noise,feature_noise,0.15,0.45,0.18623800680903757,0.18641158415519732,0.18643688184990825,0.372218366707488,0.18623800680903757
Digits,GB,Boosting,0.15,0.0,0.45,0.0,1797,42,0.7518136799752397,0.021528167644467362,0.751205976981373,0.02182561594437573,0.751250192714737,0.021707350947166946,0.5031491241657591,0.043547333107885236,label_noise,feature_noise,0.15,0.45,0.21535076859589408,0.21595400052136193,0.21591144444231702,0.43128082851102156,0.21535076859589408
Digits,GB,Boosting,0.15,0.0,0.45,0.0,1797,43,0.7874094707520892,0.013802047356563587,0.7875843106601652,0.013949041668698488,0.7873019095652071,0.013811895202802444,0.5757537317356389,0.0280744095067153,label_noise,feature_noise,0.15,0.45,0.1797549778190446,0.17957566684256976,0.17985972759184699,0.3586762209411417,0.1797549778190446
Spambase,LR,Linear,0.35,0.0,0.2,0.0,4601,42,0.6029148373695888,0.013353900290904042,0.5927935881040604,0.012773950073982512,0.587820617838998,0.012584212484847847,0.1953915016878678,0.027922018310211898,label_noise,feature_noise,0.35,0.2,0.32231994209192893,0.32548382817477084,0.33332049911264816,0.6476158589072172,0.32231994209192893
Spambase,LR,Linear,0.35,0.0,0.2,0.0,4601,43,0.6168217438512015,0.016233845002472724,0.6062114264433901,0.015592422540028439,0.6024195657621942,0.015294896117256287,0.22299257641128206,0.03374233346156662,label_noise,feature_noise,0.35,0.2,0.3084130356103163,0.3120659898354411,0.3187215511894519,0.6200147841838028,0.3084130356103163
Spambase,RF,Ensemble,0.35,0.0,0.2,0.0,4601,42,0.613564650899306,0.012460339156639407,0.6029225611061447,0.011682479127881819,0.5976168066455989,0.011024644854879369,0.21796585810960853,0.02674000919617365,label_noise,feature_noise,0.35,0.2,0.3312308612251963,0.3344894038046532,0.34397316285369983,0.6663009573623789,0.3312308612251963
Spambase,RF,Ensemble,0.35,0.0,0.2,0.0,4601,43,0.6194264268517207,0.01788261429532911,0.6081279652531342,0.016712330860098212,0.6035680057564916,0.015730954446539637,0.22892689977173872,0.03792495081873061,label_noise,feature_noise,0.35,0.2,0.32536908527278163,0.32928399965766375,0.33802196374280713,0.6553399157002487,0.32536908527278163
Spambase,XGB,Boosting,0.35,0.0,0.2,0.0,4601,42,0.590738799981117,0.01927917622582473,0.5838809880499835,0.01929744591083186,0.582386417929034,0.01953388564163835,0.17145120742963238,0.03956129583002839,label_noise,feature_noise,0.35,0.2,0.35963539945553813,0.36221799078035877,0.36542838114109677,0.7244482761349095,0.35963539945553813
Spambase,XGB,Boosting,0.35,0.0,0.2,0.0,4601,43,0.5987792097436625,0.014604124540455538,0.5906420307958589,0.013432401877052904,0.5886833132663056,0.012839338103025025,0.18665301972745213,0.02896839827471523,label_noise,feature_noise,0.35,0.2,0.35159498969299263,0.35545694803448336,0.35913148580382515,0.7092464638370897,0.35159498969299263
Spambase,SVM,Kernel,0.35,0.0,0.2,0.0,4601,42,0.6033498560166172,0.015000865929890172,0.5936996759693677,0.013853969138794414,0.5894241348024325,0.012843297167082105,0.19656488560290344,0.03137034766628582,label_noise,feature_noise,0.35,0.2,0.3295646666351948,0.3325903540152648,0.3398162691048059,0.6625270596940807,0.3295646666351948
Spambase,SVM,Kernel,0.35,0.0,0.2,0.0,4601,43,0.620295992069112,0.015533699157949516,0.6098666616241185,0.015264808423493852,0.6063678040637877,0.015524664943672287,0.2301365147706444,0.03263825810882299,label_noise,feature_noise,0.35,0.2,0.31261853058269995,0.316423368360514,0.32287259984345074,0.6289554305263396,0.31261853058269995
Spambase,MLP,Neural,0.35,0.0,0.2,0.0,4601,42,0.5933474956332909,0.013925479663947398,0.5844128381446622,0.014218743200547007,0.5803971226510654,0.01536472216248824,0.17570271224374145,0.02903161528030594,label_noise,feature_noise,0.35,0.2,0.3436965176477993,0.3483079388323289,0.3534810352906791,0.6923157110813267,0.3436965176477993
Spambase,MLP,Neural,0.35,0.0,0.2,0.0,4601,43,0.5983453712882973,0.015573010095147822,0.5890127436393605,0.014552629110059114,0.5860090497078316,0.013860730914841747,0.18496225211952208,0.03157258771936552,label_noise,feature_noise,0.35,0.2,0.33869864199279287,0.34370803333763056,0.3478691082339128,0.6830561712055461,0.33869864199279287
Spambase,GB,Boosting,0.35,0.0,0.2,0.0,4601,42,0.5992203653873389,0.014377793920617058,0.5910341157918481,0.01385998972997134,0.5884096986010421,0.013742032762753972,0.18814689208116603,0.029497238569454645,label_noise,feature_noise,0.35,0.2,0.3484723599112497,0.3519510282579832,0.35654749251904705,0.7021348182551057,0.3484723599112497
Spambase,GB,Boosting,0.35,0.0,0.2,0.0,4601,43,0.6031249114856252,0.014664214236961765,0.5948694022230095,0.01394945025900546,0.5930629040415123,0.013633676950263705,0.19525828145161053,0.029852434648298447,label_noise,feature_noise,0.35,0.2,0.3445678138129634,0.3481157418268217,0.35189428707857684,0.6950234288846613,0.3445678138129634
Bank,LR,Linear,0.35,0.0,0.2,0.0,5000,42,0.6125999999999999,0.007838367176906178,0.5279095676065069,0.00643467179623214,0.4753182138311603,0.006572598573585291,0.0942493453504278,0.023742416570907008,label_noise,feature_noise,0.35,0.2,0.2835333333333333,0.11372975444051614,0.20136901644403443,0.29141132175817847,0.2835333333333333
Bank,LR,Linear,0.35,0.0,0.2,0.0,5000,43,0.6195999999999999,0.006590902821313638,0.5256012927621159,0.005156404620767277,0.47283473625821404,0.0036498978389817235,0.08879645742787177,0.02065489948242747,label_noise,feature_noise,0.35,0.2,0.2765333333333333,0.11603802928490714,0.2038524940169807,0.29686420968073446,0.2765333333333333
Bank,RF,Ensemble,0.35,0.0,0.2,0.0,5000,42,0.6055999999999999,0.008357032966310478,0.5121894422944833,0.007533995109709793,0.4351337934975879,0.009720880090219331,0.053134299301753826,0.033454902136552354,label_noise,feature_noise,0.35,0.2,0.29033333333333344,0.09127550012855656,0.20230665710402157,0.28969100912900186,0.29033333333333344
Bank,RF,Ensemble,0.35,0.0,0.2,0.0,5000,43,0.617,0.005176871642217918,0.5133074153996411,0.006282449353043952,0.43552926114493323,0.014515608030465083,0.05894308182800108,0.025788558582268886,label_noise,feature_noise,0.35,0.2,0.27893333333333337,0.09015752702339874,0.20191118945667624,0.28388222660275464,0.27893333333333337
Bank,XGB,Boosting,0.35,0.0,0.2,0.0,5000,42,0.59,0.016589153082662192,0.5231140372920541,0.016842324185634663,0.49883131432382266,0.01927810058726,0.0590689963794457,0.042610648706822796,label_noise,feature_noise,0.35,0.2,0.3057333333333333,0.14128375190754716,0.19644616149015215,0.349972257931928,0.3057333333333333
Bank,XGB,Boosting,0.35,0.0,0.2,0.0,5000,43,0.6020000000000001,0.010276186062932112,0.5195365952644917,0.012327349203443827,0.4848250165593496,0.017670622693120256,0.054323845872498264,0.0323054728116542,label_noise,feature_noise,0.35,0.2,0.2937333333333332,0.14486119393510954,0.2104524592546252,0.3547174084388754,0.2937333333333332
Bank,SVM,Kernel,0.35,0.0,0.2,0.0,5000,42,0.6033999999999999,0.0053888774341229965,0.5150801628386189,0.004314786265579648,0.4517155408532775,0.0062941520944326135,0.0549975692492367,0.017844923112354322,label_noise,feature_noise,0.35,0.2,0.28680000000000005,0.07327506232294823,0.16441186864697477,0.24107641045114586,0.28680000000000005
Bank,SVM,Kernel,0.35,0.0,0.2,0.0,5000,43,0.6152,0.006144916598294892,0.5199644803874988,0.005067440539233338,0.4633961699560235,0.00795353515744915,0.07088191627725296,0.01948902015869878,label_noise,feature_noise,0.35,0.2,0.275,0.06839074477406837,0.15273123954422874,0.2251920634231296,0.275
Bank,MLP,Neural,0.35,0.0,0.2,0.0,5000,42,0.598,0.009208691546577078,0.5171064314553282,0.013346081873085907,0.46918307646251806,0.025005437103197144,0.05004587077788002,0.03793875086457152,label_noise,feature_noise,0.35,0.2,0.29300000000000004,0.10210126827332278,0.17750360851973818,0.2841291650663848,0.29300000000000004
Bank,MLP,Neural,0.35,0.0,0.2,0.0,5000,43,0.6086,0.008957678270623484,0.5173461751662971,0.009686956404127714,0.46795484305761603,0.014511720528686007,0.05566247222317413,0.0301342164418695,label_noise,feature_noise,0.35,0.2,0.2824,0.10186152456235387,0.1787318419246402,0.2785125636210907,0.2824
Bank,GB,Boosting,0.35,0.0,0.2,0.0,5000,42,0.5946,0.005122499389946284,0.5196285872242046,0.005602805270191316,0.48339678537709513,0.008264537596642672,0.054858141999881316,0.015412336434814142,label_noise,feature_noise,0.35,0.2,0.29979999999999996,0.14623855180261736,0.2115826737028293,0.35113783763868145,0.29979999999999996
Bank,GB,Boosting,0.35,0.0,0.2,0.0,5000,43,0.6058,0.01070327052820773,0.5209661565568577,0.011493236475911342,0.48280646553801054,0.017026896221620125,0.060746034107647305,0.03148114479616118,label_noise,feature_noise,0.35,0.2,0.28859999999999997,0.1449009824699642,0.21217299354191388,0.3452499455309155,0.28859999999999997
Wine,LR,Linear,0.35,0.0,0.2,0.0,178,42,0.5169841269841269,0.04725682339109222,0.5143634143634144,0.04946706154192816,0.5086623433351123,0.05072312128590299,0.2758620298389331,0.07177436062570236,label_noise,feature_noise,0.35,0.2,0.4681481481481481,0.4714214180880848,0.4762101436444882,0.7022562044684459,0.4681481481481481
Wine,LR,Linear,0.35,0.0,0.2,0.0,178,43,0.5784126984126984,0.08225745399486485,0.5756410256410256,0.07977509017283316,0.5720450130466175,0.08190364412080799,0.36851758167590376,0.12233800286228283,label_noise,feature_noise,0.35,0.2,0.4067195767195766,0.4101438068104736,0.412827473932983,0.6096006526314753,0.4067195767195766
Wine,RF,Ensemble,0.35,0.0,0.2,0.0,178,42,0.5280952380952381,0.06481868037279724,0.5259185259185258,0.06476961578936578,0.5268292280103013,0.064641223726689,0.2897035219192849,0.0980207639998989,label_noise,feature_noise,0.35,0.2,0.4550793650793652,0.45953120953120963,0.45690151860933426,0.6853741140215115,0.4550793650793652
Wine,RF,Ensemble,0.35,0.0,0.2,0.0,178,43,0.6122222222222222,0.08372861655090719,0.6095571095571096,0.08127730825248869,0.6064932913484953,0.08098746928430611,0.4196941900641985,0.12781716013801606,label_noise,feature_noise,0.35,0.2,0.37095238095238103,0.37589262589262584,0.3772374552711403,0.5553834458765978,0.37095238095238103
Wine,XGB,Boosting,0.35,0.0,0.2,0.0,178,42,0.46698412698412695,0.10386047970302323,0.4607503607503608,0.10576903561242113,0.45924658410775876,0.10434558537552911,0.19800869318566733,0.15669731810983784,label_noise,feature_noise,0.35,0.2,0.49,0.4981994548661216,0.49789450749546815,0.7380364596261628,0.49
Wine,XGB,Boosting,0.35,0.0,0.2,0.0,178,43,0.5784126984126984,0.11612431979031096,0.5757187257187256,0.11258164794131516,0.5720194720867933,0.11203891351087729,0.36865774964939674,0.17695515356400754,label_noise,feature_noise,0.35,0.2,0.37857142857142856,0.3832310898977568,0.38512161951643364,0.5673874031624335,0.37857142857142856
Wine,SVM,Kernel,0.35,0.0,0.2,0.0,178,42,0.5393650793650794,0.03764482406702866,0.5374736374736374,0.03832553348789243,0.5353425050896315,0.03890001650461608,0.30726819204881684,0.05764329838315672,label_noise,feature_noise,0.35,0.2,0.44380952380952376,0.44450968784302125,0.4474895746311338,0.6677609394820321,0.44380952380952376
Wine,SVM,Kernel,0.35,0.0,0.2,0.0,178,43,0.6401587301587301,0.0753418345827655,0.6374902874902875,0.07164261075496353,0.6333916219025244,0.07307371505075407,0.4618503497774946,0.11308590629016134,label_noise,feature_noise,0.35,0.2,0.343015873015873,0.3444930378263712,0.34944045781824096,0.5131787817533543,0.343015873015873
Wine,MLP,Neural,0.35,0.0,0.2,0.0,178,42,0.3761904761904762,0.04361759199068377,0.3862637362637363,0.03986385360062496,0.3506603613777527,0.05997884973013851,0.07930593188393639,0.06463532962915895,label_noise,feature_noise,0.35,0.2,0.5432804232804233,0.5374832574832575,0.5703502935658271,0.8036863723394085,0.5432804232804233
Wine,MLP,Neural,0.35,0.0,0.2,0.0,178,43,0.5496825396825396,0.09928898145944604,0.5467365967365967,0.09386828655894189,0.5382763850024701,0.09988639011636109,0.3287466428056426,0.14823729498853205,label_noise,feature_noise,0.35,0.2,0.3697883597883599,0.3770103970103972,0.3827342699411097,0.5542456614177024,0.3697883597883599
Wine,GB,Boosting,0.35,0.0,0.2,0.0,178,42,0.47285714285714286,0.08950664025385986,0.46940836940836944,0.09065212910267913,0.46784992784992785,0.09084235301996106,0.2053888483941289,0.1361848349948958,label_noise,feature_noise,0.35,0.2,0.457936507936508,0.45947731281064613,0.46410823672629276,0.693238834031944,0.457936507936508
Wine,GB,Boosting,0.35,0.0,0.2,0.0,178,43,0.556031746031746,0.11907576386881714,0.5534188034188035,0.11588921656719234,0.5492635212463711,0.11655300712948334,0.33718162690647796,0.1821945099526164,label_noise,feature_noise,0.35,0.2,0.37476190476190485,0.3754668788002121,0.3826946433298495,0.561446055519595,0.37476190476190485
BreastCancer,LR,Linear,0.35,0.0,0.2,0.0,569,42,0.6203850333799099,0.036959635146514895,0.5896679561573178,0.032573362323415254,0.5856570929790529,0.0319606419392723,0.2002787884062322,0.08578825986232051,label_noise,feature_noise,0.35,0.2,0.35503803757180574,0.38123508916023785,0.38779315239305745,0.7476910112777413,0.35503803757180574
BreastCancer,LR,Linear,0.35,0.0,0.2,0.0,569,43,0.6115820524763235,0.03224541308766094,0.5961942110177404,0.032091902664895255,0.5930720473912198,0.03258362807224356,0.2028678704178395,0.06774977591795978,label_noise,feature_noise,0.35,0.2,0.3638410184753922,0.3747088342998153,0.38037819798089056,0.7451019292661339,0.3638410184753922
BreastCancer,RF,Ensemble,0.35,0.0,0.2,0.0,569,42,0.6098587175904362,0.015813994766248236,0.586436170212766,0.01902562522980988,0.5845896643862969,0.02125208666232683,0.18066599673117612,0.03649752506307751,label_noise,feature_noise,0.35,0.2,0.3514930393831187,0.37105067592868224,0.3739287864267523,0.7380323673887456,0.3514930393831187
BreastCancer,RF,Ensemble,0.35,0.0,0.2,0.0,569,43,0.5940226672876883,0.0169957081886037,0.5799869281045751,0.013633789340447572,0.577575686549639,0.012624419288571711,0.16700298017461906,0.031715464971995434,label_noise,feature_noise,0.35,0.2,0.36732908968586664,0.3774999180368731,0.3809427642634102,0.7516953839453027,0.36732908968586664
BreastCancer,XGB,Boosting,0.35,0.0,0.2,0.0,569,42,0.5992547741034002,0.04730068055086739,0.576599774339136,0.04683838322865036,0.5761880850102089,0.047739906847894455,0.15975206094467587,0.09796519162741252,label_noise,feature_noise,0.35,0.2,0.3679449360865288,0.3857996437022735,0.3884577145524122,0.7708686470449619,0.3679449360865288
BreastCancer,XGB,Boosting,0.35,0.0,0.2,0.0,569,43,0.5782021425244528,0.02005852839448616,0.5665658263305322,0.021172902111329057,0.5638524317299967,0.022839924973066736,0.13707419897854667,0.04418341701314941,label_noise,feature_noise,0.35,0.2,0.3889975676654762,0.3958335917108773,0.4007933678326244,0.7935465090110911,0.3889975676654762
BreastCancer,SVM,Kernel,0.35,0.0,0.2,0.0,569,42,0.6502251203229312,0.030524782147915316,0.622332366215345,0.025502912993160074,0.6216384085588732,0.024792793773080902,0.265767263804924,0.0649781919044239,label_noise,feature_noise,0.35,0.2,0.3251876002691094,0.34976312663841835,0.3519332402203885,0.6819350954064155,0.3251876002691094
BreastCancer,SVM,Kernel,0.35,0.0,0.2,0.0,569,43,0.608011178388449,0.02694178145278882,0.5899925303454715,0.026012269149885192,0.5854429023097635,0.02597618922156935,0.19272278264125847,0.056669851519091576,label_noise,feature_noise,0.35,0.2,0.36740154220359167,0.3821029625082919,0.38812874646949824,0.7549795765700811,0.36740154220359167
BreastCancer,MLP,Neural,0.35,0.0,0.2,0.0,569,42,0.611597578015836,0.03481595225811656,0.5900910702772404,0.028781769349113095,0.5897805790897529,0.028273108249214342,0.18955816943179812,0.06834548248287942,label_noise,feature_noise,0.35,0.2,0.335103244837758,0.34792752362900503,0.35239987935415484,0.6963017252234144,0.335103244837758
BreastCancer,MLP,Neural,0.35,0.0,0.2,0.0,569,43,0.6010091600683124,0.022723598845893752,0.5826013071895424,0.01916485551850542,0.5764668995058513,0.016978400059719574,0.17980045575246864,0.048717731585391603,label_noise,feature_noise,0.35,0.2,0.34569166278528163,0.35541728671670303,0.36571355893805646,0.7060594389027439,0.34569166278528163
BreastCancer,GB,Boosting,0.35,0.0,0.2,0.0,569,42,0.6027635460332247,0.025217768270486537,0.5807664410058028,0.026113658211618648,0.5803982674120427,0.026823065648259134,0.1672961716416823,0.05409524577756727,label_noise,feature_noise,0.35,0.2,0.35330435232624335,0.3702497552241176,0.3723561083087279,0.7393149194769081,0.35330435232624335
BreastCancer,GB,Boosting,0.35,0.0,0.2,0.0,569,43,0.5746312684365782,0.0352371128017481,0.5644332399626517,0.034285890448682785,0.5637013240798805,0.03433653312080202,0.13161925680497027,0.07051436991291742,label_noise,feature_noise,0.35,0.2,0.38143662992288985,0.3865829562672687,0.3890530516408901,0.7749918343136202,0.38143662992288985
Digits,LR,Linear,0.35,0.0,0.2,0.0,1797,42,0.566496440730424,0.013983219602598958,0.5620013922728855,0.013240497144995653,0.5608383246104538,0.012933612491685441,0.12580728112164702,0.027403238852945586,label_noise,feature_noise,0.35,0.2,0.32628752708139885,0.3308035296897265,0.33193208400879404,0.6600426385921601,0.32628752708139885
Digits,LR,Linear,0.35,0.0,0.2,0.0,1797,43,0.6038022284122564,0.02637033948088577,0.6037172738373463,0.026324820431163888,0.6034526754395635,0.026243520836688856,0.20779694152654785,0.0528569568767044,label_noise,feature_noise,0.35,0.2,0.2889817393995665,0.28908764812526566,0.28931773317968434,0.5780529781872593,0.2889817393995665
Digits,RF,Ensemble,0.35,0.0,0.2,0.0,1797,42,0.5787449705973382,0.01551322752202066,0.5723864656420027,0.013734651856623299,0.5695347773540218,0.01183041497896247,0.14933073823019097,0.03066869161505762,label_noise,feature_noise,0.35,0.2,0.3989977303208503,0.4053539195779343,0.4082065837230707,0.8062205540900039,0.3989977303208503
Digits,RF,Ensemble,0.35,0.0,0.2,0.0,1797,43,0.6104921077065922,0.026586639395116407,0.6104187741957634,0.0266098383059848,0.6102591430864843,0.026592190108708787,0.22105999521330877,0.05329371036989807,label_noise,feature_noise,0.35,0.2,0.36725059321159625,0.3673216110241736,0.3674822179906082,0.7344912971068861,0.36725059321159625
Digits,XGB,Boosting,0.35,0.0,0.2,0.0,1797,42,0.5681816774992262,0.01686769966348416,0.5643032223789547,0.015225133008959087,0.5635023373086951,0.014449138097561449,0.13025817162124967,0.03220370589612473,label_noise,feature_noise,0.35,0.2,0.4019508923965749,0.40582490228881607,0.4066281971115372,0.8100881018096587,0.4019508923965749
Digits,XGB,Boosting,0.35,0.0,0.2,0.0,1797,43,0.5859811203961622,0.004344720473273837,0.5859663618415188,0.004337024943973609,0.5857368919689587,0.004501565288434755,0.17211231582200612,0.00855542215312374,label_noise,feature_noise,0.35,0.2,0.38415144949963886,0.3841617628262519,0.3843936424512736,0.7682339576089022,0.38415144949963886
Digits,SVM,Kernel,0.35,0.0,0.2,0.0,1797,42,0.6110151655834107,0.013964895152415698,0.6079951270449009,0.013077785197287858,0.6074111937914805,0.013151142368761151,0.21794475702870333,0.02687278326318283,label_noise,feature_noise,0.35,0.2,0.36969823584029715,0.3727226934639625,0.3733009574599515,0.7435643045909167,0.36969823584029715
Digits,SVM,Kernel,0.35,0.0,0.2,0.0,1797,43,0.641084803466419,0.022335569631628246,0.6410282638075595,0.02228613404013614,0.6406864647881119,0.022323157428547267,0.282644972846491,0.044744411608859294,label_noise,feature_noise,0.35,0.2,0.33962859795728884,0.33968955670130385,0.3400256864633201,0.678864088773129,0.33962859795728884
Digits,MLP,Neural,0.35,0.0,0.2,0.0,1797,42,0.5921015165583411,0.007369857822622286,0.5897393152215729,0.007109611070906828,0.5893087499323786,0.007559331478463157,0.18036259240780433,0.013977303558726452,label_noise,feature_noise,0.35,0.2,0.37154441349427425,0.3739133523847663,0.3743359683822918,0.7469967662332397,0.37154441349427425
Digits,MLP,Neural,0.35,0.0,0.2,0.0,1797,43,0.6060492107706592,0.03368173743650088,0.6059027345482643,0.03364188200430113,0.6055169124355059,0.03367214382252979,0.21231651980786448,0.06740819414172014,label_noise,feature_noise,0.35,0.2,0.35759671928195613,0.3577499330580749,0.3581278058791645,0.7150428388331797,0.35759671928195613
Digits,GB,Boosting,0.35,0.0,0.2,0.0,1797,42,0.5687264004952027,0.009088132116646691,0.5635389378423434,0.008542979847368242,0.561810425958772,0.008331363828129178,0.12945213185726132,0.01775549719795322,label_noise,feature_noise,0.35,0.2,0.3984380480759311,0.40362103966039153,0.4053512111982821,0.8049778208195193,0.3984380480759311
Digits,GB,Boosting,0.35,0.0,0.2,0.0,1797,43,0.5865567935623646,0.026321756733490347,0.5865345407040237,0.026281003147541806,0.5862248433240034,0.02613059588531243,0.1733881671445621,0.05277563346700051,label_noise,feature_noise,0.35,0.2,0.38060765500876925,0.3806254367987113,0.3809367938330507,0.7610417855322186,0.38060765500876925
Spambase,LR,Linear,0.35,0.0,0.45,0.0,4601,42,0.5966119057734975,0.011686462643463617,0.5866528846830084,0.010756133441160528,0.5816260285648861,0.010211801614058144,0.18230305594299068,0.024141180662226848,label_noise,feature_noise,0.35,0.45,0.32862287368802023,0.33162453159582284,0.33951508838676003,0.6607043046520943,0.32862287368802023
Spambase,LR,Linear,0.35,0.0,0.45,0.0,4601,43,0.6107369116744559,0.015511885507848598,0.6004529437904113,0.014379041249346965,0.5966383845337226,0.01389897498258614,0.2106090107315688,0.031655573623967447,label_noise,feature_noise,0.35,0.45,0.3144978677870619,0.31782447248841994,0.3245027324179235,0.6323983498635162,0.3144978677870619
Spambase,RF,Ensemble,0.35,0.0,0.45,0.0,4601,42,0.6003068498324128,0.012081536800482452,0.5887939179972526,0.011894006463143699,0.5814581162259697,0.012658200401280116,0.18981742659594314,0.02567802384699096,label_noise,feature_noise,0.35,0.45,0.3444886622920895,0.34861804691354537,0.3601318532733291,0.6944493888760443,0.3444886622920895
Spambase,RF,Ensemble,0.35,0.0,0.45,0.0,4601,43,0.6116041165085211,0.017924443645317624,0.599119113136499,0.017563607372225003,0.5926047735106459,0.017593785945418966,0.21220526835257453,0.03833259558142712,label_noise,feature_noise,0.35,0.45,0.3331913956159812,0.3382928517742989,0.34898519598865285,0.6720615471194129,0.3331913956159812
Spambase,XGB,Boosting,0.35,0.0,0.45,0.0,4601,42,0.5759651607421045,0.012044522105491364,0.5687981730453193,0.011261219207400006,0.5666565531632348,0.011082529629486946,0.1410884840075704,0.023604099882532634,label_noise,feature_noise,0.35,0.45,0.37440903869455067,0.3773008057850229,0.38115824590689595,0.7548109995569714,0.37440903869455067
Spambase,XGB,Boosting,0.35,0.0,0.45,0.0,4601,43,0.5785660671293018,0.011541144771175571,0.5709033135474078,0.011050071229238538,0.5691805556879774,0.010884862436028993,0.14517844942705949,0.023021115082197362,label_noise,feature_noise,0.35,0.45,0.3718081323073533,0.37519566528293447,0.37863424338215335,0.7507210341374824,0.3718081323073533
Spambase,SVM,Kernel,0.35,0.0,0.45,0.0,4601,42,0.5950911107963933,0.01440460097144812,0.5845534876875756,0.01328267355614871,0.5787922991604033,0.01213022550574594,0.17897888928617953,0.030352076168535372,label_noise,feature_noise,0.35,0.45,0.33782341185541864,0.34173654229705686,0.3504481047468351,0.6801130560108045,0.33782341185541864
Spambase,SVM,Kernel,0.35,0.0,0.45,0.0,4601,43,0.6137763772836708,0.01591017810666484,0.603281593561681,0.015164482894984734,0.5995246918134082,0.014912795392427855,0.21660388651333856,0.03302344657027955,label_noise,feature_noise,0.35,0.45,0.3191381453681411,0.3230084364229515,0.3297157120938302,0.6424880587836455,0.3191381453681411
Spambase,MLP,Neural,0.35,0.0,0.45,0.0,4601,42,0.5727014587168957,0.009160359208213856,0.5650356771538035,0.008344017924251863,0.5612593154120917,0.009218381605739198,0.13454933704916272,0.017803201168199882,label_noise,feature_noise,0.35,0.45,0.3643425545641945,0.36768509982318753,0.3726188425296527,0.7334690862759055,0.3643425545641945
Spambase,MLP,Neural,0.35,0.0,0.45,0.0,4601,43,0.5885684275126281,0.013299278059019095,0.5801993460905465,0.012453776446911594,0.5778180503403163,0.012130929473038494,0.16533510160583326,0.026716659580908082,label_noise,feature_noise,0.35,0.45,0.34847558576846216,0.3525214308864446,0.35606010760142814,0.702683321719235,0.34847558576846216
Spambase,GB,Boosting,0.35,0.0,0.45,0.0,4601,42,0.5846582164943587,0.008921661062305491,0.5770063915149881,0.00855140640846558,0.5746253370122204,0.008607800367865617,0.15835909317602248,0.01780714070779726,label_noise,feature_noise,0.35,0.45,0.36303450880422994,0.36597875253484313,0.37033185410786873,0.7319226171602493,0.36303450880422994
Spambase,GB,Boosting,0.35,0.0,0.45,0.0,4601,43,0.5892182410423452,0.011327082274853953,0.5801661293502656,0.010770063282375746,0.5772127774682019,0.010446557086959934,0.16603184748849775,0.02327938887894826,label_noise,feature_noise,0.35,0.45,0.3584744842562434,0.3628190146995657,0.36774441365188726,0.724249862847774,0.3584744842562434
Bank,LR,Linear,0.35,0.0,0.45,0.0,5000,42,0.61,0.009099450532861868,0.525586771875157,0.007510590553041654,0.47315771827954,0.006583225259057156,0.0859682588404671,0.027617652279887373,label_noise,feature_noise,0.35,0.45,0.28613333333333324,0.116052550171866,0.20352951199565472,0.29969240826813914,0.28613333333333324
Bank,LR,Linear,0.35,0.0,0.45,0.0,5000,43,0.6162,0.008975522268926757,0.518924331511984,0.007557994564907348,0.45797237564910365,0.007737315721251773,0.07129238813489848,0.029726035555186332,label_noise,feature_noise,0.35,0.45,0.27993333333333326,0.12271499053503898,0.21871485462609108,0.3143682789737078,0.27993333333333326
Bank,RF,Ensemble,0.35,0.0,0.45,0.0,5000,42,0.608,0.010449880382090514,0.5133705248697458,0.009765713082206218,0.4332116274736558,0.012492163951356628,0.06147609898738584,0.04320138439866883,label_noise,feature_noise,0.35,0.45,0.2879333333333334,0.09009441755329406,0.20422882312795365,0.2813492094433699,0.2879333333333334
Bank,RF,Ensemble,0.35,0.0,0.45,0.0,5000,43,0.6129999999999999,0.00723878442834155,0.5073192673688101,0.005719877591472194,0.4229654915331488,0.004679536760602091,0.038560554755545,0.029632668061783433,label_noise,feature_noise,0.35,0.45,0.2829333333333335,0.09614567505422977,0.2144749590684607,0.3042647536752107,0.2829333333333335
Bank,XGB,Boosting,0.35,0.0,0.45,0.0,5000,42,0.5833999999999999,0.010384603988597745,0.5149159839841853,0.011368713180557596,0.48760043407451625,0.014302855105674582,0.03830463912781558,0.02887423702429535,label_noise,feature_noise,0.35,0.45,0.31233333333333335,0.14948180521541599,0.20767704173945856,0.3707366151835581,0.31233333333333335
Bank,XGB,Boosting,0.35,0.0,0.45,0.0,5000,43,0.6006,0.010209799214480184,0.5205543567205153,0.012012371014879543,0.4894145779541903,0.01684266627046559,0.05561216810529346,0.03154098327731659,label_noise,feature_noise,0.35,0.45,0.29513333333333325,0.14384343247908593,0.2058628978597845,0.3534290862060802,0.29513333333333325
Bank,SVM,Kernel,0.35,0.0,0.45,0.0,5000,42,0.6020000000000001,0.005176871642217918,0.512770769462733,0.004693258492248264,0.44672811498598675,0.007378269834694861,0.04739660425710619,0.01797986239303007,label_noise,feature_noise,0.35,0.45,0.2881999999999999,0.0755844556988341,0.1693992945142655,0.2486773754432764,0.2881999999999999
Bank,SVM,Kernel,0.35,0.0,0.45,0.0,5000,43,0.6135999999999999,0.003611094017053561,0.5171037740206947,0.0031547400761494874,0.4573899732848853,0.006059959220513737,0.0618411126451721,0.011656365171745786,label_noise,feature_noise,0.35,0.45,0.27660000000000007,0.07125145114087239,0.15873743621536696,0.23423286705521046,0.27660000000000007
Bank,MLP,Neural,0.35,0.0,0.45,0.0,5000,42,0.595,0.008648699324175868,0.5212016886967884,0.006462461792713986,0.48650891582648825,0.0107513965308189,0.05909402708635571,0.019059369243052918,label_noise,feature_noise,0.35,0.45,0.29600000000000004,0.09800601103186257,0.16017776915576798,0.27508100875790914,0.29600000000000004
Bank,MLP,Neural,0.35,0.0,0.45,0.0,5000,43,0.6002,0.009019977827023754,0.5117186675113504,0.005985939149102511,0.46620354056850105,0.006430830700620358,0.03679360372634881,0.019105079797327753,label_noise,feature_noise,0.35,0.45,0.29080000000000006,0.10748903221730055,0.18048314441375518,0.297381432117916,0.29080000000000006
Bank,GB,Boosting,0.35,0.0,0.45,0.0,5000,42,0.5928,0.018903967837467367,0.5179658574994555,0.01897181716275306,0.4818218050015973,0.021983661608453657,0.050708480117809915,0.052822701244130583,label_noise,feature_noise,0.35,0.45,0.3016,0.14790128152736648,0.2131576540783271,0.35528749952075284,0.3016
Bank,GB,Boosting,0.35,0.0,0.45,0.0,5000,43,0.6033999999999999,0.009871170143402462,0.5147068353394573,0.010167939268839878,0.46930055674682236,0.015244321603892637,0.04505260227925103,0.030467136883544455,label_noise,feature_noise,0.35,0.45,0.29100000000000004,0.15116030368736466,0.22567890233310206,0.36094337735931176,0.29100000000000004
Wine,LR,Linear,0.35,0.0,0.45,0.0,178,42,0.5117460317460318,0.08455625727880073,0.5101953601953602,0.08719006363024853,0.5064644629382368,0.09073495868104357,0.26587819148932257,0.1328348994855706,label_noise,feature_noise,0.35,0.45,0.47338624338624313,0.475589472256139,0.47840802404136373,0.7122400428180565,0.47338624338624313
Wine,LR,Linear,0.35,0.0,0.45,0.0,178,43,0.5385714285714285,0.0862776898052183,0.5354856254856254,0.08302967043321233,0.5295924263887651,0.08626838368430532,0.3103222053772261,0.1275444370521043,label_noise,feature_noise,0.35,0.45,0.4465608465608465,0.4502992069658738,0.45528006059083537,0.667796028930153,0.4465608465608465
Wine,RF,Ensemble,0.35,0.0,0.45,0.0,178,42,0.47793650793650794,0.05391781022548311,0.4749028749028749,0.053174677031738754,0.47652706692329155,0.05062034515912339,0.21281333414995177,0.08312310176358535,label_noise,feature_noise,0.35,0.45,0.5052380952380953,0.5105468605468606,0.507203679696344,0.7622643017908446,0.5052380952380953
Wine,RF,Ensemble,0.35,0.0,0.45,0.0,178,43,0.584126984126984,0.0631319150661883,0.5805905205905206,0.06409740084218614,0.5773267788731511,0.06637765010279369,0.37822934084714244,0.09502966911874984,label_noise,feature_noise,0.35,0.45,0.3990476190476192,0.40485921485921483,0.40640396774648446,0.5968482950936539,0.3990476190476192
Wine,XGB,Boosting,0.35,0.0,0.45,0.0,178,42,0.4103174603174603,0.053532319645814216,0.40886890886890886,0.05747381664963533,0.40028996975564485,0.06226067547032898,0.11261441784105537,0.086067436934647,label_noise,feature_noise,0.35,0.45,0.5466666666666666,0.5500809067475736,0.556851121847582,0.8234307349707748,0.5466666666666666
Wine,XGB,Boosting,0.35,0.0,0.45,0.0,178,43,0.5279365079365079,0.06524832886173546,0.5241958041958042,0.06398908464582388,0.5159931742706918,0.06949825799123076,0.29482083557533506,0.1019261815616458,label_noise,feature_noise,0.35,0.45,0.429047619047619,0.43475401142067815,0.4411479173325351,0.6412243172364951,0.429047619047619
Wine,SVM,Kernel,0.35,0.0,0.45,0.0,178,42,0.5169841269841269,0.016553660729503088,0.5176934176934177,0.014502681686341412,0.5160584844429239,0.01628900315583141,0.2752262641138162,0.02503753342630189,label_noise,feature_noise,0.35,0.45,0.46619047619047627,0.46428990762324096,0.46677359527784146,0.6998028674170327,0.46619047619047627
Wine,SVM,Kernel,0.35,0.0,0.45,0.0,178,43,0.6457142857142857,0.09253927414214655,0.6415073815073815,0.08963300114995121,0.6377306440625184,0.08934971942113243,0.4697217888051587,0.14025631199481478,label_noise,feature_noise,0.35,0.45,0.33746031746031746,0.34047594380927715,0.3451014356582469,0.5053073427256902,0.33746031746031746
Wine,MLP,Neural,0.35,0.0,0.45,0.0,178,42,0.40428571428571425,0.02490394750153039,0.421972471972472,0.01961286212382925,0.3700873725607659,0.04025093621655873,0.13770465783539404,0.03160069937164508,label_noise,feature_noise,0.35,0.45,0.5151851851851852,0.5017745217745219,0.5509232823828139,0.745287646387951,0.5151851851851852
Wine,MLP,Neural,0.35,0.0,0.45,0.0,178,43,0.48301587301587307,0.08607302939666274,0.48167832167832164,0.08294933869908852,0.4590735709158077,0.10312289332088817,0.23181783085794416,0.13116600562802147,label_noise,feature_noise,0.35,0.45,0.4364550264550264,0.44206867206867223,0.4619370840277721,0.6511744733654008,0.4364550264550264
Wine,GB,Boosting,0.35,0.0,0.45,0.0,178,42,0.43809523809523815,0.01967229636168845,0.4334110334110335,0.021955394056886686,0.43199275948064264,0.0271367162404503,0.1519045697906408,0.03084178693568328,label_noise,feature_noise,0.35,0.45,0.4926984126984127,0.4954746488079821,0.49996540509557796,0.7467231126354321,0.4926984126984127
Wine,GB,Boosting,0.35,0.0,0.45,0.0,178,43,0.5501587301587302,0.06613430679799477,0.5469308469308469,0.061730939128397194,0.5450382622131378,0.0587426597115604,0.32574811403120574,0.10052520164432314,label_noise,feature_noise,0.35,0.45,0.38063492063492066,0.38195483528816865,0.3869199023630828,0.5728795683948672,0.38063492063492066
BreastCancer,LR,Linear,0.35,0.0,0.45,0.0,569,42,0.6080267039279615,0.029936026272775758,0.5773573500967117,0.022464557424910065,0.5725014899956622,0.018355327614580155,0.17344468044724964,0.0638397758447043,label_noise,feature_noise,0.35,0.45,0.3673963670237541,0.3935456952208439,0.40094875537644814,0.7745251192367237,0.3673963670237541
BreastCancer,LR,Linear,0.35,0.0,0.45,0.0,569,43,0.6062878435025617,0.023131459585432418,0.5934173669467787,0.020193986871601503,0.5907361490612928,0.018848261200735825,0.19602268455777289,0.0484795816636116,label_noise,feature_noise,0.35,0.45,0.36913522744915395,0.37748567837077696,0.38271409631081754,0.7519471151262005,0.36913522744915395
BreastCancer,RF,Ensemble,0.35,0.0,0.45,0.0,569,42,0.6168607359105729,0.012175488006813447,0.5889103803997421,0.008974713951051866,0.5866120494273315,0.007803782905045295,0.19070756036782238,0.024327095023344635,label_noise,feature_noise,0.35,0.45,0.344491021062982,0.3685764657417061,0.37190640138571773,0.7279908037520992,0.344491021062982
BreastCancer,RF,Ensemble,0.35,0.0,0.45,0.0,569,43,0.6097810898928738,0.028934807661950418,0.5973389355742297,0.026398485926530466,0.5962470178897419,0.026007503106628,0.20180631493501605,0.05856845390378625,label_noise,feature_noise,0.35,0.45,0.3515706670806811,0.3601479105672185,0.3622714329233073,0.7168920491849056,0.3515706670806811
BreastCancer,XGB,Boosting,0.35,0.0,0.45,0.0,569,42,0.616829684831548,0.023303157301516962,0.5905705996131528,0.02414546361493858,0.5886522066168883,0.024956032242690745,0.19231645915770618,0.05161912291463305,label_noise,feature_noise,0.35,0.45,0.350370025358381,0.37182881842825666,0.37599359294573276,0.7383042488319316,0.350370025358381
BreastCancer,XGB,Boosting,0.35,0.0,0.45,0.0,569,43,0.5816953889147648,0.013905424134479675,0.5700746965452848,0.012936473398407455,0.5687963352043968,0.013106193448823715,0.14375561203553047,0.027335636760199726,label_noise,feature_noise,0.35,0.45,0.3855043212751642,0.39232472149612474,0.3958494643582243,0.7868650959541074,0.3855043212751642
BreastCancer,SVM,Kernel,0.35,0.0,0.45,0.0,569,42,0.6432075764632821,0.027836534675415386,0.6139990328820116,0.024073588032315633,0.6121454142993115,0.02362787744943826,0.24921680712578292,0.05992804136889397,label_noise,feature_noise,0.35,0.45,0.33220514412875857,0.35809645997175177,0.36142623447995026,0.6984855520855566,0.33220514412875857
BreastCancer,SVM,Kernel,0.35,0.0,0.45,0.0,569,43,0.6009625834497749,0.03891768752450163,0.5809897292250233,0.0382702539488524,0.5739652336640584,0.03910823487238051,0.17677729256738597,0.08368576190893971,label_noise,feature_noise,0.35,0.45,0.3744501371422657,0.39110576362874006,0.39960641511520334,0.7709250666439535,0.3744501371422657
BreastCancer,MLP,Neural,0.35,0.0,0.45,0.0,569,42,0.6098121409718988,0.056934517950212905,0.5890997743391361,0.05067096594463863,0.5885470615916917,0.050990215401199794,0.18816546612941137,0.10841058874233768,label_noise,feature_noise,0.35,0.45,0.3368886818816952,0.34891881956710935,0.35363339685221606,0.6976944285258011,0.3368886818816952
BreastCancer,MLP,Neural,0.35,0.0,0.45,0.0,569,43,0.5974382859804379,0.04552548844544741,0.5793090569561158,0.04350627323886646,0.5730687154140715,0.04299512018675191,0.1737199393670688,0.09660636705900885,label_noise,feature_noise,0.35,0.45,0.3492625368731561,0.35870953695012964,0.3691117430298363,0.7121399552881438,0.3492625368731561
BreastCancer,GB,Boosting,0.35,0.0,0.45,0.0,569,42,0.6168762614500855,0.03900485836973326,0.5940240167633785,0.03946812308909495,0.5936514123466395,0.040801920008396365,0.19614799815422218,0.08298591854114917,label_noise,feature_noise,0.35,0.45,0.3391916369093826,0.35699217946654194,0.35910296337413106,0.7104630929643683,0.3391916369093826
BreastCancer,GB,Boosting,0.35,0.0,0.45,0.0,569,43,0.5975469647570254,0.014829336727565626,0.5862278244631185,0.013064890746960317,0.5851311093803476,0.013419119628785732,0.17696501605838522,0.027319528258831504,label_noise,feature_noise,0.35,0.45,0.35852093360244264,0.3647883717668019,0.36762326634042297,0.7296460750602052,0.35852093360244264
Digits,LR,Linear,0.35,0.0,0.45,0.0,1797,42,0.5664887031878676,0.019609922587167303,0.5614232326378075,0.019416961101256153,0.5598452446453337,0.01954406709409512,0.12498937783832884,0.03977436496654411,label_noise,feature_noise,0.35,0.45,0.3262952646239553,0.3313816893248045,0.33292516397391414,0.6608605418754783,0.3262952646239553
Digits,LR,Linear,0.35,0.0,0.45,0.0,1797,43,0.5893268337975858,0.015689293981229088,0.5892316866486724,0.015639103678002562,0.5889608604450911,0.015565521270149539,0.17875892455438083,0.03142240898827652,label_noise,feature_noise,0.35,0.45,0.30345713401423713,0.30357323531393954,0.30380954817415673,0.6070909951594263,0.30345713401423713
Digits,RF,Ensemble,0.35,0.0,0.45,0.0,1797,42,0.5815134633240483,0.015100592810894459,0.5750660413651603,0.015626695344178935,0.5723507989211353,0.016397999889161467,0.1541125584971076,0.03172702306623455,label_noise,feature_noise,0.35,0.45,0.3962292375941402,0.40267434385477674,0.40539056215595726,0.8014387338230873,0.3962292375941402
Digits,RF,Ensemble,0.35,0.0,0.45,0.0,1797,43,0.602127824203033,0.022641893127597807,0.6021128582481564,0.022599474258990695,0.6018727791550897,0.02275018642419421,0.20443981001032557,0.04516664004624784,label_noise,feature_noise,0.35,0.45,0.3756148767151555,0.3756275269717806,0.3758685819220028,0.7511114823098692,0.3756148767151555
Digits,XGB,Boosting,0.35,0.0,0.45,0.0,1797,42,0.5570318786753327,0.029354315838070792,0.5517529814791068,0.029474008567935785,0.5498347783383563,0.029775606347345693,0.10542912587509803,0.05993065660835264,label_noise,feature_noise,0.35,0.45,0.41310069122046844,0.418375143188664,0.4202957560818761,0.8349171475558104,0.41310069122046844
Digits,XGB,Boosting,0.35,0.0,0.45,0.0,1797,43,0.5743036211699164,0.026841886427081955,0.5742775213966584,0.026788896390733282,0.5740278090298992,0.026846560158560333,0.1487283159971032,0.053615057478583604,label_noise,feature_noise,0.35,0.45,0.3958289487258847,0.3958506032711123,0.3961027253903331,0.7916179574338051,0.3958289487258847
Digits,SVM,Kernel,0.35,0.0,0.45,0.0,1797,42,0.5959965954812751,0.013207797574038721,0.5915102496931505,0.011922621277686311,0.5905454347499812,0.011340328675329952,0.18585905114915663,0.025511638506965095,label_noise,feature_noise,0.35,0.45,0.38471680594243274,0.3892075708157129,0.39016671650145074,0.7756500104704633,0.38471680594243274
Digits,SVM,Kernel,0.35,0.0,0.45,0.0,1797,43,0.6249535747446611,0.024230062812532035,0.6248822876000819,0.024207721390785905,0.6244543973625932,0.024348970061866274,0.2503511236877045,0.048458913480025095,label_noise,feature_noise,0.35,0.45,0.3557598266790468,0.35583553290878145,0.35625775388883874,0.7111579379319155,0.3557598266790468
Digits,MLP,Neural,0.35,0.0,0.45,0.0,1797,42,0.5776292169606932,0.017161007982726365,0.575786542583399,0.017219275532415486,0.5753476240473904,0.017561197802223993,0.1520013392032567,0.034202569952462035,label_noise,feature_noise,0.35,0.45,0.3860167130919221,0.38786612502294016,0.38829709426728,0.7753580194377874,0.3860167130919221
Digits,MLP,Neural,0.35,0.0,0.45,0.0,1797,43,0.5815660786134325,0.031427953170487674,0.5813269656332158,0.03134815112270803,0.580725906739447,0.03136903954883508,0.1632637454943672,0.06308273134274779,label_noise,feature_noise,0.35,0.45,0.3820798514391829,0.3823257019731233,0.38291881157522334,0.764095613146677,0.3820798514391829
Digits,GB,Boosting,0.35,0.0,0.45,0.0,1797,42,0.5598359640978026,0.027580200739774893,0.5562811658453478,0.026954819571187824,0.5558348053941808,0.02681224072248445,0.11356533014888989,0.05436934161712222,label_noise,feature_noise,0.35,0.45,0.40732848447333125,0.41087881165738716,0.4113268317628732,0.8208646225278907,0.40732848447333125
Digits,GB,Boosting,0.35,0.0,0.45,0.0,1797,43,0.5782157226864749,0.02772506833863138,0.5781887601607902,0.027756251887664028,0.5778587660233245,0.02795328503126848,0.1565665629319896,0.05550204682327644,label_noise,feature_noise,0.35,0.45,0.3889487258846589,0.38897121734194473,0.3893028711337295,0.7778633897447911,0.3889487258846589
Spambase,LR,Linear,0.15,0.0,0.0,0.3,4019,42,0.7748204804123839,0.015015372282538022,0.7158437720213117,0.012406794858808664,0.7282845264362278,0.014444438867319323,0.4737293535022144,0.034247695287297146,label_noise,imbalance,0.15,0.3,0.15041429904913384,0.20243364425751953,0.19285659051541837,0.36927800709287056,0.15041429904913384
Spambase,LR,Linear,0.15,0.0,0.0,0.3,4010,43,0.7795511221945137,0.014528191185665344,0.7223324223478094,0.01577366313567829,0.7351884100536888,0.01718594386368636,0.4894351897685044,0.034999729419507485,label_noise,imbalance,0.15,0.3,0.14568365726700405,0.19594499393102183,0.1859527068979573,0.35357217082658055,0.14568365726700405
Spambase,RF,Ensemble,0.15,0.0,0.0,0.3,4019,42,0.8123894847059845,0.008774619837166027,0.7718560719909584,0.009254316100911163,0.7815825552608405,0.009739441790743325,0.5687464519367619,0.020013778549181124,label_noise,imbalance,0.15,0.3,0.1324060274185178,0.16555589291983952,0.1600074142384582,0.3155203635352256,0.1324060274185178
Spambase,RF,Ensemble,0.15,0.0,0.0,0.3,4010,43,0.8114713216957605,0.011219173944341129,0.7698955618415336,0.010202214209957266,0.780830576145485,0.011630010068442439,0.5694538180709605,0.02491345389066761,label_noise,imbalance,0.15,0.3,0.13332419042874177,0.1675164030692643,0.16075939335381373,0.314812997401027,0.13332419042874177
Spambase,XGB,Boosting,0.15,0.0,0.0,0.3,4019,42,0.8143810833751541,0.006029587260105717,0.7813051296657967,0.005701852856600674,0.7874961768380826,0.005912845342986787,0.5772528612167152,0.012362170747463097,label_noise,imbalance,0.15,0.3,0.135993116061501,0.16479384916454554,0.16031862223204818,0.3186466223478267,0.135993116061501
Spambase,XGB,Boosting,0.15,0.0,0.0,0.3,4010,43,0.812718204488778,0.009210067487590715,0.7764034255390344,0.008869983087107243,0.7849469092102478,0.009685762854367215,0.574398552468818,0.020044309823545565,label_noise,imbalance,0.15,0.3,0.13765599494787717,0.1696955532913078,0.16286788985988299,0.32150093109572386,0.13765599494787717
Spambase,SVM,Kernel,0.15,0.0,0.0,0.3,4019,42,0.8031839556885559,0.008829180509023616,0.7643602534862657,0.010842308005232485,0.77229682864392,0.009990191678519918,0.5489781983779449,0.019818394401431072,label_noise,imbalance,0.15,0.3,0.12973056696325602,0.16192977649836682,0.15694357526331837,0.31011374691903915,0.12973056696325602
Spambase,SVM,Kernel,0.15,0.0,0.0,0.3,4010,43,0.7992518703241895,0.010068144258447065,0.7546864569749743,0.008872013495628854,0.7656491781011612,0.01035409965900573,0.5401099250076575,0.022818328061972263,label_noise,imbalance,0.15,0.3,0.13366265232762242,0.17160357300965823,0.1635912258060772,0.31898202028932654,0.13366265232762242
Spambase,MLP,Neural,0.15,0.0,0.0,0.3,4019,42,0.7937265726163703,0.012379335977366254,0.7521549894589206,0.013787085950598504,0.7604486104880395,0.01415118157471236,0.5260313497045226,0.02794482400654375,label_noise,imbalance,0.15,0.3,0.14331744066471996,0.1805657875180705,0.17342954745370498,0.3419870736205456,0.14331744066471996
Spambase,MLP,Neural,0.15,0.0,0.0,0.3,4010,43,0.8034912718204488,0.005932856485471486,0.7639943271725886,0.005278207856852741,0.7731495301311841,0.0056439672099464515,0.5520584033492808,0.0123613493368986,label_noise,imbalance,0.15,0.3,0.13355274146064144,0.16872644980440243,0.1607286278105603,0.3159600199757874,0.13355274146064144
Spambase,GB,Boosting,0.15,0.0,0.0,0.3,4019,42,0.8116422866985123,0.008549420101754317,0.7777949695599429,0.010137854228690568,0.7841144859524519,0.009700719483382764,0.570647198681721,0.019481415381656108,label_noise,imbalance,0.15,0.3,0.13605043860007626,0.16519017448988838,0.1608427051676372,0.3196345116545508,0.13605043860007626
Spambase,GB,Boosting,0.15,0.0,0.0,0.3,4010,43,0.8124688279301745,0.010360388068748614,0.7758675844032593,0.00922767719992847,0.7845503536032432,0.010576504582128691,0.5737757579607226,0.022203011856429616,label_noise,imbalance,0.15,0.3,0.13522389736841411,0.16711755964657193,0.16040683751684592,0.31650595237554924,0.13522389736841411
Bank,LR,Linear,0.15,0.0,0.0,0.3,4638,42,0.8216888926087119,0.004405759965679019,0.5417185641032675,0.00708441443481226,0.5361295265257885,0.010858137172891833,0.17809901604059386,0.030267442365370916,label_noise,imbalance,0.15,0.3,0.07444444072462131,0.09992075794375554,0.14055770374940624,0.2075616510680124,0.07444444072462131
Bank,LR,Linear,0.15,0.0,0.0,0.3,4649,43,0.8240480572242092,0.0028597363372655465,0.5267490048999031,0.008622925956713434,0.5110308743144685,0.01538590343635722,0.12980177814844543,0.03337981812597061,label_noise,imbalance,0.15,0.3,0.07208527610912407,0.11489031714711995,0.16565635596072625,0.25585888896016085,0.07208527610912407
Bank,RF,Ensemble,0.15,0.0,0.0,0.3,4638,42,0.8219048748279583,0.004929462347699733,0.5298409111571407,0.006907016110177733,0.513806697485925,0.011372449011501376,0.15690349363043604,0.0360277411017989,label_noise,imbalance,0.15,0.3,0.0740284585053751,0.07362403126589911,0.12363375311568447,0.18592181480031966,0.0740284585053751
Bank,RF,Ensemble,0.15,0.0,0.0,0.3,4649,43,0.82813593064574,0.003099548764242986,0.5258462291510851,0.007598566499579391,0.5069227976059713,0.013272224306449526,0.14943040599965512,0.035674915698923636,label_noise,imbalance,0.15,0.3,0.06779740268759338,0.07761871327195469,0.13051765299563822,0.19339490243110058,0.06779740268759338
Bank,XGB,Boosting,0.15,0.0,0.0,0.3,4638,42,0.8203948592047018,0.006288752062919458,0.5483269057410933,0.01059781765605599,0.5477756798264277,0.01580354596016087,0.18578444979675507,0.039323924273122216,label_noise,imbalance,0.15,0.3,0.07533847412863148,0.11607088345850791,0.1475017959875471,0.2232568045146186,0.07533847412863148
Bank,XGB,Boosting,0.15,0.0,0.0,0.3,4649,43,0.8208222507725964,0.003410719977665049,0.5387884722394594,0.015225983701686612,0.5334997945837259,0.024190687243174178,0.14714042531082586,0.04223508471135499,label_noise,imbalance,0.15,0.3,0.07491108256073686,0.12560931696014188,0.16177768123024894,0.2619008290005478,0.07491108256073686
Bank,SVM,Kernel,0.15,0.0,0.0,0.3,4638,42,0.8201800394301232,0.005249421085087886,0.519544833796726,0.004557559195107995,0.4938938704522414,0.006772597313288512,0.1275823023354581,0.035204131360255214,label_noise,imbalance,0.15,0.3,0.0700199605698768,0.06881039136484113,0.12223353904801082,0.16849167736492449,0.0700199605698768
Bank,SVM,Kernel,0.15,0.0,0.0,0.3,4649,43,0.8244790907091681,0.0038386184004026162,0.5168851823939875,0.003119188283668778,0.4909698329363361,0.005024757718223084,0.109172902282623,0.027558219979566253,label_noise,imbalance,0.15,0.3,0.06572090929083185,0.07147004276757962,0.12515757656391613,0.18690107741775958,0.06572090929083185
Bank,MLP,Neural,0.15,0.0,0.0,0.3,4638,42,0.8191022207342931,0.002554274835432205,0.5105179797905549,0.01946501684235291,0.471979761347691,0.038319381182856084,0.05620741112647434,0.07893140736752145,label_noise,imbalance,0.15,0.3,0.07189777926570695,0.10868971993809606,0.17470692363456525,0.2779676247177905,0.07189777926570695
Bank,MLP,Neural,0.15,0.0,0.0,0.3,4649,43,0.8212525897889973,0.005844196324699546,0.509580685203849,0.014428677740627548,0.4754099175897311,0.031126330010296584,0.038338876671202685,0.06577197170331357,label_noise,imbalance,0.15,0.3,0.06974741021100272,0.10962701452480195,0.17127676739252512,0.29583615917306216,0.06974741021100272
Bank,GB,Boosting,0.15,0.0,0.0,0.3,4638,42,0.8162984041959603,0.004721353848246471,0.5439735376106614,0.006367921054667339,0.5416605812238224,0.009681846749105405,0.16515182991339009,0.023705575237009672,label_noise,imbalance,0.15,0.3,0.07810159580403964,0.12189360141616057,0.153318877856102,0.24084414972517268,0.07810159580403964
Bank,GB,Boosting,0.15,0.0,0.0,0.3,4649,43,0.8171686516892948,0.00997994700019783,0.5409134834856755,0.0211611852059427,0.5384801081588773,0.03095657698900685,0.1441333036631867,0.06628869749755474,label_noise,imbalance,0.15,0.3,0.07723134831070522,0.12495365554114646,0.15649935092104716,0.26186267597537605,0.07723134831070522
Wine,LR,Linear,0.15,0.0,0.0,0.3,144,42,0.7635467980295566,0.0748379468564845,0.7601648351648351,0.08366395789888381,0.7571787719125893,0.07774677215480558,0.6361106585651461,0.12391703105725409,label_noise,imbalance,0.15,0.3,0.22158547710271836,0.22561999728666404,0.2276937150670112,0.34200757574223295,0.22158547710271836
Wine,LR,Linear,0.15,0.0,0.0,0.3,144,43,0.791871921182266,0.01991878484645885,0.7632173382173383,0.02593323269401531,0.7630930170645208,0.02392152915078279,0.6761753716792035,0.029451966079107557,label_noise,imbalance,0.15,0.3,0.19326035395000896,0.2225674942341609,0.22177946991507969,0.3019428626281756,0.19326035395000896
Wine,RF,Ensemble,0.15,0.0,0.0,0.3,144,42,0.8192118226600984,0.06008236882163281,0.8061355311355312,0.07130671958325656,0.8100394692288784,0.07078685068745437,0.718666245428065,0.09766548852253398,label_noise,imbalance,0.15,0.3,0.16396278051450486,0.1793142043142043,0.17369127739075718,0.2564113905127313,0.16396278051450486
Wine,RF,Ensemble,0.15,0.0,0.0,0.3,144,43,0.8061576354679802,0.05902908615425173,0.7812067562067562,0.05270965226137052,0.7823045708138766,0.05720811230141192,0.6974012684885315,0.0891730775030573,label_noise,imbalance,0.15,0.3,0.177016967706623,0.2042429792429793,0.20142617580575894,0.27767636745226487,0.177016967706623
Wine,XGB,Boosting,0.15,0.0,0.0,0.3,144,42,0.798768472906404,0.058802549384514576,0.7755494505494507,0.06551965820657897,0.7821990748714887,0.06620556015995681,0.6838250191771588,0.0914954071982431,label_noise,imbalance,0.15,0.3,0.15821565407772298,0.18340036506703172,0.17494201673173826,0.25222013363467144,0.15821565407772298
Wine,XGB,Boosting,0.15,0.0,0.0,0.3,144,43,0.7711822660098522,0.03977965957285205,0.7530932030932032,0.04591862032958173,0.7525161004572769,0.04091693045125622,0.6414569825984991,0.06682264199145643,label_noise,imbalance,0.15,0.3,0.18580186097427476,0.20585661252327925,0.20462499114595,0.29458817021333106,0.18580186097427476
Wine,SVM,Kernel,0.15,0.0,0.0,0.3,144,42,0.8332512315270936,0.07694669584400878,0.8251831501831501,0.08141350113230426,0.8246144751029151,0.08521774378986953,0.7424457583166129,0.11803332252348604,label_noise,imbalance,0.15,0.3,0.14992337164750957,0.15680017513350852,0.15821760461785028,0.23258337321423606,0.14992337164750957
Wine,SVM,Kernel,0.15,0.0,0.0,0.3,144,43,0.8268472906403941,0.04773243959313206,0.8028998778998779,0.0366808255954264,0.8062836623656523,0.04078074519169263,0.7293624012942462,0.07209288080629972,label_noise,imbalance,0.15,0.3,0.15632731253420906,0.17908344741678073,0.17654841735511306,0.24566673023660268,0.15632731253420906
Wine,MLP,Neural,0.15,0.0,0.0,0.3,144,42,0.7283251231527094,0.07140138772693387,0.7260989010989011,0.07423707505917188,0.7229746832082761,0.07441196869904892,0.5820389575830813,0.11210642024795005,label_noise,imbalance,0.15,0.3,0.19114577631819007,0.1976480926480928,0.19803597173530374,0.30095334664026363,0.19114577631819007
Wine,MLP,Neural,0.15,0.0,0.0,0.3,144,43,0.5773399014778325,0.19412617476650743,0.60997150997151,0.14360540036943736,0.552379893164207,0.20461551861334326,0.40912809886171003,0.2340700185477351,label_noise,imbalance,0.15,0.3,0.3421309979930669,0.3137754837754839,0.3686307617793728,0.4738642053616349,0.3421309979930669
Wine,GB,Boosting,0.15,0.0,0.0,0.3,144,42,0.8051724137931033,0.07224940289571365,0.7923076923076924,0.06231387237775386,0.7960085959870206,0.07389265501971924,0.7003718175265348,0.10750094360516992,label_noise,imbalance,0.15,0.3,0.1256212370005475,0.1365779899113232,0.13594956858920004,0.19825586489953817,0.1256212370005475
Wine,GB,Boosting,0.15,0.0,0.0,0.3,144,43,0.7362068965517242,0.09373984289012542,0.7132376882376883,0.08156797144782862,0.710104503100505,0.08494890677424125,0.5901118732209684,0.14444652268300348,label_noise,imbalance,0.15,0.3,0.19458675424192662,0.21564799398132728,0.2218536614757156,0.3085158092051046,0.19458675424192662
BreastCancer,LR,Linear,0.15,0.0,0.0,0.3,499,42,0.8096767676767677,0.01951983547946007,0.7516391139223668,0.029561269305134075,0.765736899835142,0.02567746460355093,0.5497296397323508,0.0481283902071375,label_noise,imbalance,0.15,0.3,0.165746303274948,0.21926393139518885,0.2077133455369683,0.39824015995162265,0.165746303274948
BreastCancer,LR,Linear,0.15,0.0,0.0,0.3,499,43,0.8116969696969697,0.03890163243911385,0.7551297656104505,0.02723894385381585,0.7704164788737765,0.035637967558923934,0.5624195904149527,0.08795422632584717,label_noise,imbalance,0.15,0.3,0.16372610125474596,0.21577327970710514,0.20303376649833382,0.3855502092690207,0.16372610125474596
BreastCancer,RF,Ensemble,0.15,0.0,0.0,0.3,499,42,0.8077171717171717,0.036151152484203426,0.7680898648468885,0.05796201261547615,0.7723676153028975,0.05052183066868524,0.5507818450781765,0.09651484318007619,label_noise,imbalance,0.15,0.3,0.15363458525638318,0.18939698129455973,0.18615083551015166,0.36791651904174516,0.15363458525638318
BreastCancer,RF,Ensemble,0.15,0.0,0.0,0.3,499,43,0.8356767676767676,0.03875347801105431,0.7941675313273207,0.03378435570369445,0.8052047182821622,0.03956212153193675,0.6208047009903568,0.08617797665719454,label_noise,imbalance,0.15,0.3,0.12567498929678733,0.16331931481412754,0.15331373253088698,0.2978936631295649,0.12567498929678733
BreastCancer,XGB,Boosting,0.15,0.0,0.0,0.3,499,42,0.7956767676767676,0.0295968490230748,0.746359030382845,0.04723855964826963,0.75434517553805,0.04344049246797398,0.5169106755477018,0.07893513521236932,label_noise,imbalance,0.15,0.3,0.17152294251316136,0.21604038765856448,0.21030062402457106,0.41371003244193605,0.17152294251316136
BreastCancer,XGB,Boosting,0.15,0.0,0.0,0.3,499,43,0.8216161616161616,0.04545108853296863,0.7835742743501742,0.036960373079627504,0.7916810651643473,0.046427680284537864,0.5895328501879293,0.09800380590247132,label_noise,imbalance,0.15,0.3,0.14558354857376743,0.17882514369123526,0.17296473439827376,0.34108785780170847,0.14558354857376743
BreastCancer,SVM,Kernel,0.15,0.0,0.0,0.3,499,42,0.8257373737373737,0.029002840879889222,0.7828779731024025,0.04292903416548131,0.7920905607778621,0.037909043325842266,0.5908587182306019,0.0726921021191258,label_noise,imbalance,0.15,0.3,0.149675346854667,0.18921751975136092,0.18148108800139962,0.3568436409807376,0.149675346854667
BreastCancer,SVM,Kernel,0.15,0.0,0.0,0.3,499,43,0.8416767676767677,0.029961823139322778,0.8000662629366536,0.01852596001991863,0.8120571971806884,0.02811516357094357,0.6335632198061439,0.06522916429461491,label_noise,imbalance,0.15,0.3,0.13373595291527296,0.17202922991710978,0.16151445159857336,0.31413913940519556,0.13373595291527296
BreastCancer,MLP,Neural,0.15,0.0,0.0,0.3,499,42,0.8016969696969698,0.031420954797194,0.7575050881953868,0.04386682260745683,0.7645338824034045,0.04020116632450928,0.5359176446310416,0.07670338978151907,label_noise,imbalance,0.15,0.3,0.14500385315662423,0.18051350571085867,0.17764657604050327,0.3499422500241709,0.14500385315662423
BreastCancer,MLP,Neural,0.15,0.0,0.0,0.3,499,43,0.8176767676767677,0.03690793538410005,0.7724996341820309,0.04263450985316299,0.7818494585762974,0.04140940386828663,0.5755924412429225,0.0823432266543975,label_noise,imbalance,0.15,0.3,0.12902405517682636,0.1655189597242145,0.16033099986761035,0.31026745341229,0.12902405517682636
BreastCancer,GB,Boosting,0.15,0.0,0.0,0.3,499,42,0.7796161616161615,0.023185319160825193,0.7345792760794956,0.04074573560476323,0.7392535287971633,0.03589901523067413,0.48443750937946267,0.06601285992535623,label_noise,imbalance,0.15,0.3,0.1764517367433065,0.21643692015042482,0.21350084692360727,0.4221735817391277,0.1764517367433065
BreastCancer,GB,Boosting,0.15,0.0,0.0,0.3,499,43,0.8196161616161616,0.032988878357658624,0.7853905605661533,0.026268623450102724,0.7905560480318472,0.03139308176903004,0.5848346466661357,0.06356862206884414,label_noise,imbalance,0.15,0.3,0.13645173674330646,0.1656256356637671,0.1621983276889234,0.3217764444524547,0.13645173674330646
Digits,LR,Linear,0.15,0.0,0.0,0.3,1536,42,0.7219975464275138,0.01927431195140431,0.6968576165835912,0.02065268925311894,0.70061863811515,0.021262801009842774,0.4070305039836251,0.04125801594360423,label_noise,imbalance,0.15,0.3,0.1707864213843091,0.19594730537902072,0.19215177050409782,0.378819415730182,0.1707864213843091
Digits,LR,Linear,0.15,0.0,0.0,0.3,1531,43,0.7805667326648358,0.047648602802308995,0.7678502001066523,0.04956751164941963,0.770020016598153,0.04996669678294188,0.5412703910865021,0.09964941270024544,label_noise,imbalance,0.15,0.3,0.11221723514698712,0.12495472185595968,0.12275039202109483,0.24457952862730503,0.11221723514698712
Digits,RF,Ensemble,0.15,0.0,0.0,0.3,1536,42,0.7968547738906044,0.016120241350845707,0.7861366997846014,0.02155756297814559,0.7864878700777742,0.01888089868654531,0.5748679964857528,0.03653227548020361,label_noise,imbalance,0.15,0.3,0.18088792702758405,0.19160368543533557,0.19125349099931832,0.38068329583444205,0.18088792702758405
Digits,RF,Ensemble,0.15,0.0,0.0,0.3,1531,43,0.8236614081028719,0.03033416908464274,0.816699084279794,0.03106144773679241,0.8168243849794278,0.0314248435116574,0.6342890301397043,0.06265812788621793,label_noise,imbalance,0.15,0.3,0.15408129281531657,0.16104130094014302,0.16091697609766475,0.3212622621804906,0.15408129281531657
Digits,XGB,Boosting,0.15,0.0,0.0,0.3,1536,42,0.7799293540335885,0.019572409330554895,0.7661531613033944,0.022484558304472615,0.7676737453931912,0.02133978976025269,0.5377479421672423,0.04191607207262798,label_noise,imbalance,0.15,0.3,0.19020321586221256,0.20397496336437637,0.20245678902704112,0.40259833126366606,0.19020321586221256
Digits,XGB,Boosting,0.15,0.0,0.0,0.3,1531,43,0.8027442464499371,0.02324598487027342,0.7929087504783032,0.02384073601188011,0.794007621836727,0.02404676109570927,0.590424727417004,0.04799411054627407,label_noise,imbalance,0.15,0.3,0.16738832344586396,0.17721937418946754,0.17612291258350532,0.34992154601390435,0.16738832344586396
Digits,SVM,Kernel,0.15,0.0,0.0,0.3,1536,42,0.8111785608528279,0.02033595564239884,0.8074460852678247,0.02682618859513206,0.8038003231214859,0.02347156948645462,0.6106930747186776,0.04633174705875783,label_noise,imbalance,0.15,0.3,0.16953484057087997,0.17327173524103867,0.1769118281299461,0.3508159869009424,0.16953484057087997
Digits,SVM,Kernel,0.15,0.0,0.0,0.3,1531,43,0.834761874348002,0.030616259674304737,0.8319925580518118,0.030970586133566968,0.8296346605484061,0.03137581486259925,0.6602138953750138,0.062419378124813005,label_noise,imbalance,0.15,0.3,0.1459515270757059,0.14872526245705153,0.1510774907030259,0.30129516624460617,0.1459515270757059
Digits,MLP,Neural,0.15,0.0,0.0,0.3,1536,42,0.7708024874148652,0.024221162382149938,0.7560027617899836,0.030521625974307468,0.7574990091649225,0.028050409596389592,0.5174704247761561,0.0546683557672328,label_noise,imbalance,0.15,0.3,0.1928434426377501,0.20764990581635556,0.20614570914974784,0.409888933864888,0.1928434426377501
Digits,MLP,Neural,0.15,0.0,0.0,0.3,1531,43,0.8086564050158609,0.037353233278688995,0.7992188366293562,0.040281745814550136,0.8003080992586729,0.039454824041058385,0.6013754750468434,0.07869115277393807,label_noise,imbalance,0.15,0.3,0.15498952503675445,0.16443383097698294,0.1633366190559975,0.3259838835942007,0.15498952503675445
Digits,GB,Boosting,0.15,0.0,0.0,0.3,1536,42,0.7701742882524641,0.017162389500790964,0.7557965283988072,0.020902204433444992,0.7573017105233044,0.01946453413879478,0.5167833931416318,0.03809538194424399,label_noise,imbalance,0.15,0.3,0.19699016031866967,0.2113634491039278,0.20985992663374964,0.41764655953514884,0.19699016031866967
Digits,GB,Boosting,0.15,0.0,0.0,0.3,1531,43,0.8001405122309511,0.03040350939666693,0.7912858583377472,0.03132876204216318,0.7919197156376603,0.031371968230575274,0.5847705627205216,0.06250072884886547,label_noise,imbalance,0.15,0.3,0.16702393634018275,0.17587411916498774,0.17524192151939377,0.349659389956259,0.16702393634018275
Spambase,LR,Linear,0.15,0.0,0.0,0.6,3437,42,0.7995290443789986,0.010922711016857455,0.6350573864000921,0.012199237548470646,0.654300896310054,0.015129151624703357,0.3405818606442687,0.03402140067589579,label_noise,imbalance,0.15,0.6,0.12570573508251914,0.28322002987873907,0.2668402206415922,0.5024254999508162,0.12570573508251914
Spambase,LR,Linear,0.15,0.0,0.0,0.6,3420,43,0.8154970760233919,0.010759280405247986,0.6690967222491289,0.017203681509695454,0.6922057029938207,0.01910782036701959,0.41336656861464044,0.036912182725320555,label_noise,imbalance,0.15,0.6,0.10973770343812583,0.24918069402970233,0.22893541395782546,0.4296407919804445,0.10973770343812583
Spambase,RF,Ensemble,0.15,0.0,0.0,0.6,3437,42,0.8193172201347281,0.010456595589166754,0.687163441345602,0.017289546201504007,0.7075137698265973,0.018460212051464083,0.43046738768403275,0.035690761413026274,label_noise,imbalance,0.15,0.6,0.12547829198977423,0.2502485235651959,0.23407619967270143,0.45379942778795473,0.12547829198977423
Spambase,RF,Ensemble,0.15,0.0,0.0,0.6,3420,43,0.8336257309941522,0.008342305624378437,0.7215095115397234,0.009902720233223208,0.7413386623940529,0.011405519736845199,0.493344274483891,0.024145317913376284,label_noise,imbalance,0.15,0.6,0.11116978113035014,0.2159024533710745,0.20025130710524586,0.3909225409880965,0.11116978113035014
Spambase,XGB,Boosting,0.15,0.0,0.0,0.6,3437,42,0.8248447073558782,0.010226514286472956,0.7158856849804716,0.017075155018587744,0.7304637704105342,0.016904554621394577,0.4665540614014937,0.033164131095372924,label_noise,imbalance,0.15,0.6,0.1255294920807769,0.23021329384987066,0.21735102865959655,0.42934542216304816,0.1255294920807769
Spambase,XGB,Boosting,0.15,0.0,0.0,0.6,3420,43,0.8377192982456141,0.010783092932506282,0.7388797471696357,0.01156153103882658,0.7545965617314165,0.013715257334104123,0.5151571706982094,0.029473308130117955,label_noise,imbalance,0.15,0.6,0.11265490119104105,0.20721923166070655,0.19321823733871424,0.3807423128663324,0.11265490119104105
Spambase,SVM,Kernel,0.15,0.0,0.0,0.6,3437,42,0.8111671067330152,0.012745073495444842,0.6764157503848589,0.024906795676942976,0.6947175545591944,0.025985101709331607,0.40374092200772316,0.04880870113505758,label_noise,imbalance,0.15,0.6,0.12174741591879679,0.2498742795997736,0.23452284934804402,0.4553510232892609,0.12174741591879679
Spambase,SVM,Kernel,0.15,0.0,0.0,0.6,3420,43,0.8254385964912281,0.00880112101946924,0.6992256070482388,0.012449493765594294,0.7211503565535875,0.013133532301359406,0.45921266584117165,0.027137776804206565,label_noise,imbalance,0.15,0.6,0.10747592616058388,0.22706442293639373,0.2080900473536509,0.3998792794558124,0.10747592616058388
Spambase,MLP,Neural,0.15,0.0,0.0,0.6,3437,42,0.8143702819809755,0.012501981110154648,0.676654654095749,0.032700439834689704,0.6956239155287045,0.03125655581244542,0.409566522522567,0.05412122530792008,label_noise,imbalance,0.15,0.6,0.12267373130011472,0.2560661228812421,0.23825424241303994,0.4584519008025012,0.12267373130011472
Spambase,MLP,Neural,0.15,0.0,0.0,0.6,3420,43,0.8254385964912281,0.009546682875622544,0.7036561055221844,0.025393315332814727,0.7232176802425789,0.021465363502086828,0.46345780744619985,0.03617003936391125,label_noise,imbalance,0.15,0.6,0.11160541678986213,0.2290646714548067,0.21066047769916552,0.4045606158788683,0.11160541678986213
Spambase,GB,Boosting,0.15,0.0,0.0,0.6,3437,42,0.8207698622253817,0.011076933793605621,0.7036520293653095,0.023523022211957463,0.7196904069412191,0.021752852873302284,0.4475401289896103,0.040919182555218925,label_noise,imbalance,0.15,0.6,0.12692286307320688,0.23933311468452179,0.22526678417887003,0.4427415813466615,0.12692286307320688
Spambase,GB,Boosting,0.15,0.0,0.0,0.6,3420,43,0.8362573099415205,0.007397140725540064,0.7343706731047017,0.008689926687276674,0.7509260485659563,0.009971430886175515,0.5083084794502459,0.02080536982546776,label_noise,imbalance,0.15,0.6,0.11143541535706813,0.20861447094512953,0.19403114255413278,0.38197323088602586,0.11143541535706813
Bank,LR,Linear,0.15,0.0,0.0,0.6,4277,42,0.8856695086626223,0.00434498613545791,0.5243603641811019,0.003833238628063144,0.5207597572739326,0.006505738758293367,0.13084924490009214,0.0244196337033044,label_noise,imbalance,0.15,0.6,0.010463824670710942,0.11727895786592113,0.15592747300126208,0.2548114222085141,0.010463824670710942
Bank,LR,Linear,0.15,0.0,0.0,0.6,4299,43,0.8899748219942063,0.0018650327478006935,0.511312546099463,0.006418752093455385,0.4964678048984245,0.012522967628938573,0.0803555184075511,0.029939277415257252,label_noise,imbalance,0.15,0.6,0.006158511339126926,0.13032677594756004,0.18021942537677021,0.30530514870105513,0.006158511339126926
Bank,RF,Ensemble,0.15,0.0,0.0,0.6,4277,42,0.8873050226813138,0.0018476828582914741,0.5134748745743785,0.006310077986818048,0.49911113175591126,0.012196534072009171,0.09897367106432546,0.03775490706113673,label_noise,imbalance,0.15,0.6,0.008628310652019522,0.08999006784866137,0.1383293188456982,0.24385163736643023,0.008628310652019522
Bank,RF,Ensemble,0.15,0.0,0.0,0.6,4299,43,0.8911373419606357,0.0009442438291284824,0.5063302603793869,0.00519002976366438,0.4855194953370458,0.01041998823591134,0.05834068744223055,0.045090604512421084,label_noise,imbalance,0.15,0.6,0.0047959913726977055,0.09713468204365294,0.15192095526456367,0.28448462098852517,0.0047959913726977055
Bank,XGB,Boosting,0.15,0.0,0.0,0.6,4277,42,0.8854358638028093,0.004908616428951097,0.5369043668061396,0.014795724438262738,0.5415729441262211,0.024302873166036628,0.15965438652171698,0.051585687398731955,label_noise,imbalance,0.15,0.6,0.010297469530524017,0.12749342239346162,0.15370453168775366,0.24938686778965669,0.010297469530524017
Bank,XGB,Boosting,0.15,0.0,0.0,0.6,4299,43,0.8892757939193763,0.0022933401675262343,0.520334810482612,0.014485767572570259,0.5135100762184555,0.025884432966203595,0.1030063412999052,0.0622865394319625,label_noise,imbalance,0.15,0.6,0.006457539413956992,0.14406297871698925,0.18176739959551935,0.30603491301146846,0.006457539413956992
Bank,SVM,Kernel,0.15,0.0,0.0,0.6,4277,42,0.8870702847461333,0.001590801181553088,0.5069841138567253,0.006345870619311684,0.48589994116012303,0.012196208618602121,0.06075568986123838,0.057378153845607086,label_noise,imbalance,0.15,0.6,0.0031297152538667383,0.08137111130484187,0.13022746834012922,0.23531828983914418,0.0031297152538667383
Bank,SVM,Kernel,0.15,0.0,0.0,0.6,4299,43,0.8916029997021957,0.000830745961072278,0.501889781441449,0.0025997741941521553,0.4755666637628736,0.005347119159692783,0.029403524912038494,0.04273013306150628,label_noise,imbalance,0.15,0.6,-0.0014029997021957064,0.08646544372011811,0.14056074573737865,0.26667045478834406,-0.0014029997021957064
Bank,MLP,Neural,0.15,0.0,0.0,0.6,4277,42,0.8884737935180631,0.0020066613916956038,0.5123560692739755,0.020264553551728078,0.4937580295208008,0.03724338509078699,0.07013053106107153,0.08505309145939866,label_noise,imbalance,0.15,0.6,0.00252620648193691,0.1068516304546755,0.15292865546145545,0.2640445047831933,0.00252620648193691
Bank,MLP,Neural,0.15,0.0,0.0,0.6,4299,43,0.8911373419606357,0.0005922529241869254,0.4997390736006482,0.000319568382734617,0.4712176234495139,0.0001655801269167512,-0.004755272422281721,0.005823997361045653,label_noise,imbalance,0.15,0.6,-0.00013734196063563964,0.1194686261280028,0.17546906153274233,0.3389303082665466,-0.00013734196063563964
Bank,GB,Boosting,0.15,0.0,0.0,0.6,4277,42,0.8823949281302946,0.0031603939591398323,0.5361124133834034,0.010667678254654922,0.5411320361765737,0.016727577900543293,0.144622698498499,0.037239149817811394,label_noise,imbalance,0.15,0.6,0.012005071869705342,0.1297547256434185,0.15384742290335074,0.26137328114006375,0.012005071869705342
Bank,GB,Boosting,0.15,0.0,0.0,0.6,4299,43,0.8827628123561739,0.0038684105803674326,0.5157490700265008,0.010087878965291118,0.5087318967987914,0.01636034551370049,0.07178813390187053,0.04578344649493574,label_noise,imbalance,0.15,0.6,0.011637187643826041,0.1501180690003211,0.18624756228113304,0.33420784573669227,0.011637187643826041
Wine,LR,Linear,0.15,0.0,0.0,0.6,111,42,0.783399209486166,0.05417471531737367,0.7305494505494505,0.10224206375407506,0.7275752727476865,0.09207008540294238,0.6036579985852198,0.12560965969288634,label_noise,imbalance,0.15,0.6,0.20173306564610893,0.25523538190204864,0.257297214231914,0.37446023572215925,0.20173306564610893
Wine,LR,Linear,0.15,0.0,0.0,0.6,111,43,0.8201581027667985,0.08029651808129046,0.7767399267399268,0.11483624562063334,0.7687738187738187,0.11189230279794196,0.684370156173087,0.13049009406074694,label_noise,imbalance,0.15,0.6,0.1649741723654765,0.20904490571157242,0.21609866820578183,0.29374807813429205,0.1649741723654765
Wine,RF,Ensemble,0.15,0.0,0.0,0.6,111,42,0.7920948616600791,0.04823754020752284,0.734945054945055,0.11812340032688723,0.7322312872312873,0.08331587951666074,0.6225364969733658,0.11100189668002669,label_noise,imbalance,0.15,0.6,0.19107974151452412,0.25050468050468044,0.2514994593883483,0.35254113896743056,0.19107974151452412
Wine,RF,Ensemble,0.15,0.0,0.0,0.6,111,43,0.8027667984189722,0.07521729783838717,0.7385347985347986,0.11896140016760358,0.738299996053055,0.11335262048332993,0.6377061606715477,0.14302857510326789,label_noise,imbalance,0.15,0.6,0.180407804755631,0.24691493691493682,0.2454307505665806,0.3373714752692486,0.180407804755631
Wine,XGB,Boosting,0.15,0.0,0.0,0.6,111,42,0.7644268774703556,0.10633366106070968,0.6771062271062271,0.18094971153730938,0.672120968856601,0.16636953011526312,0.5524636239613657,0.21793644232862208,label_noise,imbalance,0.15,0.6,0.1925572495137713,0.28184358851025526,0.2850201227466259,0.3835815288504645,0.1925572495137713
Wine,XGB,Boosting,0.15,0.0,0.0,0.6,111,43,0.8031620553359684,0.1012166454872362,0.7471062271062271,0.1521747424819899,0.7377994844661511,0.14345549539274702,0.6389444526003463,0.1925779649730953,label_noise,imbalance,0.15,0.6,0.15382207164815853,0.2118435885102553,0.21934160713707584,0.29710070021148394,0.15382207164815853
Wine,SVM,Kernel,0.15,0.0,0.0,0.6,111,42,0.8102766798418971,0.0460266454640621,0.7653113553113553,0.08795005285245856,0.7593256373256374,0.07078101936148372,0.6561696519208595,0.0977443257918113,label_noise,imbalance,0.15,0.6,0.17289792333270604,0.21667197000530336,0.22350644239512796,0.3188594796099894,0.17289792333270604
Wine,SVM,Kernel,0.15,0.0,0.0,0.6,111,43,0.8652173913043478,0.05632099013614822,0.8336630036630037,0.08599375247804421,0.8260808327474993,0.08056872612513874,0.7585459648841046,0.09889183126957658,label_noise,imbalance,0.15,0.6,0.11795721187025532,0.14832032165365494,0.15675124697326603,0.21648316664674427,0.11795721187025532
Wine,MLP,Neural,0.15,0.0,0.0,0.6,111,42,0.583399209486166,0.15297719304103408,0.5874358974358975,0.0950841669566178,0.5465773817497955,0.12683852739051138,0.3609029172764922,0.18283583158250102,label_noise,imbalance,0.15,0.6,0.33607168998473347,0.33631109631109635,0.3744332731937843,0.5220893869468528,0.33607168998473347
Wine,MLP,Neural,0.15,0.0,0.0,0.6,111,43,0.6774703557312252,0.12532449406071175,0.6707692307692308,0.1352750079595217,0.6477420357420358,0.12533189347334536,0.4581319644065287,0.19924123044315808,label_noise,imbalance,0.15,0.6,0.24200054373967428,0.2529777629777631,0.273268619201544,0.42486033981681626,0.24200054373967428
Wine,GB,Boosting,0.15,0.0,0.0,0.6,111,42,0.783399209486166,0.03580512837199452,0.7167399267399268,0.10139612305844668,0.7101195037401935,0.06734879170315405,0.6081829789697989,0.09923611925350712,label_noise,imbalance,0.15,0.6,0.1473944413074848,0.21214575547908876,0.2218386608360271,0.29044470345627404,0.1473944413074848
Wine,GB,Boosting,0.15,0.0,0.0,0.6,111,43,0.7308300395256917,0.12820223755339258,0.6740415140415141,0.16724622674023518,0.660353899139216,0.17485715075143407,0.5218837950981963,0.23022150361144167,label_noise,imbalance,0.15,0.6,0.19996361126795914,0.25484416817750144,0.27160426543700456,0.37674388732787667,0.19996361126795914
BreastCancer,LR,Linear,0.15,0.0,0.0,0.6,429,42,0.8274692202462379,0.022833438048063263,0.6892609963597902,0.03272109912906031,0.7101078799707057,0.03469470585953403,0.4379375130212308,0.07284353011031358,label_noise,imbalance,0.15,0.6,0.14795385070547773,0.28164204895776546,0.26334236540140465,0.5100322866627427,0.14795385070547773
BreastCancer,LR,Linear,0.15,0.0,0.0,0.6,430,43,0.8302325581395349,0.02156655464068768,0.6900080351595992,0.05455437737759817,0.7084949803569864,0.04924977866449257,0.4441948994415542,0.0939494660352403,label_noise,imbalance,0.15,0.6,0.14519051281218076,0.2808950101579565,0.2649552650151239,0.5037749002424192,0.14519051281218076
BreastCancer,RF,Ensemble,0.15,0.0,0.0,0.6,429,42,0.8391792065663474,0.03911335017946037,0.7402692420251682,0.05344440047064372,0.7509967658561009,0.056418886327859796,0.5046160733457257,0.11361712863933576,label_noise,imbalance,0.15,0.6,0.12217255040720754,0.21721760411628,0.20752168495694834,0.414082290774196,0.12217255040720754
BreastCancer,RF,Ensemble,0.15,0.0,0.0,0.6,430,43,0.8348837209302327,0.035574554745996155,0.7320225497897509,0.06538836492576264,0.7403845375784457,0.05830041874145594,0.4929121862914226,0.12319542701667231,label_noise,imbalance,0.15,0.6,0.12646803604332224,0.2254642963516973,0.21813391323460352,0.4257861778284991,0.12646803604332224
BreastCancer,XGB,Boosting,0.15,0.0,0.0,0.6,429,42,0.8181668946648427,0.04916251959619633,0.7067917635763392,0.06666279820895739,0.7171468047331219,0.06949632824202438,0.4376919190951837,0.13934884096293118,label_noise,imbalance,0.15,0.6,0.1490328155250863,0.2556076544650703,0.24749899482949922,0.49292878889445413,0.1490328155250863
BreastCancer,XGB,Boosting,0.15,0.0,0.0,0.6,430,43,0.8348837209302324,0.023716369830664122,0.7048897668520144,0.06054053315650844,0.7210088769465494,0.053770819396565465,0.4674631757898101,0.09780150278825607,label_noise,imbalance,0.15,0.6,0.13231598925969656,0.25750965118939506,0.24363692261607173,0.4631575321998277,0.13231598925969656
BreastCancer,SVM,Kernel,0.15,0.0,0.0,0.6,429,42,0.8344459644322845,0.03584187716894356,0.7294505285748759,0.04768857453741733,0.7413056533805895,0.04956632593273006,0.4885138243353223,0.10022315486546945,label_noise,imbalance,0.15,0.6,0.14096675615975618,0.2426449642788875,0.2322659953986722,0.4591885348760172,0.14096675615975618
BreastCancer,SVM,Kernel,0.15,0.0,0.0,0.6,430,43,0.8395348837209301,0.0323916006446142,0.7270861892806351,0.07454966479052129,0.7384359008285981,0.06448537856633489,0.49349833325070624,0.12969993219418957,label_noise,imbalance,0.15,0.6,0.13587783687111055,0.24500930357312833,0.2351357479506636,0.45420402596063325,0.13587783687111055
BreastCancer,MLP,Neural,0.15,0.0,0.0,0.6,429,42,0.8228727770177839,0.028684143800783945,0.6982384260328903,0.04016190793398195,0.7134618140760098,0.04185247240593899,0.43957728555129716,0.08943832865423677,label_noise,imbalance,0.15,0.6,0.12382804583581009,0.2397801678733551,0.2287186443678979,0.4462826091039154,0.12382804583581009
BreastCancer,MLP,Neural,0.15,0.0,0.0,0.6,430,43,0.7953488372093023,0.07265348535727123,0.6670720186477314,0.08979188879861245,0.6808821499614339,0.10201704437762364,0.3686406814167459,0.21061416892839543,label_noise,imbalance,0.15,0.6,0.15135198564429175,0.27094657525851407,0.2612983084824738,0.5172192132384666,0.15135198564429175
BreastCancer,GB,Boosting,0.15,0.0,0.0,0.6,429,42,0.8181942544459645,0.037141343750611164,0.7112349757918356,0.047961847198209236,0.7192686084234065,0.04841633521393453,0.44405620748798674,0.09592500218297682,label_noise,imbalance,0.15,0.6,0.13787364391350354,0.2397812204380848,0.23348576729736414,0.46255488363060365,0.13787364391350354
BreastCancer,GB,Boosting,0.15,0.0,0.0,0.6,430,43,0.8023255813953488,0.02547546779093792,0.6685245085203497,0.02915182268514242,0.6796402470172234,0.026262052507421876,0.3853200712455725,0.08122960060235371,label_noise,imbalance,0.15,0.6,0.15374231696411922,0.28249168770957067,0.27311412870354723,0.5212910198730178,0.15374231696411922
Digits,LR,Linear,0.15,0.0,0.0,0.6,1276,42,0.7507720588235294,0.016906595544196375,0.6373683802014798,0.026760177494784643,0.6476806521124436,0.027134531707999034,0.3128100003892683,0.052636042988167604,label_noise,imbalance,0.15,0.6,0.14201190898829352,0.2554365417611322,0.2450897565068042,0.4730399193245388,0.14201190898829352
Digits,LR,Linear,0.15,0.0,0.0,0.6,1266,43,0.8057172201300924,0.02078693732149419,0.7304028711994539,0.02148273742454509,0.7435242842477962,0.02413822056275641,0.49470585410957557,0.05099446468827441,label_noise,imbalance,0.15,0.6,0.0870667476817305,0.16240205076315806,0.14924612437145168,0.29114406560423156,0.0870667476817305
Digits,RF,Ensemble,0.15,0.0,0.0,0.6,1276,42,0.7797640931372548,0.013229541290139321,0.6745878437042532,0.008695454317003885,0.6898528673137729,0.011110658148788635,0.3986289086516934,0.031230697168412896,label_noise,imbalance,0.15,0.6,0.19797860778093368,0.3031525415156838,0.2878884937633196,0.5569223836685014,0.19797860778093368
Digits,RF,Ensemble,0.15,0.0,0.0,0.6,1266,43,0.8080856493728797,0.027438278555966866,0.7415695941094231,0.027407852334296948,0.7516209528462163,0.031193440705857552,0.508124815970852,0.0653699535525373,label_noise,imbalance,0.15,0.6,0.16965705154530875,0.23617079111051387,0.2261204082308762,0.44742647634934285,0.16965705154530875
Digits,XGB,Boosting,0.15,0.0,0.0,0.6,1276,42,0.7711458333333333,0.01710198242919394,0.6704586453815065,0.018948207636466433,0.683313341349231,0.02095060873435809,0.37937750370590273,0.045106124010756886,label_noise,imbalance,0.15,0.6,0.1989867365624678,0.2996694792862643,0.2868171930710013,0.5609687697250056,0.1989867365624678
Digits,XGB,Boosting,0.15,0.0,0.0,0.6,1266,43,0.808073200336124,0.02542826912494547,0.7414719929497118,0.026467243209855044,0.7515012641235577,0.030294400259815533,0.5071419486391797,0.06266087218888235,label_noise,imbalance,0.15,0.6,0.16205936955967715,0.22865613171805899,0.21862927029667467,0.43320432479172866,0.16205936955967715
Digits,SVM,Kernel,0.15,0.0,0.0,0.6,1276,42,0.7907506127450981,0.018005075498768664,0.7127084247140348,0.02271985244374131,0.7224170591448599,0.02409693291376453,0.44855917951195545,0.04860552933949849,label_noise,imbalance,0.15,0.6,0.18996278867860983,0.2680093957948285,0.2582950921065721,0.5129498821076646,0.18996278867860983
Digits,SVM,Kernel,0.15,0.0,0.0,0.6,1266,43,0.8333571939871153,0.020135625220545968,0.7979487602369153,0.014312308975198607,0.7954208450033533,0.020594209573334007,0.5919569612194018,0.04037835393309117,label_noise,imbalance,0.15,0.6,0.1473562074365926,0.18276906027194806,0.18529130624807866,0.36955210040021824,0.1473562074365926
Digits,MLP,Neural,0.15,0.0,0.0,0.6,1276,42,0.740609681372549,0.011920412178756149,0.5791634852644669,0.03237064978610858,0.5749079345278195,0.04765539813158577,0.22216395910370795,0.0656875809933649,label_noise,imbalance,0.15,0.6,0.22303624868006633,0.38448918234187224,0.38873678378685084,0.7051953995373361,0.22303624868006633
Digits,MLP,Neural,0.15,0.0,0.0,0.6,1266,43,0.8143848619713051,0.010435066725649858,0.7364086917469509,0.020008408518230082,0.7513136520815205,0.016766369565431476,0.515072531938921,0.028866210173435214,label_noise,imbalance,0.15,0.6,0.14926106808131023,0.22724397585938827,0.2123310662331499,0.41228682670212313,0.14926106808131023
Digits,GB,Boosting,0.15,0.0,0.0,0.6,1276,42,0.7742922794117646,0.022833287324785893,0.684271273878567,0.02770927084885476,0.6952144026683779,0.03021244616531133,0.39726488017228967,0.061910503156311913,label_noise,imbalance,0.15,0.6,0.19287216915936922,0.28288870362416796,0.2719472344886762,0.537165072504491,0.19287216915936922
Digits,GB,Boosting,0.15,0.0,0.0,0.6,1266,43,0.8072920232796987,0.024311351247859013,0.7435719148856992,0.022761971813658903,0.7521965639293915,0.02712583163089716,0.5083659031309467,0.05639841686158357,label_noise,imbalance,0.15,0.6,0.15987242529143508,0.2235880626170358,0.21496507322766256,0.426064049545834,0.15987242529143508
Spambase,LR,Linear,0.35,0.0,0.0,0.3,3957,42,0.6403874395024838,0.007402594581798171,0.5608039055152207,0.008475088366842114,0.5407902181627313,0.011342491196779802,0.1630246347343533,0.021031167766561495,label_noise,imbalance,0.35,0.3,0.284847339959034,0.35747351076361045,0.3803508987889148,0.6799827258607316,0.284847339959034
Spambase,LR,Linear,0.35,0.0,0.0,0.3,3961,43,0.6369632644222809,0.00958716879929902,0.5593050235696089,0.010092904708082925,0.5430993438450382,0.012334461905769757,0.15307289030422547,0.026166469553976678,label_noise,imbalance,0.35,0.3,0.28827151503923687,0.3589723927092223,0.3780417731066079,0.6899344702908595,0.28827151503923687
Spambase,RF,Ensemble,0.35,0.0,0.0,0.3,3957,42,0.6363428852366905,0.009485608788115156,0.5651745821238551,0.012071656694316606,0.5528995799772567,0.015381055084819526,0.16126951459193467,0.027032717760101816,label_noise,imbalance,0.35,0.3,0.30845262688781183,0.37223738278694285,0.38869038952204205,0.7229973008800528,0.30845262688781183
Spambase,RF,Ensemble,0.35,0.0,0.0,0.3,3961,43,0.6457955978447781,0.009568029343063621,0.5781669994842218,0.007745978779240152,0.5709459589816391,0.009187660438404277,0.18804280458977324,0.020689133635803228,label_noise,imbalance,0.35,0.3,0.29899991427972417,0.35924496542657613,0.3706440105176596,0.6962240108822142,0.29899991427972417
Spambase,XGB,Boosting,0.35,0.0,0.0,0.3,3957,42,0.6335644689626991,0.010824981398439354,0.5714679378311264,0.011229480304308787,0.5655492992812753,0.01269205860642453,0.1662274401202812,0.026118447301546346,label_noise,imbalance,0.35,0.3,0.316809730473956,0.37463104099921585,0.3822654997888555,0.7296720434442606,0.316809730473956
Spambase,XGB,Boosting,0.35,0.0,0.0,0.3,3961,43,0.6377182926363254,0.00868643734935616,0.5755158196038598,0.01035334978283139,0.5707248526418639,0.012610115332613527,0.17429716929093522,0.02197371209500595,label_noise,imbalance,0.35,0.3,0.31265590680032973,0.37058315922648244,0.3770899464282669,0.7216023142736067,0.31265590680032973
Spambase,SVM,Kernel,0.35,0.0,0.0,0.3,3957,42,0.6345691427549836,0.008574506983548764,0.5575414989185178,0.012208237807462856,0.5391047405751053,0.017988582263794368,0.14954072458392492,0.026864715625976986,label_noise,imbalance,0.35,0.3,0.2983453798968284,0.3687485310661147,0.3901356633321331,0.7095512207130592,0.2983453798968284
Spambase,SVM,Kernel,0.35,0.0,0.0,0.3,3961,43,0.6480686435604468,0.007247921167458295,0.5745480795359476,0.00983702532429326,0.5632209963656989,0.013015592707812851,0.18683766990001172,0.020497779871238922,label_noise,imbalance,0.35,0.3,0.28484587909136516,0.35174195044868495,0.3660194075415395,0.6722542753969724,0.28484587909136516
Spambase,MLP,Neural,0.35,0.0,0.0,0.3,3957,42,0.6310334699715231,0.009860010438992052,0.5537581404370586,0.015835651419855355,0.5333465671179237,0.02787269219121752,0.1392240832070928,0.0339000356605737,label_noise,imbalance,0.35,0.3,0.3060105433095671,0.37896263653993245,0.4005315908238207,0.7287943401179754,0.3060105433095671
Spambase,MLP,Neural,0.35,0.0,0.0,0.3,3961,43,0.6377208401798565,0.014535254321475769,0.5719883153215857,0.02216505545083872,0.5634771549157057,0.030643542797113735,0.1687429925156616,0.04399650557602794,label_noise,imbalance,0.35,0.3,0.2993231731012337,0.3607324616554054,0.37040100302603873,0.6992754308094066,0.2993231731012337
Spambase,GB,Boosting,0.35,0.0,0.0,0.3,3957,42,0.6368453817568861,0.00922281007245148,0.5742297591418511,0.009212098716614488,0.5683823368319846,0.01006079744715769,0.17341686296822745,0.022123253225521992,label_noise,imbalance,0.35,0.3,0.3108473435417025,0.3687553849079801,0.37657485428810455,0.7168648473680443,0.3108473435417025
Spambase,GB,Boosting,0.35,0.0,0.0,0.3,3961,43,0.6445332900250933,0.011337350839750127,0.5828345726425688,0.010334557550622701,0.5790951329510948,0.011185328175108969,0.1914642365715777,0.025291949584791966,label_noise,imbalance,0.35,0.3,0.3031594352734953,0.3601505714072625,0.3658620581689943,0.698817473764694,0.3031594352734953
Bank,LR,Linear,0.35,0.0,0.0,0.3,4409,42,0.6813345996741489,0.003913248911349374,0.5046000339164352,0.005461377721976162,0.4340633320022273,0.010483176961625991,0.02532186308714795,0.030110554260425748,label_noise,imbalance,0.35,0.3,0.21479873365918434,0.13703928813058786,0.24262389827296743,0.3603388040214583,0.21479873365918434
Bank,LR,Linear,0.35,0.0,0.0,0.3,4423,43,0.6920643198609302,0.0027147841528405753,0.5067159837903015,0.0007910015607471921,0.439414872359327,0.0038817508455124402,0.04063287048314464,0.007285813555134178,label_noise,imbalance,0.35,0.3,0.20406901347240303,0.13492333825672154,0.2372723579158677,0.3450277966254616,0.20406901347240303
Bank,RF,Ensemble,0.35,0.0,0.0,0.3,4409,42,0.6897256518952644,0.0038249124961247916,0.5105057070924484,0.006759161402284836,0.4370333801150787,0.014484707365113028,0.07177652952039026,0.03308094807823193,label_noise,imbalance,0.35,0.3,0.206207681438069,0.09295923533059147,0.20040707048653078,0.27104877891036544,0.206207681438069
Bank,RF,Ensemble,0.35,0.0,0.0,0.3,4423,43,0.6934205077076463,0.0029152926055040344,0.5049623338198301,0.004412326750742402,0.43171451777230035,0.009849292924314069,0.03262624244439735,0.031404132299943675,label_noise,imbalance,0.35,0.3,0.20251282562568707,0.0985026086032097,0.20572593282930912,0.3101990659863584,0.20251282562568707
Bank,XGB,Boosting,0.35,0.0,0.0,0.3,4409,42,0.6711284589507389,0.006780931836556764,0.5064593589793762,0.009091623363873367,0.4549836776033066,0.016497959220332387,0.02449642538157863,0.03596654801821544,label_noise,imbalance,0.35,0.3,0.22460487438259435,0.15793843022022502,0.2402937982106682,0.384544828929795,0.22460487438259435
Bank,XGB,Boosting,0.35,0.0,0.0,0.3,4423,43,0.6832469258889997,0.0047415869093953384,0.5087708446872279,0.005167107723085921,0.4582851689381303,0.00821420443217596,0.03647072787524293,0.02113709155273953,label_noise,imbalance,0.35,0.3,0.21248640744433356,0.15562694451237336,0.2369923068758445,0.37257052643613076,0.21248640744433356
Bank,SVM,Kernel,0.35,0.0,0.0,0.3,4409,42,0.6831484012447203,0.0038747027859126464,0.502758058414537,0.00419149553790629,0.4250558659825291,0.006419272275852661,0.020029190571816898,0.028949435281254068,label_noise,imbalance,0.35,0.3,0.20705159875527968,0.0855971667470301,0.19107154351772315,0.27604478912856567,0.20705159875527968
Bank,SVM,Kernel,0.35,0.0,0.0,0.3,4423,43,0.6907068537975818,0.0033935556873407008,0.5046920685374904,0.005208706438784665,0.4357337391045907,0.009275914373521672,0.027012495178297756,0.03118003432510517,label_noise,imbalance,0.35,0.3,0.1994931462024182,0.08366315662407675,0.18039367039566157,0.26906148452208484,0.1994931462024182
Bank,MLP,Neural,0.35,0.0,0.0,0.3,4409,42,0.6856445340148924,0.004838531376087899,0.5069553607534667,0.00795929027830555,0.43328225575990603,0.017307849512354846,0.03915880358098462,0.04949722770377398,label_noise,imbalance,0.35,0.3,0.20535546598510757,0.11225233897518427,0.2134044292223502,0.2950162322632802,0.20535546598510757
Bank,MLP,Neural,0.35,0.0,0.0,0.3,4423,43,0.6902558989697575,0.0013258123315036266,0.506257762220827,0.005134003271982848,0.4405625431605739,0.015365546122458619,0.03047155927466925,0.024125871506834644,label_noise,imbalance,0.35,0.3,0.20074410103024254,0.112949937507824,0.20612414182168232,0.30370347656959557,0.20074410103024254
Bank,GB,Boosting,0.35,0.0,0.0,0.3,4409,42,0.6792927538022397,0.004470432418790498,0.5131878448714436,0.005999674250067128,0.46162280798901045,0.01042133642397422,0.0548921799714462,0.02312361463516051,label_noise,imbalance,0.35,0.3,0.21510724619776023,0.1526792941553783,0.23335665109091397,0.3511037996671166,0.21510724619776023
Bank,GB,Boosting,0.35,0.0,0.0,0.3,4423,43,0.6832461589590204,0.0037151481437506196,0.5068784312678565,0.002771995914736281,0.453182979633829,0.008105298876316598,0.029502517725579123,0.011058652180945523,label_noise,imbalance,0.35,0.3,0.21115384104097956,0.15898870775896545,0.24179647944609545,0.37649346191298366,0.21115384104097956
Wine,LR,Linear,0.35,0.0,0.0,0.3,143,42,0.5374384236453202,0.10810984282413982,0.5144688644688645,0.11544732001637295,0.5101501513661757,0.12109946980266384,0.270316042047763,0.18040080691154697,label_noise,imbalance,0.35,0.3,0.44769385148695473,0.47131596798263464,0.4747223356134248,0.707802192259616,0.44769385148695473
Wine,LR,Linear,0.35,0.0,0.0,0.3,143,43,0.5738916256157636,0.11298682217625473,0.5471509971509971,0.10063891315465562,0.5510882764344562,0.10505601036113821,0.3464027684788133,0.16931379572638974,label_noise,imbalance,0.35,0.3,0.4112406495165114,0.43863383530050204,0.43378421054514427,0.6317154658285657,0.4112406495165114
Wine,RF,Ensemble,0.35,0.0,0.0,0.3,143,42,0.5177339901477832,0.052461319613314954,0.483058608058608,0.046369922714916335,0.473082699775599,0.043558286311336486,0.24250573258629587,0.08378326435665959,label_noise,imbalance,0.35,0.3,0.46544061302682005,0.5023911273911275,0.5106480468440365,0.7325719033545004,0.46544061302682005
Wine,RF,Ensemble,0.35,0.0,0.0,0.3,143,43,0.5394088669950738,0.07480145932639186,0.5141737891737892,0.07761554585546888,0.5109319966534006,0.07228025618451965,0.28070860325407293,0.12026606739760924,label_noise,imbalance,0.35,0.3,0.4437657361795294,0.47127594627594627,0.47279874996623494,0.6943690326867233,0.4437657361795294
Wine,XGB,Boosting,0.35,0.0,0.0,0.3,143,42,0.4896551724137931,0.044815404613475426,0.4661172161172161,0.04363339304979415,0.4634082214316243,0.043807136187560054,0.20046648851121054,0.07357688335451792,label_noise,imbalance,0.35,0.3,0.46732895457033385,0.4928325994992663,0.4937328701716026,0.7355786643006197,0.46732895457033385
Wine,XGB,Boosting,0.35,0.0,0.0,0.3,143,43,0.5529556650246306,0.07695615630950757,0.530942205942206,0.06694894119076472,0.5302891645219475,0.0673653617405085,0.3068763314930013,0.11222215124414767,label_noise,imbalance,0.35,0.3,0.4040284619594964,0.4280076096742764,0.4268519270812794,0.6291688213188289,0.4040284619594964
Wine,SVM,Kernel,0.35,0.0,0.0,0.3,143,42,0.55935960591133,0.0711664973073961,0.5350732600732602,0.08176871150157426,0.5265824673911219,0.07069256705644418,0.3087331884979945,0.11247332908391369,label_noise,imbalance,0.35,0.3,0.4238149972632731,0.4469100652433985,0.45624961232964345,0.6662959430328543,0.4238149972632731
Wine,SVM,Kernel,0.35,0.0,0.0,0.3,143,43,0.6298029556650246,0.07213679806102652,0.6076007326007326,0.06885018207712239,0.602134872021848,0.07158983590078528,0.430674776923386,0.10759094412317194,label_noise,imbalance,0.35,0.3,0.3533716475095785,0.3743825927159261,0.38069720769891735,0.544354354607463,0.3533716475095785
Wine,MLP,Neural,0.35,0.0,0.0,0.3,143,42,0.46896551724137936,0.09360707739138271,0.4735347985347985,0.10058864172136717,0.4363362818811735,0.08833737375008209,0.20877160266542485,0.1519896473874905,label_noise,imbalance,0.35,0.3,0.4505053822295201,0.45021219521219535,0.4846743730624063,0.6742207015579201,0.4505053822295201
Wine,MLP,Neural,0.35,0.0,0.0,0.3,143,43,0.496551724137931,0.09126737531021387,0.47379934879934876,0.08009897005936525,0.4375461795489846,0.10726659557111808,0.23352934163423744,0.13495196753975403,label_noise,imbalance,0.35,0.3,0.4229191753329684,0.4499476449476451,0.4834644753945952,0.6494629625891075,0.4229191753329684
Wine,GB,Boosting,0.35,0.0,0.0,0.3,143,42,0.4692118226600985,0.0530558109077291,0.42637362637362636,0.024908424908424917,0.41242673992673995,0.02190499756217475,0.16726261955538058,0.06808222265726102,label_noise,imbalance,0.35,0.3,0.46158182813355236,0.5025120558453893,0.5195314246494807,0.7313650628706924,0.46158182813355236
Wine,GB,Boosting,0.35,0.0,0.0,0.3,143,43,0.5455665024630543,0.1015722455247165,0.5207570207570208,0.09058377313301189,0.5155436337520991,0.08996200220644662,0.3045969487775767,0.15032029424446036,label_noise,imbalance,0.35,0.3,0.38522714833059657,0.4081286614619948,0.4164145308241215,0.5940307336484962,0.38522714833059657
BreastCancer,LR,Linear,0.35,0.0,0.0,0.3,497,42,0.6540000000000001,0.027210523900837797,0.5506238859180035,0.037362636232980216,0.5374872551331563,0.051055693968511624,0.12355548773884133,0.08802514721056996,label_noise,imbalance,0.35,0.3,0.3214230709517155,0.4202791593995522,0.435962990238954,0.8244143119451321,0.3214230709517155
BreastCancer,LR,Linear,0.35,0.0,0.0,0.3,492,43,0.6728921871779014,0.03810606799061567,0.5995238095238095,0.028035538760838537,0.5985878974149692,0.030091207599176023,0.2408966866467876,0.07597126481789428,label_noise,imbalance,0.35,0.3,0.3025308837738142,0.3713792357937462,0.37486234795714113,0.7070731130371859,0.3025308837738142
BreastCancer,RF,Ensemble,0.35,0.0,0.0,0.3,497,42,0.6398989898989899,0.01457404597355106,0.5563279857397505,0.03695970003571918,0.5493525790495061,0.046444629578481375,0.12195008546723025,0.07334490634949416,label_noise,imbalance,0.35,0.3,0.32145276707456505,0.4011588604016977,0.40916587176354313,0.7967482786526914,0.32145276707456505
BreastCancer,RF,Ensemble,0.35,0.0,0.0,0.3,492,43,0.6727272727272727,0.02643670461165151,0.6006349206349206,0.03946815103130858,0.5975313881681673,0.050941683060644574,0.23114646578836942,0.08387661647306874,label_noise,imbalance,0.35,0.3,0.2886244842462822,0.35685192550652756,0.3609870626448819,0.6875518983315523,0.2886244842462822
BreastCancer,XGB,Boosting,0.35,0.0,0.0,0.3,497,42,0.6478787878787878,0.032308077255278865,0.5632798573975044,0.01750151544903183,0.5612839672279473,0.015604109384973143,0.15098558478768975,0.05774479750232487,label_noise,imbalance,0.35,0.3,0.3193209223111412,0.3991195606439051,0.4033618323346738,0.779635123201948,0.3193209223111412
BreastCancer,XGB,Boosting,0.35,0.0,0.0,0.3,492,43,0.6300556586270872,0.03638687262182137,0.5634920634920635,0.04805881590135429,0.5577534054678213,0.05646240734626071,0.1388708142218105,0.10382961395365328,label_noise,imbalance,0.35,0.3,0.3371440515628418,0.398907354549346,0.4068923940947998,0.7917498937678273,0.3371440515628418
BreastCancer,SVM,Kernel,0.35,0.0,0.0,0.3,497,42,0.6761414141414142,0.021033048850913224,0.5775401069518716,0.028596989674036462,0.5716962247541624,0.037615968316917894,0.1919430012456696,0.064548096920377,label_noise,imbalance,0.35,0.3,0.2992713064506265,0.39455538590189176,0.40187542402509935,0.7557593579656698,0.2992713064506265
BreastCancer,SVM,Kernel,0.35,0.0,0.0,0.3,492,43,0.6808286951144094,0.025394415818142318,0.6006349206349206,0.03808085045767418,0.595390646263206,0.04924693027876824,0.24438679825287304,0.08330059504864462,label_noise,imbalance,0.35,0.3,0.2945840254776313,0.37146057221884277,0.3781810025160557,0.7033155609584665,0.2945840254776313
BreastCancer,MLP,Neural,0.35,0.0,0.0,0.3,497,42,0.6558787878787878,0.021358551822286784,0.5650623885918004,0.018125809367395593,0.5598241593490493,0.02067187430449574,0.15834700926909365,0.04842801256249781,label_noise,imbalance,0.35,0.3,0.2908220349748062,0.37295620531444507,0.38235629909485847,0.7275128853861189,0.2908220349748062
BreastCancer,MLP,Neural,0.35,0.0,0.0,0.3,492,43,0.6728303442589156,0.03230265090505918,0.6154761904761904,0.032974256432883924,0.6172818590691673,0.03640610924439043,0.25329879062393756,0.06939586262402887,label_noise,imbalance,0.35,0.3,0.2738704785946784,0.322542403430055,0.3248985993747404,0.632561104031275,0.2738704785946784
BreastCancer,GB,Boosting,0.35,0.0,0.0,0.3,497,42,0.6419191919191919,0.030727664545679243,0.5721033868092691,0.01879577506086573,0.5718349291694478,0.020958798280706046,0.15832610480748763,0.04618706208710708,label_noise,imbalance,0.35,0.3,0.31414870644027615,0.3789128094206513,0.3809194465513228,0.7482849863111027,0.31414870644027615
BreastCancer,GB,Boosting,0.35,0.0,0.0,0.3,492,43,0.6525046382189239,0.017281085005113186,0.5824603174603175,0.019226016429176027,0.5795075719822,0.022418179887376963,0.19026470484367755,0.03938305509563242,label_noise,imbalance,0.35,0.3,0.30356326014054413,0.36855587876960294,0.37324680373857055,0.7163463862749129,0.30356326014054413
Digits,LR,Linear,0.35,0.0,0.0,0.3,1542,42,0.6186777623670827,0.019905370161969787,0.5571642965839324,0.02072739470233823,0.5482423051107391,0.0233000868714028,0.13410553470677905,0.048332284993073925,label_noise,imbalance,0.35,0.3,0.2741062054447402,0.33564062537867956,0.3445281035085087,0.6517443850070281,0.2741062054447402
Digits,LR,Linear,0.35,0.0,0.0,0.3,1529,43,0.6219843565841637,0.011503802896427372,0.5888400641596864,0.011300607500386783,0.5871129342324141,0.012491582675264247,0.1905358732277878,0.023560524888033986,label_noise,imbalance,0.35,0.3,0.27079961122765916,0.3039648578029256,0.30565747438683377,0.5953140464860194,0.27079961122765916
Digits,RF,Ensemble,0.35,0.0,0.0,0.3,1542,42,0.6141407136552768,0.012373040213852852,0.5506040525041416,0.014475642645826733,0.5397559295160212,0.017767564837188447,0.11962210763652084,0.03354691370839473,label_noise,imbalance,0.35,0.3,0.3636019872629117,0.42713633271579543,0.4379854315610713,0.835929184683674,0.3636019872629117
Digits,RF,Ensemble,0.35,0.0,0.0,0.3,1529,43,0.6389563912996892,0.022722944005857847,0.6052041703796116,0.026124650939235727,0.6032453814703882,0.02986048720239066,0.22678743923624714,0.05175792210011024,label_noise,imbalance,0.35,0.3,0.3387863096184993,0.3725362148403254,0.37449597960670433,0.7287638530839478,0.3387863096184993
Digits,XGB,Boosting,0.35,0.0,0.0,0.3,1542,42,0.613474551338629,0.019789826282732813,0.5678907637988291,0.02461883369091338,0.5663103139398669,0.026877918078815587,0.14528845787800596,0.05078883901077157,label_noise,imbalance,0.35,0.3,0.35665801855717205,0.4022373608689417,0.4038202204803655,0.7950578155529024,0.35665801855717205
Digits,XGB,Boosting,0.35,0.0,0.0,0.3,1529,43,0.6167298832101147,0.016766211742137625,0.5899041882017466,0.021631945646143066,0.589185437827728,0.02398757459040935,0.1867404766743726,0.04164204968616959,label_noise,imbalance,0.35,0.3,0.3534026866856864,0.38022393646602415,0.3809450965925043,0.7536057967565357,0.3534026866856864
Digits,SVM,Kernel,0.35,0.0,0.0,0.3,1542,42,0.6186609506997857,0.01073649355071103,0.5450534861580671,0.011245963461215374,0.525009791888064,0.01335662274435752,0.11643286379695154,0.029139357644852145,label_noise,imbalance,0.35,0.3,0.3620524507239222,0.4356643343507962,0.455702359363368,0.8450761978226685,0.3620524507239222
Digits,SVM,Kernel,0.35,0.0,0.0,0.3,1529,43,0.6396292724740169,0.006890675127530815,0.6095145250400998,0.011948091767524179,0.6089738653394386,0.014253256736497728,0.23207554682592732,0.01939293343031343,label_noise,imbalance,0.35,0.3,0.341084128949691,0.3712032954687635,0.3717382859119933,0.7294335147936927,0.341084128949691
Digits,MLP,Neural,0.35,0.0,0.0,0.3,1542,42,0.6096141722355315,0.019410385877985093,0.5466271861108404,0.029357311936484293,0.5332865973021261,0.04145183868264483,0.10623930886209543,0.06376822573908089,label_noise,imbalance,0.35,0.3,0.35403175781708385,0.4170254814954988,0.4303581210125442,0.8211200497789487,0.35403175781708385
Digits,MLP,Neural,0.35,0.0,0.0,0.3,1529,43,0.6343919425693775,0.029233682863819135,0.5953964355729816,0.035201014503439904,0.5904824953654951,0.04081075160137712,0.21020705105153828,0.07138636832410601,label_noise,imbalance,0.35,0.3,0.32925398748323786,0.36825623203335756,0.3731622229491752,0.7171523075895059,0.32925398748323786
Digits,GB,Boosting,0.35,0.0,0.0,0.3,1542,42,0.6108834531164629,0.018915752349864444,0.5619816490378489,0.023887819804706573,0.5590564880612781,0.027187824882915466,0.13430556229668558,0.05050089009186478,label_noise,imbalance,0.35,0.3,0.35628099545467096,0.4051783284648861,0.408105149095776,0.8001243903800951,0.35628099545467096
Digits,GB,Boosting,0.35,0.0,0.0,0.3,1529,43,0.6219757848494589,0.02071293668676042,0.5913539119586526,0.02798216196391957,0.5896218662406614,0.0322907151345354,0.19195273502188911,0.05451475770565334,label_noise,imbalance,0.35,0.3,0.3451886637216749,0.37580606554408236,0.3775397709163927,0.7424772176548915,0.3451886637216749
Spambase,LR,Linear,0.35,0.0,0.0,0.6,3313,42,0.7304584580753055,0.0073272292935297675,0.5068986763788171,0.004623623090440445,0.4592619409353923,0.005670795856260883,0.03623053467601448,0.02286521278847401,label_noise,imbalance,0.35,0.6,0.19477632138621226,0.41137873990001406,0.46187917601625383,0.8067768259190705,0.19477632138621226
Spambase,LR,Linear,0.35,0.0,0.0,0.6,3321,43,0.7277892019204638,0.007822993959204407,0.49925308799121115,0.008210228494056043,0.44672150464466,0.011704217136700659,-0.0021770360241955295,0.04334704450448712,label_noise,imbalance,0.35,0.6,0.19744557754105396,0.41902432828762004,0.47441961230698615,0.8451843966192805,0.19744557754105396
Spambase,RF,Ensemble,0.35,0.0,0.0,0.6,3313,42,0.7259303814484195,0.0045996754282081114,0.5205249779590357,0.005772790297295454,0.49395095307432485,0.008636509923178621,0.0734238672591369,0.02022515653493165,label_noise,imbalance,0.35,0.6,0.21886513067608282,0.4168869869517622,0.4476390164249739,0.8108429482128506,0.21886513067608282
Spambase,RF,Ensemble,0.35,0.0,0.0,0.6,3321,43,0.7383263882598061,0.012930717089478712,0.5393331198178,0.013753255161584595,0.5236284501282598,0.0179756964917976,0.1347719266116529,0.050268907351013956,label_noise,imbalance,0.35,0.6,0.20646912386469618,0.39807884509299796,0.417961519371039,0.7494948888603346,0.20646912386469618
Spambase,XGB,Boosting,0.35,0.0,0.0,0.6,3313,42,0.7201943012854689,0.0032862995593013287,0.5238389819969017,0.003378376265721474,0.5042644415788957,0.006378337235460167,0.07642852977788162,0.009279593818486052,label_noise,imbalance,0.35,0.6,0.23017989815118622,0.4222599968334405,0.44355035749123506,0.8194709537866602,0.23017989815118622
Spambase,XGB,Boosting,0.35,0.0,0.0,0.6,3321,43,0.729899900353293,0.004041467847753095,0.5378528549490437,0.009494917627973276,0.5244254289841861,0.01630904680916844,0.11694038610456563,0.02020764605025921,label_noise,imbalance,0.35,0.6,0.22047429908336214,0.40824612388129855,0.4233893700859447,0.7789590974599763,0.22047429908336214
Spambase,SVM,Kernel,0.35,0.0,0.0,0.6,3313,42,0.7380022145972032,0.001987170038243241,0.5040240097631153,0.004380378414192003,0.4416460123131213,0.011860758304447576,0.025173440872357723,0.033288977517834044,label_noise,imbalance,0.35,0.6,0.1949123080546088,0.42226602022151716,0.4875943915941171,0.8339185044246263,0.1949123080546088
Spambase,SVM,Kernel,0.35,0.0,0.0,0.6,3321,43,0.7410404022103452,0.007050267427328281,0.5054758065914252,0.005779380697583907,0.4451092436760534,0.009253918426164723,0.047636350784426164,0.04301040033759986,label_noise,imbalance,0.35,0.6,0.1918741204414668,0.4208142233932073,0.48413116023118496,0.8114555945125579,0.1918741204414668
Spambase,MLP,Neural,0.35,0.0,0.0,0.6,3313,42,0.7407189694376474,0.001660431198830057,0.5073713210701646,0.006877924945546861,0.4466192261628949,0.017761679481542655,0.040445788633940785,0.0518468326554235,label_noise,imbalance,0.35,0.6,0.19632504384344285,0.4253494559068265,0.48725893177884955,0.8275726346911274,0.19632504384344285
Spambase,MLP,Neural,0.35,0.0,0.0,0.6,3321,43,0.7404398043301024,0.003746457786757725,0.507724563137182,0.0169839404833479,0.4467579857405581,0.04149866086546486,0.015201514039957672,0.05932315028512052,label_noise,imbalance,0.35,0.6,0.19660420895098785,0.4249962138398091,0.48712017220118636,0.8528169092851106,0.19660420895098785
Spambase,GB,Boosting,0.35,0.0,0.0,0.6,3313,42,0.7226052958947929,0.006811608391994092,0.5224328751194838,0.012054458295480432,0.4994736234092051,0.020447286558991966,0.07343836809231738,0.03732884024081138,label_noise,imbalance,0.35,0.6,0.22508742940379567,0.4205522689303475,0.44548356771088404,0.8168433422439544,0.22508742940379567
Spambase,GB,Boosting,0.35,0.0,0.0,0.6,3321,43,0.7274929794365432,0.00668108330486613,0.5335327787404227,0.019276138230086663,0.5173814500046328,0.0291152993492465,0.10194840971232103,0.046479511683353306,label_noise,imbalance,0.35,0.6,0.22019974586204538,0.40945236530940854,0.4275757411154564,0.7883333006239508,0.22019974586204538
Bank,LR,Linear,0.35,0.0,0.0,0.6,3818,42,0.7930859860155216,0.001961407509980874,0.5015496091252276,0.0025250505307382602,0.44722672940146085,0.0049381445506672264,0.025752830828052232,0.03716391672356772,label_noise,imbalance,0.35,0.6,0.10304734731781162,0.1400897129217954,0.22946050087373387,0.359907836280554,0.10304734731781162
Bank,LR,Linear,0.35,0.0,0.0,0.6,3847,43,0.799324810430142,0.0016813868546301334,0.503254977526857,0.0035513873600452783,0.45416350395239957,0.007549006694715631,0.03128751454660118,0.03958763651028791,label_noise,imbalance,0.35,0.6,0.0968085229031912,0.138384344520166,0.22252372632279516,0.3543731525620051,0.0968085229031912
Bank,RF,Ensemble,0.35,0.0,0.0,0.6,3818,42,0.7933477661202335,0.0008667164207658649,0.49983498349834987,0.00033003300330032294,0.4423835395861436,0.0002695634654944428,-0.0036970894478902923,0.007394178895780584,label_noise,imbalance,0.35,0.6,0.10258556721309986,0.10362995892468996,0.19505691101546585,0.34652239787864597,0.10258556721309986
Bank,RF,Ensemble,0.35,0.0,0.0,0.6,3847,43,0.7982841605728471,0.0013009716423614968,0.4987007707739416,0.0008279706255333425,0.443914068113101,0.0004021837137519845,-0.02004818929059432,0.010867420354141153,label_noise,imbalance,0.35,0.6,0.09764917276048624,0.10476417164909824,0.19352638248850845,0.36287349772135,0.09764917276048624
Bank,XGB,Boosting,0.35,0.0,0.0,0.6,3818,42,0.7860127767904318,0.005371795529791381,0.5031848597259951,0.006552810269287152,0.45968008037583663,0.01090461682355228,0.021759841641479215,0.046325649504914704,label_noise,imbalance,0.35,0.6,0.10972055654290147,0.1612129294736061,0.23559739543813818,0.38728141266989446,0.10972055654290147
Bank,XGB,Boosting,0.35,0.0,0.0,0.6,3847,43,0.7988070187289953,0.006509722628267388,0.5082999134613195,0.010866824158927983,0.46698583442447716,0.019153439107433938,0.05969962304332248,0.07219014766560403,label_noise,imbalance,0.35,0.6,0.09692631460433798,0.1560978757382817,0.22829164138949765,0.3493416312680512,0.09692631460433798
Bank,SVM,Kernel,0.35,0.0,0.0,0.6,3818,42,0.7915146192008672,0.0011496716488809647,0.4986798679867987,0.0004042062281820611,0.44181286549707605,0.00035811253549462683,-0.023071288325849437,0.0037822938893742357,label_noise,imbalance,0.35,0.6,0.0986853807991328,0.08967535717476843,0.1743145440031762,0.319145268026232,0.0986853807991328
Bank,SVM,Kernel,0.35,0.0,0.0,0.6,3847,43,0.7993244726664752,0.0015126514937999036,0.49984164249587487,0.0017417392078534412,0.4455183310904004,0.0030311563389587757,-0.0014325299885558577,0.03702976272720537,label_noise,imbalance,0.35,0.6,0.09087552733352477,0.08851358266569226,0.17060907840985184,0.29750650968893844,0.09087552733352477
Bank,MLP,Neural,0.35,0.0,0.0,0.6,3818,42,0.7923006457013854,0.003094056283864548,0.5019863181190327,0.005755128591221309,0.44920928583943587,0.011936140455107049,0.017363490639639857,0.05439812061862189,label_noise,imbalance,0.35,0.6,0.09869935429861465,0.11722138160961826,0.19747739914282036,0.31681154520462496,0.09869935429861465
Bank,MLP,Neural,0.35,0.0,0.0,0.6,3847,43,0.7988053299106616,0.002815279836571994,0.49951272304930844,0.0020916155099573227,0.4453401048620095,0.002847513957566895,-0.00404123706958589,0.025858162457309118,label_noise,imbalance,0.35,0.6,0.09219467008933846,0.11969497667934254,0.20134658012024675,0.3382162729138507,0.09219467008933846
Bank,GB,Boosting,0.35,0.0,0.0,0.6,3818,42,0.786535307720283,0.004920753925754851,0.507266114420843,0.008332090035213685,0.46865282059962415,0.013846189684426143,0.041277344004964925,0.04813585482831501,label_noise,imbalance,0.35,0.6,0.10786469227971696,0.1586010246059789,0.22632663848030027,0.36471863563359785,0.10786469227971696
Bank,GB,Boosting,0.35,0.0,0.0,0.6,3847,43,0.7938648607569283,0.005059713189024206,0.5081397082114443,0.008797728956645778,0.47166420986879043,0.014745474782065886,0.04665898330318009,0.04766367462138881,label_noise,imbalance,0.35,0.6,0.10053513924307167,0.15772743081537766,0.223315249211134,0.3593369963353827,0.10053513924307167
Wine,LR,Linear,0.35,0.0,0.0,0.6,110,42,0.5545454545454546,0.11281521496355323,0.42835164835164835,0.12994204887239483,0.4370476011855322,0.14752777218313926,0.1744129978631782,0.1974504681209744,label_noise,imbalance,0.35,0.6,0.4305868205868204,0.5574331840998508,0.5478248857940683,0.8037052364442009,0.4305868205868204
Wine,LR,Linear,0.35,0.0,0.0,0.6,109,43,0.5861471861471862,0.10023678418901796,0.48666666666666664,0.10688217873664646,0.47651462628474117,0.13732855779560285,0.260097200830999,0.166234976822212,label_noise,imbalance,0.35,0.6,0.3989850889850888,0.49911816578483253,0.5083578606948593,0.7180210334763801,0.3989850889850888
Wine,RF,Ensemble,0.35,0.0,0.0,0.6,110,42,0.5272727272727272,0.03636363636363637,0.36157509157509155,0.033206375784979626,0.341080426597668,0.04750570324570101,0.061557001210711206,0.05953618854891003,label_noise,imbalance,0.35,0.6,0.45590187590187603,0.6238746438746439,0.6426503200219675,0.9135206347300852,0.45590187590187603
Wine,RF,Ensemble,0.35,0.0,0.0,0.6,109,43,0.5952380952380952,0.06840648753291162,0.48470085470085467,0.0738193406528618,0.48618381618381623,0.0944281661410821,0.26255217529502156,0.1023829310330242,label_noise,imbalance,0.35,0.6,0.387936507936508,0.5007488807488808,0.4975469304358193,0.7125254606457747,0.387936507936508
Wine,XGB,Boosting,0.35,0.0,0.0,0.6,110,42,0.5363636363636364,0.09270944570168697,0.42106227106227107,0.14038678378001757,0.42686512350583544,0.1424038122041158,0.0924470742204043,0.24623566836829155,label_noise,imbalance,0.35,0.6,0.42062049062049056,0.5378875445542113,0.5302759680973914,0.8435980785914259,0.42062049062049056
Wine,XGB,Boosting,0.35,0.0,0.0,0.6,109,43,0.5852813852813853,0.13974439020379192,0.4553846153846154,0.13883709750988896,0.46556108786364625,0.16414355289381818,0.22359621003379498,0.24310211207789828,label_noise,imbalance,0.35,0.6,0.37170274170274165,0.503565200231867,0.49158000373958066,0.7124489427780352,0.37170274170274165
Wine,SVM,Kernel,0.35,0.0,0.0,0.6,110,42,0.5818181818181818,0.044536177141512326,0.3629304029304029,0.026223269001220784,0.30548706827644206,0.04903643186634179,0.08034401741157365,0.0729648752231179,label_noise,imbalance,0.35,0.6,0.40135642135642136,0.6190529223862558,0.6773450114443234,0.8946851141192753,0.40135642135642136
Wine,SVM,Kernel,0.35,0.0,0.0,0.6,109,43,0.6134199134199134,0.09123421556584929,0.4645299145299145,0.07729161479477227,0.43928792041806497,0.10773204947874432,0.27558731388014845,0.1470678507107615,label_noise,imbalance,0.35,0.6,0.3697546897546897,0.5174534107867441,0.5435441593027004,0.6994418176507005,0.3697546897546897
Wine,MLP,Neural,0.35,0.0,0.0,0.6,110,42,0.43636363636363634,0.1564059139462296,0.2901831501831501,0.06876196486230084,0.2397487597053604,0.04561223060571245,-0.03940182181352462,0.07013960150249594,label_noise,imbalance,0.35,0.6,0.4831072631072631,0.6335638435638438,0.6812618952382195,0.9223941260368695,0.4831072631072631
Wine,MLP,Neural,0.35,0.0,0.0,0.6,109,43,0.5051948051948052,0.0686471443449481,0.4361538461538461,0.07690341629090583,0.3569873336540003,0.05244323379828553,0.1955252587945752,0.1156030196005303,label_noise,imbalance,0.35,0.6,0.41427609427609424,0.48759314759314776,0.5640233212895795,0.6874670454287698,0.41427609427609424
Wine,GB,Boosting,0.35,0.0,0.0,0.6,110,42,0.4818181818181818,0.04635472285084347,0.32772893772893774,0.0839560599377338,0.3224411603721949,0.09659214256046832,-0.02286648031454372,0.10860345838012155,label_noise,imbalance,0.35,0.6,0.448975468975469,0.6011567444900778,0.6095170042040257,0.9214941627406167,0.448975468975469
Wine,GB,Boosting,0.35,0.0,0.0,0.6,109,43,0.6679653679653679,0.101640375418342,0.6084615384615384,0.10337690752707751,0.6069321789321789,0.13436262186177708,0.42651642600769224,0.13467053058387132,label_noise,imbalance,0.35,0.6,0.26282828282828297,0.3204241437574772,0.3250259856440417,0.4721112564183807,0.26282828282828297
BreastCancer,LR,Linear,0.35,0.0,0.0,0.6,425,42,0.7576470588235293,0.020512465616661982,0.5103668261562999,0.030711591456231993,0.48144460571075054,0.04587952995880516,0.03867747643348725,0.11229912450402692,label_noise,imbalance,0.35,0.6,0.2177760121281863,0.46053621916125576,0.4920056396613598,0.9092923232504861,0.2177760121281863
BreastCancer,LR,Linear,0.35,0.0,0.0,0.6,416,43,0.7475616752725187,0.015728814791694905,0.5546031746031745,0.023329283743179174,0.5481640305970633,0.03593854513451169,0.1624449201430303,0.05714507907482106,label_noise,imbalance,0.35,0.6,0.22786139567919694,0.4162998707143811,0.425286214775047,0.7855248795409431,0.22786139567919694
BreastCancer,RF,Ensemble,0.35,0.0,0.0,0.6,425,42,0.7529411764705882,0.016637806616154063,0.533572567783094,0.03833179962087627,0.5228273245124351,0.05806747177870845,0.08781143474795458,0.11869999107412697,label_noise,imbalance,0.35,0.6,0.20841058050296668,0.42391427835835416,0.43569112630061413,0.8308869293719671,0.20841058050296668
BreastCancer,RF,Ensemble,0.35,0.0,0.0,0.6,416,43,0.7306942053930007,0.035898038144134906,0.5298412698412698,0.022767405414476416,0.5138079474568863,0.0345602930036519,0.09866955703981047,0.07804738845733837,label_noise,imbalance,0.35,0.6,0.23065755158055423,0.4276455763001784,0.4447105033561629,0.8200288070801112,0.23065755158055423
BreastCancer,XGB,Boosting,0.35,0.0,0.0,0.6,425,42,0.7576470588235293,0.01760779946717151,0.5478468899521531,0.03631411188697243,0.5437222120424078,0.046052055974815334,0.13245073286445966,0.0866646061845648,label_noise,imbalance,0.35,0.6,0.20955265136639967,0.41455252808925636,0.4209235875202133,0.7981699751251782,0.20955265136639967
BreastCancer,XGB,Boosting,0.35,0.0,0.0,0.6,416,43,0.713912794033276,0.03290637936544542,0.5423809523809524,0.011086707895615855,0.5391047056147598,0.014987157285348636,0.10891172943509737,0.029730305876805318,label_noise,imbalance,0.35,0.6,0.253286916156653,0.4200184656604571,0.4255410939478613,0.8217089785545404,0.253286916156653
BreastCancer,SVM,Kernel,0.35,0.0,0.0,0.6,425,42,0.776470588235294,0.007440653318043254,0.5037480063795853,0.011659117628387268,0.44691832229580575,0.021589817481831124,0.028962726443655978,0.09009585370096095,label_noise,imbalance,0.35,0.6,0.19894213235674663,0.4683474864741781,0.526653326483456,0.9187396327676836,0.19894213235674663
BreastCancer,SVM,Kernel,0.35,0.0,0.0,0.6,416,43,0.7476190476190477,0.014786491070496852,0.5141269841269841,0.01801534856938919,0.4704063316922354,0.0425733933911339,0.04781909198799171,0.06821975727081891,label_noise,imbalance,0.35,0.6,0.2277936729729929,0.4579685087267793,0.5031653170870263,0.8998832672233478,0.2277936729729929
BreastCancer,MLP,Neural,0.35,0.0,0.0,0.6,425,42,0.7576470588235293,0.020512465616661986,0.5253588516746411,0.037891460987508147,0.4995192963570245,0.05748146694967944,0.07075820063690207,0.11152667510318791,label_noise,imbalance,0.35,0.6,0.18905376403006469,0.4126597422316043,0.4426611620868832,0.8151016940183105,0.18905376403006469
BreastCancer,MLP,Neural,0.35,0.0,0.0,0.6,416,43,0.7186746987951808,0.047111360954258184,0.5116666666666666,0.024938321496498838,0.4939807119612971,0.0174643648913725,0.054524720806466795,0.07265940768934342,label_noise,imbalance,0.35,0.6,0.22802612405841327,0.4263519272395788,0.44819974648261063,0.8313351738487458,0.22802612405841327
BreastCancer,GB,Boosting,0.35,0.0,0.0,0.6,425,42,0.7482352941176471,0.027439773622801446,0.541786283891547,0.046288002262008056,0.5377526081972157,0.06048575153101338,0.10871865843528335,0.12158368351072066,label_noise,imbalance,0.35,0.6,0.20783260424182093,0.40922991233837336,0.4150017675235549,0.797892432683307,0.20783260424182093
BreastCancer,GB,Boosting,0.35,0.0,0.0,0.6,416,43,0.7259609868043604,0.025699929659796453,0.5537301587301587,0.023479994754920755,0.5516420970328493,0.029398728967522776,0.1362845741166961,0.05724847018541828,label_noise,imbalance,0.35,0.6,0.23010691155510765,0.39728603749976166,0.4011122786879213,0.7703265170018943,0.23010691155510765
Digits,LR,Linear,0.35,0.0,0.0,0.6,1288,42,0.7174071728048743,0.02474884573435701,0.5186624924911049,0.02399749514239983,0.4936772078688002,0.031003909390187673,0.0684152260148169,0.08263937842296494,label_noise,imbalance,0.35,0.6,0.17537679500694858,0.3741424294715071,0.39909320075044763,0.7174346936989903,0.17537679500694858
Digits,LR,Linear,0.35,0.0,0.0,0.6,1261,43,0.7089748415835373,0.02461851004848709,0.5501815682307473,0.030521485675444406,0.5414243608123372,0.03882458027939416,0.1423362008247781,0.08428503263169157,label_noise,imbalance,0.35,0.6,0.1838091262282856,0.3426233537318647,0.3513460478069106,0.643513718889029,0.1838091262282856
Digits,RF,Ensemble,0.35,0.0,0.0,0.6,1288,42,0.732135854975417,0.008370454426979,0.5162991543828843,0.00790516297576359,0.4750154923641004,0.013019422781458801,0.07840665336280964,0.03386998248437556,label_noise,imbalance,0.35,0.6,0.2456068459427715,0.4614412308370527,0.5027258687129921,0.8771446389573853,0.2456068459427715
Digits,RF,Ensemble,0.35,0.0,0.0,0.6,1261,43,0.7081623690319343,0.01722199023557638,0.5249039201445629,0.01859614935850562,0.495409744408054,0.024205634999479555,0.09157400195006109,0.0679470612192972,label_noise,imbalance,0.35,0.6,0.2695803318862542,0.4528364650753741,0.4823316166690385,0.8639772903701338,0.2695803318862542
Digits,XGB,Boosting,0.35,0.0,0.0,0.6,1288,42,0.7034114559768346,0.017860365568858866,0.5205200776304237,0.036968151648746485,0.5023325167319523,0.05041655873454868,0.050588860422823664,0.0909010389969536,label_noise,imbalance,0.35,0.6,0.26672111391896647,0.449608047037347,0.46779801768828,0.8897574130080848,0.26672111391896647
Digits,XGB,Boosting,0.35,0.0,0.0,0.6,1261,43,0.6978574565531088,0.008871927544754701,0.5492944777319534,0.006779576905762156,0.5440004884548315,0.009670530795518936,0.12952058334024585,0.017856111216244534,label_noise,imbalance,0.35,0.6,0.2722751133426923,0.4208336469358174,0.4261300459654008,0.8108256900906625,0.2722751133426923
Digits,SVM,Kernel,0.35,0.0,0.0,0.6,1288,42,0.7368051156758061,0.0024802061102609835,0.5004179566563467,0.0023808834587901295,0.42701806441118595,0.0055779341909442445,0.0020234088436322725,0.026915199405694572,label_noise,imbalance,0.35,0.6,0.2439082857479018,0.48029986385251666,0.553694086840246,0.9594856527759877,0.2439082857479018
Digits,SVM,Kernel,0.35,0.0,0.0,0.6,1261,43,0.7105433214128867,0.012118967168636564,0.5018753404404327,0.004776875021549894,0.4344874125569964,0.014176989861277082,0.01612857320853817,0.029094474348169117,label_noise,imbalance,0.35,0.6,0.2701700800108212,0.47884248006843066,0.5462247386944356,0.9453804884110818,0.2701700800108212
Digits,MLP,Neural,0.35,0.0,0.0,0.6,1288,42,0.7236057068741893,0.007379850330507768,0.4981902407467308,0.0047135916785695465,0.4402591471912191,0.01213105792331215,-0.013670619341630049,0.027659245528011092,label_noise,imbalance,0.35,0.6,0.240040223178426,0.46546242685960837,0.5233855711234512,0.9410299779826742,0.240040223178426
Digits,MLP,Neural,0.35,0.0,0.0,0.6,1261,43,0.7097496706192359,0.008611713613870182,0.5107189021174314,0.014042588673786278,0.45811252468865493,0.032468739128419494,0.04403192411133998,0.05687554113044264,label_noise,imbalance,0.35,0.6,0.25389625943337946,0.45293376548890774,0.5055321936260154,0.8833274345297042,0.25389625943337946
Digits,GB,Boosting,0.35,0.0,0.0,0.6,1288,42,0.6995143727566132,0.012879149254544791,0.520765214176794,0.029836288917013627,0.5049736399284765,0.043902138668219924,0.05050442559076995,0.07751630381817513,label_noise,imbalance,0.35,0.6,0.2676500758145206,0.44639476332594097,0.4621879972285775,0.8839255270860107,0.2676500758145206
Digits,GB,Boosting,0.35,0.0,0.0,0.6,1261,43,0.6954796411318152,0.012642780287154712,0.5433963202171903,0.013409563179617971,0.5353912924004697,0.0188266942771194,0.11586006101550964,0.0329567040922643,label_noise,imbalance,0.35,0.6,0.27168480743931867,0.42376365728554466,0.4317703447565844,0.818569891661271,0.27168480743931867
Spambase,LR,Linear,0.0,0.1,0.2,0.0,4601,42,0.8921979889534061,0.00828072009830059,0.8822013207017356,0.010142750910596866,0.8859061089146406,0.009050914878856174,0.7729898929912247,0.017794560000124977,missing,feature_noise,0.1,0.2,0.0330367905081117,0.03607609557709557,0.03523500803700552,0.0700174676038603,0.0330367905081117
Spambase,LR,Linear,0.0,0.1,0.2,0.0,4601,43,0.8963274795826841,0.004027778842829393,0.8873664575624941,0.005854481675648282,0.8904836682714947,0.004501761060801616,0.782045990819811,0.008599712573218381,missing,feature_noise,0.1,0.2,0.02890729987883367,0.03091095871633709,0.03065744868015141,0.060961369775274,0.02890729987883367
Spambase,RF,Ensemble,0.0,0.1,0.2,0.0,4601,42,0.9111086720483407,0.0058082586894013825,0.8996388317834594,0.007344818787156879,0.9054162241731273,0.006400680797007491,0.813289311537558,0.012322094660450963,missing,feature_noise,0.1,0.2,0.03368684007616163,0.03777313312733854,0.03617374532617146,0.07097750393442948,0.03368684007616163
Spambase,RF,Ensemble,0.0,0.1,0.2,0.0,4601,43,0.9113248831610253,0.009225526341119245,0.9004161832127557,0.010942005329060998,0.9057613189728844,0.010033158390730811,0.8135305087768859,0.019368439861462375,missing,feature_noise,0.1,0.2,0.03347062896347697,0.036995781698042185,0.035828650526414374,0.07073630669510156,0.03347062896347697
Spambase,XGB,Boosting,0.0,0.1,0.2,0.0,4601,42,0.9150202992966058,0.00427521702241763,0.9069212939890384,0.005307714520848255,0.9102441957903065,0.0046524286262564505,0.8212858071444185,0.009063730812706132,missing,feature_noise,0.1,0.2,0.035353900140049355,0.039177684841303795,0.03757060327982431,0.0746136764201234,0.035353900140049355
Spambase,XGB,Boosting,0.0,0.1,0.2,0.0,4601,43,0.9169730444224141,0.012432972246977479,0.9090240080583752,0.013932014313403691,0.9123016177053735,0.013282019434869842,0.8253462358291811,0.026255882879741694,missing,feature_noise,0.1,0.2,0.03340115501424101,0.037074970771966975,0.03551318136475723,0.07055324773536076,0.03340115501424101
Spambase,SVM,Kernel,0.0,0.1,0.2,0.0,4601,42,0.9108910447056602,0.006669154733695803,0.9004321020465499,0.007613399954785964,0.905422565015022,0.007151415998890442,0.8126054131689001,0.014131221879920127,missing,feature_noise,0.1,0.2,0.02202347794615178,0.025857927938082614,0.023817838892216336,0.04648653212808396,0.02202347794615178
Spambase,SVM,Kernel,0.0,0.1,0.2,0.0,4601,43,0.914584336496247,0.005342345150557597,0.905413798282517,0.0064898205699669715,0.9095700160713331,0.005777880139847125,0.820360206681522,0.011206203959850105,missing,feature_noise,0.1,0.2,0.01833018615556492,0.0208762317021155,0.019670387835905245,0.038731738615462086,0.01833018615556492
Spambase,MLP,Neural,0.0,0.1,0.2,0.0,4601,42,0.9054600387102866,0.013931404962534701,0.8976745333790678,0.016673501385524075,0.900239848312623,0.015079130694138064,0.8013117816894508,0.029686525912307218,missing,feature_noise,0.1,0.2,0.03158397457080364,0.0350462435979233,0.0336383096291214,0.06670664163561735,0.03158397457080364
Spambase,MLP,Neural,0.0,0.1,0.2,0.0,4601,43,0.9130592928291554,0.009170404955537413,0.9051207372606352,0.008933167394808724,0.9082448418225268,0.009533743503717319,0.8172433928362557,0.0192459314890165,missing,feature_noise,0.1,0.2,0.023984720451934782,0.02760003971635583,0.025633316119217597,0.05077503048881249,0.023984720451934782
Spambase,GB,Boosting,0.0,0.1,0.2,0.0,4601,42,0.9161070197800123,0.004595321927983957,0.9067542169338733,0.004919976168978345,0.9111395377272862,0.004808811373115805,0.8236931933660847,0.009786991808660588,missing,feature_noise,0.1,0.2,0.03158570551857631,0.03623092711595799,0.03381765339280296,0.06658851697018708,0.03158570551857631
Spambase,GB,Boosting,0.0,0.1,0.2,0.0,4601,43,0.9176254543737903,0.00916588381703578,0.9089810614411983,0.010066521978564481,0.9128684117941296,0.00977253766301956,0.8267033677568616,0.019369555217915706,missing,feature_noise,0.1,0.2,0.03006727092479833,0.03400408260863297,0.03208877932595955,0.0635783425794102,0.03006727092479833
Bank,LR,Linear,0.0,0.1,0.2,0.0,5000,42,0.8920000000000001,0.009899494936611674,0.6148309473337786,0.02316525743409698,0.6475710262157452,0.031326249395286436,0.3388047351148634,0.06981388831652147,missing,feature_noise,0.1,0.2,0.0041333333333331,0.026808374713244376,0.02911620405944948,0.04685593199374283,0.0041333333333331
Bank,LR,Linear,0.0,0.1,0.2,0.0,5000,43,0.8950000000000001,0.006066300355241246,0.6246856578679909,0.023510079452620288,0.6590819193164215,0.028175831134648187,0.3609300293984319,0.051101212413749625,missing,feature_noise,0.1,0.2,0.0011333333333330975,0.016953664179032102,0.017605310958773268,0.024730637710174364,0.0011333333333330975
Bank,RF,Ensemble,0.0,0.1,0.2,0.0,5000,42,0.8880000000000001,0.004242640687119289,0.5532498959452526,0.015103494863400622,0.5671516440646358,0.02442560426865219,0.22952276427955387,0.05640375978695451,missing,feature_noise,0.1,0.2,0.007933333333333237,0.050215046477787184,0.07028880653697367,0.11330254415120183,0.007933333333333237
Bank,RF,Ensemble,0.0,0.1,0.2,0.0,5000,43,0.8878,0.0019390719429665333,0.5516537445189768,0.010492121260148346,0.564546263919393,0.016844632038041697,0.22820258539775878,0.026311434177979525,missing,feature_noise,0.1,0.2,0.008133333333333326,0.05181119790406308,0.07289418668221648,0.11462272303299692,0.008133333333333326
Bank,XGB,Boosting,0.0,0.1,0.2,0.0,5000,42,0.8859999999999999,0.008579044235810894,0.5988287791232298,0.022596696561345567,0.6260295850364983,0.03037913730434182,0.2929747219255662,0.06480807543969755,missing,feature_noise,0.1,0.2,0.009733333333333372,0.06556901007637139,0.0692478907774765,0.1160665323858075,0.009733333333333372
Bank,XGB,Boosting,0.0,0.1,0.2,0.0,5000,43,0.8868,0.004707440918375932,0.6029890331136084,0.018799963389671503,0.6305588769791606,0.0216708594661372,0.3018707005908686,0.037916887398225255,missing,feature_noise,0.1,0.2,0.008933333333333238,0.06140875608599283,0.06471859883481423,0.10717055372050505,0.008933333333333238
Bank,SVM,Kernel,0.0,0.1,0.2,0.0,5000,42,0.8886,0.001200000000000001,0.574350262798734,0.012508676271329455,0.5973755565961011,0.01696964396774426,0.26782094283307606,0.022459082058660484,missing,feature_noise,0.1,0.2,0.0016000000000000458,0.014004962362833107,0.018751852904151156,0.028253036867306514,0.0016000000000000458
Bank,SVM,Kernel,0.0,0.1,0.2,0.0,5000,43,0.885,0.005621387729022083,0.5671216037014452,0.019549173436170134,0.5863406213237782,0.027385139932199144,0.2379228073269403,0.054601976964916296,missing,feature_noise,0.1,0.2,0.005199999999999982,0.021233621460121976,0.029786788176474066,0.05815117237344228,0.005199999999999982
Bank,MLP,Neural,0.0,0.1,0.2,0.0,5000,42,0.8882,0.0067349832961931,0.597108729951312,0.011603169636350823,0.6255911339354976,0.015777427170739523,0.30183843982865133,0.03716800365406779,missing,feature_noise,0.1,0.2,0.0028000000000000247,0.02209896977733894,0.021095551046758643,0.032336596015613506,0.0028000000000000247
Bank,MLP,Neural,0.0,0.1,0.2,0.0,5000,43,0.889,0.007615773105863914,0.6064591379427167,0.025637567494653735,0.6345634850764499,0.02956786372365488,0.31842959618829064,0.04796228920961168,missing,feature_noise,0.1,0.2,0.0020000000000000018,0.01274856178593431,0.012123199905806348,0.01574543965597419,0.0020000000000000018
Bank,GB,Boosting,0.0,0.1,0.2,0.0,5000,42,0.8864000000000001,0.006887670143089031,0.61759154397886,0.016169990102902616,0.6459815613473263,0.01963215612789352,0.32140241914683076,0.040627094397015964,missing,feature_noise,0.1,0.2,0.007999999999999896,0.04827559504796197,0.048997897732598106,0.084593560491732,0.007999999999999896
Bank,GB,Boosting,0.0,0.1,0.2,0.0,5000,43,0.8868,0.006794115100585217,0.6200423962598368,0.02436512149428936,0.6479587716088646,0.027886829092490344,0.3245143993132132,0.05289741757200065,missing,feature_noise,0.1,0.2,0.00759999999999994,0.045824742766985116,0.04702068747105981,0.08148158032534958,0.00759999999999994
Wine,LR,Linear,0.0,0.1,0.2,0.0,178,42,0.9609523809523809,0.028267341226138717,0.9620634920634921,0.032016309776592915,0.9622064772621108,0.02815744331481321,0.9434770951383452,0.04056631940674863,missing,feature_noise,0.1,0.2,0.02417989417989408,0.023721340388007106,0.022666009717489666,0.034641139169033885,0.02417989417989408
Wine,LR,Linear,0.0,0.1,0.2,0.0,178,43,0.9776190476190477,0.020831783767013237,0.9782539682539684,0.02116296293650658,0.9782215163651813,0.02044868941532071,0.9667181206913321,0.03114374933075952,missing,feature_noise,0.1,0.2,0.00751322751322725,0.0075308641975307955,0.006650970614419216,0.01140011361604698,0.00751322751322725
Wine,RF,Ensemble,0.0,0.1,0.2,0.0,178,42,0.9550793650793651,0.0136876578649588,0.957907647907648,0.012809887196250234,0.9563156134984092,0.013404365497724889,0.9329814976301272,0.020714260011694095,missing,feature_noise,0.1,0.2,0.028095238095238173,0.027542087542087423,0.027415133121226343,0.04209613831066916,0.028095238095238173
Wine,RF,Ensemble,0.0,0.1,0.2,0.0,178,43,0.9493650793650794,0.05168952021810544,0.9513227513227512,0.050821200641526426,0.9522152306977543,0.04813977865581732,0.9237116103103368,0.07824106352526475,missing,feature_noise,0.1,0.2,0.033809523809523845,0.03412698412698423,0.03151551592188129,0.051366025630459555,0.033809523809523845
Wine,XGB,Boosting,0.0,0.1,0.2,0.0,178,42,0.9606349206349206,0.013879588722983607,0.9626695526695528,0.014218331911097108,0.962640514068924,0.012945001084215917,0.9410541066647579,0.021441027407071322,missing,feature_noise,0.1,0.2,-0.0036507936507936822,-0.003719737053070382,-0.0054994224656971236,-0.005008953852927656,-0.0036507936507936822
Wine,XGB,Boosting,0.0,0.1,0.2,0.0,178,43,0.9269841269841269,0.051875871771551486,0.9306878306878307,0.05039970689869508,0.9293141337664093,0.049316650619766755,0.8903936679251763,0.07807902246688513,missing,feature_noise,0.1,0.2,0.030000000000000027,0.02826198492865173,0.027826957836817656,0.04565148488665394,0.030000000000000027
Wine,SVM,Kernel,0.0,0.1,0.2,0.0,178,42,0.961111111111111,0.03767961101736262,0.9612698412698413,0.039169380424150094,0.9619690603580271,0.03730571141515578,0.9428803244372045,0.05534894300316249,missing,feature_noise,0.1,0.2,0.02206349206349212,0.020713484046817388,0.020863019362738267,0.03214880709364443,0.02206349206349212
Wine,SVM,Kernel,0.0,0.1,0.2,0.0,178,43,0.9830158730158731,0.022779851683695552,0.9803703703703703,0.026020989733704165,0.9829278136989297,0.022619346549102668,0.9749156442419908,0.03362216862274422,missing,feature_noise,0.1,0.2,0.00015873015873002494,0.0016129549462883253,-9.573397816431406e-05,0.0001134872888580718,0.00015873015873002494
Wine,MLP,Neural,0.0,0.1,0.2,0.0,178,42,0.7755555555555556,0.12241316768664579,0.796984126984127,0.10566398536385535,0.760416994158023,0.14936011234458985,0.6914889673304879,0.15429714103422948,missing,feature_noise,0.1,0.2,0.14391534391534389,0.12676286676286685,0.1605936607855568,0.19150333689285703,0.14391534391534389
Wine,MLP,Neural,0.0,0.1,0.2,0.0,178,43,0.8934920634920636,0.05348146473116529,0.8970610870610871,0.04976367003792664,0.8964129946735273,0.052811287729028024,0.8414728596407753,0.0781155205916385,missing,feature_noise,0.1,0.2,0.02597883597883588,0.026685906685906757,0.0245976602700525,0.04151944458256962,0.02597883597883588
Wine,GB,Boosting,0.0,0.1,0.2,0.0,178,42,0.8928571428571429,0.03404382633258289,0.89014911014911,0.0402073408961661,0.8935446660421572,0.03226338561430674,0.845584554412218,0.04635700256918189,missing,feature_noise,0.1,0.2,0.037936507936507935,0.03873657206990555,0.038413498534063395,0.05304312801385491,0.037936507936507935
Wine,GB,Boosting,0.0,0.1,0.2,0.0,178,43,0.9269841269841269,0.04553923716358419,0.9287830687830688,0.047224230390214346,0.9290798442534959,0.04282408853035168,0.8907463394042419,0.06941798828157526,missing,feature_noise,0.1,0.2,0.003809523809523929,0.00010261343594675232,0.0028783203227247256,0.007881343021831078,0.003809523809523929
BreastCancer,LR,Linear,0.0,0.1,0.2,0.0,569,42,0.9613414066138798,0.008922121107402356,0.9539752728255839,0.014967634415168952,0.9581240368956472,0.010058820309612419,0.9181118694998955,0.019763765442647314,missing,feature_noise,0.1,0.2,0.014081664337835864,0.01692777249197175,0.015326208476463155,0.029857930184077897,0.014081664337835864
BreastCancer,LR,Linear,0.0,0.1,0.2,0.0,569,43,0.9683744760130415,0.006983145362409786,0.962321344085183,0.009509658907083506,0.965863020269525,0.007760303025234777,0.9322797438282778,0.014981161162061128,missing,feature_noise,0.1,0.2,0.0070485949386741575,0.008581701232372674,0.00758722510258536,0.015690055855695606,0.0070485949386741575
BreastCancer,RF,Ensemble,0.0,0.1,0.2,0.0,569,42,0.9473373699736065,0.01834095270468499,0.944581052204701,0.020907034046903035,0.9437315653891579,0.01953893845347395,0.8893819855188131,0.03815393936547569,missing,feature_noise,0.1,0.2,0.014014386999948392,0.012905793936747179,0.014786885423891283,0.029316378601108584,0.014014386999948392
BreastCancer,RF,Ensemble,0.0,0.1,0.2,0.0,569,43,0.9490607048594939,0.01013419408752229,0.9460644357098665,0.014387615397266526,0.9454758943232966,0.011174947015065143,0.8917181730318854,0.023114560447659718,missing,feature_noise,0.1,0.2,0.012291052114061007,0.011422410431581653,0.01304255648975261,0.026980191088036287,0.012291052114061007
BreastCancer,XGB,Boosting,0.0,0.1,0.2,0.0,569,42,0.9560937742586555,0.011022214603414312,0.9535487472639452,0.0120427917073387,0.9531019908729153,0.011470047583363957,0.9074397015841438,0.02253290436095297,missing,feature_noise,0.1,0.2,0.011105935931273514,0.008850670777464265,0.011543808689705837,0.02318100640549403,0.011105935931273514
BreastCancer,XGB,Boosting,0.0,0.1,0.2,0.0,569,43,0.9560937742586555,0.01835592881701724,0.9516233057258278,0.021349354132402316,0.9528125396286841,0.01996591009546068,0.9059990480574266,0.03990390689737509,missing,feature_noise,0.1,0.2,0.011105935931273514,0.010776112315581732,0.011833259933937024,0.024621659932211215,0.011105935931273514
BreastCancer,SVM,Kernel,0.0,0.1,0.2,0.0,569,42,0.9613414066138798,0.004248157574470418,0.9548370325311039,0.003662181847619462,0.9583458065649758,0.004119725149892561,0.9183017023534197,0.008877998374588723,missing,feature_noise,0.1,0.2,0.01407131397816086,0.01725846032265954,0.015225842214285912,0.029400656857919816,0.01407131397816086
BreastCancer,SVM,Kernel,0.0,0.1,0.2,0.0,569,43,0.9683744760130415,0.006983145362409786,0.9633134075772464,0.008497068324277,0.9659420443941553,0.007660900539381421,0.9324394043552005,0.015481449560086935,missing,feature_noise,0.1,0.2,0.007038244578999153,0.008782085276517027,0.007629604385106403,0.015262954856139044,0.007038244578999153
BreastCancer,MLP,Neural,0.0,0.1,0.2,0.0,569,42,0.935010091600683,0.011761700338048098,0.9234003504229511,0.017891390333403135,0.9292648075805389,0.01325578934871898,0.8613732585852476,0.02510467216617872,missing,feature_noise,0.1,0.2,0.01169073125291098,0.014618243483294324,0.012915650863368877,0.02448663606996493,0.01169073125291098
BreastCancer,MLP,Neural,0.0,0.1,0.2,0.0,569,43,0.9419810588417947,0.015395793835615785,0.9316748033420159,0.01813288408203555,0.9370167071762843,0.017066973125982206,0.8757023508495507,0.03339295900899244,missing,feature_noise,0.1,0.2,0.004719764011799299,0.006343790564229512,0.005163751267623473,0.010157543805661806,0.004719764011799299
BreastCancer,GB,Boosting,0.0,0.1,0.2,0.0,569,42,0.9508306163639186,0.015225053650753124,0.9493071477963386,0.018302333831045146,0.9475341571174669,0.01648603864271408,0.8958506335387686,0.03274599856142207,missing,feature_noise,0.1,0.2,0.005237281995549403,0.0017090484335817724,0.0052202186033036835,0.010760457579821803,0.005237281995549403
BreastCancer,GB,Boosting,0.0,0.1,0.2,0.0,569,43,0.9473218444340941,0.01747410335147526,0.9408962820852764,0.020627105032262363,0.9432293491106402,0.01897357315902476,0.8878478599880791,0.037964676420856575,missing,feature_noise,0.1,0.2,0.008746053925373976,0.010119914144643971,0.009525026610130438,0.01876323113051126,0.008746053925373976
Digits,LR,Linear,0.0,0.1,0.2,0.0,1797,42,0.8536289074589911,0.01878700571975202,0.8536332568563502,0.018789648277054004,0.8535547589613138,0.018793579852666845,0.7079749575509362,0.03759367361905826,missing,feature_noise,0.1,0.2,0.03915506035283178,0.0391716651062618,0.039215649657934004,0.07787496216287093,0.03915506035283178
Digits,LR,Linear,0.0,0.1,0.2,0.0,1797,43,0.8658681522748374,0.015137695035552415,0.8658589942762294,0.015126198400174108,0.8658439132121594,0.015143340294348998,0.7319468849763003,0.030187851814914162,missing,feature_noise,0.1,0.2,0.02691581553698552,0.026945927686382598,0.02692649540708847,0.053903034737506794,0.02691581553698552
Digits,RF,Ensemble,0.0,0.1,0.2,0.0,1797,42,0.9404611575363665,0.0073435848547953805,0.940458896193641,0.007340141799488196,0.940454204498336,0.0073421637033889205,0.8811098380168213,0.014731348332556743,missing,feature_noise,0.1,0.2,0.03728154338182199,0.03728148902629602,0.037287156578756475,0.07444145430337357,0.03728154338182199
Digits,RF,Ensemble,0.0,0.1,0.2,0.0,1797,43,0.9421154441349427,0.011103116366425855,0.9420977327832478,0.011120482814207203,0.9421031503216298,0.01111280554898303,0.8844796143605006,0.02208294540809033,missing,feature_noise,0.1,0.2,0.03562725678324574,0.03564265243668918,0.035638210755462696,0.07107167795969427,0.03562725678324574
Digits,XGB,Boosting,0.0,0.1,0.2,0.0,1797,42,0.9432435778396779,0.0047927500336445,0.9432429155906732,0.004784108782851921,0.9432399908095759,0.004790589137771132,0.8865854903235844,0.009626774431750355,missing,feature_noise,0.1,0.2,0.026888992056123162,0.02688520907709757,0.02689054361065646,0.05376078310732402,0.026888992056123162
Digits,XGB,Boosting,0.0,0.1,0.2,0.0,1797,43,0.939890126895698,0.012317588003820075,0.9398786142233471,0.012334390392802699,0.9398702486623025,0.012326398262103716,0.880258724457258,0.024518111151727966,missing,feature_noise,0.1,0.2,0.030242443000103147,0.0302495104444237,0.030260285757929828,0.06008754897365043,0.030242443000103147
Digits,SVM,Kernel,0.0,0.1,0.2,0.0,1797,42,0.9660569483132158,0.01236395326147572,0.9660582116731998,0.012367099260718514,0.9660545367991942,0.012365598765387458,0.9322130329307731,0.024686707908192745,missing,feature_noise,0.1,0.2,0.01465645311049213,0.014659608835663529,0.014657614452237788,0.029296028688846953,0.01465645311049213
Digits,SVM,Kernel,0.0,0.1,0.2,0.0,1797,43,0.9682729805013928,0.012535637183804424,0.9682680192461358,0.012567596218832907,0.9682670312123,0.012541926759398952,0.9367576412961762,0.024948491900519718,missing,feature_noise,0.1,0.2,0.01244042092231512,0.012449801262727545,0.012445120039132007,0.024751420323443796,0.01244042092231512
Digits,MLP,Neural,0.0,0.1,0.2,0.0,1797,42,0.9521510368307027,0.009501954293236647,0.9521690484274206,0.009499782005378302,0.9521503826485953,0.009502028693262278,0.9043773290126872,0.019003084668841555,missing,feature_noise,0.1,0.2,0.011494893221912661,0.011483619178918603,0.01149433566607505,0.022982029628356937,0.011494893221912661
Digits,MLP,Neural,0.0,0.1,0.2,0.0,1797,43,0.9510213556174559,0.01396231439414893,0.9510301415338607,0.013976432770785804,0.9510185133459428,0.013965792081581406,0.9021367020774183,0.027894341498031435,missing,feature_noise,0.1,0.2,0.012624574435159408,0.01262252607247849,0.012626204968727572,0.025222656563625878,0.012624574435159408
Digits,GB,Boosting,0.0,0.1,0.2,0.0,1797,42,0.9343345713401424,0.011495904849628548,0.9343323010655336,0.011492663118452503,0.9343303693347081,0.01149345517496406,0.8687716959666997,0.023064436557960755,missing,feature_noise,0.1,0.2,0.0328298772309914,0.032827676437201414,0.03283126782234591,0.06565825671008096,0.0328298772309914
Digits,GB,Boosting,0.0,0.1,0.2,0.0,1797,43,0.9415567935623645,0.009709200112330738,0.941545315184625,0.009734979237318298,0.9415422404002125,0.009719609305799947,0.8834479463088295,0.019278187374538288,missing,feature_noise,0.1,0.2,0.02560765500876927,0.025614662318109938,0.02561939675684155,0.05098200636795114,0.02560765500876927
Spambase,LR,Linear,0.0,0.1,0.45,0.0,4601,42,0.8641615918425153,0.008613880717922384,0.8516394161833547,0.010836687121176417,0.8558293890374417,0.009681039269347302,0.713398572250511,0.018530359987545954,missing,feature_noise,0.1,0.45,0.06107318761900249,0.06663800009547649,0.06531172791420448,0.129608788344574,0.06107318761900249
Spambase,LR,Linear,0.0,0.1,0.45,0.0,4601,43,0.8659000141623,0.003060780204759342,0.8545448542629972,0.006076714025234737,0.8580111710807191,0.003973415455617098,0.7176600009654447,0.006870073199741901,missing,feature_noise,0.1,0.45,0.05933476529921777,0.063732562015834,0.06312994587092702,0.12534735962964028,0.05933476529921777
Spambase,RF,Ensemble,0.0,0.1,0.45,0.0,4601,42,0.8789423122315064,0.007621443787260622,0.8608504715267695,0.009035637704613849,0.8695551678130202,0.008498257578381746,0.7455890470787521,0.01636872187732756,missing,feature_noise,0.1,0.45,0.06585319989299587,0.0765614933840284,0.07203480168627852,0.13867776839323542,0.06585319989299587
Spambase,RF,Ensemble,0.0,0.1,0.45,0.0,4601,43,0.8789390076948497,0.00683220839758897,0.8626038030480583,0.008882633622996818,0.8701202724052297,0.007792188462732795,0.7451024292276502,0.014272002774072626,missing,feature_noise,0.1,0.45,0.06585650442965263,0.07480816186273964,0.07146969709406903,0.13916438624433725,0.06585650442965263
Spambase,XGB,Boosting,0.0,0.1,0.45,0.0,4601,42,0.8865505358070151,0.011832871292169157,0.8741714413450057,0.014161481422165199,0.8793236825603312,0.01310922082491792,0.760801175221004,0.02517713455288054,missing,feature_noise,0.1,0.45,0.06382366362963998,0.07192753748533653,0.06849111650979955,0.13509830834353787,0.06382366362963998
Spambase,XGB,Boosting,0.0,0.1,0.45,0.0,4601,43,0.8882849454751451,0.007639487553869089,0.8755172894080264,0.007250119871229856,0.8811083385990528,0.00786771273511534,0.7646393001046845,0.016223181754930753,missing,feature_noise,0.1,0.45,0.062089253961509994,0.0705816894223158,0.06670646047107798,0.13126018345985735,0.062089253961509994
Spambase,SVM,Kernel,0.0,0.1,0.45,0.0,4601,42,0.8843756786102063,0.006739844121321081,0.8708307431727791,0.008625544894683722,0.8767252985828797,0.007610401484520896,0.756349909762039,0.014391510861412115,missing,feature_noise,0.1,0.45,0.04853884404160569,0.055459286811853414,0.05251510532435866,0.1027420355349451,0.04853884404160569
Spambase,SVM,Kernel,0.0,0.1,0.45,0.0,4601,43,0.888719492045508,0.008356379766201426,0.877810553440878,0.00930824637051997,0.882035922001436,0.008865481118267548,0.7657908155135484,0.01758510522161347,missing,feature_noise,0.1,0.45,0.04419503060630392,0.04847947654375451,0.0472044819058024,0.09330112978343563,0.04419503060630392
Spambase,MLP,Neural,0.0,0.1,0.45,0.0,4601,42,0.8687256290421563,0.006754983652605941,0.857729419748155,0.008381453091621955,0.8611153308049364,0.007560038679947336,0.7232255971135071,0.014643771929406453,missing,feature_noise,0.1,0.45,0.06831838423893388,0.0749913572288361,0.07276282713680804,0.1447928262115611,0.06831838423893388
Spambase,MLP,Neural,0.0,0.1,0.45,0.0,4601,43,0.8693763867252043,0.007996389811033846,0.8566407550140583,0.009675205773055945,0.8612094114346661,0.00875431087273674,0.7247609527260245,0.016999245415909817,missing,feature_noise,0.1,0.45,0.06766762655588587,0.07608002196293273,0.07266874650707833,0.1432574705990437,0.06766762655588587
Spambase,GB,Boosting,0.0,0.1,0.45,0.0,4601,42,0.8817667469196998,0.010724350889399987,0.8684861730815963,0.0136149256072084,0.8740117646188537,0.012072578807142761,0.7507749366709755,0.022750739403011134,missing,feature_noise,0.1,0.45,0.0659259783788888,0.07449897096823499,0.07094542650123548,0.1395067736652963,0.0659259783788888
Spambase,GB,Boosting,0.0,0.1,0.45,0.0,4601,43,0.88306779020913,0.006598083715644852,0.8686080103086736,0.007088110623325988,0.875107877889198,0.007069718275150048,0.7535779861232077,0.014033222831762296,missing,feature_noise,0.1,0.45,0.06462493508945866,0.07437713374115762,0.06984931323089116,0.1367037242130641,0.06462493508945866
Bank,LR,Linear,0.0,0.1,0.45,0.0,5000,42,0.8918000000000001,0.007277362159464108,0.6058202901917511,0.022811217650405825,0.6372530612608844,0.029009608905592982,0.3253993980706595,0.059164958086966965,missing,feature_noise,0.1,0.45,0.004333333333333078,0.03581903185527191,0.039434169014310294,0.06026126903794676,0.004333333333333078
Bank,LR,Linear,0.0,0.1,0.45,0.0,5000,43,0.8924000000000001,0.006560487786742696,0.6135745467568798,0.023235255665529968,0.6458889625834804,0.028652898804764886,0.33662234065394125,0.054599019208869524,missing,feature_noise,0.1,0.45,0.003733333333333144,0.028064775290143174,0.030798267691714343,0.04903832645466499,0.003733333333333144
Bank,RF,Ensemble,0.0,0.1,0.45,0.0,5000,42,0.8886,0.0018547236990991425,0.5528481962230547,0.005318202794443425,0.5669966681415873,0.008467334876865937,0.23583204254425888,0.020859846348135185,missing,feature_noise,0.1,0.45,0.007333333333333414,0.05061674619998513,0.07044378246002214,0.10699326588649682,0.007333333333333414
Bank,RF,Ensemble,0.0,0.1,0.45,0.0,5000,43,0.8866000000000002,0.003929376540877704,0.5465255393907714,0.014349331368044907,0.5563588187546731,0.023363318829045264,0.20924616278471375,0.049930032374185154,missing,feature_noise,0.1,0.45,0.009333333333333194,0.05693940303226841,0.0810816318469364,0.13357914564604195,0.009333333333333194
Bank,XGB,Boosting,0.0,0.1,0.45,0.0,5000,42,0.8864000000000001,0.005003998401278726,0.5901578728305795,0.008700223856734038,0.6166375288737239,0.011073368031446013,0.2838376571109412,0.029047260188954795,missing,feature_noise,0.1,0.45,0.009333333333333194,0.07423991636902172,0.0786399469402509,0.12520359720043245,0.009333333333333194
Bank,XGB,Boosting,0.0,0.1,0.45,0.0,5000,43,0.8842000000000001,0.006615134163416496,0.5859463174298962,0.025519639296938915,0.6093678331945105,0.032244706807790915,0.26500564631946255,0.059631789155886385,missing,feature_noise,0.1,0.45,0.011533333333333173,0.07845147176970502,0.08590964261946432,0.14403560799191112,0.011533333333333173
Bank,SVM,Kernel,0.0,0.1,0.45,0.0,5000,42,0.8886000000000001,0.0023323807579381226,0.5684186582261328,0.006074260428928326,0.5898963894024254,0.00884076162637754,0.25993394956213073,0.018485375287161283,missing,feature_noise,0.1,0.45,0.0015999999999999348,0.01993656693543433,0.02623102009782685,0.036140030138251844,0.0015999999999999348
Bank,SVM,Kernel,0.0,0.1,0.45,0.0,5000,43,0.8846,0.004079215610874231,0.5550318939899913,0.012845771560192579,0.5695067020637367,0.0191132325052953,0.2155516555471932,0.04034892773293193,missing,feature_noise,0.1,0.45,0.005599999999999938,0.03332333117157582,0.046620707436515585,0.08052232415318938,0.005599999999999938
Bank,MLP,Neural,0.0,0.1,0.45,0.0,5000,42,0.8872,0.005810335618533585,0.588386522248357,0.01663536539252735,0.6141643182373338,0.02119788040103654,0.2847968118836978,0.039598613567527204,missing,feature_noise,0.1,0.45,0.0038000000000000256,0.030821177480294004,0.03252236674492248,0.049378223960567014,0.0038000000000000256
Bank,MLP,Neural,0.0,0.1,0.45,0.0,5000,43,0.8878,0.005192301994298872,0.5805703168104074,0.02376104099621853,0.6029497010202433,0.0321161498936906,0.2759928665554603,0.03743721706263003,missing,feature_noise,0.1,0.45,0.0031999999999999806,0.03863738291824359,0.043736983962012976,0.05818216928880454,0.0031999999999999806
Bank,GB,Boosting,0.0,0.1,0.45,0.0,5000,42,0.8854000000000001,0.004800000000000004,0.6118351385622054,0.009491479117715279,0.6396943534215209,0.012629747016444029,0.3100468090327596,0.028266160067445,missing,feature_noise,0.1,0.45,0.008999999999999897,0.054032000464616536,0.0552851056584035,0.09594917060580316,0.008999999999999897
Bank,GB,Boosting,0.0,0.1,0.45,0.0,5000,43,0.8842000000000001,0.005635601121442153,0.6111556368634512,0.010090060925225281,0.6380273054314202,0.011891747350871498,0.3057721558773896,0.02538096598968776,missing,feature_noise,0.1,0.45,0.010199999999999876,0.05471150216337073,0.056952153648504256,0.10022382376117317,0.010199999999999876
Wine,LR,Linear,0.0,0.1,0.45,0.0,178,42,0.9215873015873015,0.020111806404838672,0.9205002405002405,0.018508999758722836,0.9234540800711845,0.021320469130527823,0.8840561753007922,0.02887781785579359,missing,feature_noise,0.1,0.45,0.06354497354497346,0.06528459195125869,0.061418406908416046,0.09406205900658693,0.06354497354497346
Wine,LR,Linear,0.0,0.1,0.45,0.0,178,43,0.9384126984126985,0.03218192804695441,0.9428282828282828,0.028977847530619955,0.9417775589603548,0.030875148832052102,0.9082260391619886,0.0474051753696169,missing,feature_noise,0.1,0.45,0.046719576719576494,0.04295654962321638,0.04309492801924575,0.06989219514539047,0.046719576719576494
Wine,RF,Ensemble,0.0,0.1,0.45,0.0,178,42,0.9380952380952381,0.021230715020155822,0.9385954785954788,0.023974114932218068,0.9397146725701709,0.0203849329509372,0.9062409252489753,0.032779683627036225,missing,feature_noise,0.1,0.45,0.04507936507936516,0.046854256854256704,0.044016074049464615,0.06883671069182107,0.04507936507936516
Wine,RF,Ensemble,0.0,0.1,0.45,0.0,178,43,0.9326984126984126,0.05447335989982175,0.9356854256854257,0.05414582142379434,0.9369682549603828,0.050841686073382776,0.898860008481104,0.08257453921048466,missing,feature_noise,0.1,0.45,0.050476190476190674,0.04976430976430979,0.046762491659252725,0.0762176274596923,0.050476190476190674
Wine,XGB,Boosting,0.0,0.1,0.45,0.0,178,42,0.9271428571428573,0.02175471961779279,0.9262914862914864,0.02419968058886104,0.9280687581446806,0.022118700753397877,0.8920849435417922,0.03303367956258275,missing,feature_noise,0.1,0.45,0.02984126984126967,0.032658329324996016,0.029072333458546318,0.043960209270037964,0.02984126984126967
Wine,XGB,Boosting,0.0,0.1,0.45,0.0,178,43,0.9106349206349206,0.05348900184352081,0.9141269841269842,0.05351913967841192,0.9129728471882131,0.051403517131048515,0.8651171911653698,0.08078713198429714,missing,feature_noise,0.1,0.45,0.04634920634920636,0.04482283148949817,0.04416824441501377,0.07092796164646042,0.04634920634920636
Wine,SVM,Kernel,0.0,0.1,0.45,0.0,178,42,0.9217460317460316,0.03193436200938317,0.9250505050505051,0.03278597721221876,0.9257176312337603,0.03187540683537632,0.8863161711302778,0.045315426879484484,missing,feature_noise,0.1,0.45,0.0614285714285715,0.05693282026615354,0.05711444848700509,0.08871296040057108,0.0614285714285715
Wine,SVM,Kernel,0.0,0.1,0.45,0.0,178,43,0.966031746031746,0.02806158867351118,0.9631986531986533,0.030340343656530742,0.967236047795818,0.02687681583124325,0.95016433749483,0.040531087885717645,missing,feature_noise,0.1,0.45,0.017142857142857126,0.018784672118005385,0.015596031924947407,0.024864794036018933,0.017142857142857126
Wine,MLP,Neural,0.0,0.1,0.45,0.0,178,42,0.8146031746031748,0.06870394309224379,0.8225108225108224,0.06273165601881081,0.8165613228607065,0.07246233952736833,0.7324039437080029,0.09014180291457947,missing,feature_noise,0.1,0.45,0.10486772486772467,0.10123617123617146,0.10444933208287333,0.15058836051534208,0.10486772486772467
Wine,MLP,Neural,0.0,0.1,0.45,0.0,178,43,0.8428571428571429,0.06196578189188295,0.8483309283309282,0.05896892797125501,0.8444199791195768,0.06274098728875195,0.768054880372639,0.08830903752494793,missing,feature_noise,0.1,0.45,0.07661375661375658,0.07541606541606571,0.07659067582400303,0.11493742385070593,0.07661375661375658
Wine,GB,Boosting,0.0,0.1,0.45,0.0,178,42,0.8647619047619047,0.029549400071670034,0.8666378066378065,0.03295711049316331,0.8673139541617803,0.028511045424431804,0.7961396049937829,0.046703786393703504,missing,feature_noise,0.1,0.45,0.06603174603174611,0.06224787558120903,0.06464421041444035,0.10248807743229005,0.06603174603174611
Wine,GB,Boosting,0.0,0.1,0.45,0.0,178,43,0.876825396825397,0.061775200194192,0.8738047138047138,0.06522976860718252,0.8770215313050524,0.06459587182089199,0.8138201383444594,0.09347958739989928,missing,feature_noise,0.1,0.45,0.05396825396825389,0.05508096841430177,0.054936633271168156,0.0848075440816135,0.05396825396825389
BreastCancer,LR,Linear,0.0,0.1,0.45,0.0,569,42,0.9455364073901569,0.017846241306343897,0.9413025309479617,0.017338976361536154,0.9417459220207324,0.01887412569548096,0.8844666885970058,0.03797976685403264,missing,feature_noise,0.1,0.45,0.02988666356155878,0.02960051436959399,0.03170432335137796,0.0635031110869676,0.02988666356155878
BreastCancer,LR,Linear,0.0,0.1,0.45,0.0,569,43,0.9543083372147182,0.010217598065274041,0.948175357051872,0.0135280376788132,0.950733258746838,0.011468382335728885,0.902079254336555,0.02251541269967466,missing,feature_noise,0.1,0.45,0.02111473373699746,0.02272768826568372,0.02271698662527233,0.04589054534741843,0.02111473373699746
BreastCancer,RF,Ensemble,0.0,0.1,0.45,0.0,569,42,0.9297469337059463,0.013439145909537,0.9248667716895689,0.018684013653566894,0.9246962297030347,0.014782132020262878,0.8513562402303911,0.02866584160349576,missing,feature_noise,0.1,0.45,0.031604823267608606,0.03262007445187931,0.03382222111001454,0.06734212388953054,0.031604823267608606
BreastCancer,RF,Ensemble,0.0,0.1,0.45,0.0,569,43,0.9402732494954199,0.020248636954672744,0.9321201758353739,0.027442198119135307,0.9352245421462312,0.02293442364431126,0.8722675396134782,0.04471410627906437,missing,feature_noise,0.1,0.45,0.021078507478135,0.025366670306074313,0.02329390866681802,0.046430824506443424,0.021078507478135
BreastCancer,XGB,Boosting,0.0,0.1,0.45,0.0,569,42,0.9279925477410339,0.01688152388748131,0.9224500101383495,0.017612047388293812,0.9228760279822257,0.017961430380413153,0.847390704554344,0.03509253724311264,missing,feature_noise,0.1,0.45,0.039207162448895105,0.03994940790306001,0.04176977158039541,0.08323000343529385,0.039207162448895105
BreastCancer,XGB,Boosting,0.0,0.1,0.45,0.0,569,43,0.9385343890700202,0.01831154293348484,0.9319643961962992,0.02494597194832194,0.9336711927954224,0.020276089671192835,0.869202128423947,0.04070889519845162,missing,feature_noise,0.1,0.45,0.028665321119908826,0.030435021845110266,0.030974606767198654,0.061418579565690856,0.028665321119908826
BreastCancer,SVM,Kernel,0.0,0.1,0.45,0.0,569,42,0.9473063188945815,0.010997781966283537,0.9379005297937496,0.008383824310647551,0.9430533361784061,0.011356047213245278,0.887938029188611,0.024028551487178692,missing,feature_noise,0.1,0.45,0.02810640169745915,0.034194963060013794,0.03051831260085558,0.05976433002272852,0.02810640169745915
BreastCancer,SVM,Kernel,0.0,0.1,0.45,0.0,569,43,0.9543083372147182,0.008580245281149,0.948286099023079,0.010227203182769241,0.9508081752767202,0.009340357201452659,0.902705303602495,0.018977301269585085,missing,feature_noise,0.1,0.45,0.021104383377322455,0.023809393830684367,0.022763473502541487,0.04499705560884448,0.021104383377322455
BreastCancer,MLP,Neural,0.0,0.1,0.45,0.0,569,42,0.92094395280236,0.01225265112509956,0.9103376070375744,0.019493560581786366,0.9143100374649509,0.013957886303967201,0.8312506733321288,0.027031183344648754,missing,feature_noise,0.1,0.45,0.02575687005123406,0.027680986868671043,0.027870420978956867,0.05460922132308377,0.02575687005123406
BreastCancer,MLP,Neural,0.0,0.1,0.45,0.0,569,43,0.9455519329296692,0.020995994801690374,0.9345112665658031,0.026036149329367757,0.9406083176711986,0.02362121741992491,0.8834397041255315,0.04586218020407016,missing,feature_noise,0.1,0.45,0.0011488899239248118,0.0035073273404423455,0.001572140772709174,0.00242019052968101,0.0011488899239248118
BreastCancer,GB,Boosting,0.0,0.1,0.45,0.0,569,42,0.9350411426797083,0.022524203167531225,0.9270721876478509,0.028632526747947626,0.9297145132229906,0.02530328082981437,0.8616883068179343,0.04823031928789822,missing,feature_noise,0.1,0.45,0.021026755679759757,0.023944008582069465,0.023039862497780006,0.044922784300656105,0.021026755679759757
BreastCancer,GB,Boosting,0.0,0.1,0.45,0.0,569,43,0.9402887750349324,0.01691994636787325,0.9313887199163975,0.022570970575382727,0.9352825348923254,0.0187597620656395,0.8728483353484492,0.03731942638682421,missing,feature_noise,0.1,0.45,0.015779123324535682,0.019627476313522907,0.017471840828445218,0.033762755770141206,0.015779123324535682
Digits,LR,Linear,0.0,0.1,0.45,0.0,1797,42,0.8096549056019807,0.023072654631854893,0.809648085846271,0.02311539392135122,0.8095289626584569,0.023136531403619987,0.6200409742010191,0.04603730710758898,missing,feature_noise,0.1,0.45,0.08312906220984217,0.08315683611634095,0.08324144596079097,0.16580894551278802,0.08312906220984217
Digits,LR,Linear,0.0,0.1,0.45,0.0,1797,43,0.8336041473228102,0.008284809066959392,0.8336271181209296,0.008256353559951819,0.8335439367057326,0.008287400885892464,0.6677570244890061,0.01652329941069469,missing,feature_noise,0.1,0.45,0.05917982048901271,0.059177803841682364,0.059226471913515266,0.11809289522480104,0.05917982048901271
Digits,RF,Ensemble,0.0,0.1,0.45,0.0,1797,42,0.9170922315072734,0.007662142685018675,0.917085112366294,0.007658483479546748,0.9170885506163879,0.007661043411609899,0.8342200026640215,0.015355939215680783,missing,feature_noise,0.1,0.45,0.06065046941091512,0.06065527285364303,0.06065281046070459,0.12133128965617335,0.06065046941091512
Digits,RF,Ensemble,0.0,0.1,0.45,0.0,1797,43,0.9204131847725163,0.013068751432683342,0.9204029959772422,0.01309672649108388,0.9203886760987968,0.013091520306824698,0.8412281375225026,0.025937677913522,missing,feature_noise,0.1,0.45,0.057329516145672166,0.057337389242694825,0.05735268497829571,0.11432315479769228,0.057329516145672166
Digits,XGB,Boosting,0.0,0.1,0.45,0.0,1797,42,0.9198684617765398,0.01104088099470203,0.9198660966902272,0.011031412659359053,0.9198634256795977,0.01104273305891622,0.8398114500271212,0.02201465240195823,missing,feature_noise,0.1,0.45,0.0502641081192613,0.05026202797754353,0.05026710874063467,0.10053482340378717,0.0502641081192613
Digits,XGB,Boosting,0.0,0.1,0.45,0.0,1797,43,0.915400804704426,0.013776328586170245,0.9153968229472103,0.013807783055831678,0.9153826204174834,0.013782715013962422,0.8311109272749,0.027571074149061545,missing,feature_noise,0.1,0.45,0.054731765191375126,0.05473130172056051,0.05474791400274892,0.10923534615600838,0.054731765191375126
Digits,SVM,Kernel,0.0,0.1,0.45,0.0,1797,42,0.9538192510058806,0.010311610901810351,0.9538234033286349,0.010305988252006591,0.9538166650885964,0.010311421916449504,0.907748750118723,0.020646090783539673,missing,feature_noise,0.1,0.45,0.02689415041782728,0.026894417180228447,0.026895486162835547,0.053760311500896996,0.02689415041782728
Digits,SVM,Kernel,0.0,0.1,0.45,0.0,1797,43,0.958252862890746,0.013078506684356535,0.9582338446659875,0.013122745160169345,0.9582339859359758,0.01309606637327149,0.9170428384404425,0.02573904611430353,missing,feature_noise,0.1,0.45,0.022460538532961927,0.02248397584287587,0.02247816531545621,0.04446622317917748,0.022460538532961927
Digits,MLP,Neural,0.0,0.1,0.45,0.0,1797,42,0.9304472299597648,0.015520002901468969,0.9304526202797755,0.015521382447842205,0.9304405453787347,0.015523345334512684,0.8610443170413721,0.030974889227002374,missing,feature_noise,0.1,0.45,0.03319870009285053,0.033200047326563675,0.033204172935935694,0.06631504159967205,0.03319870009285053
Digits,MLP,Neural,0.0,0.1,0.45,0.0,1797,43,0.9287619931909624,0.0084358582472974,0.9287551227575612,0.00842629895646314,0.928747097150534,0.008430677871409047,0.8578582179325421,0.016974071716953927,missing,feature_noise,0.1,0.45,0.03488393686165292,0.03489754484877794,0.034897621164136305,0.069501140708502,0.03488393686165292
Digits,GB,Boosting,0.0,0.1,0.45,0.0,1797,42,0.9020581863200248,0.010034748510468296,0.9020602144784989,0.010000576154800671,0.9020287338288314,0.010031876307104766,0.8046058058584645,0.020084914577901555,missing,feature_noise,0.1,0.45,0.06510626225110905,0.06509976302423603,0.06513290332822264,0.1298241468183161,0.06510626225110905
Digits,GB,Boosting,0.0,0.1,0.45,0.0,1797,43,0.9048266790467346,0.012227481992405545,0.9048132658415383,0.012250245274323538,0.9047870599991505,0.012238722055429817,0.8102562819695344,0.024516427982324743,missing,feature_noise,0.1,0.45,0.06233776952439918,0.06234671166119665,0.06237457715790351,0.12417367070724628,0.06233776952439918
Spambase,LR,Linear,0.0,0.25,0.2,0.0,4601,42,0.8785051692394845,0.009479203576558652,0.8665654745667026,0.010095156858706121,0.8710669360020293,0.010026548594861616,0.7438599155201142,0.020206917444289957,missing,feature_noise,0.25,0.2,0.04672961022203326,0.05171194171212856,0.0500741809496168,0.09914744507497075,0.04672961022203326
Spambase,LR,Linear,0.0,0.25,0.2,0.0,4601,43,0.8795923617995562,0.0030652795605580476,0.8679614399933397,0.005223777373371663,0.8722676446181044,0.0036784688036724162,0.7463550279465692,0.006626782464925162,missing,feature_noise,0.25,0.2,0.04564241766196153,0.05031597628549145,0.04887347233354178,0.0966523326485158,0.04564241766196153
Spambase,RF,Ensemble,0.0,0.25,0.2,0.0,4601,42,0.8978503989047821,0.009500733435162077,0.8858135480001812,0.009819990042621046,0.8913539781322644,0.010039645229373116,0.7849808104357193,0.020227529999764644,missing,feature_noise,0.25,0.2,0.04694511321972017,0.05159841691061673,0.05023599136703438,0.09928600503626817,0.04694511321972017
Spambase,RF,Ensemble,0.0,0.25,0.2,0.0,4601,43,0.8969805976490581,0.007327329014052222,0.8840414378819015,0.006992486620442131,0.8902134104886088,0.007602690395100426,0.7832186598381783,0.01569461425433242,missing,feature_noise,0.25,0.2,0.04781491447544417,0.05337052702889644,0.05137655901068994,0.1010481556338092,0.04781491447544417
Spambase,XGB,Boosting,0.0,0.25,0.2,0.0,4601,42,0.903501628664495,0.00891856151728594,0.8937546184313281,0.009735880794015744,0.8978280895615349,0.00949028191262195,0.7969255660705087,0.018924893301723617,missing,feature_noise,0.25,0.2,0.046872570772160116,0.052344360399014134,0.04998670950859585,0.09897391749403317,0.046872570772160116
Spambase,XGB,Boosting,0.0,0.25,0.2,0.0,4601,43,0.9017594297313882,0.0069434097030235415,0.8917499728365614,0.007516422693534185,0.8959407019742407,0.007349926868109249,0.7932852469153727,0.014546528419247053,missing,feature_noise,0.25,0.2,0.0486147697052669,0.054349005993780786,0.05187409709589008,0.10261423664916913,0.0486147697052669
Spambase,SVM,Kernel,0.0,0.25,0.2,0.0,4601,42,0.8930675541707972,0.004466119520890616,0.8810956946276896,0.004651262738212784,0.8863426155772395,0.004707082751844694,0.774692233060258,0.0094476951193748,missing,feature_noise,0.25,0.2,0.039846968481014766,0.04519433535694295,0.04289778832999891,0.08439971223672604,0.039846968481014766
Spambase,SVM,Kernel,0.0,0.25,0.2,0.0,4601,43,0.898936175234858,0.006280784243134593,0.8871975416547508,0.007070165261500975,0.8925596739058266,0.0067480415562627,0.7872176229339582,0.013275438417860738,missing,feature_noise,0.25,0.2,0.033978347416953936,0.03909248832988166,0.03668073000141181,0.07187432236302582,0.033978347416953936
Spambase,MLP,Neural,0.0,0.25,0.2,0.0,4601,42,0.8917653306897039,0.008674753930395027,0.8811755865800087,0.009903747466870193,0.8853127062882192,0.009310081586372951,0.7720768790557224,0.01850936544091787,missing,feature_noise,0.25,0.2,0.04527868259138634,0.051545190396982354,0.048565451653525216,0.09594154426934576,0.04527868259138634
Spambase,MLP,Neural,0.0,0.25,0.2,0.0,4601,43,0.8974153802577538,0.008412880920285916,0.8874867011712038,0.00891318209556082,0.8914091308343568,0.008880720768169603,0.7841511852868811,0.01765072961140323,missing,feature_noise,0.25,0.2,0.03962863302333641,0.04523407580578731,0.04246902710738765,0.08386723803818708,0.03962863302333641
Spambase,GB,Boosting,0.0,0.25,0.2,0.0,4601,42,0.9006762498229712,0.008598120557392641,0.889397302450661,0.010055821287510137,0.8944832061823934,0.00933594839013295,0.7909762032516228,0.018319975166321733,missing,feature_noise,0.25,0.2,0.04701647547561738,0.053587841599170294,0.050473984937695726,0.09930550708464903,0.04701647547561738
Spambase,GB,Boosting,0.0,0.25,0.2,0.0,4601,43,0.8961086720483407,0.005278787329549961,0.884670685300996,0.006120838426428079,0.8896650592086083,0.00572655042776532,0.7811601018188176,0.011137593338131776,missing,feature_noise,0.25,0.2,0.05158405325024795,0.05831445874883523,0.05529213191148086,0.10912160851745423,0.05158405325024795
Bank,LR,Linear,0.0,0.25,0.2,0.0,5000,42,0.8870000000000001,0.006663332499583079,0.5853074696789305,0.018530892165556544,0.6108848250329271,0.024595873696369563,0.2774938192442802,0.05255780155181831,missing,feature_noise,0.25,0.2,0.009133333333333105,0.05633185236809246,0.06580240524226766,0.10816684786432607,0.009133333333333105
Bank,LR,Linear,0.0,0.25,0.2,0.0,5000,43,0.8956,0.005953150426454892,0.6161280018584662,0.018991146710321788,0.651206123758554,0.024424005130007018,0.355286453313986,0.04642071982333966,missing,feature_noise,0.25,0.2,0.0005333333333332746,0.02551132018855684,0.025481106516640706,0.030374213794620242,0.0005333333333332746
Bank,RF,Ensemble,0.0,0.25,0.2,0.0,5000,42,0.8855999999999999,0.003611094017053561,0.5392862328309667,0.0074037472081976965,0.5449537434824386,0.01210537650176765,0.19301775111878167,0.037161199438034496,missing,feature_noise,0.25,0.2,0.010333333333333417,0.06417870959207317,0.09248670711917084,0.14980755731197404,0.010333333333333417
Bank,RF,Ensemble,0.0,0.25,0.2,0.0,5000,43,0.8862,0.0028565713714171423,0.5448161376813697,0.00485622928366188,0.5540432045451466,0.007865837986161145,0.20812142425916766,0.024490550584196993,missing,feature_noise,0.25,0.2,0.009733333333333372,0.05864880474167011,0.08339724605646293,0.13470388417158805,0.009733333333333372
Bank,XGB,Boosting,0.0,0.25,0.2,0.0,5000,42,0.8817999999999999,0.002227105745132011,0.5719826543156101,0.005188769223745704,0.5924134849635238,0.007085642607581968,0.23513344320335303,0.01537678993113831,missing,feature_noise,0.25,0.2,0.013933333333333353,0.09241513488399111,0.10286399085045106,0.17390781110802064,0.013933333333333353
Bank,XGB,Boosting,0.0,0.25,0.2,0.0,5000,43,0.8847999999999999,0.004707440918375932,0.575164309705646,0.017558810954693718,0.5968139864793369,0.02344754068848709,0.2516934503664773,0.04404927486479398,missing,feature_noise,0.25,0.2,0.01093333333333335,0.08923347949395521,0.09846348933463789,0.1573478039448964,0.01093333333333335
Bank,SVM,Kernel,0.0,0.25,0.2,0.0,5000,42,0.8850000000000001,0.004242640687119289,0.550809691126792,0.00794520485254094,0.5634426472677985,0.012044803343264993,0.2127247505350593,0.036064679389897006,missing,feature_noise,0.25,0.2,0.005199999999999871,0.03754553403477512,0.052684762232453775,0.08334922916532328,0.005199999999999871
Bank,SVM,Kernel,0.0,0.25,0.2,0.0,5000,43,0.8859999999999999,0.004774934554525333,0.564722052830773,0.014649246068721637,0.5836623109450553,0.0218739645894337,0.23941357781115,0.04649704813642266,missing,feature_noise,0.25,0.2,0.0042000000000000925,0.023633172330794094,0.03246509855519697,0.056660401889232576,0.0042000000000000925
Bank,MLP,Neural,0.0,0.25,0.2,0.0,5000,42,0.8852,0.004354308211415452,0.5650105022698455,0.018815081075848655,0.5820355901647486,0.02529166146542991,0.2403846162865968,0.031668598220754976,missing,feature_noise,0.25,0.2,0.005800000000000027,0.05419719745880547,0.06465109481750764,0.09379041955766804,0.005800000000000027
Bank,MLP,Neural,0.0,0.25,0.2,0.0,5000,43,0.8904,0.006151422599691885,0.5894570762067931,0.031205292332722852,0.6156236380843376,0.04224022003155441,0.2927330727548519,0.07354222051518372,missing,feature_noise,0.25,0.2,0.0006000000000000449,0.029750623521857866,0.03106304689791861,0.04144196308941295,0.0006000000000000449
Bank,GB,Boosting,0.0,0.25,0.2,0.0,5000,42,0.8798,0.006968500556073745,0.5841962617727058,0.015727699904739167,0.6064997569025801,0.021452139357561822,0.24968316726283318,0.047951329864431284,missing,feature_noise,0.25,0.2,0.014599999999999946,0.08167087725411615,0.08847970217734435,0.15631281237572958,0.014599999999999946
Bank,GB,Boosting,0.0,0.25,0.2,0.0,5000,43,0.8904,0.005200000000000005,0.6124420439256226,0.020151955109689056,0.6432988992197727,0.024140449369746436,0.3273756551793636,0.04524577081128212,missing,feature_noise,0.25,0.2,0.0040000000000000036,0.053425095101199305,0.05168055986015174,0.07862032445919914,0.0040000000000000036
Wine,LR,Linear,0.0,0.25,0.2,0.0,178,42,0.9161904761904761,0.05271323180432248,0.9196825396825397,0.05872887171476983,0.9187648281084814,0.05230547863526696,0.8811055402397958,0.07348870402406293,missing,feature_noise,0.25,0.2,0.06894179894179886,0.06610229276895951,0.06610765887111913,0.09701269406758328,0.06894179894179886
Wine,LR,Linear,0.0,0.25,0.2,0.0,178,43,0.9161904761904761,0.04933827680488122,0.9185714285714287,0.05221136568774169,0.9156898646281633,0.049534912792787336,0.8755610397850446,0.07243535379102285,missing,feature_noise,0.25,0.2,0.06894179894179886,0.06721340388007047,0.06918262235143724,0.10255719452233447,0.06894179894179886
Wine,RF,Ensemble,0.0,0.25,0.2,0.0,178,42,0.9271428571428573,0.02175471961779279,0.9325108225108225,0.02210033852419097,0.9287932223721697,0.022697812785222888,0.8915705582767535,0.03175512018186299,missing,feature_noise,0.25,0.2,0.05603174603174599,0.05293891293891295,0.054937524247465896,0.08350707766404286,0.05603174603174599
Wine,RF,Ensemble,0.0,0.25,0.2,0.0,178,43,0.9155555555555555,0.05405828158582265,0.9154497354497355,0.05407205496390843,0.9164781022566867,0.051473411445768225,0.8733065793981872,0.08181095603149896,missing,feature_noise,0.25,0.2,0.0676190476190478,0.06999999999999995,0.06725264436294887,0.1017710565426091,0.0676190476190478
Wine,XGB,Boosting,0.0,0.25,0.2,0.0,178,42,0.8933333333333333,0.020491565533152786,0.8975613275613276,0.022131117007570825,0.896847020886636,0.02191390062899327,0.839903055862355,0.03099943815969856,missing,feature_noise,0.25,0.2,0.06365079365079362,0.061388488055154844,0.060294070716590875,0.09614209694947518,0.06365079365079362
Wine,XGB,Boosting,0.0,0.25,0.2,0.0,178,43,0.8934920634920636,0.05957437006090108,0.8964021164021165,0.05973088026913005,0.8952648405128641,0.05726596224157814,0.8417011816999066,0.08806448739880286,missing,feature_noise,0.25,0.2,0.06349206349206338,0.06254769921436587,0.061876251090362766,0.09434397111192361,0.06349206349206338
Wine,SVM,Kernel,0.0,0.25,0.2,0.0,178,42,0.9217460317460319,0.044514117723984725,0.9233333333333332,0.04670983857715909,0.9229152209840695,0.0438259850941261,0.8847893652858119,0.06588645583520956,missing,feature_noise,0.25,0.2,0.06142857142857128,0.058649991983325434,0.05991685873669583,0.09023976624503705,0.06142857142857128
Wine,SVM,Kernel,0.0,0.25,0.2,0.0,178,43,0.9273015873015874,0.027895893998766675,0.9261904761904762,0.03270765780845046,0.9261179929924506,0.0283284887287034,0.8911152713053083,0.04170036582411294,missing,feature_noise,0.25,0.2,0.05587301587301574,0.05579284912618243,0.056714086728314794,0.08391386022554059,0.05587301587301574
Wine,MLP,Neural,0.0,0.25,0.2,0.0,178,42,0.8087301587301589,0.08684730288641378,0.8266666666666668,0.08411889748495369,0.805272406586648,0.09664395392983509,0.7354761606562571,0.1140611774739311,missing,feature_noise,0.25,0.2,0.11074074074074058,0.0970803270803271,0.1157382483569318,0.14751614356708787,0.11074074074074058
Wine,MLP,Neural,0.0,0.25,0.2,0.0,178,43,0.8265079365079366,0.05529097997518469,0.8288071188071189,0.055331468380778806,0.8260536729744231,0.05562662318064464,0.7419305749098882,0.07952972708033086,missing,feature_noise,0.25,0.2,0.0929629629629628,0.09493987493987499,0.0949569819691567,0.14106172931345673,0.0929629629629628
Wine,GB,Boosting,0.0,0.25,0.2,0.0,178,42,0.8823809523809523,0.04732555055090039,0.8845214045214046,0.044928520854269766,0.8828810778336063,0.048654939259972475,0.8241927327869745,0.06847914540624599,missing,feature_noise,0.25,0.2,0.048412698412698574,0.044364277697610977,0.04907708674261435,0.07443494963909847,0.048412698412698574
Wine,GB,Boosting,0.0,0.25,0.2,0.0,178,43,0.887936507936508,0.06818822969312437,0.8870370370370371,0.06988534764296986,0.8892427266937324,0.06454109476427189,0.8334897250295258,0.10208119672550418,missing,feature_noise,0.25,0.2,0.042857142857142816,0.041848645181978505,0.042715437882488216,0.06513795739654715,0.042857142857142816
BreastCancer,LR,Linear,0.0,0.25,0.2,0.0,569,42,0.9631113181183046,0.01285430290933346,0.9591271790952434,0.01774504828210466,0.9603000778248578,0.014280781567967537,0.9213800874544236,0.028277964261418938,missing,feature_noise,0.25,0.2,0.012311752833411016,0.011775866222312303,0.013150167547252511,0.026589712229549867,0.012311752833411016
BreastCancer,LR,Linear,0.0,0.25,0.2,0.0,569,43,0.9578636857630803,0.015041307421318505,0.9510085058152533,0.023102603075674244,0.9542692162394835,0.01697901386992032,0.9105954825574148,0.0318262884101072,missing,feature_noise,0.25,0.2,0.017559385188635313,0.019894539502302355,0.01918102913262687,0.03737431712655859,0.017559385188635313
BreastCancer,RF,Ensemble,0.0,0.25,0.2,0.0,569,42,0.9508306163639186,0.013047791245674005,0.9494016424126152,0.010048007095444237,0.9477034644889428,0.013445354179033926,0.8968278341462771,0.02611186448130781,missing,feature_noise,0.25,0.2,0.01052114060963627,0.008085203728833035,0.01081498632410638,0.02187052997364458,0.01052114060963627
BreastCancer,RF,Ensemble,0.0,0.25,0.2,0.0,569,43,0.9402887750349326,0.020233620280289775,0.9390254966491455,0.025188677696882884,0.9363020671691317,0.02218652534136416,0.8734591196863336,0.044942552035221975,missing,feature_noise,0.25,0.2,0.021062981938622327,0.018461349492302714,0.022216383643917537,0.045239244433588066,0.021062981938622327
BreastCancer,XGB,Boosting,0.0,0.25,0.2,0.0,569,42,0.9473063188945815,0.0123178695120838,0.9455373065264974,0.016681962287890675,0.9437271266796022,0.013484889840545472,0.890235029346149,0.026043579886539676,missing,feature_noise,0.25,0.2,0.019893391295347507,0.016862111514912126,0.020918672883018852,0.040385678643488854,0.019893391295347507
BreastCancer,XGB,Boosting,0.0,0.25,0.2,0.0,569,43,0.9332867567147958,0.02448494241400108,0.9276283021124161,0.03011989164613203,0.9282432551875266,0.026622640478182236,0.8577060318532139,0.05322665259720733,missing,feature_noise,0.25,0.2,0.033912953475133234,0.0347711159289934,0.03640254437509449,0.07291467613642388,0.033912953475133234
BreastCancer,SVM,Kernel,0.0,0.25,0.2,0.0,569,42,0.9578636857630801,0.012832907958252789,0.9549963215988436,0.013886384938407987,0.9549493719423889,0.013725466502933785,0.9110219953203427,0.027577262542640462,missing,feature_noise,0.25,0.2,0.01754903482896053,0.017099171254919776,0.018622276836872786,0.036680363890996825,0.01754903482896053
BreastCancer,SVM,Kernel,0.0,0.25,0.2,0.0,569,43,0.9596180717279925,0.01420306020497115,0.9543261507026657,0.018570317192569966,0.9564667991401427,0.015481433319223751,0.9141651579548057,0.03094144978736968,missing,feature_noise,0.25,0.2,0.015794648864048133,0.01776934215109771,0.01710484963911907,0.03353720125653381,0.015794648864048133
BreastCancer,MLP,Neural,0.0,0.25,0.2,0.0,569,42,0.9385033379909953,0.018356637908727647,0.9288220927632981,0.025914451469046768,0.9330830035993237,0.021160114049575712,0.869472102223412,0.03996353466633649,missing,feature_noise,0.25,0.2,0.008197484862598747,0.009196501142947344,0.009097454844584019,0.016387792431800552,0.008197484862598747
BreastCancer,MLP,Neural,0.0,0.25,0.2,0.0,569,43,0.9473218444340941,0.03325042131382924,0.9347615408211544,0.041534498932133804,0.9419437108860086,0.03747031954722127,0.8871764428133094,0.07200559211106494,missing,feature_noise,0.25,0.2,-0.0006210215805000363,0.003257053085091055,0.00023674755789915292,-0.0013165481580968974,-0.0006210215805000363
BreastCancer,GB,Boosting,0.0,0.25,0.2,0.0,569,42,0.9420897376183822,0.026345289782882007,0.9394614456766439,0.02658762310984501,0.9382704729115241,0.027994261557121265,0.8793075069030685,0.05487262191297391,missing,feature_noise,0.25,0.2,0.013978160741085821,0.011554750553276483,0.014483902809246496,0.027303584215521925,0.013978160741085821
BreastCancer,GB,Boosting,0.0,0.25,0.2,0.0,569,43,0.9367800031051079,0.020970033051186932,0.9303898325352632,0.02609704564302269,0.93187411113795,0.023200739009826138,0.8645492278594642,0.04600955021345507,missing,feature_noise,0.25,0.2,0.019287895254360143,0.0206263636946572,0.02088026458282055,0.0420618632591262,0.019287895254360143
Digits,LR,Linear,0.0,0.25,0.2,0.0,1797,42,0.8163509749303621,0.013306040620452006,0.8163953105548526,0.01336698092723592,0.8162719914407625,0.01326253323228144,0.6334256930736337,0.027210404162306714,missing,feature_noise,0.25,0.2,0.07643299288146077,0.07640961140775937,0.07649841717848538,0.1524242266401734,0.07643299288146077
Digits,LR,Linear,0.0,0.25,0.2,0.0,1797,43,0.8185731971525844,0.013154216135529587,0.8186052896008451,0.01313040152521353,0.8185250575739349,0.013205643624009967,0.6375411869796898,0.025934784350150716,missing,feature_noise,0.25,0.2,0.07421077065923853,0.07419963236176685,0.07424535104531294,0.14830873273411738,0.07421077065923853
Digits,RF,Ensemble,0.0,0.25,0.2,0.0,1797,42,0.9070612813370473,0.01642610678185452,0.90708500948246,0.0164075099037847,0.9070440275123625,0.01643489354052201,0.8144760341325616,0.03272045765536563,missing,feature_noise,0.25,0.2,0.07068141958114116,0.07065537573747704,0.07069733356473007,0.14107525818763322,0.07068141958114116
Digits,RF,Ensemble,0.0,0.25,0.2,0.0,1797,43,0.9126245744351593,0.007261718275209916,0.9126591527173336,0.007291561514583126,0.9126042994497501,0.007252842202803091,0.8257621915503884,0.01482630360621139,missing,feature_noise,0.25,0.2,0.06511812648302917,0.06508123250260345,0.06513706162734245,0.12978910076980643,0.06511812648302917
Digits,XGB,Boosting,0.0,0.25,0.2,0.0,1797,42,0.9026121943670692,0.007514541989329502,0.9026250810210191,0.007491577825868361,0.9025874071301885,0.007504387727706684,0.8056833172888931,0.015148477199011424,missing,feature_noise,0.25,0.2,0.06752037552873191,0.06750304364675164,0.06754312729004386,0.1346629561420153,0.06752037552873191
Digits,XGB,Boosting,0.0,0.25,0.2,0.0,1797,43,0.9081662024141133,0.01759103343684705,0.9081807394604086,0.017579115109881045,0.9081525875272247,0.01760153870849529,0.8165803587364483,0.035020916767307245,missing,feature_noise,0.25,0.2,0.06196636748168782,0.061947385207362204,0.06197794689300762,0.12376591469446008,0.06196636748168782
Digits,SVM,Kernel,0.0,0.25,0.2,0.0,1797,42,0.9360105230578769,0.01416361000971161,0.9360145203384193,0.014158596654643989,0.9360072996032003,0.014163212190860355,0.8721164516159867,0.02834871150419862,missing,feature_noise,0.25,0.2,0.04470287836583098,0.044703300170444105,0.04470485164823168,0.0893926100036333,0.04470287836583098
Digits,SVM,Kernel,0.0,0.25,0.2,0.0,1797,43,0.9421108016094089,0.017056735126868353,0.9421319416580072,0.01707258571940866,0.9421088175943639,0.017056165568633465,0.8843530187613926,0.034190273295252906,missing,feature_noise,0.25,0.2,0.03860259981429903,0.03858587885085618,0.03860333365706803,0.07715604285822741,0.03860259981429903
Digits,MLP,Neural,0.0,0.25,0.2,0.0,1797,42,0.9209888579387187,0.01453276901545569,0.9210049692891756,0.014549050790266705,0.9209680617128789,0.014534086364377138,0.8424805534527617,0.029217853529898814,missing,feature_noise,0.25,0.2,0.04265707211389669,0.04264769831716353,0.04267665660179143,0.08487880518828239,0.04265707211389669
Digits,MLP,Neural,0.0,0.25,0.2,0.0,1797,43,0.9237449705973383,0.020183490563690766,0.9237766769207555,0.02018838389235557,0.9237149068871753,0.020192372862057623,0.8482523800166962,0.04039613915229446,missing,feature_noise,0.25,0.2,0.03990095945527705,0.03987599068558367,0.03992981142749508,0.0791069786243479,0.03990095945527705
Digits,GB,Boosting,0.0,0.25,0.2,0.0,1797,42,0.9009455277004023,0.008379572685541523,0.90098617584219,0.008362930298091332,0.900908244868749,0.008389885968394331,0.8026138161352158,0.01660432897311062,missing,feature_noise,0.25,0.2,0.06621892087073156,0.06617380166054498,0.06625339228830507,0.13181613654156488,0.06621892087073156
Digits,GB,Boosting,0.0,0.25,0.2,0.0,1797,43,0.9037171154441349,0.016069527332680685,0.9037269840289996,0.01605563060111886,0.9036944368638954,0.016071908639098076,0.8078327739352584,0.03209193946629516,missing,feature_noise,0.25,0.2,0.0634473331269989,0.06343299347373532,0.06346720029315867,0.1265971787415222,0.0634473331269989
Spambase,LR,Linear,0.0,0.25,0.45,0.0,4601,42,0.8467724118396827,0.008668691224473666,0.8325739713384271,0.00974068745784629,0.8370934029620116,0.009420318939238411,0.676191796622655,0.018553340354048695,missing,feature_noise,0.25,0.45,0.07846236762183512,0.08570344494040405,0.08404771398963451,0.16681556397242991,0.07846236762183512
Spambase,LR,Linear,0.0,0.25,0.45,0.0,4601,43,0.8485143747344569,0.007415298504912775,0.8341273456308066,0.010423333533071233,0.8387435764043284,0.008764983017548916,0.6803586875974275,0.01624276787391079,missing,feature_noise,0.25,0.45,0.07672040472706088,0.0841500706480246,0.08239754054731774,0.1626486729976575,0.07672040472706088
Spambase,RF,Ensemble,0.0,0.25,0.45,0.0,4601,42,0.8617707595713545,0.007729448878691511,0.8423486771596747,0.01025254885587867,0.8508207739960525,0.009152116141202218,0.7084975449144,0.016147966614490316,missing,feature_noise,0.25,0.45,0.08302475255314778,0.09506328775112327,0.09076919550324625,0.1757692705575875,0.08302475255314778
Spambase,RF,Ensemble,0.0,0.25,0.45,0.0,4601,43,0.8672053061417173,0.009167851190554804,0.8483907753314182,0.011638359970861885,0.8567972233640567,0.010569818410977358,0.7203470663046634,0.01913578663904505,missing,feature_noise,0.25,0.45,0.07759020598278499,0.08902118957937977,0.08479274613524201,0.1639197491673241,0.07759020598278499
Spambase,XGB,Boosting,0.0,0.25,0.45,0.0,4601,42,0.8724198649860739,0.004189167098987916,0.8581721978052069,0.005776620258264049,0.8639572999983575,0.004901546621074858,0.730702182674546,0.008999096576040139,missing,feature_noise,0.25,0.45,0.0779543344505812,0.08792678102513529,0.08385749907177331,0.16519730088999585,0.0779543344505812
Spambase,XGB,Boosting,0.0,0.25,0.45,0.0,4601,43,0.870246896095926,0.01480572560718219,0.8546555212943693,0.015144918962610795,0.8612441459757768,0.015616243045388351,0.7263063596560079,0.03147426423295794,missing,feature_noise,0.25,0.45,0.08012730334072915,0.09144345753597294,0.08657065309435397,0.16959312390853398,0.08012730334072915
Spambase,SVM,Kernel,0.0,0.25,0.45,0.0,4601,42,0.8676377283670869,0.004921254859168132,0.8517211514542675,0.005855757097509237,0.8583713534691375,0.0054900966928008305,0.7205354143971796,0.010497881127111726,missing,feature_noise,0.25,0.45,0.0652767942847251,0.07456887853036498,0.07086905043810088,0.13855653089980446,0.0652767942847251
Spambase,SVM,Kernel,0.0,0.25,0.45,0.0,4601,43,0.8728553557097672,0.009069798574341358,0.8586430766059111,0.0102002158653891,0.8644104631994329,0.009802349785327657,0.7318917802426093,0.01927076593785706,missing,feature_noise,0.25,0.45,0.06005916694204472,0.0676469533787214,0.06482994070780546,0.12720016505437481,0.06005916694204472
Spambase,MLP,Neural,0.0,0.25,0.45,0.0,4601,42,0.8467726478780154,0.011355555596336542,0.8339213208200968,0.01341215415051359,0.83756676722174,0.012583258381284834,0.6764803270423568,0.024534429776039035,missing,feature_noise,0.25,0.45,0.09027136540307479,0.09879945615689423,0.0963113907200045,0.19153809628271135,0.09027136540307479
Spambase,MLP,Neural,0.0,0.25,0.45,0.0,4601,43,0.8574231695227306,0.0066598276159701856,0.8435916826361176,0.006484368919910435,0.8483550551187904,0.006635278680446192,0.6993579751257959,0.014040645909487639,missing,feature_noise,0.25,0.45,0.07962084375835965,0.08912909434087346,0.08552310282295406,0.16866044819927228,0.07962084375835965
Spambase,GB,Boosting,0.0,0.25,0.45,0.0,4601,42,0.8709014303922956,0.00904290344697469,0.8560537691341488,0.010720071818420105,0.862145486685608,0.010091220363007048,0.72748775124971,0.0193498021423472,missing,feature_noise,0.25,0.45,0.076791294906293,0.08693137491568248,0.08281170443448116,0.1627939590865618,0.076791294906293
Spambase,GB,Boosting,0.0,0.25,0.45,0.0,4601,43,0.8678567719397631,0.013943958548431102,0.850573381353074,0.016481779975271636,0.8580181814295098,0.015418510639017466,0.7215521640415352,0.029465094540138525,missing,feature_noise,0.25,0.45,0.07983595335882554,0.09241176269675722,0.08693900969057933,0.16872954629473658,0.07983595335882554
Bank,LR,Linear,0.0,0.25,0.45,0.0,5000,42,0.8856000000000002,0.007200000000000006,0.5763587614097241,0.01975388307476155,0.5989874970705223,0.02701412681758979,0.25811205533039383,0.06053051434221267,missing,feature_noise,0.25,0.45,0.010533333333333061,0.06528056063729892,0.07769973320467238,0.12754861177821242,0.010533333333333061
Bank,LR,Linear,0.0,0.25,0.45,0.0,5000,43,0.8942,0.0035440090293338733,0.6064378430176844,0.014185933578958514,0.6398013858182245,0.018001587555576865,0.337625903844702,0.03181954999141656,missing,feature_noise,0.25,0.45,0.0019333333333332314,0.03520147902933857,0.036885844456970185,0.04803476326390427,0.0019333333333332314
Bank,RF,Ensemble,0.0,0.25,0.45,0.0,5000,42,0.8858,0.001720465053408527,0.5379165819709422,0.007300496803375055,0.542308963041602,0.012371249488225418,0.19020726641988936,0.021175272421388537,missing,feature_noise,0.25,0.45,0.010133333333333328,0.06554836045209766,0.09513148756000744,0.15261804201086634,0.010133333333333328
Bank,RF,Ensemble,0.0,0.25,0.45,0.0,5000,43,0.8884000000000001,0.002059126028197402,0.5475447919389029,0.007858304859235997,0.5583551017254569,0.012772976211095828,0.22608965787252258,0.025596418822838075,missing,feature_noise,0.25,0.45,0.007533333333333281,0.0559201504841369,0.0790853488761526,0.11673565055823312,0.007533333333333281
Bank,XGB,Boosting,0.0,0.25,0.45,0.0,5000,42,0.8834,0.0065604877867426956,0.5669570520080146,0.011867834285528902,0.5863586119487648,0.017578090430015344,0.2348130162238829,0.04733836160604594,missing,feature_noise,0.25,0.45,0.012333333333333307,0.09744073719158663,0.10891886386520999,0.17422823808749077,0.012333333333333307
Bank,XGB,Boosting,0.0,0.25,0.45,0.0,5000,43,0.8878,0.004354308211415452,0.5790874156672572,0.01446491729686967,0.6034430810339201,0.01968618365224271,0.2713732119336115,0.040044891667330926,missing,feature_noise,0.25,0.45,0.007933333333333237,0.08531037353234405,0.09183439478005473,0.13766804237776215,0.007933333333333237
Bank,SVM,Kernel,0.0,0.25,0.45,0.0,5000,42,0.8854000000000001,0.005200000000000005,0.5465874882635925,0.008587618635763112,0.5571251601441563,0.013758172125886793,0.20730821142443928,0.04915355042937436,missing,feature_noise,0.25,0.45,0.0047999999999999154,0.04176773689797464,0.05900224935609599,0.08876576827594329,0.0047999999999999154
Bank,SVM,Kernel,0.0,0.25,0.45,0.0,5000,43,0.8852,0.005741080037762934,0.5531472931246431,0.017029600306091863,0.5665850133802088,0.0261480316027748,0.21460468703709315,0.05727076539962641,missing,feature_noise,0.25,0.45,0.0050000000000000044,0.03520793203692407,0.04954239612004341,0.08146929266328942,0.0050000000000000044
Bank,MLP,Neural,0.0,0.25,0.45,0.0,5000,42,0.8844000000000001,0.003611094017053561,0.5541771931352906,0.03225790996432695,0.562031682512251,0.05202514760845289,0.19525201093316008,0.10009542893827855,missing,feature_noise,0.25,0.45,0.006599999999999939,0.0650305065933604,0.08465500247000524,0.13892302491110475,0.006599999999999939
Bank,MLP,Neural,0.0,0.25,0.45,0.0,5000,43,0.8855999999999999,0.004923413450036472,0.5526323431193193,0.034077250794563994,0.560818850283662,0.05521599980257591,0.19182233019937794,0.11431618670210546,missing,feature_noise,0.25,0.45,0.005400000000000071,0.06657535660933167,0.08586783469859427,0.1423527056448869,0.005400000000000071
Bank,GB,Boosting,0.0,0.25,0.45,0.0,5000,42,0.8861999999999999,0.004664761515876245,0.5996834799779307,0.017269481632880057,0.6270088970086359,0.02169067021190677,0.29410726524967434,0.04169654211501213,missing,feature_noise,0.25,0.45,0.008200000000000096,0.06618365904889123,0.06797056207128849,0.11188871438888842,0.008200000000000096
Bank,GB,Boosting,0.0,0.25,0.45,0.0,5000,43,0.8878,0.005564171097297428,0.6005894822429364,0.01799573849258858,0.6289609755219154,0.02328439091718511,0.3018101670693551,0.04565098161459099,missing,feature_noise,0.25,0.45,0.006599999999999939,0.06527765678388553,0.06601848355800899,0.10418581256920767,0.006599999999999939
Wine,LR,Linear,0.0,0.25,0.45,0.0,178,42,0.8938095238095238,0.04731756414955353,0.8933862433862434,0.04889501553493663,0.8953587239636043,0.04687845261485837,0.8454870126003206,0.06702587112214829,missing,feature_noise,0.25,0.45,0.09132275132275114,0.09239858906525578,0.08951376301599623,0.13263122170705854,0.09132275132275114
Wine,LR,Linear,0.0,0.25,0.45,0.0,178,43,0.8992063492063492,0.05110026504263517,0.9021933621933622,0.05391924297220819,0.9004119175211306,0.04993346859266361,0.8490964119581947,0.07613210993384564,missing,feature_noise,0.25,0.45,0.08592592592592574,0.08359147025813696,0.08446056945846991,0.12902182234918436,0.08592592592592574
Wine,RF,Ensemble,0.0,0.25,0.45,0.0,178,42,0.8653968253968254,0.0363578696268008,0.8707647907647906,0.04360576070196959,0.8679875818957058,0.03691139952217056,0.7982668350107083,0.05475697870254257,missing,feature_noise,0.25,0.45,0.11777777777777787,0.11468494468494483,0.11574316472392976,0.17681080093008805,0.11777777777777787
Wine,RF,Ensemble,0.0,0.25,0.45,0.0,178,43,0.8880952380952382,0.0385031075630669,0.892987012987013,0.039694931818196215,0.8900222875224847,0.03877354701773656,0.8355817310315412,0.05563288936266274,missing,feature_noise,0.25,0.45,0.0950793650793651,0.09246272246272247,0.09370845909715086,0.13949590490925512,0.0950793650793651
Wine,XGB,Boosting,0.0,0.25,0.45,0.0,178,42,0.86,0.03816990038022802,0.864944684944685,0.03736089796499268,0.8641815585282584,0.03715803739586022,0.7897293360587501,0.05728680113387344,missing,feature_noise,0.25,0.45,0.09698412698412695,0.09400513067179739,0.09295953307496851,0.14631581675308014,0.09698412698412695
Wine,XGB,Boosting,0.0,0.25,0.45,0.0,178,43,0.8822222222222222,0.047403214572712835,0.8885425685425685,0.049324427858298894,0.8846756694270306,0.04511339366737199,0.8247405846558931,0.07130343838660615,missing,feature_noise,0.25,0.45,0.0747619047619047,0.07040724707391388,0.07246542217619634,0.11130456815593714,0.0747619047619047
Wine,SVM,Kernel,0.0,0.25,0.45,0.0,178,42,0.8938095238095236,0.06395939124865843,0.8963492063492062,0.07184990373807452,0.8961342107876797,0.06381876161501983,0.8453502432904093,0.09143560334590972,missing,feature_noise,0.25,0.45,0.08936507936507954,0.08563411896745243,0.08669786893308562,0.1296788882404396,0.08936507936507954
Wine,SVM,Kernel,0.0,0.25,0.45,0.0,178,43,0.9328571428571429,0.04134486465339263,0.9320634920634921,0.04859995012786893,0.9318835939784604,0.04207194838705164,0.9002149731897816,0.06104972925364997,missing,feature_noise,0.25,0.45,0.050317460317460205,0.04991983325316651,0.05094848574230493,0.0748141583410673,0.050317460317460205
Wine,MLP,Neural,0.0,0.25,0.45,0.0,178,42,0.7809523809523811,0.06900838148035114,0.7947041847041847,0.0738529999371735,0.788460309121952,0.06786716438451401,0.675095406558682,0.10436573198411844,missing,feature_noise,0.25,0.45,0.13851851851851837,0.12904280904280918,0.13255034582162784,0.2078968976646629,0.13851851851851837
Wine,MLP,Neural,0.0,0.25,0.45,0.0,178,43,0.8149206349206348,0.026548301175187933,0.8155747955747955,0.028425275171972034,0.8152456112410345,0.028502274787365174,0.7252781601161261,0.038531949219840614,missing,feature_noise,0.25,0.45,0.10455026455026462,0.10817219817219836,0.10576504370254536,0.15771414410721885,0.10455026455026462
Wine,GB,Boosting,0.0,0.25,0.45,0.0,178,42,0.8320634920634922,0.04496464275416376,0.837089947089947,0.045507997716478815,0.8324091433776901,0.04588315328364645,0.749417276265278,0.06540164962819216,missing,feature_noise,0.25,0.45,0.09873015873015867,0.09179573512906858,0.09954902119853049,0.14921040616079495,0.09873015873015867
Wine,GB,Boosting,0.0,0.25,0.45,0.0,178,43,0.8707936507936507,0.04552374310946868,0.8728523328523329,0.04359299265669329,0.8728012298810434,0.04051660265808947,0.8093268517959175,0.07190008685296663,missing,feature_noise,0.25,0.45,0.060000000000000164,0.056033349366682694,0.05915693469517724,0.08930083063015548,0.060000000000000164
BreastCancer,LR,Linear,0.0,0.25,0.45,0.0,569,42,0.952553951249806,0.017174250475579488,0.9478534644559865,0.020614015473371754,0.948982482163532,0.01896868117613228,0.8989409964473646,0.03784670061882362,missing,feature_noise,0.25,0.45,0.022869119701909635,0.023049580861569163,0.024467763208578353,0.04902880323660885,0.022869119701909635
BreastCancer,LR,Linear,0.0,0.25,0.45,0.0,569,43,0.9367800031051079,0.02169149573696298,0.9304256417055304,0.03081803614806797,0.9316412533387289,0.024563598879855722,0.8652130862744553,0.048392112176232724,missing,feature_noise,0.25,0.45,0.03864306784660776,0.04047740361202523,0.0418089920333814,0.08275671340951818,0.03864306784660776
BreastCancer,RF,Ensemble,0.0,0.25,0.45,0.0,569,42,0.9385343890700202,0.0155877035251644,0.9337986575785463,0.01791001137556783,0.9341184382449246,0.01652560358614003,0.8709549371787866,0.03305627900395691,missing,feature_noise,0.25,0.45,0.022817367903534724,0.02368818856290189,0.02440001256812463,0.04774342694113509,0.022817367903534724
BreastCancer,RF,Ensemble,0.0,0.25,0.45,0.0,569,43,0.9297624592454587,0.02593817274957998,0.9229608919667879,0.028736767129630546,0.9244813873640811,0.027897815506835903,0.8497612736366452,0.055928527912601896,missing,feature_noise,0.25,0.45,0.031589297728096155,0.03452595417466031,0.03403706344896806,0.06893709048327645,0.031589297728096155
BreastCancer,XGB,Boosting,0.0,0.25,0.45,0.0,569,42,0.9367800031051079,0.01863883533784867,0.9304614508757973,0.021594912353325148,0.932005171546541,0.01975643762196154,0.8677896338833454,0.03759310161344657,missing,feature_noise,0.25,0.45,0.030419707084821113,0.03193796716561215,0.03264062801608014,0.0628310741062924,0.030419707084821113
BreastCancer,XGB,Boosting,0.0,0.25,0.45,0.0,569,43,0.9262381617761216,0.028532562634032428,0.9172818565137597,0.034190390447438254,0.9201626323855884,0.03166405759174874,0.8424201240500704,0.06369099618133893,missing,feature_noise,0.25,0.45,0.04096154841380739,0.045117561527649785,0.04448316717703271,0.08820058393956742,0.04096154841380739
BreastCancer,SVM,Kernel,0.0,0.25,0.45,0.0,569,42,0.9508306163639186,0.011809578961668177,0.9445162577532378,0.01279015571394273,0.9470915668957203,0.012662233383797936,0.8949415530917071,0.025127361673202328,missing,feature_noise,0.25,0.45,0.024582104228122015,0.027579235100525623,0.02648008188354145,0.05276080611963241,0.024582104228122015
BreastCancer,SVM,Kernel,0.0,0.25,0.45,0.0,569,43,0.9402732494954199,0.010110404894662651,0.9331838576679716,0.01614832992985653,0.9355799941963502,0.011437511691315372,0.8725938308132883,0.02287018133542348,missing,feature_noise,0.25,0.45,0.035139471096620745,0.03891163518579177,0.03799165458291154,0.07510852839805116,0.035139471096620745
BreastCancer,MLP,Neural,0.0,0.25,0.45,0.0,569,42,0.9051544791181494,0.03336385340433833,0.8891858905370207,0.03921481217408425,0.8961334529126532,0.03646006330868387,0.7984784396051194,0.07318321085687848,missing,feature_noise,0.25,0.45,0.041546343735444635,0.04883270336922474,0.046047005531254515,0.0873814550500931,0.041546343735444635
BreastCancer,MLP,Neural,0.0,0.25,0.45,0.0,569,43,0.9314857941313461,0.023079047396867343,0.9194090252106957,0.03018485354715765,0.9251709521949838,0.026613385950818906,0.8535642326854467,0.05097165417061863,missing,feature_noise,0.25,0.45,0.015215028722247892,0.01860956869554975,0.017009506248923945,0.032295661969765854,0.015215028722247892
BreastCancer,GB,Boosting,0.0,0.25,0.45,0.0,569,42,0.9367955286446203,0.01944820326613553,0.9304810126911338,0.02485671124734373,0.9318980975016637,0.0212006145377956,0.8671785862478691,0.040610312891063795,missing,feature_noise,0.25,0.45,0.019272369714847692,0.020535183538786583,0.02085627821910685,0.03943250487072125,0.019272369714847692
BreastCancer,GB,Boosting,0.0,0.25,0.45,0.0,569,43,0.9280080732805465,0.020944039119117755,0.9187065545729155,0.026645201419470025,0.9220691025264525,0.023193704550131086,0.8453606573853338,0.04624165964576318,missing,feature_noise,0.25,0.45,0.028059825078921574,0.032309641657004895,0.03068527319431813,0.06125043373325656,0.028059825078921574
Digits,LR,Linear,0.0,0.25,0.45,0.0,1797,42,0.7818477251624883,0.015662143968303656,0.7818731716685356,0.01567759204781292,0.7818012854123401,0.015639682323814404,0.5640230581472799,0.03151106665624126,missing,feature_noise,0.25,0.45,0.11093624264933455,0.11093175029407631,0.11096912320690777,0.2218268615665272,0.11093624264933455
Digits,LR,Linear,0.0,0.25,0.45,0.0,1797,43,0.7946487155679357,0.007977589643066638,0.7946728465556208,0.007953342423766765,0.7945757981456834,0.007992147620104981,0.5897794752690537,0.015862262860131444,missing,feature_noise,0.25,0.45,0.0981352522438872,0.0981320754069912,0.09819461047356448,0.1960704444447534,0.0981352522438872
Digits,RF,Ensemble,0.0,0.25,0.45,0.0,1797,42,0.873670690188796,0.021076760510278396,0.8736679115610565,0.021052979391995304,0.8736484239992824,0.021088234830441917,0.7475605433309558,0.04200466398277417,missing,feature_noise,0.25,0.45,0.10407201072939254,0.1040724736588805,0.10409293707781009,0.20799074898923908,0.10407201072939254
Digits,RF,Ensemble,0.0,0.25,0.45,0.0,1797,43,0.8797895388424637,0.012346209696736258,0.8798191302200685,0.012358556376331197,0.8797708413854218,0.012350499088362471,0.7599011008968523,0.024708214681103475,missing,feature_noise,0.25,0.45,0.0979531620757248,0.09792125499986848,0.0979705196916707,0.1956501914233426,0.0979531620757248
Digits,XGB,Boosting,0.0,0.25,0.45,0.0,1797,42,0.8814593005261528,0.015782133671894332,0.8814703814589613,0.01578151212841223,0.8814551734883576,0.0157861454721513,0.7629887006789404,0.03152281032811621,missing,feature_noise,0.25,0.45,0.08867326936964826,0.08865774320880948,0.08867536093187478,0.17735757275196795,0.08867326936964826
Digits,XGB,Boosting,0.0,0.25,0.45,0.0,1797,43,0.8797941813679975,0.012650720323952128,0.8798191302200685,0.012630350754203379,0.8797587491309784,0.012671276964252708,0.7600770328901572,0.025019355150334096,missing,feature_noise,0.25,0.45,0.09033838852780363,0.09030899444770224,0.09037178528925394,0.18026924054075122,0.09033838852780363
Digits,SVM,Kernel,0.0,0.25,0.45,0.0,1797,42,0.9165227483751162,0.015175980998498095,0.9165358327246039,0.015165277425016471,0.9165171427515114,0.015175678145692711,0.8331931036890659,0.03033432708408445,missing,feature_noise,0.25,0.45,0.06419065304859173,0.06418198778425943,0.06419500849992055,0.12831595793055417,0.06419065304859173
Digits,SVM,Kernel,0.0,0.25,0.45,0.0,1797,43,0.9131785824822035,0.012568306807556856,0.9131777043873097,0.012578435883104762,0.9131704810655041,0.012566804519645126,0.8265004900728485,0.025219161880696058,missing,feature_noise,0.25,0.45,0.06753481894150437,0.06754011612155364,0.06754167018592783,0.13500857154677148,0.06753481894150437
Digits,MLP,Neural,0.0,0.25,0.45,0.0,1797,42,0.8959362426493346,0.009269199302658996,0.8959551392189745,0.009301486702436365,0.8959024604402822,0.009294207152992636,0.7924055519751236,0.018362615140493775,missing,feature_noise,0.25,0.45,0.06770968740328076,0.06769752838736465,0.06774225787438815,0.1349538066659205,0.06770968740328076
Digits,MLP,Neural,0.0,0.25,0.45,0.0,1797,43,0.8875595790776849,0.028470608218880505,0.887572318761553,0.02847754930396617,0.8875009541189414,0.028515854224839494,0.7758140410191319,0.05657182548528653,missing,feature_noise,0.25,0.45,0.07608635097493044,0.0760803488447862,0.07614376419572899,0.15154531762191226,0.07608635097493044
Digits,GB,Boosting,0.0,0.25,0.45,0.0,1797,42,0.871454658000619,0.006863714726920153,0.8715011780198978,0.006839749074486749,0.8714195613144465,0.006881129595496565,0.7434504335775427,0.013486339344891442,missing,feature_noise,0.25,0.45,0.09570979057051476,0.09565879948283718,0.09574207584260752,0.19097951909923794,0.09570979057051476
Digits,GB,Boosting,0.0,0.25,0.45,0.0,1797,43,0.8658727948003714,0.011756341393014727,0.8658837892801904,0.011741257826024082,0.8658157053303001,0.011765366681275698,0.7323907956423772,0.02347536144594979,missing,feature_noise,0.25,0.45,0.10129165377076244,0.10127618822254458,0.101345931826754,0.20203915703440345,0.10129165377076244
Spambase,LR,Linear,0.0,0.1,0.0,0.3,4057,42,0.9112598932170343,0.010439307463939725,0.8864779886725056,0.015443450883641003,0.8944457086606732,0.013009812468606472,0.7906862752823693,0.025424482265274054,missing,imbalance,0.1,0.3,0.013974886244483509,0.03179942760632559,0.026695408290972944,0.05232108531271562,0.013974886244483509
Spambase,LR,Linear,0.0,0.1,0.0,0.3,4057,43,0.9230962200773842,0.006542809776101428,0.9006694156933672,0.0077217758315669335,0.908694362093704,0.007570204074142027,0.8190190645057085,0.015081292278218692,missing,imbalance,0.1,0.3,0.0021385593841335426,0.017608000585463968,0.01244675485794211,0.02398829608937647,0.0021385593841335426
Spambase,RF,Ensemble,0.0,0.1,0.0,0.3,4057,42,0.9418263653095066,0.0059818175390508104,0.9209568440716348,0.007114633774856642,0.9307057760547368,0.007158086871219755,0.8632732493995384,0.01437896619508874,missing,imbalance,0.1,0.3,0.0029691468149957156,0.016455120839163118,0.01088419344456193,0.020993566072449066,0.0029691468149957156
Spambase,RF,Ensemble,0.0,0.1,0.0,0.3,4057,43,0.9391185242326874,0.008184868346118944,0.919210309234526,0.010583275843360886,0.9276810185051699,0.009878912538159144,0.8567633822869534,0.019537819940375005,missing,imbalance,0.1,0.3,0.005676987891814922,0.018201655676271966,0.01390895099412881,0.02750343318503412,0.005676987891814922
Spambase,XGB,Boosting,0.0,0.1,0.0,0.3,4057,42,0.9472496401086052,0.004390219077023435,0.9330643122088947,0.004645531901958414,0.9379504004498408,0.005067239196869294,0.8763703457981737,0.01021702054599169,missing,imbalance,0.1,0.3,0.0031245593280498918,0.013034666621447477,0.009864398620289982,0.01952913776636811,0.0031245593280498918
Spambase,XGB,Boosting,0.0,0.1,0.0,0.3,4057,43,0.9435541477103617,0.005903033482707086,0.9286661809881691,0.009186621350063148,0.9335458833964344,0.007251948500713574,0.867613820297775,0.014161893466629286,missing,imbalance,0.1,0.3,0.006820051726293408,0.01743279784217311,0.01426891567369637,0.028285663266766847,0.006820051726293408
Spambase,SVM,Kernel,0.0,0.1,0.0,0.3,4057,42,0.9248200543026004,0.005128902053352204,0.9025770224553856,0.0066630599415226635,0.9107148784041789,0.00612810504235954,0.8229123376297448,0.01231772113724786,missing,imbalance,0.1,0.3,0.00809446834921157,0.023713007529246877,0.018525525503059526,0.036179607667239266,0.00809446834921157
Spambase,SVM,Kernel,0.0,0.1,0.0,0.3,4057,43,0.9277817934435987,0.00683566676150059,0.9040826411885128,0.006454894682880863,0.9139025347164014,0.007704320338822741,0.8299500987583134,0.015935081546502684,missing,imbalance,0.1,0.3,0.0051327292082132825,0.02220738879611972,0.015337869190837017,0.02914184653867069,0.0051327292082132825
Spambase,MLP,Neural,0.0,0.1,0.0,0.3,4057,42,0.9290105871848292,0.005557420682426186,0.9118502487361951,0.007792407519381523,0.916470689609552,0.006517831784051505,0.8336476494066156,0.012985204154104184,missing,imbalance,0.1,0.3,0.00803342609626101,0.020870528240795938,0.01740746833219242,0.03437077391845256,0.00803342609626101
Spambase,MLP,Neural,0.0,0.1,0.0,0.3,4057,43,0.9309868009451325,0.008182662151917638,0.9135038468692553,0.008697934116679146,0.918716136100415,0.009460165172183963,0.838003428275013,0.019030100876819535,missing,imbalance,0.1,0.3,0.006057212335957685,0.01921693010773573,0.01516202184132942,0.030014995050055226,0.006057212335957685
Spambase,GB,Boosting,0.0,0.1,0.0,0.3,4057,42,0.9440437214896165,0.007404849112072611,0.9283748588642989,0.008764524871446144,0.9340409930897178,0.008668627705702795,0.8687622997137551,0.017291742401152724,missing,imbalance,0.1,0.3,0.003649003808972151,0.014610285185532312,0.01091619803037136,0.02151941062251672,0.003649003808972151
Spambase,GB,Boosting,0.0,0.1,0.0,0.3,4057,43,0.9452813226995804,0.0054707448034352285,0.9303524830166789,0.00813226469470377,0.9355454914003607,0.006699710911126638,0.8716403945091052,0.013091123593907293,missing,imbalance,0.1,0.3,0.0024114025990081833,0.012632661033152304,0.009411699719728439,0.01864131582716655,0.0024114025990081833
Bank,LR,Linear,0.0,0.1,0.0,0.3,4824,42,0.9203988132350096,0.0035965885646170458,0.6015746256619481,0.01635751919465,0.6367420984956711,0.020418417091254245,0.32269341738478435,0.03757186410138894,missing,imbalance,0.1,0.3,-0.02426547990167638,0.04006469638507493,0.039945131779523635,0.0629672497238219,-0.02426547990167638
Bank,LR,Linear,0.0,0.1,0.0,0.3,4824,43,0.9172889299765657,0.005212629941172725,0.589889402794871,0.020333908518830136,0.6207544453946003,0.02705991028964707,0.2880413811200563,0.057236693610141595,missing,imbalance,0.1,0.3,-0.02115559664323252,0.051749919252152,0.05593278488059439,0.09761928598854996,-0.02115559664323252
Bank,RF,Ensemble,0.0,0.1,0.0,0.3,4824,42,0.9172889299765657,0.0022945331851486825,0.5432758454299026,0.014885168929555343,0.5572500757878318,0.024068896136599943,0.2061877679016389,0.042500917200603706,missing,imbalance,0.1,0.3,-0.02135559664323239,0.06018909699313724,0.08019037481377767,0.1366375405291168,-0.02135559664323239
Bank,RF,Ensemble,0.0,0.1,0.0,0.3,4824,43,0.9154236450024724,0.0030255754272105347,0.5400892361761166,0.014235637448773618,0.5522458399356817,0.022922027806434275,0.1832950260444944,0.049915874600325434,missing,imbalance,0.1,0.3,-0.01949031166913906,0.06337570624692324,0.08519461066592782,0.1595302823862613,-0.01949031166913906
Bank,XGB,Boosting,0.0,0.1,0.0,0.3,4824,42,0.9102427278395288,0.0088360866265824,0.5727185831063042,0.016973489647057322,0.5959186600997807,0.025085319846012404,0.23094890611065608,0.06248632120862124,missing,imbalance,0.1,0.3,-0.014509394506195483,0.09167920609329705,0.09935881571419414,0.1780923482007176,-0.014509394506195483
Bank,XGB,Boosting,0.0,0.1,0.0,0.3,4824,43,0.9150091372304517,0.006832433821121992,0.5854151981811752,0.032039932054514136,0.612453809088613,0.04124022378409166,0.26653769872866917,0.08296320229444755,missing,imbalance,0.1,0.3,-0.01927580389711847,0.07898259101842608,0.08282366672536179,0.1425035555827045,-0.01927580389711847
Bank,SVM,Kernel,0.0,0.1,0.0,0.3,4824,42,0.9152159611291466,0.0023859753975279097,0.5177453577102777,0.0063720082194346295,0.5137375473557235,0.011859688982458021,0.1263744790097814,0.03669426603643711,missing,imbalance,0.1,0.3,-0.025015961129146613,0.07060986745128939,0.10238986214452872,0.16969950069060116,-0.025015961129146613
Bank,SVM,Kernel,0.0,0.1,0.0,0.3,4824,43,0.9160447616795306,0.002538570276216118,0.5237748355210996,0.00823686528662452,0.5248159496907537,0.014580511025217763,0.15411821079788907,0.052765508794212844,missing,imbalance,0.1,0.3,-0.025844761679530648,0.06458038964046753,0.09131145980949851,0.1419557689024935,-0.025844761679530648
Bank,MLP,Neural,0.0,0.1,0.0,0.3,4824,42,0.9160445466858729,0.0020816335660074838,0.5258970251084165,0.03328244248418294,0.5229854574524699,0.05510654060520503,0.10797427044913585,0.11810654674181374,missing,imbalance,0.1,0.3,-0.02504454668587286,0.09331067462023446,0.1237012275297863,0.22620076539512898,-0.02504454668587286
Bank,MLP,Neural,0.0,0.1,0.0,0.3,4824,43,0.9137649689334164,0.001989849870067203,0.5202262243460487,0.021267306297618013,0.5150337431124273,0.03770292033307403,0.0885868322841156,0.07835972662198536,missing,imbalance,0.1,0.3,-0.022764968933416396,0.09898147538260227,0.1316529418698289,0.24558820356014924,-0.022764968933416396
Bank,GB,Boosting,0.0,0.1,0.0,0.3,4824,42,0.9121075828263067,0.008666395312065107,0.5958931853065857,0.02366042570953546,0.623299210372217,0.030410379082390096,0.2759224142974731,0.06564482849624984,missing,imbalance,0.1,0.3,-0.01770758282630669,0.06997395372023618,0.0716802487077074,0.13007356534108966,-0.01770758282630669
Bank,GB,Boosting,0.0,0.1,0.0,0.3,4824,43,0.9131419173134393,0.005587868206832766,0.5953983419285558,0.017988303672258118,0.6233135013773898,0.024003451582133843,0.27802396257064127,0.05173650068521989,missing,imbalance,0.1,0.3,-0.018741917313439327,0.07046879709826614,0.07166595770253459,0.1279720170679215,-0.018741917313439327
Wine,LR,Linear,0.0,0.1,0.0,0.3,145,42,0.9586206896551724,0.04021346134376069,0.9619047619047618,0.03868589716493316,0.9579479199087043,0.04080700932673291,0.9357758445754542,0.06261110072025197,missing,imbalance,0.1,0.3,0.02651158547710253,0.023880070546737353,0.026924567070896188,0.042342389731924945,0.02651158547710253
Wine,LR,Linear,0.0,0.1,0.0,0.3,145,43,0.9586206896551724,0.025804533701889266,0.9585714285714285,0.022375604449426538,0.9574347761771698,0.025504854234501665,0.9364202545210079,0.03937487483692223,missing,imbalance,0.1,0.3,0.02651158547710253,0.027213403880070652,0.027437710802430737,0.04169797978637124,0.02651158547710253
Wine,RF,Ensemble,0.0,0.1,0.0,0.3,145,42,0.9655172413793103,0.030842316931031594,0.9726190476190478,0.025973124082465944,0.9669000135666803,0.02933952286531582,0.9481940544038269,0.04635315162852974,missing,imbalance,0.1,0.3,0.01765736179529298,0.012830687830687637,0.016830733052955238,0.02688358153696946,0.01765736179529298
Wine,RF,Ensemble,0.0,0.1,0.0,0.3,145,43,0.9586206896551726,0.03378606541769901,0.9624603174603175,0.023612411595504302,0.9580406481555906,0.03230764133999726,0.938193223356717,0.04864212996085239,missing,imbalance,0.1,0.3,0.024553913519430703,0.022989417989418004,0.025690098464044908,0.036884412584079374,0.024553913519430703
Wine,XGB,Boosting,0.0,0.1,0.0,0.3,145,42,0.9517241379310345,0.041379310344827586,0.9523809523809526,0.0417516140875004,0.9523891625615765,0.041219605549495004,0.924725424174562,0.06434381530824317,missing,imbalance,0.1,0.3,0.00525998905309244,0.006568863235529854,0.004751929041650449,0.011319728637268156,0.00525998905309244
Wine,XGB,Boosting,0.0,0.1,0.0,0.3,145,43,0.9241379310344827,0.025804533701889256,0.9255555555555555,0.013167429678323166,0.9189276696308475,0.02227980570092784,0.8844565513819477,0.03754354832962714,missing,imbalance,0.1,0.3,0.03284619594964422,0.03339426006092694,0.038213421972379424,0.05158860142988253,0.03284619594964422
Wine,SVM,Kernel,0.0,0.1,0.0,0.3,145,42,0.9793103448275863,0.016893032708849485,0.980952380952381,0.01781741612749493,0.979681456317875,0.016751938041326575,0.9684169537445891,0.025790932621790892,missing,imbalance,0.1,0.3,0.003864258347016869,0.0010309443642776417,0.0031506234028904068,0.006612177786259776,0.003864258347016869
Wine,SVM,Kernel,0.0,0.1,0.0,0.3,145,43,0.9655172413793103,0.021808811449437106,0.9570634920634922,0.032152555855990084,0.961914637087051,0.024737626641128444,0.9470218640072403,0.03305451479189588,missing,imbalance,0.1,0.3,0.01765736179529287,0.02491983325316649,0.02091744263371431,0.028007267523608603,0.01765736179529287
Wine,MLP,Neural,0.0,0.1,0.0,0.3,145,42,0.8344827586206897,0.10321813480755701,0.8426455026455028,0.09365365583166999,0.8362655999536244,0.1006178721990679,0.7532085049226629,0.1477386990033333,missing,imbalance,0.1,0.3,0.08498814085020978,0.08110149110149112,0.08474505498995544,0.12978379930068207,0.08498814085020978
Wine,MLP,Neural,0.0,0.1,0.0,0.3,145,43,0.8,0.14032406861638486,0.8222751322751323,0.11677698176296433,0.8023364531194146,0.1384732551765721,0.7134289769318765,0.18718486220059036,missing,imbalance,0.1,0.3,0.1194708994708994,0.1014718614718616,0.11867420182416522,0.1695633272914685,0.1194708994708994
Wine,GB,Boosting,0.0,0.1,0.0,0.3,145,42,0.903448275862069,0.04021346134376072,0.8896031746031745,0.060545413034816864,0.8968082039414021,0.04720379703523089,0.8503779889552396,0.06056592517376857,missing,imbalance,0.1,0.3,0.027345374931581845,0.03928250761584107,0.035149960634818456,0.0482496934708333,0.027345374931581845
Wine,GB,Boosting,0.0,0.1,0.0,0.3,145,43,0.9241379310344829,0.055172413793103475,0.9140476190476191,0.059848637498533266,0.9169531092371285,0.059136630140551226,0.8822036648822253,0.0879965303489947,missing,imbalance,0.1,0.3,0.0066557197591679,0.014838063171396465,0.015005055339092133,0.01642401754384759,0.0066557197591679
BreastCancer,LR,Linear,0.0,0.1,0.0,0.3,505,42,0.9702970297029703,0.017711429524750823,0.9553148777723812,0.023691591751601373,0.9634750956737396,0.02164630522303826,0.9281557894672001,0.04278660189569202,missing,imbalance,0.1,0.3,0.005126041248745383,0.015588167545174447,0.009975149698370767,0.019814010216773315,0.005126041248745383
BreastCancer,LR,Linear,0.0,0.1,0.0,0.3,505,43,0.9801980198019802,0.00626193596072947,0.9722701149425287,0.006470162940005642,0.9759116419329745,0.007572116590636646,0.9523896865680683,0.015150590985468079,missing,imbalance,0.1,0.3,-0.0047749488502645265,-0.0013670696249730163,-0.002461396560864193,-0.004419886884094892,-0.0047749488502645265
BreastCancer,RF,Ensemble,0.0,0.1,0.0,0.3,505,42,0.9643564356435643,0.011881188118811892,0.9552865468674113,0.014830276159612799,0.9568942280511534,0.014050830098361677,0.9158754020765002,0.026576252733313883,missing,imbalance,0.1,0.3,-0.0030046786700094197,0.0022002992740368654,0.0016242227618957772,0.002822962043421473,-0.0030046786700094197
BreastCancer,RF,Ensemble,0.0,0.1,0.0,0.3,505,43,0.9564356435643564,0.018363600981179593,0.9475933570773301,0.025735315126302394,0.9473209940990704,0.022412292840044114,0.8949674042430157,0.04507779705637063,missing,imbalance,0.1,0.3,0.004916113409198508,0.009893489064118133,0.01119745671397876,0.023730959876905988,0.004916113409198508
BreastCancer,XGB,Boosting,0.0,0.1,0.0,0.3,505,42,0.9623762376237623,0.022050551932000107,0.9492995521018834,0.03152053768590412,0.9536571246462298,0.02761899477278956,0.9083004017544323,0.05428704352317941,missing,imbalance,0.1,0.3,0.004823472566166664,0.013099865939526056,0.010988674916391328,0.022320306235205534,0.004823472566166664
BreastCancer,XGB,Boosting,0.0,0.1,0.0,0.3,505,43,0.9603960396039604,0.008855714762375412,0.9524696454589605,0.010539646273287016,0.952287760282345,0.010295035254821583,0.9056623006650011,0.02067795894030911,missing,imbalance,0.1,0.3,0.006803670585968646,0.009929772582448981,0.012358039280276123,0.024958407324636722,0.006803670585968646
BreastCancer,SVM,Kernel,0.0,0.1,0.0,0.3,505,42,0.9722772277227723,0.019198732108579537,0.9607075980788948,0.0259266612647866,0.9660777916066021,0.023468476495948607,0.9327161062361501,0.04664471054324758,missing,imbalance,0.1,0.3,0.003135492869268397,0.011387894774868568,0.0074938571726596015,0.014986252975189407,0.003135492869268397
BreastCancer,SVM,Kernel,0.0,0.1,0.0,0.3,505,43,0.9762376237623762,0.010097068343748097,0.9675087690896337,0.013527756818308296,0.9711200327116277,0.012294021972777259,0.9428021258072767,0.024376762589080257,missing,imbalance,0.1,0.3,-0.0008249031703355669,0.004586723764129719,0.0024516160676339993,0.004900233404062759,-0.0008249031703355669
BreastCancer,MLP,Neural,0.0,0.1,0.0,0.3,505,42,0.9267326732673267,0.014818445096134392,0.8986378231072256,0.01900516558802452,0.9090162097389307,0.019039315349490386,0.8202876893439532,0.038382423908603434,missing,imbalance,0.1,0.3,0.01996814958626736,0.039380770799019804,0.03316424870497703,0.06557220531125929,0.01996814958626736
BreastCancer,MLP,Neural,0.0,0.1,0.0,0.3,505,43,0.9128712871287128,0.029636890192268818,0.8773051913010631,0.03511263754005518,0.8909356955535671,0.036254864782215,0.786762055503702,0.07230870305614776,missing,imbalance,0.1,0.3,0.03382953572488123,0.06071340260518232,0.051244762890340634,0.09909783915151049,0.03382953572488123
BreastCancer,GB,Boosting,0.0,0.1,0.0,0.3,505,42,0.9485148514851485,0.02114272921194319,0.9318949328152826,0.02749378608698382,0.9369514431700813,0.025794400972916763,0.876233503126036,0.05054967440700222,missing,imbalance,0.1,0.3,0.007553046874319569,0.019121263414637824,0.01580293255068932,0.03037758799255441,0.007553046874319569
BreastCancer,GB,Boosting,0.0,0.1,0.0,0.3,505,43,0.9603960396039604,0.010845991237726072,0.9524500836436243,0.014538413822795063,0.952251454589063,0.012862251024556357,0.9050461181458095,0.0258241269926915,missing,imbalance,0.1,0.3,-0.004328141244492323,-0.0014338874137038715,0.0005029211317075788,0.0015649729727809092,-0.004328141244492323
Digits,LR,Linear,0.0,0.1,0.0,0.3,1528,42,0.8586499517839924,0.016138766860440208,0.8510420240287644,0.014876097413968989,0.8530937031914126,0.016239403393728043,0.7070502166731494,0.033144533579391365,missing,imbalance,0.1,0.3,0.034134016027830505,0.041762897933847576,0.03967670542783519,0.07879970304065775,0.034134016027830505
Digits,LR,Linear,0.0,0.1,0.0,0.3,1528,43,0.863222972249009,0.017205918081393066,0.8573247741822329,0.01875322336922912,0.8582420338372397,0.018137872705886255,0.716635069121946,0.03614911932298401,missing,imbalance,0.1,0.3,0.029560995562813885,0.03548014778037911,0.0345283747820081,0.06921485059186117,0.029560995562813885
Digits,RF,Ensemble,0.0,0.1,0.0,0.3,1528,42,0.9528918889960355,0.011392778661447096,0.9482087871612734,0.012820517158811306,0.9509792650960567,0.01196679166574021,0.9027737453928518,0.023463560956006012,missing,imbalance,0.1,0.3,0.024850811922152993,0.029531598058663566,0.02676209598103585,0.052777546927343044,0.024850811922152993
Digits,RF,Ensemble,0.0,0.1,0.0,0.3,1528,43,0.9574499089253188,0.012099525024933375,0.9520219065158291,0.013641246547077122,0.9556189443852036,0.012666434152192659,0.9123793278861532,0.024978409615007663,missing,imbalance,0.1,0.3,0.020292791992869708,0.025718478704107928,0.02212241669188897,0.0431719644340417,0.020292791992869708
Digits,XGB,Boosting,0.0,0.1,0.0,0.3,1528,42,0.9542033644058716,0.01638427782916625,0.9507548189073052,0.017125998864499174,0.952486950630283,0.01704381114814042,0.9052978916287937,0.0340178163773487,missing,imbalance,0.1,0.3,0.015929205489929488,0.019373305760465587,0.017643583789949346,0.03504838180211467,0.015929205489929488
Digits,XGB,Boosting,0.0,0.1,0.0,0.3,1528,43,0.9528897460623593,0.02008340978270922,0.9496056125580988,0.020002707259370704,0.9511789330697266,0.02066963285644715,0.9027204517254954,0.041366894391845446,missing,imbalance,0.1,0.3,0.01724282383344178,0.02052251210967193,0.018951601350505776,0.037625821705412954,0.01724282383344178
Digits,SVM,Kernel,0.0,0.1,0.0,0.3,1528,42,0.9666280938604951,0.00978970489865747,0.9646662457248093,0.010189967028060581,0.9654586717626497,0.010130212410224175,0.9309749086536179,0.020251031614913775,missing,imbalance,0.1,0.3,0.014085307563212801,0.016051574784054057,0.015253479488782307,0.030534152966002148,0.014085307563212801
Digits,SVM,Kernel,0.0,0.1,0.0,0.3,1528,43,0.9712096860602164,0.012963285796324574,0.9687965096904325,0.013400632071359725,0.970165522130741,0.013408853764909578,0.9404831747274125,0.02682247497347636,missing,imbalance,0.1,0.3,0.009503715363491483,0.011921310818430841,0.010546629120690931,0.021025886892207524,0.009503715363491483
Digits,MLP,Neural,0.0,0.1,0.0,0.3,1528,42,0.9463387978142077,0.011441284047613753,0.9443227571691661,0.010895654571648013,0.9445493553798183,0.011737214493484924,0.8892830241306994,0.023604503993127832,missing,imbalance,0.1,0.3,0.01730713223840763,0.019329910437173026,0.019095362934852034,0.038076334510344756,0.01730713223840763
Digits,MLP,Neural,0.0,0.1,0.0,0.3,1528,43,0.9326154505518055,0.02524227698180904,0.9299985267034991,0.028202669733305884,0.9301927216558752,0.026477995122772116,0.8606752026648264,0.052810032061997365,missing,imbalance,0.1,0.3,0.031030479500809838,0.033654140902840024,0.03345199665879517,0.06668415597621768,0.031030479500809838
Digits,GB,Boosting,0.0,0.1,0.0,0.3,1528,42,0.9509332476159862,0.01458137107859337,0.9479930193808647,0.016080114670901587,0.9491361542772246,0.015212689787187046,0.8986217423022698,0.030213336448946075,missing,imbalance,0.1,0.3,0.01623120095514763,0.019166958121870303,0.018025482879829413,0.035808210374510874,0.01623120095514763
Digits,GB,Boosting,0.0,0.1,0.0,0.3,1528,43,0.9476524161577199,0.017393194283806788,0.9446943962115233,0.017111637880558923,0.945808097276816,0.017875462786531904,0.8917656799243472,0.035822744381456516,missing,imbalance,0.1,0.3,0.019512032413413927,0.022465581291211678,0.021353539880238026,0.04266427275243345,0.019512032413413927
Spambase,LR,Linear,0.0,0.1,0.0,0.6,3513,42,0.923995655574603,0.0038988097959959415,0.8602578013516359,0.008533447699959363,0.8780518088371443,0.005869173725258336,0.7595834502491379,0.011806924443082501,missing,imbalance,0.1,0.6,0.001239123886914828,0.05801961492719532,0.043089308114501845,0.0834239103459471,0.001239123886914828
Spambase,LR,Linear,0.0,0.1,0.0,0.6,3513,43,0.9208678313941473,0.005980990330292111,0.8547162649635973,0.018186653664007405,0.8725880710540105,0.011728633821440348,0.7492505387933189,0.021084819103628034,missing,imbalance,0.1,0.6,0.00436694806737048,0.06356115131523388,0.04855304589763565,0.09375682180176603,0.00436694806737048
Spambase,RF,Ensemble,0.0,0.1,0.0,0.6,3513,42,0.9453461558724717,0.004079152004679826,0.8931026006465501,0.009970221877910907,0.9123384364337561,0.006607420716591236,0.8282701957192531,0.013092224204285786,missing,imbalance,0.1,0.6,-0.0005506437479694259,0.04430936426424781,0.029251533065542623,0.0559966197527344,-0.0005506437479694259
Spambase,RF,Ensemble,0.0,0.1,0.0,0.6,3513,43,0.9425012056591004,0.0072729155020694455,0.8856962487077537,0.017592703546998812,0.9069974160991734,0.012976762457972834,0.8183664478010864,0.024319283204180763,missing,imbalance,0.1,0.6,0.002294306465401852,0.05171571620304427,0.03459255340012535,0.06590036767090113,0.002294306465401852
Spambase,XGB,Boosting,0.0,0.1,0.0,0.6,3513,42,0.952463799832221,0.0036486987501078935,0.915957895456241,0.005619469319767985,0.9257511064940239,0.005059602610246348,0.8525851742812989,0.011027209367237164,missing,imbalance,0.1,0.6,-0.002089600395565827,0.030141083374101263,0.022063692576106853,0.04331430928324298,-0.002089600395565827
Spambase,XGB,Boosting,0.0,0.1,0.0,0.6,3513,43,0.9490466174676702,0.003961434725432761,0.9076807464108334,0.011297709806287594,0.9197806034138717,0.007084128454606121,0.8409202792103974,0.013268913957080483,missing,imbalance,0.1,0.6,0.00132758196898497,0.03841823241950881,0.028034195656259087,0.054979204354144495,0.00132758196898497
Spambase,SVM,Kernel,0.0,0.1,0.0,0.6,3513,42,0.9302614355245934,0.009800871640122173,0.8698195170864984,0.02122036384499849,0.8878811023423179,0.01719405328955213,0.7791473927719307,0.03292273803189647,missing,imbalance,0.1,0.6,0.0026530871272185674,0.056470512898134095,0.041359301564920514,0.07994455252505339,0.0026530871272185674
Spambase,SVM,Kernel,0.0,0.1,0.0,0.6,3513,43,0.9333925018135545,0.006371291068505907,0.8743440269981031,0.011211768647442704,0.893052247618605,0.010503659010262865,0.7893345262920359,0.020717409066080255,missing,imbalance,0.1,0.6,-0.0004779791617425255,0.051946002986529405,0.036188156288633366,0.06975741900494814,-0.0004779791617425255
Spambase,MLP,Neural,0.0,0.1,0.0,0.6,3513,42,0.937375432112274,0.007739373621251388,0.8906320718523386,0.013854499768910266,0.9016151992056172,0.012508798501894493,0.8043221848957393,0.024781452296168443,missing,imbalance,0.1,0.6,-0.0003314188311838162,0.04208870512465246,0.03226295873612728,0.06369623842932892,-0.0003314188311838162
Spambase,MLP,Neural,0.0,0.1,0.0,0.6,3513,43,0.9422167106377632,0.007223035417644025,0.8977657556426706,0.01465049203589897,0.9091387541717836,0.011864306338538825,0.819654320062426,0.02314282352820379,missing,imbalance,0.1,0.6,-0.005172697356673028,0.03495502133432049,0.024739403769960866,0.04836410326264218,-0.005172697356673028
Spambase,GB,Boosting,0.0,0.1,0.0,0.6,3513,42,0.9530315740842058,0.0038197612739399632,0.9086609498285549,0.012014457190592992,0.9252257550086348,0.006941741447012914,0.8529640017522085,0.01258328198640513,missing,imbalance,0.1,0.6,-0.0053388487856171896,0.034324194221276305,0.019731436111454337,0.03731770858406325,-0.0053388487856171896
Spambase,GB,Boosting,0.0,0.1,0.0,0.6,3513,43,0.9490486437854859,0.008915610713635454,0.9041098926994486,0.01745406594539512,0.9191344046796825,0.014768305072767197,0.840266549575343,0.028896086985917318,missing,imbalance,0.1,0.6,-0.0013559184868973118,0.03887525135038261,0.025822786440406587,0.05001516076092882,-0.0013559184868973118
Bank,LR,Linear,0.0,0.1,0.0,0.6,4649,42,0.944719376830214,0.0021048091330040154,0.5237213246825901,0.011311194373523495,0.5316151904637827,0.018252137408841452,0.10120928517477493,0.04685833707493332,missing,imbalance,0.1,0.6,-0.04858604349688078,0.11791799736443287,0.14507203981141203,0.28445138193383135,-0.04858604349688078
Bank,LR,Linear,0.0,0.1,0.0,0.6,4649,43,0.9494519485630288,0.0029568179952682455,0.5627034655005694,0.028570427827845257,0.588903157665136,0.04149571869472881,0.22954583450081173,0.07929984596550808,missing,imbalance,0.1,0.6,-0.05331861522969561,0.07893585654645363,0.08778407261005872,0.15611483260779452,-0.05331861522969561
Bank,RF,Ensemble,0.0,0.1,0.0,0.6,4649,42,0.950096878363832,0.001455577934075905,0.5123592097833158,0.008227706557133315,0.5116845918798856,0.015386258955807156,0.11783591829163934,0.0725356032650726,missing,imbalance,0.1,0.6,-0.054163545030498694,0.09110573263972399,0.1257558587217239,0.22498939013911637,-0.054163545030498694
Bank,RF,Ensemble,0.0,0.1,0.0,0.6,4649,43,0.9516024861974375,0.001178082209789474,0.5292672360959347,0.016619927716087154,0.5414850671578012,0.029428220362668858,0.19701415401285022,0.05503193570308792,missing,imbalance,0.1,0.6,-0.05566915286410412,0.0741977063271051,0.09595538344380827,0.1458111544179055,-0.05566915286410412
Bank,XGB,Boosting,0.0,0.1,0.0,0.6,4649,42,0.9449339676146163,0.00438118898940564,0.5319384656000955,0.018340597772266577,0.5445505176941352,0.02877330447200319,0.13107049101269064,0.0737239596321769,missing,imbalance,0.1,0.6,-0.04920063428128307,0.13245932359950574,0.1507269581198396,0.27797076329868303,-0.04920063428128307
Bank,XGB,Boosting,0.0,0.1,0.0,0.6,4649,43,0.9481611630033451,0.0012429127803494527,0.5477380848863779,0.012887202693305717,0.5686204632315959,0.01764871282696455,0.19249894875862045,0.023652853590869057,missing,imbalance,0.1,0.6,-0.052427829670011805,0.11665970431322337,0.12665701258237894,0.21654230555275322,-0.052427829670011805
Bank,SVM,Kernel,0.0,0.1,0.0,0.6,4649,42,0.9498818246003913,0.0008524573182115216,0.5041420688658105,0.005308177304148839,0.4954760443644076,0.010341693628438143,0.05536926195228026,0.07095726052952978,missing,imbalance,0.1,0.6,-0.05968182460039129,0.08421315629575665,0.12065136513584462,0.24070471774810231,-0.05968182460039129
Bank,SVM,Kernel,0.0,0.1,0.0,0.6,4649,43,0.9500971098533515,0.00108236875055469,0.5063159819092886,0.005391784760722512,0.4997851798405959,0.010527147419509013,0.08413380263346792,0.07182746862048642,missing,imbalance,0.1,0.6,-0.059897109853351505,0.08203924325227852,0.11634222965965635,0.21194017706691465,-0.059897109853351505
Bank,MLP,Neural,0.0,0.1,0.0,0.6,4649,42,0.9477310554764633,0.003995608444087459,0.5111597101379433,0.008032898735227707,0.5098634225929403,0.015003302934695352,0.08321418253373943,0.06052532831678232,missing,imbalance,0.1,0.6,-0.05673105547646329,0.10804798959070772,0.13682326238931597,0.2509608533105254,-0.05673105547646329
Bank,MLP,Neural,0.0,0.1,0.0,0.6,4649,43,0.949881593110872,0.0005360236668491051,0.5162285246138647,0.014031330865112438,0.518045804698954,0.026232380311225316,0.09924039956314537,0.08604633664272286,missing,imbalance,0.1,0.6,-0.05888159311087193,0.10297917511478627,0.12864088028330223,0.23493463628111946,-0.05888159311087193
Bank,GB,Boosting,0.0,0.1,0.0,0.6,4649,42,0.9423528594742873,0.003446519998511651,0.5507235551160108,0.01787818435090119,0.568788996611821,0.025286030435816165,0.1630659267557042,0.05683652595529043,missing,imbalance,0.1,0.6,-0.04795285947428729,0.11514358391081114,0.1261904624681034,0.24293005288285857,-0.04795285947428729
Bank,GB,Boosting,0.0,0.1,0.0,0.6,4649,43,0.9438589302869312,0.0029945847305235997,0.5575595349719179,0.0263103426112847,0.5772470744696551,0.03251048913627154,0.18249581945516558,0.06269557392578559,missing,imbalance,0.1,0.6,-0.04945893028693127,0.10830760405490403,0.11773238461026936,0.2235001601833972,-0.04945893028693127
Wine,LR,Linear,0.0,0.1,0.0,0.6,113,42,0.9557312252964427,0.02751510558728399,0.9523809523809523,0.04054615801411049,0.9469956820531532,0.03407048815511819,0.9212570992360745,0.04996383464142897,missing,imbalance,0.1,0.6,0.02940104983583225,0.03340388007054684,0.037876804926447294,0.056861135071304636,0.02940104983583225
Wine,LR,Linear,0.0,0.1,0.0,0.6,113,43,0.9648221343873518,0.03265118802855872,0.9400000000000001,0.056371781750959214,0.9570954205436966,0.04017119909855475,0.9362640671002381,0.0589104571935426,missing,imbalance,0.1,0.6,0.02031014074492321,0.04578483245149911,0.02777706643590394,0.04185416720714097,0.02031014074492321
Wine,RF,Ensemble,0.0,0.1,0.0,0.6,113,42,0.9470355731225297,0.03233868327127712,0.9357142857142857,0.03734377890799553,0.9374121408604166,0.03576972595565618,0.907363565664119,0.05424288591387283,missing,imbalance,0.1,0.6,0.03613903005207353,0.049735449735449744,0.04631860575921898,0.06771407027667731,0.03613903005207353
Wine,RF,Ensemble,0.0,0.1,0.0,0.6,113,43,0.9375494071146244,0.036000940827622785,0.9204761904761904,0.05544296982029671,0.9237898755140135,0.04591031069859252,0.8864532936657701,0.06695155602344181,missing,imbalance,0.1,0.6,0.045625196059978834,0.06497354497354502,0.05994087110562207,0.08862434227502625,0.045625196059978834
Wine,XGB,Boosting,0.0,0.1,0.0,0.6,113,42,0.9201581027667984,0.06468944290364727,0.8804761904761904,0.10621716512786648,0.8927452411360457,0.08936158472602322,0.8511135387869901,0.1230635452243686,missing,imbalance,0.1,0.6,0.0368260242173285,0.07847362514029199,0.06439585046718121,0.08493161402484006,0.0368260242173285
Wine,XGB,Boosting,0.0,0.1,0.0,0.6,113,43,0.9197628458498024,0.05210199858745956,0.8990476190476191,0.061030455948550624,0.9026564495530014,0.06259452742467989,0.8503493886814522,0.09615309499453026,missing,imbalance,0.1,0.6,0.037221281134324546,0.05990219656886331,0.05448464205022552,0.08569576413037805,0.037221281134324546
Wine,SVM,Kernel,0.0,0.1,0.0,0.6,113,42,0.9561264822134387,0.04763460836421449,0.9438095238095239,0.06623328523153865,0.9473301708933892,0.05664269062688965,0.9203752757629179,0.08796207626151852,missing,imbalance,0.1,0.6,0.02704812096116449,0.038173801507134786,0.03550190882737614,0.054653855767931026,0.02704812096116449
Wine,SVM,Kernel,0.0,0.1,0.0,0.6,113,43,0.9478260869565217,0.05070392952039393,0.9185714285714287,0.07280265625215616,0.9358310527276045,0.060512110134067765,0.9050607383145698,0.09310845258773573,missing,imbalance,0.1,0.6,0.03534851621808144,0.06341189674522996,0.04700102699316089,0.06996839321627912,0.03534851621808144
Wine,MLP,Neural,0.0,0.1,0.0,0.6,113,42,0.7976284584980238,0.09981000244767417,0.7296825396825397,0.07061726192678233,0.7605255478670385,0.09458524517589711,0.6258918783824157,0.16492508106416526,missing,imbalance,0.1,0.6,0.12184244097287567,0.19406445406445416,0.1604851070765413,0.2571004258409293,0.12184244097287567
Wine,MLP,Neural,0.0,0.1,0.0,0.6,113,43,0.8063241106719368,0.10406597460087917,0.7723809523809524,0.08228042311030544,0.7659297834781706,0.09455040509397988,0.6627891434388469,0.15792088282380165,missing,imbalance,0.1,0.6,0.11314678879896267,0.15136604136604148,0.15508087146540916,0.2202031607844981,0.11314678879896267
Wine,GB,Boosting,0.0,0.1,0.0,0.6,113,42,0.8486166007905138,0.06208931372603618,0.7657142857142857,0.10648581607398848,0.7895690390851681,0.10169824172005659,0.7117749291315196,0.12201257115265453,missing,imbalance,0.1,0.6,0.08217705000313702,0.1631713965047299,0.14238912549105254,0.1868527532945533,0.08217705000313702
Wine,GB,Boosting,0.0,0.1,0.0,0.6,113,43,0.8849802371541502,0.034872324110850214,0.8442857142857143,0.0525236152480973,0.8567436267436268,0.0449946618530995,0.786167655343828,0.0654321403898745,missing,imbalance,0.1,0.6,0.045813413639500644,0.08459996793330127,0.0752145378325938,0.1124600270822449,0.045813413639500644
BreastCancer,LR,Linear,0.0,0.1,0.0,0.6,441,42,0.97732379979571,0.020328147335807126,0.9501242750621376,0.045119131533037315,0.9617254703347671,0.03435410430540736,0.9263150973061874,0.06596819965825934,missing,imbalance,0.1,0.6,-0.0019007288439943926,0.020778770255418078,0.01172477503734326,0.021654702377785995,-0.0019007288439943926
BreastCancer,LR,Linear,0.0,0.1,0.0,0.6,441,43,0.9773493360572012,0.007066488480665153,0.9497761898186505,0.021383555033026372,0.9619835791658472,0.012656698930901543,0.9259229314588321,0.023504539493164563,missing,imbalance,0.1,0.6,-0.0019262651054855473,0.02112685549890514,0.011466666206263132,0.022046868225141347,-0.0019262651054855473
BreastCancer,RF,Ensemble,0.0,0.1,0.0,0.6,441,42,0.972829417773238,0.01689921795471436,0.9428530332320723,0.0363241454690555,0.9545528036605344,0.028642508047157362,0.910701130940016,0.05630972019216626,missing,imbalance,0.1,0.6,-0.011477660799683043,0.014633812909375932,0.003965647152514795,0.007997233179905638,-0.011477660799683043
BreastCancer,RF,Ensemble,0.0,0.1,0.0,0.6,441,43,0.9637129724208376,0.015087889999723953,0.9368515833563473,0.024658570141510346,0.940995949683104,0.024333146947409116,0.8825078519003837,0.048781629441561204,missing,imbalance,0.1,0.6,-0.0023612154472827385,0.02063526278510086,0.017522501129945245,0.03619051221953795,-0.0023612154472827385
BreastCancer,XGB,Boosting,0.0,0.1,0.0,0.6,441,42,0.972829417773238,0.01972027770100885,0.9380114839362974,0.051698756908601304,0.952906106049111,0.03583048390183485,0.9104383362034959,0.06587662303943162,missing,imbalance,0.1,0.6,-0.0056297075833089405,0.024387934105112086,0.011739693513510119,0.020182371786141906,-0.0056297075833089405
BreastCancer,XGB,Boosting,0.0,0.1,0.0,0.6,441,43,0.9592185903983657,0.011414908833224015,0.9296390269722913,0.023742931964426926,0.9332028468830489,0.019031180791527068,0.8681994131086549,0.03840513449313413,missing,imbalance,0.1,0.6,0.007981119791563351,0.03276039106911821,0.0314429526795722,0.062421294880982914,0.007981119791563351
BreastCancer,SVM,Kernel,0.0,0.1,0.0,0.6,441,42,0.9795965270684374,0.008490720544538774,0.9560261898186505,0.02763826147864191,0.9658837410096119,0.014871407157070077,0.9338622664147478,0.027798002376226105,missing,imbalance,0.1,0.6,-0.004183806476396712,0.016069303035112892,0.007687907769649782,0.013840092796591708,-0.004183806476396712
BreastCancer,SVM,Kernel,0.0,0.1,0.0,0.6,441,43,0.9728549540347293,0.015169828981194679,0.9380114839362974,0.03327472084776264,0.9539855641505115,0.026754671194083923,0.9104171953594072,0.05169353210344969,missing,imbalance,0.1,0.6,0.002557766557311325,0.03408400891746599,0.019586084628750222,0.03728516385193226,0.002557766557311325
BreastCancer,MLP,Neural,0.0,0.1,0.0,0.6,441,42,0.9410112359550562,0.016785503515153895,0.8538007456503728,0.0383028530362242,0.8921312311774774,0.03298714203724043,0.7995015115787585,0.06037979999975879,missing,imbalance,0.1,0.6,0.005689586898537824,0.08421784825587264,0.05004922726643035,0.08635838307645405,0.005689586898537824
BreastCancer,MLP,Neural,0.0,0.1,0.0,0.6,441,43,0.9184371807967313,0.0359999161542498,0.814054013624229,0.08546094092376412,0.8459715432383206,0.07270725280320792,0.71500548801822,0.13001088065323213,missing,imbalance,0.1,0.6,0.028263642056862714,0.1239645802820164,0.09620891520558716,0.17085440663699258,0.028263642056862714
BreastCancer,GB,Boosting,0.0,0.1,0.0,0.6,441,42,0.9456332992849846,0.019324117707266834,0.9122600800883733,0.051337449230087706,0.9112471020676874,0.03220227270165085,0.8317968260567008,0.05815850651016824,missing,imbalance,0.1,0.6,0.010434599074483408,0.03875611614154706,0.041507273653083154,0.0748142650618896,0.010434599074483408
BreastCancer,GB,Boosting,0.0,0.1,0.0,0.6,441,43,0.9456332992849849,0.014780488742878323,0.9078057396667587,0.036549557377247674,0.9105743049606799,0.025278540845277735,0.8241082347008499,0.05047117121941794,missing,imbalance,0.1,0.6,0.010434599074483186,0.04321045656316169,0.04218007076009067,0.08250285641774047,0.010434599074483186
Digits,LR,Linear,0.0,0.1,0.0,0.6,1259,42,0.8832416366280909,0.010812053773094056,0.8418882231387095,0.01940969221195251,0.8518490991707134,0.015480855280169317,0.7061583317739306,0.029124115788517955,missing,imbalance,0.1,0.6,0.009542331183732045,0.050916698823902484,0.04092130944853445,0.07969158793987652,0.009542331183732045
Digits,LR,Linear,0.0,0.1,0.0,0.6,1259,43,0.8848352621260988,0.01028367149018396,0.8487966133201912,0.01512677856085497,0.8555646972619186,0.012376238429745702,0.7131211938036707,0.025221938386112037,missing,imbalance,0.1,0.6,0.007948705685724144,0.04400830864242078,0.037205711357329196,0.07272872591013646,0.007948705685724144
Digits,RF,Ensemble,0.0,0.1,0.0,0.6,1259,42,0.9507525453740593,0.006463333748515485,0.919278439204904,0.01604863229740588,0.9366363429607896,0.009444385304892841,0.8785590766575136,0.015204176780854098,missing,imbalance,0.1,0.6,0.026990155544129202,0.05846194601503296,0.04110501811630296,0.07699221566268122,0.026990155544129202
Digits,RF,Ensemble,0.0,0.1,0.0,0.6,1259,43,0.9475716182887497,0.006877339392113463,0.9170366551673454,0.011470295273432855,0.9329420246258164,0.009116617924978055,0.8699817452134356,0.01741704914155048,missing,imbalance,0.1,0.6,0.030171082629438795,0.060703730052591554,0.044799336451276095,0.08556954710675924,0.030171082629438795
Digits,XGB,Boosting,0.0,0.1,0.0,0.6,1259,42,0.9507588692847657,0.008525528801550157,0.9276961585350036,0.012746686212943321,0.937940788112706,0.011081824581213795,0.8774823163511775,0.021652023701630867,missing,imbalance,0.1,0.6,0.019373700611035383,0.04243196613276712,0.03218974630752636,0.06286395707973091,0.019373700611035383
Digits,XGB,Boosting,0.0,0.1,0.0,0.6,1259,43,0.9531208499335989,0.011971775966600224,0.9310099300530006,0.014289881237756123,0.9410128207966061,0.015150389660829133,0.88341421006115,0.030529659398491664,missing,imbalance,0.1,0.6,0.017011719962202188,0.039118194614770174,0.02911771362362625,0.05693206336975842,0.017011719962202188
Digits,SVM,Kernel,0.0,0.1,0.0,0.6,1259,42,0.9674318598621386,0.003911659555344325,0.9528104600593122,0.006269382964296848,0.9593865397889827,0.004912040674214822,0.9195860773695198,0.010105589283711261,missing,imbalance,0.1,0.6,0.013281541561569243,0.02790736044955111,0.021325611462449268,0.041922984250100215,0.013281541561569243
Digits,SVM,Kernel,0.0,0.1,0.0,0.6,1259,43,0.9658224245873648,0.014863394619407153,0.946578908688472,0.025459162336481638,0.9566566939422858,0.019944700892883197,0.9152705970082969,0.037382299700201294,missing,imbalance,0.1,0.6,0.014890976836343106,0.034138911820391304,0.024055457309146155,0.04623846461132308,0.014890976836343106
Digits,MLP,Neural,0.0,0.1,0.0,0.6,1259,42,0.944403339024853,0.011758166235898156,0.92326092219369,0.017609891603469176,0.9303783641038624,0.015276459903670145,0.8617006040698142,0.030151823654098842,missing,imbalance,0.1,0.6,0.01924259102776238,0.040391745412649116,0.033266354210807925,0.06565875457122994,0.01924259102776238
Digits,MLP,Neural,0.0,0.1,0.0,0.6,1259,43,0.9372320242838171,0.015862397095314777,0.9113625831106962,0.03182692341996792,0.920307470096162,0.022845612616331636,0.8441394274948066,0.04062347875992849,missing,imbalance,0.1,0.6,0.026413905768798207,0.052290084495642986,0.04333724821850837,0.08321993114623749,0.026413905768798207
Digits,GB,Boosting,0.0,0.1,0.0,0.6,1259,42,0.9531429836210712,0.007243089409024079,0.9310294918683372,0.010820859267469667,0.9410060841681084,0.009492552942722977,0.8834383560457766,0.018602233932127184,missing,imbalance,0.1,0.6,0.014021464950062623,0.0361304856343978,0.026155552988945674,0.050991596631004055,0.014021464950062623
Digits,GB,Boosting,0.0,0.1,0.0,0.6,1259,43,0.9507430595079998,0.007869201682143804,0.925987298869954,0.011574543783412642,0.937713289536269,0.010123611949312139,0.8777793233245227,0.020561326898955196,missing,imbalance,0.1,0.6,0.016421389063134062,0.04117267863278096,0.029448347620785076,0.05665062935225795,0.016421389063134062
Spambase,LR,Linear,0.0,0.25,0.0,0.3,4057,42,0.9013994764111691,0.011042939076211702,0.8713603326050684,0.015704383496140888,0.8817822489528678,0.01382476227445909,0.7665262079813308,0.026809784208331796,missing,imbalance,0.25,0.3,0.023835303050348644,0.046917083673762794,0.0393588679987783,0.07648115261375421,0.023835303050348644
Spambase,LR,Linear,0.0,0.25,0.0,0.3,4057,43,0.9092946128661932,0.006471878252905277,0.8796837252810554,0.006302923154700058,0.8911477766873684,0.007151435884459043,0.7855425743912374,0.014933674538610994,missing,imbalance,0.25,0.3,0.0159401665953246,0.038593690997775765,0.02999334026427769,0.05746478620384754,0.0159401665953246
Spambase,RF,Ensemble,0.0,0.25,0.0,0.3,4057,42,0.9253099317876732,0.007622479419441844,0.8992810245986229,0.010146492496988683,0.9105231531984744,0.009307804456824968,0.8238077556031727,0.018347049072364275,missing,imbalance,0.25,0.3,0.019485580336829122,0.03813094031217501,0.031066816300824307,0.060459059868814835,0.019485580336829122
Spambase,RF,Ensemble,0.0,0.25,0.0,0.3,4057,43,0.9272855381363396,0.005570599524351481,0.9024375514953922,0.009279572138251577,0.9130340963249555,0.007103594008707668,0.8285093778056553,0.013442492810664041,missing,imbalance,0.25,0.3,0.017509973988162675,0.03497441341540575,0.02855587317434327,0.05575743766633223,0.017509973988162675
Spambase,XGB,Boosting,0.0,0.25,0.0,0.3,4057,42,0.9317214653198326,0.004193505076900124,0.9138250614953269,0.00707339054429271,0.9194508692455894,0.005242689944760889,0.8396721292745537,0.010257946395381624,missing,imbalance,0.25,0.3,0.018652734116822556,0.03227391733501528,0.02836392982454139,0.05622735428998815,0.018652734116822556
Spambase,XGB,Boosting,0.0,0.25,0.0,0.3,4057,43,0.9327057758772543,0.007362016696657132,0.9136808378428043,0.011184033195466084,0.9203678620087571,0.009044696079079602,0.8417392805744687,0.017683511183734145,missing,imbalance,0.25,0.3,0.017668423559400792,0.032418140987537925,0.02744693706137369,0.05416020299007318,0.017668423559400792
Spambase,SVM,Kernel,0.0,0.25,0.0,0.3,4057,42,0.9112614117461263,0.006374708108798667,0.8828358003512362,0.00950193920027952,0.8936564701467414,0.007989283196297155,0.7901380697941058,0.015585765896438203,missing,imbalance,0.25,0.3,0.02165311090568567,0.04345422963339629,0.035583933760496955,0.06895387550287824,0.02165311090568567
Spambase,SVM,Kernel,0.0,0.25,0.0,0.3,4057,43,0.9122527075373711,0.005271940554447659,0.8807641211258577,0.005539276478353,0.8941207412708202,0.005953261853534901,0.7925494833444063,0.012663381037440956,missing,imbalance,0.25,0.3,0.020661815114440873,0.04552590885877483,0.03511966263641819,0.06654246195257774,0.020661815114440873
Spambase,MLP,Neural,0.0,0.25,0.0,0.3,4057,42,0.9156982500470743,0.0076950152194017254,0.891652281642797,0.010084690328776284,0.8998025433973131,0.009124800291251175,0.8013060684238631,0.018346156237381804,missing,imbalance,0.25,0.3,0.021345763234015935,0.0410684953341941,0.03407561454443131,0.06671235490120508,0.021345763234015935
Spambase,MLP,Neural,0.0,0.25,0.0,0.3,4057,43,0.9176781082771985,0.010970305909365041,0.8941513880105714,0.013645806329072571,0.9021876916860384,0.013113138264547654,0.8060781038152911,0.02596152803906114,missing,imbalance,0.25,0.3,0.01936590500389168,0.038569388966419704,0.03169046625570604,0.061940319509777075,0.01936590500389168
Spambase,GB,Boosting,0.0,0.25,0.0,0.3,4057,42,0.9302405957493333,0.007572786368759284,0.9114640911564015,0.011668316540903806,0.9175588439757896,0.009452349080618238,0.8361141838303775,0.018252155433236435,missing,imbalance,0.25,0.3,0.017452129549255346,0.03152105289342977,0.027398347144299562,0.05416752650589429,0.017452129549255346
Spambase,GB,Boosting,0.0,0.25,0.0,0.3,4057,43,0.932953296119247,0.007228165401890178,0.9121388754833516,0.01236128924602579,0.920315274123538,0.009151105380016294,0.8422530319644874,0.017426367717100443,missing,imbalance,0.25,0.3,0.014739429179341568,0.03084626856647965,0.02464191699655116,0.04802867837178437,0.014739429179341568
Bank,LR,Linear,0.0,0.25,0.0,0.3,4824,42,0.9148023133317567,0.004088404776106492,0.5630713197153363,0.01922200027052416,0.5854245172534764,0.02735490689324144,0.22705884991810454,0.0555590553504262,missing,imbalance,0.25,0.3,-0.01866897999842343,0.0785680023316867,0.09126271302171829,0.1586018171905017,-0.01866897999842343
Bank,LR,Linear,0.0,0.25,0.0,0.3,4824,43,0.9166665233375616,0.004127071721031599,0.5717741828229909,0.021917150564438017,0.5976386126454883,0.028799228916191567,0.2543045837904251,0.055180508048152915,missing,imbalance,0.25,0.3,-0.020533190004228374,0.06986513922403215,0.07904861762970639,0.13135608331818116,-0.020533190004228374
Bank,RF,Ensemble,0.0,0.25,0.0,0.3,4824,42,0.9152161761228044,0.001985014681143972,0.5221854610643754,0.00937915934716405,0.5217358230760654,0.016651037168671137,0.13715848637688613,0.03385999947456576,missing,imbalance,0.25,0.3,-0.01928284278947101,0.08127948135866447,0.11570462752554411,0.20566682205386957,-0.01928284278947101
Bank,RF,Ensemble,0.0,0.25,0.0,0.3,4824,43,0.915215101154516,0.0014048600948141465,0.5232917229763715,0.004354389696086783,0.5242258786962635,0.007845496676150969,0.14140729656822706,0.02272407320107829,missing,imbalance,0.25,0.3,-0.019281767821182627,0.08017321944666833,0.113214571905346,0.20141801186252864,-0.019281767821182627
Bank,XGB,Boosting,0.0,0.25,0.0,0.3,4824,42,0.9129361683830328,0.0027550586220372363,0.565280518666518,0.016900916968348962,0.5869789221045327,0.020719888465850142,0.22304013613632692,0.03405644294765954,missing,imbalance,0.25,0.3,-0.01720283504969955,0.09911727053308328,0.10829855370944208,0.18600111817504675,-0.01720283504969955
Bank,XGB,Boosting,0.0,0.25,0.0,0.3,4824,43,0.9118996839593232,0.004179480266544598,0.558151974309475,0.0165852493723729,0.5774410244494506,0.02289975006146284,0.20438902378744062,0.046203366774120284,missing,imbalance,0.25,0.3,-0.016166350625989923,0.10624581489012619,0.11783645136452425,0.20465223052393305,-0.016166350625989923
Bank,SVM,Kernel,0.0,0.25,0.0,0.3,4824,42,0.914801453357126,0.002382985512100529,0.5086386504358311,0.007122634339008617,0.49617679121184066,0.013845391587087466,0.08093983799103036,0.06658942229550073,missing,imbalance,0.25,0.3,-0.024601453357126046,0.07971657472573601,0.11995061828841158,0.21513414170935222,-0.024601453357126046
Bank,SVM,Kernel,0.0,0.25,0.0,0.3,4824,43,0.9139713628447961,0.001339870073955193,0.5126408083635385,0.0025147397432010265,0.5047266062537301,0.005040924005595409,0.09198674421916404,0.016185740732957418,missing,imbalance,0.25,0.3,-0.023771362844796085,0.0757144167980286,0.11140080324652213,0.20408723548121854,-0.023771362844796085
Bank,MLP,Neural,0.0,0.25,0.0,0.3,4824,42,0.9148010233698107,0.00040712692230831875,0.515261166201696,0.018436719322167436,0.5071005325653399,0.032993418184630904,0.07894030586183007,0.07943798723181393,missing,imbalance,0.25,0.3,-0.023801023369810714,0.10394653352695493,0.1395861524169163,0.2552347299824348,-0.023801023369810714
Bank,MLP,Neural,0.0,0.25,0.0,0.3,4824,43,0.9133502461677381,0.002816426631428138,0.510043366571831,0.013862173964694115,0.4976375171583469,0.02636605739597741,0.045683124085786286,0.06066766461608837,missing,imbalance,0.25,0.3,-0.022350246167738064,0.10916433315681995,0.1490491678239093,0.28849191175847855,-0.022350246167738064
Bank,GB,Boosting,0.0,0.25,0.0,0.3,4824,42,0.9096196762195514,0.003140465454505767,0.5734850941689233,0.0070851901038792246,0.5961465869679103,0.009435042112506072,0.2257141719261931,0.021256215956535096,missing,imbalance,0.25,0.3,-0.015219676219551448,0.09238204485789858,0.09883287211201408,0.18028180771236965,-0.015219676219551448
Bank,GB,Boosting,0.0,0.25,0.0,0.3,4824,43,0.9081669640745599,0.003330933005432272,0.5627209292729646,0.010460453279009187,0.5819247092220134,0.013713262894732115,0.19910709636409465,0.02725420692155252,missing,imbalance,0.25,0.3,-0.013766964074559906,0.10314620975385735,0.11305474985791097,0.2068888832744681,-0.013766964074559906
Wine,LR,Linear,0.0,0.25,0.0,0.3,145,42,0.9310344827586207,0.021808811449437106,0.9332539682539682,0.03000419891670011,0.930835229547375,0.023171632697869655,0.8927897739609616,0.03548663019412273,missing,imbalance,0.25,0.3,0.05409779237365431,0.052530864197530946,0.05403725743222554,0.0853284603464175,0.05409779237365431
Wine,LR,Linear,0.0,0.25,0.0,0.3,145,43,0.9310344827586207,0.021808811449437106,0.9303174603174602,0.01596915330863883,0.9273945658428417,0.021599813247485392,0.8938427227193566,0.030818412504136226,missing,imbalance,0.25,0.3,0.05409779237365431,0.05546737213403896,0.05747792113675876,0.08427551158802249,0.05409779237365431
Wine,RF,Ensemble,0.0,0.25,0.0,0.3,145,42,0.9241379310344827,0.059326381152018125,0.9174603174603174,0.06431265357553627,0.9219825665814673,0.060102233001999586,0.8828006435328126,0.09187236315439223,missing,imbalance,0.25,0.3,0.05903667214012054,0.06798941798941804,0.06174818003816829,0.0922769924079837,0.05903667214012054
Wine,RF,Ensemble,0.0,0.25,0.0,0.3,145,43,0.9379310344827587,0.025804533701889266,0.9398412698412699,0.010590406722013451,0.9359444763535366,0.02420863282289562,0.9055645420363494,0.03683040397230688,missing,imbalance,0.25,0.3,0.04524356869184454,0.04560846560846554,0.04778627026609894,0.06951309390444693,0.04524356869184454
Wine,XGB,Boosting,0.0,0.25,0.0,0.3,145,42,0.9103448275862069,0.0351656518178813,0.9070634920634919,0.04070229409716342,0.9043284231857591,0.037403371904722184,0.8588797720885886,0.056529705271722616,missing,imbalance,0.25,0.3,0.04663929939792,0.0518863235529905,0.05281266841746779,0.07716538072324164,0.04663929939792
Wine,XGB,Boosting,0.0,0.25,0.0,0.3,145,43,0.9241379310344827,0.04021346134376072,0.9255555555555557,0.03286960119611485,0.9233180867663625,0.03802505311440746,0.8844648511242914,0.060247633629653595,missing,imbalance,0.25,0.3,0.03284619594964422,0.03339426006092672,0.0338230048368644,0.0515803016875388,0.03284619594964422
Wine,SVM,Kernel,0.0,0.25,0.0,0.3,145,42,0.9172413793103449,0.027586206896551738,0.9201587301587301,0.03940729942755967,0.918025928320046,0.02803265784904505,0.8721790016658012,0.045633210912378486,missing,imbalance,0.25,0.3,0.06593322386425826,0.0618245951579286,0.06480615140071933,0.10285012986504771,0.06593322386425826
Wine,SVM,Kernel,0.0,0.25,0.0,0.3,145,43,0.9379310344827587,0.025804533701889266,0.93,0.026802140759781344,0.9360266249414322,0.023261164259320816,0.9037968962488272,0.04096587051027713,missing,imbalance,0.25,0.3,0.04524356869184443,0.05198332531665861,0.04680545477933318,0.07123223528202172,0.04524356869184443
Wine,MLP,Neural,0.0,0.25,0.0,0.3,145,42,0.710344827586207,0.13896166675593025,0.7364814814814815,0.10465724824279192,0.7184153570106182,0.130615328691028,0.5689232673377893,0.20498894899301243,missing,imbalance,0.25,0.3,0.20912607188469245,0.18726551226551236,0.2025952979329616,0.31406903688555565,0.20912607188469245
Wine,MLP,Neural,0.0,0.25,0.0,0.3,145,43,0.5586206896551724,0.12791197924821657,0.6391534391534391,0.058156849491707796,0.5399409628166317,0.13664330192222449,0.4157658432670962,0.11693251130547073,missing,imbalance,0.25,0.3,0.360850209815727,0.28459355459355473,0.3810696921269481,0.46722646095624876,0.360850209815727
Wine,GB,Boosting,0.0,0.25,0.0,0.3,145,42,0.8896551724137931,0.04021346134376069,0.8792857142857142,0.03812531881168094,0.8810105718286921,0.036118390869620334,0.8270889199277592,0.06151944947171398,missing,imbalance,0.25,0.3,0.041138478379857735,0.04959996793330135,0.05094759274752847,0.0715387624983137,0.041138478379857735
Wine,GB,Boosting,0.0,0.25,0.0,0.3,145,43,0.9034482758620689,0.040213461343760686,0.8977777777777776,0.02699882886143657,0.8998293762932033,0.034256754093742986,0.8494582348212576,0.06553856651596433,missing,imbalance,0.25,0.3,0.027345374931581956,0.03110790444123801,0.03212878828301735,0.04916944760481534,0.027345374931581956
BreastCancer,LR,Linear,0.0,0.25,0.0,0.3,505,42,0.9643564356435643,0.007920792079207928,0.9529190275754141,0.005532652225669529,0.9567634782689588,0.008798707035599332,0.9142278810915458,0.0179715597646755,missing,imbalance,0.25,0.3,0.011066635308151329,0.017984017742141534,0.016686767103151534,0.03374191859242759,0.011066635308151329
BreastCancer,LR,Linear,0.0,0.25,0.0,0.3,505,43,0.9702970297029703,0.008855714762375412,0.9593382710053424,0.011428098188547533,0.963794363633639,0.010817217209162545,0.9280919106558414,0.021646475482961867,missing,imbalance,0.25,0.3,0.005126041248745383,0.011564774312213255,0.009655881738471317,0.019877889028132034,0.005126041248745383
BreastCancer,RF,Ensemble,0.0,0.25,0.0,0.3,505,42,0.9544554455445544,0.011881188118811892,0.9482834169769575,0.014847856755105701,0.9454251342225231,0.013845102270245671,0.8928662621078228,0.025860807978863268,missing,imbalance,0.25,0.3,0.00689631142900049,0.009203429164490684,0.01309331659052615,0.025832102012098845,0.00689631142900049
BreastCancer,RF,Ensemble,0.0,0.25,0.0,0.3,505,43,0.9564356435643564,0.013430356402228266,0.9436286492903783,0.023249906519565475,0.946759487677622,0.01701463919916678,0.8947331857898859,0.03298463357120236,missing,imbalance,0.25,0.3,0.004916113409198508,0.013858196851069926,0.011758963135427236,0.023965178330035752,0.004916113409198508
BreastCancer,XGB,Boosting,0.0,0.25,0.0,0.3,505,42,0.9544554455445544,0.019401898952738063,0.9438956343424533,0.020432437686053385,0.9450232208701049,0.023110785436075268,0.890532261240798,0.04625670029984704,missing,imbalance,0.25,0.3,0.012744264645374592,0.018503783698956222,0.019622578692516157,0.04008844674883982,0.012744264645374592
BreastCancer,XGB,Boosting,0.0,0.25,0.0,0.3,505,43,0.9603960396039604,0.01252387192145894,0.9503711348551077,0.015303172328198248,0.9521052560574172,0.014849389238462433,0.904431299199427,0.029694970183106562,missing,imbalance,0.25,0.3,0.006803670585968646,0.01202828318630178,0.012540543505203838,0.02618940879021081,0.006803670585968646
BreastCancer,SVM,Kernel,0.0,0.25,0.0,0.3,505,42,0.9564356435643564,0.01940189895273803,0.9474784145485943,0.020838133096787333,0.9475693516631043,0.02292113081967435,0.8959918111887918,0.04577022669963328,missing,imbalance,0.25,0.3,0.018977077027684253,0.024617078305169127,0.026002297116157425,0.05171054802254771,0.018977077027684253
BreastCancer,SVM,Kernel,0.0,0.25,0.0,0.3,505,43,0.9603960396039604,0.014002114478941547,0.9443274782796396,0.016683398566119247,0.951510903363441,0.01692984947740112,0.9038111644289597,0.033883571406200456,missing,imbalance,0.25,0.3,0.015016680988080289,0.02776801457412381,0.022060745415820704,0.043891194782379794,0.015016680988080289
BreastCancer,MLP,Neural,0.0,0.25,0.0,0.3,505,42,0.9465346534653465,0.011881188118811862,0.9166846095731478,0.01287299697069121,0.9329099788378062,0.014506654139216127,0.8700126131393381,0.02963282620179208,missing,imbalance,0.25,0.3,0.00016616938824753902,0.021333984333097633,0.0092704796061015,0.015847281515874445,0.00016616938824753902
BreastCancer,MLP,Neural,0.0,0.25,0.0,0.3,505,43,0.9009900990099009,0.04106226010559945,0.8545561491554693,0.05156972368092118,0.8731511337989734,0.052095006223726446,0.7557705441616035,0.10236986639524114,missing,imbalance,0.25,0.3,0.045710723843693124,0.08346244475077613,0.06902932464493439,0.13008935049360904,0.045710723843693124
BreastCancer,GB,Boosting,0.0,0.25,0.0,0.3,505,42,0.9603960396039604,0.021691982475452114,0.9523547029302251,0.022429166918568593,0.9523865109169666,0.025749464450983316,0.9053861068163931,0.050925554178993825,missing,imbalance,0.25,0.3,-0.004328141244492323,-0.0013385067003046647,0.00036786480380401887,0.0012249843021973073,-0.004328141244492323
BreastCancer,GB,Boosting,0.0,0.25,0.0,0.3,505,43,0.9544554455445544,0.010097068343748098,0.9423351411148886,0.017916430629600365,0.9446310043570747,0.012571197497224504,0.8900837702282238,0.024700537110967948,missing,imbalance,0.25,0.3,0.001612452814913623,0.00868105511503181,0.008123371363695897,0.01652732089036657,0.001612452814913623
Digits,LR,Linear,0.0,0.25,0.0,0.3,1528,42,0.8213393335476267,0.0099907180844747,0.8126318688064543,0.011714645284856677,0.8142504425354593,0.010920577017166927,0.6293132553210379,0.021256652610724094,missing,imbalance,0.25,0.3,0.07144463426419623,0.08017305315615764,0.07851996608378853,0.15653666439276925,0.07144463426419623
Digits,LR,Linear,0.0,0.25,0.0,0.3,1528,43,0.8285460195006964,0.02632837338040116,0.8204262562483556,0.030398696158430407,0.8216741875963207,0.028409141691688428,0.6444961200815476,0.056305418745452376,missing,imbalance,0.25,0.3,0.0642379483111265,0.07237866571425633,0.07109622102292712,0.14135379963225958,0.0642379483111265
Digits,RF,Ensemble,0.0,0.25,0.0,0.3,1528,42,0.9319447123111539,0.015768349904913485,0.9246120669999123,0.01717598565658656,0.9288724879796304,0.01664457184053254,0.8593455003085066,0.032659324360371174,missing,imbalance,0.25,0.3,0.045797988607034545,0.05312831822002473,0.04886887309746213,0.09620579201168822,0.045797988607034545
Digits,RF,Ensemble,0.0,0.25,0.0,0.3,1528,43,0.93257902067931,0.010757839952454194,0.925355134613698,0.012153961353439166,0.9295498742321581,0.011393421434681243,0.860762497684879,0.022363286046146003,missing,imbalance,0.25,0.3,0.04516368023887851,0.052385250606239,0.04819148684493446,0.09478879463531587,0.04516368023887851
Digits,XGB,Boosting,0.0,0.25,0.0,0.3,1528,42,0.9214786242365799,0.018784033747579976,0.9188939752696659,0.019490658700195066,0.918868571916186,0.019398526199957696,0.8379329662345272,0.0389178980416731,missing,imbalance,0.25,0.3,0.04865394565922121,0.05123414939810489,0.051261962504046354,0.1024133071963812,0.04865394565922121
Digits,XGB,Boosting,0.0,0.25,0.0,0.3,1528,43,0.9214614807671703,0.018194111415188625,0.9178846619310708,0.017609703793053974,0.9187342801881201,0.01861463962843485,0.8376139377316006,0.037317887650095305,missing,imbalance,0.25,0.3,0.04867108912863083,0.0522434627367,0.05139625423211225,0.10273233569930773,0.04867108912863083
Digits,SVM,Kernel,0.0,0.25,0.0,0.3,1528,42,0.9437287045965927,0.017686363192861234,0.9401454003332457,0.017988968510026054,0.9416632342689922,0.018250388786557215,0.8836143064111027,0.03648730122492488,missing,imbalance,0.25,0.3,0.03698469682711514,0.040572420175617685,0.03904891698243973,0.0778947552085173,0.03698469682711514
Digits,SVM,Kernel,0.0,0.25,0.0,0.3,1528,43,0.9417464909461051,0.02135493609623167,0.9384881522406385,0.021502633001449386,0.9396696199039353,0.022058029443208418,0.8795511365368227,0.0441452241776938,missing,imbalance,0.25,0.3,0.03896691047760281,0.04222966826822483,0.04104253134749669,0.08195792508279731,0.03896691047760281
Digits,MLP,Neural,0.0,0.25,0.0,0.3,1528,42,0.9142590806814528,0.014874797748444574,0.9108080505130228,0.014115754934008556,0.9113307953258758,0.015234380037719862,0.8228298130882996,0.030744459812253322,missing,imbalance,0.25,0.3,0.049386849371162556,0.05284461709331634,0.05231392298879456,0.10452954555274452,0.049386849371162556
Digits,MLP,Neural,0.0,0.25,0.0,0.3,1528,43,0.9188663880852888,0.02488451538778842,0.9173858282908005,0.026920108963552174,0.9162946478876666,0.02589001459937303,0.8330110246056336,0.05180573159346833,missing,imbalance,0.25,0.3,0.044779541967326586,0.046266839315538655,0.04735007042700379,0.09434833403541054,0.044779541967326586
Digits,GB,Boosting,0.0,0.25,0.0,0.3,1528,42,0.9208228865316619,0.013075811137475187,0.9171258265368764,0.01484877579251695,0.9179714246216047,0.013775359080257763,0.836196301886542,0.027314889767775796,missing,imbalance,0.25,0.3,0.04634156203947193,0.050034150965858615,0.04919021253544931,0.0982336507902386,0.04634156203947193
Digits,GB,Boosting,0.0,0.25,0.0,0.3,1528,43,0.9214657666345227,0.01617434695202341,0.9178879417697097,0.015104769407121897,0.9187291840009341,0.01643959368263532,0.8380157258912764,0.032655240973756786,missing,imbalance,0.25,0.3,0.045698681936611085,0.0492720357330253,0.04843245315611999,0.09641422678550426,0.045698681936611085
Spambase,LR,Linear,0.0,0.25,0.0,0.6,3513,42,0.9089076931182195,0.007226059074123405,0.8267693829192042,0.01377098980502424,0.8503214185209138,0.012107668783090794,0.7073093205159339,0.023686526920273537,missing,imbalance,0.25,0.6,0.01632708634329827,0.09150803335962698,0.07081969843073233,0.1356980400791511,0.01632708634329827
Spambase,LR,Linear,0.0,0.25,0.0,0.6,3513,43,0.9146065093433515,0.008262606552098687,0.8344407011181383,0.018240918695989924,0.859222253410058,0.01512387051943054,0.7257741792417807,0.028354812634480513,missing,imbalance,0.25,0.6,0.01062827011816625,0.08383671516069291,0.061918863541588154,0.1172331813533043,0.01062827011816625
Spambase,RF,Ensemble,0.0,0.25,0.0,0.6,3513,42,0.937090937090937,0.006873963556017885,0.8725921569436708,0.010578466274682423,0.8973803663998631,0.010321720185741597,0.8011248844099714,0.02192437581537949,missing,imbalance,0.25,0.6,0.007704575033565253,0.06481980796712716,0.04420960309943567,0.08314193106201606,0.007704575033565253
Spambase,RF,Ensemble,0.0,0.25,0.0,0.6,3513,43,0.9345325082167187,0.005723284591845246,0.8674061477977059,0.013313484669949523,0.8927387538355631,0.01054790579991494,0.7917640745033723,0.01926432479504472,missing,imbalance,0.25,0.6,0.010263003907783563,0.07000581711309206,0.048851215663735625,0.09250274096861522,0.010263003907783563
Spambase,XGB,Boosting,0.0,0.25,0.0,0.6,3513,42,0.9430677641203957,0.005177630153708343,0.8962612934956432,0.014885792035529925,0.9098957848428529,0.008988891814053669,0.8220097547037755,0.01679100255656381,missing,imbalance,0.25,0.6,0.0073064353162594076,0.04983768533469901,0.037919014227277836,0.07388972886076639,0.0073064353162594076
Spambase,XGB,Boosting,0.0,0.25,0.0,0.6,3513,43,0.9402252454884035,0.00664648285892418,0.8903859509213753,0.015332916205222237,0.9051015566876103,0.011299173614919588,0.8125150143901013,0.021673467108180494,missing,imbalance,0.25,0.6,0.01014895394825166,0.05571302790896693,0.0427132423825205,0.08338446917444053,0.01014895394825166
Spambase,SVM,Kernel,0.0,0.25,0.0,0.6,3513,42,0.9202943834522783,0.008064115848098545,0.8467011864813332,0.022313399856286296,0.8694648573910181,0.016082937915455047,0.7451540326075715,0.02846984914869053,missing,imbalance,0.25,0.6,0.012620139199533642,0.07958884350329931,0.0597755465162203,0.11393791268941256,0.012620139199533642
Spambase,SVM,Kernel,0.0,0.25,0.0,0.6,3513,43,0.9234299076404339,0.007898961575903267,0.8507165396664998,0.01550323796255468,0.8746466735367585,0.013716315140821073,0.7552636783674016,0.02631307452986993,missing,imbalance,0.25,0.6,0.009484615011378095,0.07557349031813265,0.054593730370479876,0.10382826692958247,0.009484615011378095
Spambase,MLP,Neural,0.0,0.25,0.0,0.6,3513,42,0.9294059241427662,0.011539021375109617,0.8779571734180787,0.01782654356472664,0.8890341156192688,0.018002462573969612,0.77928446698238,0.03617437459697667,missing,imbalance,0.25,0.6,0.007638089138323978,0.05476360355891241,0.04484404232247563,0.08873395634268821,0.007638089138323978
Spambase,MLP,Neural,0.0,0.25,0.0,0.6,3513,43,0.9328259433522591,0.009206544024798018,0.8729663253738277,0.014436548748107412,0.8920500371631064,0.014858596283176486,0.7876033985903985,0.029895107390386418,missing,imbalance,0.25,0.6,0.004218069928831114,0.059754451603163394,0.04182812077863807,0.08041502473466966,0.004218069928831114
Spambase,GB,Boosting,0.0,0.25,0.0,0.6,3513,42,0.9399358873043084,0.006276556902374298,0.8861228680846928,0.017946105279107585,0.9037505593803701,0.011656545591666493,0.8109486884092425,0.0209814666369738,missing,imbalance,0.25,0.6,0.007756837994280175,0.05686227596513849,0.04120663173971906,0.07933302192702929,0.007756837994280175
Spambase,GB,Boosting,0.0,0.25,0.0,0.6,3513,43,0.9370949897265686,0.007987520091490936,0.8817798218513955,0.015541824252693808,0.8993463283339628,0.013133907134445025,0.8019305124908016,0.025651368198146313,missing,imbalance,0.25,0.6,0.01059773557202004,0.061205322198435774,0.04561086278612636,0.08835119784547019,0.01059773557202004
Bank,LR,Linear,0.0,0.25,0.0,0.6,4649,42,0.9451501788256536,0.0027912340251975884,0.5097544532714245,0.004799441030739858,0.5084196689038283,0.008025333728234553,0.0540346936975362,0.02825006440952704,missing,imbalance,0.25,0.6,-0.04901684549232033,0.13188486877559846,0.16826756137136645,0.33162597341107003,-0.04901684549232033
Bank,LR,Linear,0.0,0.25,0.0,0.6,4649,43,0.9490218410361472,0.002202037600550267,0.5502980022482433,0.023141079498680484,0.5723936316537247,0.03507278666030281,0.199854528456794,0.07259833347982461,missing,imbalance,0.25,0.6,-0.05288850770281395,0.09134131979877969,0.10429359862147003,0.18580613865181225,-0.05288850770281395
Bank,RF,Ensemble,0.0,0.25,0.0,0.6,4649,42,0.94923620033103,0.0010628101069290671,0.5038023180164333,0.005585382632282681,0.4953061236934861,0.010478961680672192,0.051735053382241006,0.07387902535619335,missing,imbalance,0.25,0.6,-0.053302866997696596,0.09966262440660656,0.1421343269081234,0.2910902550485147,-0.053302866997696596
Bank,RF,Ensemble,0.0,0.25,0.0,0.6,4649,43,0.950096878363832,0.0008551394547477628,0.5123129563143057,0.00959782823962543,0.5107987784158275,0.017682161666586267,0.11538287366454816,0.057776310501381344,missing,imbalance,0.25,0.6,-0.054163545030498694,0.0911519861087341,0.12664167218578193,0.22744243476620754,-0.054163545030498694
Bank,XGB,Boosting,0.0,0.25,0.0,0.6,4649,42,0.9466548607011818,0.0033091779888278026,0.5206655051790265,0.005030690908707262,0.5271721261268594,0.008627574565805774,0.11136877720262865,0.03779113221931414,missing,imbalance,0.25,0.6,-0.050921527367848496,0.1437322840205747,0.16810534968711544,0.297672477108745,-0.050921527367848496
Bank,XGB,Boosting,0.0,0.25,0.0,0.6,4649,43,0.9494528745211059,0.0035815316313223813,0.5424668656491252,0.028777355232213597,0.5603575795890328,0.04730970421749664,0.1786722988551133,0.12227893803748598,missing,imbalance,0.25,0.6,-0.05371954118777267,0.12193092355047608,0.13491989622494205,0.23036895545626038,-0.05371954118777267
Bank,SVM,Kernel,0.0,0.25,0.0,0.6,4649,42,0.9494517170735095,0.0006633511415261606,0.49988674971687425,0.00022650056625141967,0.487035197110883,0.00017455381657570406,-0.00151387743557718,0.00302775487115436,missing,imbalance,0.25,0.6,-0.05925171707350951,0.08846847544469288,0.12909221238936924,0.29758785713595975,-0.05925171707350951
Bank,SVM,Kernel,0.0,0.25,0.0,0.6,4649,43,0.9494517170735095,0.0011683309293028436,0.5019011590082166,0.004390533371034335,0.49119893989467317,0.008474997123254186,0.02629947047641345,0.05810245460582262,missing,imbalance,0.25,0.6,-0.05925171707350951,0.0864540661533505,0.12492846960557907,0.2697745092239691,-0.05925171707350951
Bank,MLP,Neural,0.0,0.25,0.0,0.6,4649,42,0.9494514855839903,0.0006804077527082973,0.5019011590082167,0.004375902994341349,0.49119900084181617,0.008471275325917384,0.02542919976533383,0.05848638094270895,missing,imbalance,0.25,0.6,-0.05845148558399027,0.11730654072043423,0.15548768414044006,0.308745836078931,-0.05845148558399027
Bank,MLP,Neural,0.0,0.25,0.0,0.6,4649,43,0.9492364318205494,0.00042518985153284003,0.501787908725091,0.004149802720884051,0.49105734693238157,0.008187991293014025,0.016038640133562217,0.03975114423278962,missing,imbalance,0.25,0.6,-0.058236431820549384,0.11741979100355993,0.15562933804987467,0.3181363957107026,-0.058236431820549384
Bank,GB,Boosting,0.0,0.25,0.0,0.6,4649,42,0.9395553086334016,0.006727539656300819,0.532997266697607,0.02631381107015972,0.5443397708558855,0.038481016438930156,0.11267698968517825,0.09203508502091495,missing,imbalance,0.25,0.6,-0.04515530863340167,0.13286987232921488,0.15063968822403895,0.2933189899533845,-0.04515530863340167
Bank,GB,Boosting,0.0,0.25,0.0,0.6,4649,43,0.9434292857390881,0.0032939907361877936,0.5452003251886021,0.03640945723747248,0.5589778120986956,0.04847692340666982,0.14376752697192813,0.09733798386115193,missing,imbalance,0.25,0.6,-0.04902928573908816,0.12066681383821987,0.13600164698122885,0.26222845266663464,-0.04902928573908816
Wine,LR,Linear,0.0,0.25,0.0,0.6,113,42,0.9118577075098815,0.026912323368457256,0.8995238095238095,0.021476137683389827,0.8952689149930528,0.02473600141443547,0.8446487089700723,0.03698332110456983,missing,imbalance,0.25,0.6,0.07327456762239348,0.08626102292768967,0.08960357198654767,0.13346952533730683,0.07327456762239348
Wine,LR,Linear,0.0,0.25,0.0,0.6,113,43,0.9114624505928853,0.07958711746183852,0.8909523809523809,0.09468170810848386,0.8961457061457061,0.09227867155977235,0.8424487973966673,0.14125564930992218,missing,imbalance,0.25,0.6,0.07366982453938964,0.09483245149911823,0.0887267808338944,0.13566943691071176,0.07366982453938964
Wine,RF,Ensemble,0.0,0.25,0.0,0.6,113,42,0.9288537549407115,0.022636871246286754,0.884920634920635,0.04668394022175473,0.9094700257102926,0.023222810889582345,0.8715581999408866,0.04090689581331494,missing,imbalance,0.25,0.6,0.054320848233891716,0.10052910052910047,0.07426072090934299,0.10351943599990976,0.054320848233891716
Wine,RF,Ensemble,0.0,0.25,0.0,0.6,113,43,0.9031620553359684,0.07538949361257545,0.8623809523809524,0.10653691087451715,0.8755676581483034,0.09298287131953632,0.8216154186838033,0.14360917583417995,missing,imbalance,0.25,0.6,0.08001254783863487,0.1230687830687831,0.10816308847133216,0.15346221725699305,0.08001254783863487
Wine,XGB,Boosting,0.0,0.25,0.0,0.6,113,42,0.8932806324110671,0.03758059865297929,0.8338095238095239,0.09309980502742811,0.8423850223850223,0.08996679176563288,0.8039405553584462,0.07749495726752272,missing,imbalance,0.25,0.6,0.0637034945730598,0.12514029180695851,0.11475606921820458,0.132104597453384,0.0637034945730598
Wine,XGB,Boosting,0.0,0.25,0.0,0.6,113,43,0.8944664031620553,0.07625078609826083,0.8542857142857143,0.10868623837771926,0.8626098369146199,0.09853584571013944,0.8071368238588148,0.14394969037387922,missing,imbalance,0.25,0.6,0.06251772382207166,0.10466410133076809,0.09453125468860701,0.1289083289530154,0.06251772382207166
Wine,SVM,Kernel,0.0,0.25,0.0,0.6,113,42,0.9122529644268773,0.03800637274702175,0.8823809523809525,0.0339600939612865,0.8931281617488513,0.04002073594242785,0.8385996324673816,0.06681891027525096,missing,imbalance,0.25,0.6,0.07092163874772583,0.09960237293570617,0.08970391797191402,0.13642949906346735,0.07092163874772583
Wine,SVM,Kernel,0.0,0.25,0.0,0.6,113,43,0.9035573122529644,0.06948432235050032,0.8504761904761905,0.1047121093777608,0.8745383171189622,0.08983470199316183,0.8207150049749778,0.13330575991558843,missing,imbalance,0.25,0.6,0.07961729092163872,0.13150713484046817,0.10829376260180312,0.15431412655587107,0.07961729092163872
Wine,MLP,Neural,0.0,0.25,0.0,0.6,113,42,0.5818181818181818,0.12513237222317788,0.5874603174603175,0.06302486841557625,0.5363176836720368,0.06879314232133747,0.3424987497737718,0.1140895965346365,missing,imbalance,0.25,0.6,0.33765271765271765,0.3362866762866764,0.384692971271543,0.5404935544495731,0.33765271765271765
Wine,MLP,Neural,0.0,0.25,0.0,0.6,113,43,0.658498023715415,0.2287386987464238,0.6207936507936508,0.14746313664501443,0.5980509920076483,0.20399317021940727,0.4670058278251611,0.27007070716904646,missing,imbalance,0.25,0.6,0.26097287575548445,0.3029533429533431,0.3229596629359315,0.41598647639818387,0.26097287575548445
Wine,GB,Boosting,0.0,0.25,0.0,0.6,113,42,0.8407114624505929,0.05355111321562037,0.7884126984126985,0.08263669512513393,0.788810767776285,0.08844796377341936,0.7053755872789452,0.10264147937374629,missing,imbalance,0.25,0.6,0.09008218834305792,0.14047298380631712,0.1431473967999356,0.1932520951471277,0.09008218834305792
Wine,GB,Boosting,0.0,0.25,0.0,0.6,113,43,0.867588932806324,0.07827683791257094,0.8317460317460318,0.10925547990440043,0.8323748707656753,0.10023101098098891,0.7584605449956905,0.1507365206015306,missing,imbalance,0.25,0.6,0.06320471798732685,0.09713965047298379,0.09958329381054531,0.14016713743038245,0.06320471798732685
BreastCancer,LR,Linear,0.0,0.25,0.0,0.6,441,42,0.9773493360572013,0.010079094801089861,0.9452827257663629,0.027464681342660516,0.9615995104475182,0.01771605020567551,0.9260230342360511,0.032862252380666146,missing,imbalance,0.25,0.6,-0.0019262651054856583,0.025620319551192816,0.011850734924592099,0.02194676544792229,-0.0019262651054856583
BreastCancer,LR,Linear,0.0,0.25,0.0,0.6,441,43,0.9682839632277833,0.016618711751983074,0.9400361318236214,0.03185291101825258,0.9478010443041768,0.027413985214136242,0.8963783934056864,0.054344204526238046,missing,imbalance,0.25,0.6,0.007139107723932336,0.030866913493934223,0.025649201067933558,0.051591406278287066,0.007139107723932336
BreastCancer,RF,Ensemble,0.0,0.25,0.0,0.6,441,42,0.9592696629213483,0.023104884264936836,0.9251260011046674,0.03961083505194354,0.9328946422429724,0.03820739307148043,0.8665740010053525,0.07629227469220799,missing,imbalance,0.25,0.6,0.0020820940522066067,0.03236084503678083,0.025623808570076845,0.05212436311456914,0.0020820940522066067
BreastCancer,RF,Ensemble,0.0,0.25,0.0,0.6,441,43,0.9524004085801838,0.019492950949160596,0.9167943938138636,0.04242602619575738,0.9215243126513233,0.03268952053415619,0.843916689535203,0.06498079595708531,missing,imbalance,0.25,0.6,0.008951348393371084,0.04069245232758456,0.03699413816172592,0.07478167458471863,0.008951348393371084
BreastCancer,XGB,Boosting,0.0,0.25,0.0,0.6,441,42,0.9569713993871298,0.021862529911448648,0.9192436481634909,0.04943468210548963,0.9277098325865643,0.037381700696773844,0.8573488040658781,0.07353077393522715,missing,imbalance,0.25,0.6,0.010228310802799179,0.04315576987791858,0.03693596697605683,0.07327190392375971,0.010228310802799179
BreastCancer,XGB,Boosting,0.0,0.25,0.0,0.6,441,43,0.9524259448416752,0.016515190912353653,0.9123400533922489,0.04342428643639569,0.9204354693565391,0.028794340604284388,0.8433103253098396,0.05707527404966631,missing,imbalance,0.25,0.6,0.014773765348253809,0.05005936464916061,0.044210330206082005,0.08731038267979818,0.014773765348253809
BreastCancer,SVM,Kernel,0.0,0.25,0.0,0.6,441,42,0.9727783452502553,0.01702148429547202,0.938379130995121,0.047649609188005086,0.9530893784837202,0.03139053381360053,0.9108267799683747,0.05659224862314401,missing,imbalance,0.25,0.6,0.0026343753417853444,0.03371636185864235,0.020482270295541505,0.03687557924296481,0.0026343753417853444
BreastCancer,SVM,Kernel,0.0,0.25,0.0,0.6,441,43,0.9683350357507662,0.01926608967925074,0.9262467780539447,0.041843988566538606,0.9455638953553303,0.03486869664326015,0.8946645448760954,0.06635129557398486,missing,imbalance,0.25,0.6,0.0070776848412744675,0.04584871479981867,0.02800775342393147,0.05303781433524413,0.0070776848412744675
BreastCancer,MLP,Neural,0.0,0.25,0.0,0.6,441,42,0.9614657814096017,0.015370496193563472,0.907129130995121,0.0401910032204767,0.932132284376636,0.029565479980792328,0.8708199475240546,0.05390022783794019,missing,imbalance,0.25,0.6,-0.014764958556007679,0.030889462911124377,0.010048174067271765,0.015039947131157971,-0.014764958556007679
BreastCancer,MLP,Neural,0.0,0.25,0.0,0.6,441,43,0.907073544433095,0.04141280960527024,0.7693236214673662,0.09622742729063516,0.8110074890239897,0.08961285352485175,0.6648369837810364,0.15932829710874633,missing,imbalance,0.25,0.6,0.03962727842049907,0.1686949724388792,0.13117296941991807,0.22102291087417614,0.03962727842049907
BreastCancer,GB,Boosting,0.0,0.25,0.0,0.6,441,42,0.9501276813074565,0.022230426669816592,0.9150182960508146,0.04215953483205359,0.9184806683582707,0.03770051830298403,0.8384517454541074,0.07396941994704645,missing,imbalance,0.25,0.6,0.005940217052011532,0.03599790017910576,0.034273707362499906,0.068159345664483,0.005940217052011532
BreastCancer,GB,Boosting,0.0,0.25,0.0,0.6,441,43,0.9546986721144025,0.014132976961330344,0.9316636748596151,0.03061485064111234,0.9271506489919912,0.022962868140704164,0.8548073556156917,0.046731896750994484,missing,imbalance,0.25,0.6,0.0013692262450655246,0.019352521370305298,0.02560372672877942,0.05180373550289874,0.0013692262450655246
Digits,LR,Linear,0.0,0.25,0.0,0.6,1259,42,0.8458926199962056,0.01726511476324818,0.7922213143810685,0.026490351735860927,0.8027269662444976,0.023531203123678485,0.6099986371909172,0.046432993379951305,missing,imbalance,0.25,0.6,0.046891347815617324,0.1005836075815435,0.09004344237475026,0.17585128252288995,0.046891347815617324
Digits,LR,Linear,0.0,0.25,0.0,0.6,1259,43,0.845117940934674,0.0055315659407568244,0.7906471610510207,0.01544739525121367,0.8015160434637455,0.00952266145185574,0.6078280451824221,0.016912864900163624,missing,imbalance,0.25,0.6,0.04766602687714894,0.10215776091159123,0.09125436515550234,0.17802187453138507,0.04766602687714894
Digits,RF,Ensemble,0.0,0.25,0.0,0.6,1259,42,0.9086416239802693,0.011100546741642967,0.8485898633050606,0.019374639541749717,0.877056278360978,0.016930079326786772,0.7714953386102713,0.02910902584457424,missing,imbalance,0.25,0.6,0.06910107693791923,0.12915052191487641,0.10068508271611454,0.18405595370992356,0.06910107693791923
Digits,RF,Ensemble,0.0,0.25,0.0,0.6,1259,43,0.9070511604376146,0.014030424314226393,0.8491319957807002,0.02538796594592669,0.875490685084235,0.021494918715844444,0.7663631499266821,0.03658845175759795,missing,imbalance,0.25,0.6,0.07069154048057391,0.1286083894392368,0.10225067599285753,0.18918814239351278,0.07069154048057391
Digits,XGB,Boosting,0.0,0.25,0.0,0.6,1259,42,0.9165939416935434,0.017955921789022902,0.880359634788473,0.029151203766700533,0.8933594557160454,0.024353250837743264,0.790318244509143,0.04621814905582889,missing,imbalance,0.25,0.6,0.05353862820225774,0.08976848987929775,0.07677107870418698,0.15002802892176537,0.05353862820225774
Digits,XGB,Boosting,0.0,0.25,0.0,0.6,1259,43,0.93008916714096,0.01093647635676716,0.897189777708609,0.01946690632375105,0.9107434684842695,0.0154862727545668,0.8249714158942272,0.02862553058118601,missing,imbalance,0.25,0.6,0.040043402754841084,0.07293834695916179,0.05938706593596288,0.1153748575366812,0.040043402754841084
Digits,SVM,Kernel,0.0,0.25,0.0,0.6,1259,42,0.940435085056599,0.012009456922143473,0.9130130599434544,0.017707515927916768,0.9246037708973607,0.015542916757018547,0.8514833698761592,0.0302235703843727,missing,imbalance,0.25,0.6,0.04027831636710888,0.06770476056540897,0.056108380354071286,0.11002569174346077,0.04027831636710888
Digits,SVM,Kernel,0.0,0.25,0.0,0.6,1259,43,0.9364446974008727,0.013590042174151731,0.9066507146006796,0.024565501499556986,0.919008936328542,0.018630329520681582,0.8413663458645783,0.03483740965916448,missing,imbalance,0.25,0.6,0.044268704022835226,0.07406710590818377,0.06170321492288999,0.12014271575504176,0.044268704022835226
Digits,MLP,Neural,0.0,0.25,0.0,0.6,1259,42,0.9094637323720989,0.020406958545354254,0.8737248074079839,0.029140980760882302,0.884968462737137,0.02695456113306419,0.7727937191866234,0.05285165013905056,missing,imbalance,0.25,0.6,0.054182197680516464,0.0899278601983553,0.07867625557753333,0.1545656394544207,0.054182197680516464
Digits,MLP,Neural,0.0,0.25,0.0,0.6,1259,43,0.9269177259217101,0.014157344279644062,0.8998923775927512,0.030233716889044613,0.9076208918624097,0.020381709489382102,0.8188735607834424,0.03741330519591064,missing,imbalance,0.25,0.6,0.03672820413090527,0.06376029001358796,0.05602382645226067,0.1084857978576017,0.03672820413090527
Digits,GB,Boosting,0.0,0.25,0.0,0.6,1259,42,0.9158034528552458,0.013154793025654034,0.8771084610795528,0.022127304730002996,0.8919301672402646,0.01772151761465537,0.7884528493974539,0.03389468367436182,missing,imbalance,0.25,0.6,0.051360995715888036,0.09005151642318221,0.07523146991678942,0.14597710327932678,0.051360995715888036
Digits,GB,Boosting,0.0,0.25,0.0,0.6,1259,43,0.9269240498324164,0.004083802134074234,0.8916342221530533,0.010540398108191549,0.9065134899416154,0.006247815910321479,0.8172800783604179,0.011062173359689339,missing,imbalance,0.25,0.6,0.04024039873871743,0.07552575534968164,0.06064814721543865,0.1171498743163627,0.04024039873871743
Spambase,LR,Linear,0.0,0.0,0.2,0.3,4057,42,0.9075625785838805,0.011006649572967148,0.8825013245926954,0.015554139081464113,0.8901422942051622,0.013624660378421324,0.7818577074793492,0.02687229124763387,feature_noise,imbalance,0.2,0.3,0.017672200877637323,0.035776091686135825,0.03099882274648391,0.061149653115735725,0.017672200877637323
Spambase,LR,Linear,0.0,0.0,0.2,0.3,4057,43,0.9078158692364229,0.0037146897167195697,0.8822618068454346,0.00470623199628243,0.8904001744252857,0.004316418714516827,0.7823686037097339,0.00872391242811179,feature_noise,imbalance,0.2,0.3,0.017418910225094897,0.036015609433396545,0.030740942526360393,0.06063875688535103,0.017418910225094897
Spambase,RF,Ensemble,0.0,0.0,0.2,0.3,4057,42,0.917176386265208,0.007118954561493455,0.8852050208115669,0.009671158215152603,0.8997290478034458,0.008958022012488121,0.8041838998813038,0.017354141310944454,feature_noise,imbalance,0.2,0.3,0.02761912585929427,0.05220694409923099,0.04186092169585298,0.0800829155906837,0.02761912585929427
Spambase,RF,Ensemble,0.0,0.0,0.2,0.3,4057,43,0.9206331658901922,0.004991131542375452,0.8905164002746295,0.004393922644905783,0.9042472690615385,0.005650838854018892,0.8126174495579013,0.01215596983425655,feature_noise,imbalance,0.2,0.3,0.024162346234310128,0.046895564636168396,0.03734270043776022,0.07164936591408622,0.024162346234310128
Spambase,XGB,Boosting,0.0,0.0,0.2,0.3,4057,42,0.9270401438350756,0.004147331151429774,0.9026857625319987,0.006661190587029588,0.91286820042805,0.005197944299042682,0.8279871800151483,0.009928176077632269,feature_noise,imbalance,0.2,0.3,0.02333405560157953,0.04341321629834349,0.03494659864208083,0.0679123035493936,0.02333405560157953
Spambase,XGB,Boosting,0.0,0.0,0.2,0.3,4057,43,0.927041966069986,0.004599891710542954,0.9054884505747373,0.004282932405136572,0.9134365701334705,0.005199938807538449,0.828189259255474,0.01074657685931737,feature_noise,imbalance,0.2,0.3,0.02333223336666912,0.04061052825560496,0.034378228936660316,0.06771022430906781,0.02333223336666912
Spambase,SVM,Kernel,0.0,0.0,0.2,0.3,4057,42,0.923092879313382,0.0072011055322979516,0.9004590038670202,0.010869807146138223,0.9085982217135324,0.008995112542784062,0.8188024084693236,0.01744322856400589,feature_noise,imbalance,0.2,0.3,0.009821643338429942,0.025831026117612343,0.02064218219370595,0.040289536827660455,0.009821643338429942
Spambase,SVM,Kernel,0.0,0.0,0.2,0.3,4057,43,0.9208797750147297,0.006560233480158356,0.8962726031618716,0.007817592384257721,0.9056885093929197,0.007688938514424889,0.8135170763358779,0.015601590798065255,feature_noise,imbalance,0.2,0.3,0.012034747637082233,0.030017426822760873,0.023551894514318716,0.045574868961106185,0.012034747637082233
Spambase,MLP,Neural,0.0,0.0,0.2,0.3,4057,42,0.9176705156317386,0.005891062292510949,0.8941494049549507,0.009388332690878798,0.902165877690887,0.007325996990015469,0.8060851924648503,0.014492965531505525,feature_noise,imbalance,0.2,0.3,0.01937349764935159,0.03857137202204042,0.03171228025085748,0.06193323086021785,0.01937349764935159
Spambase,MLP,Neural,0.0,0.0,0.2,0.3,4057,43,0.9213702599114393,0.004439015233042411,0.90028346384115,0.006519262926697458,0.9069569641622955,0.005338616243834193,0.8150041432580626,0.010768866168598453,feature_noise,imbalance,0.2,0.3,0.015673753369650933,0.032437313135841084,0.026921193779448904,0.05301428006700559,0.015673753369650933
Spambase,GB,Boosting,0.0,0.0,0.2,0.3,4057,42,0.9245740525896995,0.004585256827034798,0.8995979660491493,0.007842667284754868,0.9098650185116703,0.005932591427461596,0.8221117816487947,0.011030672458299055,feature_noise,imbalance,0.2,0.3,0.02311867270888912,0.043387178000681925,0.03509217260841879,0.06816992868747707,0.02311867270888912
Spambase,GB,Boosting,0.0,0.0,0.2,0.3,4057,43,0.925067574544593,0.004157238975017305,0.9001846143192825,0.005804674114057144,0.910483632090972,0.00507942179096348,0.8232320611806921,0.009879808483204588,feature_noise,imbalance,0.2,0.3,0.022625150753995626,0.04280052973054871,0.034473559029117085,0.06704964915557965,0.022625150753995626
Bank,LR,Linear,0.0,0.0,0.2,0.3,4824,42,0.9168748521918604,0.004863686863673388,0.5963305851128223,0.023411201416139307,0.6268573293340418,0.02942101560819726,0.2948660559097857,0.052848316681117474,feature_noise,imbalance,0.2,0.3,-0.020741518858527153,0.04530873693420068,0.049829900941152916,0.09079461119882054,-0.020741518858527153
Bank,LR,Linear,0.0,0.0,0.2,0.3,4824,43,0.918117945520607,0.007470394545146138,0.5992376663416816,0.03833828192621476,0.6301594320493468,0.04888763253095342,0.3010903849378812,0.09647092419301002,feature_noise,imbalance,0.2,0.3,-0.021984612187273767,0.04240165570534138,0.04652779822584796,0.08457028217072504,-0.021984612187273767
Bank,RF,Ensemble,0.0,0.0,0.2,0.3,4824,42,0.9164601294261819,0.003096001265883459,0.5317602251774373,0.012739199073272,0.5386936753790417,0.02196748479486886,0.17259116395803767,0.061334928479247486,feature_noise,imbalance,0.2,0.3,-0.020526796092848576,0.07170471724560257,0.0987467752225678,0.17023414447271804,-0.020526796092848576
Bank,RF,Ensemble,0.0,0.0,0.2,0.3,4824,43,0.9139720078257693,0.0026957215856424784,0.5159595940995272,0.004809351393968363,0.5112453519257544,0.007994649449494498,0.10723616037308607,0.03651462617122865,feature_noise,imbalance,0.2,0.3,-0.018038674492435902,0.08750534832351264,0.1261950986758551,0.23558914805766962,-0.018038674492435902
Bank,XGB,Boosting,0.0,0.0,0.2,0.3,4824,42,0.9164599144325243,0.004060920040141855,0.5815871783356062,0.030308211496027176,0.6079565390549522,0.039357973046421926,0.2662840968683373,0.06912082178470424,feature_noise,imbalance,0.2,0.3,-0.02072658109919101,0.082810610863995,0.08732093675902264,0.14275715744303635,-0.02072658109919101
Bank,XGB,Boosting,0.0,0.0,0.2,0.3,4824,43,0.9154232150151571,0.003497004755138951,0.5733072049482292,0.009476114256117097,0.5998060807155192,0.013792925333645427,0.25188634166104185,0.03282240126571928,feature_noise,imbalance,0.2,0.3,-0.01968988168182384,0.09109058425137206,0.09547139509845559,0.15715491265033182,-0.01968988168182384
Bank,SVM,Kernel,0.0,0.0,0.2,0.3,4824,42,0.9162524455528562,0.004106304457585252,0.5349657606303004,0.010576247109250448,0.5445064054443582,0.01773647686224778,0.1832905715703629,0.05266283309590271,feature_noise,imbalance,0.2,0.3,-0.02605244555285624,0.053389464531266695,0.071621004055894,0.11278340813001966,-0.02605244555285624
Bank,SVM,Kernel,0.0,0.0,0.2,0.3,4824,43,0.9160449766731882,0.0014537005663774168,0.5259873593450921,0.008790665314688842,0.5283680287887179,0.01558253659142232,0.15735635545600885,0.02678259945798511,feature_noise,imbalance,0.2,0.3,-0.02584497667318819,0.06236786581647502,0.08775938071153433,0.13871762424437373,-0.02584497667318819
Bank,MLP,Neural,0.0,0.0,0.2,0.3,4824,42,0.9179115516092275,0.003986779781653252,0.5747414868763008,0.041286589440654005,0.5970034922173015,0.05773361889695924,0.254476371540906,0.09586527315560098,feature_noise,imbalance,0.2,0.3,-0.026911551609227535,0.044466212852350195,0.0496831927649547,0.07969866430335881,-0.026911551609227535
Bank,MLP,Neural,0.0,0.0,0.2,0.3,4824,43,0.9135575000537484,0.0024942733603215256,0.5190067121509268,0.023407177943113634,0.5136967362254956,0.04055496005497251,0.07929920165681818,0.09372747870739821,feature_noise,imbalance,0.2,0.3,-0.022557500053748347,0.10020098757772422,0.13298994875676062,0.25487583418744664,-0.022557500053748347
Bank,GB,Boosting,0.0,0.0,0.2,0.3,4824,42,0.9131432072753854,0.0062234016045463626,0.5964594367222142,0.020163852491159213,0.6245934597013726,0.026384614213473535,0.2792860501350173,0.05599190136799479,feature_noise,imbalance,0.2,0.3,-0.018743207275385476,0.06940770230460769,0.07038599937855183,0.12670992950354548,-0.018743207275385476
Bank,GB,Boosting,0.0,0.0,0.2,0.3,4824,43,0.9154236450024726,0.007538782328164165,0.6099644051052314,0.017474554865327008,0.641257126697694,0.02468193587269792,0.3114281501630292,0.056782457094271314,feature_noise,imbalance,0.2,0.3,-0.02102364500247267,0.05590273392159051,0.05372233238223045,0.09456782947553355,-0.02102364500247267
Wine,LR,Linear,0.0,0.0,0.2,0.3,145,42,0.9793103448275862,0.02758620689655173,0.9857142857142858,0.019047619047619018,0.9805508072174739,0.02542488480752143,0.9696226258323983,0.04017172433871497,feature_noise,imbalance,0.2,0.3,0.005821930304688805,7.05467372134061e-05,0.004321679762126607,0.008495608474980765,0.005821930304688805
Wine,LR,Linear,0.0,0.0,0.2,0.3,145,43,0.9655172413793103,0.04361762289887419,0.963015873015873,0.048404500997378745,0.9660592096075968,0.04333744690522345,0.9442358222196839,0.07094952277194207,feature_noise,imbalance,0.2,0.3,0.019615033752964695,0.02276895943562618,0.018813277372003667,0.03388241208769516,0.019615033752964695
Wine,RF,Ensemble,0.0,0.0,0.2,0.3,145,42,0.9793103448275863,0.016893032708849485,0.9821428571428571,0.015971914124998474,0.9799524203040093,0.01639048997484252,0.9685329472446398,0.025696541075924947,feature_noise,imbalance,0.2,0.3,0.00386425834701698,0.003306878306878369,0.003778326315626246,0.006544688696156542,0.00386425834701698
Wine,RF,Ensemble,0.0,0.0,0.2,0.3,145,43,0.9724137931034482,0.03378606541769902,0.9693650793650793,0.038369876433023746,0.9732051282051282,0.032875332600720654,0.9562875121079066,0.05357304222347434,feature_noise,imbalance,0.2,0.3,0.010760810071155036,0.016084656084656146,0.010525618414507387,0.018790123832889694,0.010760810071155036
Wine,XGB,Boosting,0.0,0.0,0.2,0.3,145,42,0.9655172413793103,0.030842316931031594,0.9642857142857144,0.035912150307138936,0.9659414079021922,0.030956958503237302,0.9469194733779208,0.047699352321485894,feature_noise,imbalance,0.2,0.3,-0.008533114395183339,-0.005335898669232009,-0.008800316298965272,-0.010874320566090612,-0.008533114395183339
Wine,XGB,Boosting,0.0,0.0,0.2,0.3,145,43,0.9655172413793103,0.030842316931031594,0.9657936507936509,0.02917074261553424,0.9668281335522714,0.029581519165267803,0.9454409736236359,0.04912450841026887,feature_noise,imbalance,0.2,0.3,-0.008533114395183339,-0.006843835177168467,-0.009687041949044461,-0.009395820811805677,-0.008533114395183339
Wine,SVM,Kernel,0.0,0.0,0.2,0.3,145,42,0.9793103448275862,0.02758620689655173,0.9773809523809524,0.03458533106269989,0.9790693257359923,0.027987308863605377,0.9683710017567924,0.042356453132432595,feature_noise,imbalance,0.2,0.3,0.00386425834701698,0.0046023729357063115,0.003762753984773104,0.006658129774056554,0.00386425834701698
Wine,SVM,Kernel,0.0,0.0,0.2,0.3,145,43,0.9793103448275863,0.016893032708849485,0.96984126984127,0.024794443415576645,0.9769347448991498,0.01888703193135521,0.9676398011272236,0.026430409325147893,feature_noise,imbalance,0.2,0.3,0.003864258347016869,0.012142055475388713,0.005897334821615585,0.007389330403625327,0.003864258347016869
Wine,MLP,Neural,0.0,0.0,0.2,0.3,145,42,0.8206896551724137,0.11415824384308172,0.8288359788359788,0.09753925561331449,0.8258648940021489,0.10452171085237037,0.7364375885337805,0.16653169392850914,feature_noise,imbalance,0.2,0.3,0.09878124429848578,0.09491101491101506,0.0951457609414309,0.14655471568956446,0.09878124429848578
Wine,MLP,Neural,0.0,0.0,0.2,0.3,145,43,0.8206896551724137,0.07983335795027742,0.8437301587301589,0.07478001667846731,0.8281211491220033,0.07577639431911876,0.7274817921862197,0.12057675432652362,feature_noise,imbalance,0.2,0.3,0.09878124429848578,0.08001683501683499,0.09288950582157651,0.1555105120371253,0.09878124429848578
Wine,GB,Boosting,0.0,0.0,0.2,0.3,145,42,0.9586206896551724,0.033786065417699004,0.9484126984126984,0.038534994877175294,0.9546020038109286,0.03600579452544767,0.9355791053228382,0.052597208006908695,feature_noise,imbalance,0.2,0.3,-0.027827038861521602,-0.0195270161936828,-0.02264383923470803,-0.03695142289676523,-0.027827038861521602
Wine,GB,Boosting,0.0,0.0,0.2,0.3,145,43,0.9034482758620689,0.05517241379310348,0.8825396825396826,0.07724754474780496,0.8914585221889231,0.07367306428976238,0.8523620924515665,0.08218650477306236,feature_noise,imbalance,0.2,0.3,0.027345374931581956,0.04634599967933295,0.04049964238729753,0.04626558997450647,0.027345374931581956
BreastCancer,LR,Linear,0.0,0.0,0.2,0.3,505,42,0.9702970297029703,0.014002114478941547,0.9572593222168259,0.01878793940790611,0.9636278482448224,0.0169740387864821,0.9281237668074918,0.033778313956407936,feature_noise,imbalance,0.2,0.3,0.005126041248745383,0.01364372310072981,0.00982239712728794,0.01984603287648168,0.005126041248745383
BreastCancer,LR,Linear,0.0,0.0,0.2,0.3,505,43,0.9742574257425742,0.010097068343748097,0.9660244994873455,0.009091761369531676,0.9687702799477946,0.012116079688931535,0.9381492091861915,0.02412649246943575,feature_noise,imbalance,0.2,0.3,0.0011656452091414193,0.00487854583021019,0.004679965424315702,0.009820590497781945,0.0011656452091414193
BreastCancer,RF,Ensemble,0.0,0.0,0.2,0.3,505,42,0.9544554455445544,0.010097068343748098,0.9402757541417085,0.021179315990834554,0.9443051344810407,0.012805826802624829,0.8900958838049056,0.025938931555352217,feature_noise,imbalance,0.2,0.3,0.00689631142900049,0.01721109199973969,0.014213316332008508,0.02860248031501611,0.00689631142900049
BreastCancer,RF,Ensemble,0.0,0.0,0.2,0.3,505,43,0.9683168316831683,0.015841584158415856,0.9579493821164535,0.0207100095832609,0.9613946859805699,0.019401931201539536,0.9234535657041775,0.0382587601275739,feature_noise,imbalance,0.2,0.3,-0.006965074709613384,-0.0004625359750053404,-0.0028762351675206688,-0.004755201584255797,-0.006965074709613384
BreastCancer,XGB,Boosting,0.0,0.0,0.2,0.3,505,42,0.9584158415841584,0.011546439395733278,0.9428627704926879,0.013932919106067775,0.9490540765766197,0.014241434915917565,0.8991834959477198,0.02847547432648058,feature_noise,imbalance,0.2,0.3,0.008783868605770628,0.019536647548721642,0.015591722986001422,0.03143721204191796,0.008783868605770628
BreastCancer,XGB,Boosting,0.0,0.0,0.2,0.3,505,43,0.9643564356435643,0.011881188118811892,0.9531122173654957,0.008492853139036485,0.9567451053421395,0.01393994052950366,0.9143786603036466,0.027810006232295292,feature_noise,imbalance,0.2,0.3,0.0028432745463646825,0.00928720067591382,0.007900694220481563,0.016242047685991245,0.0028432745463646825
BreastCancer,SVM,Kernel,0.0,0.0,0.2,0.3,505,42,0.9683168316831683,0.013135147684575852,0.9537156656413577,0.019642412683875923,0.9609244136368271,0.016636089695813677,0.9227586622907431,0.03253207202570954,feature_noise,imbalance,0.2,0.3,0.007095888908872361,0.01837982721240572,0.012647235142434599,0.024943696920596392,0.007095888908872361
BreastCancer,SVM,Kernel,0.0,0.0,0.2,0.3,505,43,0.9702970297029703,0.008855714762375412,0.9572984458474988,0.009109958401513431,0.9636448880822748,0.010817307774465854,0.9280226582491039,0.02190344075850603,feature_noise,imbalance,0.2,0.3,0.005115690889070379,0.014797047006264608,0.009926760696986947,0.01967970096223559,0.005115690889070379
BreastCancer,MLP,Neural,0.0,0.0,0.2,0.3,505,42,0.9287128712871286,0.019198732108579485,0.9078216232259457,0.016245825266512363,0.9131721332642344,0.02146633882289227,0.8290039700593781,0.04305870872331221,feature_noise,imbalance,0.2,0.3,0.017987951566465377,0.030196970680299695,0.029008325179673333,0.05685592459583444,0.017987951566465377
BreastCancer,MLP,Neural,0.0,0.0,0.2,0.3,505,43,0.9267326732673267,0.034639318187199786,0.8972094058604501,0.04479615792519767,0.9087392167018695,0.04343084198708827,0.8206766460768378,0.08592575247605871,feature_noise,imbalance,0.2,0.3,0.01996814958626736,0.040809188045795364,0.03344124174203822,0.06518324857837476,0.01996814958626736
BreastCancer,GB,Boosting,0.0,0.0,0.2,0.3,505,42,0.9544554455445544,0.010097068343748097,0.9404298203011171,0.020533939817259858,0.9443439606179511,0.012899896159781918,0.8910271367816579,0.02588344735033052,feature_noise,imbalance,0.2,0.3,0.001612452814913623,0.010586375928803293,0.00841041510281948,0.015583954336932493,0.001612452814913623
BreastCancer,GB,Boosting,0.0,0.0,0.2,0.3,505,43,0.9584158415841584,0.015841584158415817,0.9452474232367385,0.024670984980306166,0.9492223202088107,0.019690161611503398,0.8995825725575222,0.03861650204891162,feature_noise,imbalance,0.2,0.3,-0.002347943224690341,0.005768772993181903,0.0035320555119598973,0.007028518561068231,-0.002347943224690341
Digits,LR,Linear,0.0,0.0,0.2,0.3,1528,42,0.8789392478302798,0.012296915649470828,0.8726105937034113,0.011918835714370607,0.8742749482026703,0.012477294175512937,0.7499205881213307,0.025649245918237647,feature_noise,imbalance,0.2,0.3,0.01384471998154313,0.020194328259200645,0.01849546041657757,0.035929331592476466,0.01384471998154313
Digits,LR,Linear,0.0,0.0,0.2,0.3,1528,43,0.8730397514196936,0.016693716594532917,0.8659064632114356,0.01702384418799883,0.8680211314048101,0.01722552631226114,0.7366147797666027,0.03455997430350693,feature_noise,imbalance,0.2,0.3,0.01974421639212931,0.026898458751176357,0.02474927721443776,0.04923513994720441,0.01974421639212931
Digits,RF,Ensemble,0.0,0.0,0.2,0.3,1528,42,0.9555148398157076,0.011757432492202293,0.9499454003332456,0.01300575743420571,0.953610785076107,0.01233052588932825,0.9084147375370005,0.024155309618440677,feature_noise,imbalance,0.2,0.3,0.022227861102480873,0.02779498488669141,0.02413057600098556,0.04713655478319434,0.022227861102480873
Digits,RF,Ensemble,0.0,0.0,0.2,0.3,1528,43,0.9522275795564127,0.005677697012347599,0.945650583179865,0.006821081513587083,0.9500868054707855,0.006063353879726248,0.9018144107498023,0.011547457228709496,feature_noise,imbalance,0.2,0.3,0.025515121361775805,0.03208980204007206,0.02765455560630703,0.05373688157039258,0.025515121361775805
Digits,XGB,Boosting,0.0,0.0,0.2,0.3,1528,42,0.9594428372441872,0.01645400156197047,0.9549232833464878,0.01880223745307961,0.9577359416727507,0.017378987896048078,0.9162609899131926,0.033904105474595055,feature_noise,imbalance,0.2,0.3,0.010689732651613881,0.01520484132128297,0.01239459274748167,0.024085283517715772,0.010689732651613881
Digits,XGB,Boosting,0.0,0.0,0.2,0.3,1528,43,0.9561555769848923,0.01512177057681736,0.952425186354468,0.0163340678654414,0.9544700168364051,0.015720427976458874,0.9093645189726729,0.031224096544758034,feature_noise,imbalance,0.2,0.3,0.013976992910908814,0.01770293831330272,0.01566051758382725,0.030981754458235478,0.013976992910908814
Digits,SVM,Kernel,0.0,0.0,0.2,0.3,1528,42,0.9757891353262617,0.00671759156960799,0.9729079365079365,0.007603120919716415,0.9748678094220213,0.006982363931660612,0.9501291777671039,0.01383895180909188,feature_noise,imbalance,0.2,0.3,0.004924266097446228,0.007809884000926859,0.005844341829410626,0.011379883852516093,0.004924266097446228
Digits,SVM,Kernel,0.0,0.0,0.2,0.3,1528,43,0.9718568520304297,0.010664641812004143,0.9690984126984127,0.01114732149522993,0.970810969834291,0.011052636125785716,0.9419415499017807,0.02212485175986066,feature_noise,imbalance,0.2,0.3,0.00885654939327818,0.011619407810450677,0.009901181417140914,0.019567511717839325,0.00885654939327818
Digits,MLP,Neural,0.0,0.0,0.2,0.3,1528,42,0.9613907639558554,0.01060952504278497,0.9592718582829081,0.009149969713461012,0.960068008924804,0.010826383130088478,0.9204955414573547,0.021754478383146397,feature_noise,imbalance,0.2,0.3,0.0022551660967599085,0.004380809323431101,0.003576709389866317,0.006863817183689447,0.0022551660967599085
Digits,MLP,Neural,0.0,0.0,0.2,0.3,1528,43,0.95093110468231,0.012019282307333987,0.9489169341401386,0.012867492029510407,0.9492501640007278,0.012404291011161764,0.898783067542157,0.024742235380280572,feature_noise,imbalance,0.2,0.3,0.012714825370305327,0.014735733466200607,0.014394554313942542,0.028576291098887152,0.012714825370305327
Digits,GB,Boosting,0.0,0.0,0.2,0.3,1528,42,0.9581335047680273,0.015489290934135863,0.9543102692273961,0.016320805099060136,0.9565080588522935,0.016146355213872896,0.9134038385047137,0.032239484444120683,feature_noise,imbalance,0.2,0.3,0.00903094380310654,0.012849708275338823,0.010653578304760547,0.0210261141720669,0.00903094380310654
Digits,GB,Boosting,0.0,0.0,0.2,0.3,1528,43,0.9555062680810028,0.009345293222499818,0.9518536525475753,0.010190625614889082,0.9538136064670939,0.009721145410921953,0.9079869858406255,0.01933362190237605,feature_noise,imbalance,0.2,0.3,0.01165818049013101,0.015306324955159711,0.013348030689960155,0.026442966836155102,0.01165818049013101
Spambase,LR,Linear,0.0,0.0,0.2,0.6,3513,42,0.9222899012372696,0.005121498392999164,0.8556126440553783,0.0050037333155946275,0.8748227730021375,0.007219403767642872,0.7534259343292034,0.01577080717385461,feature_noise,imbalance,0.2,0.6,0.0029448782242481597,0.0626647722234529,0.04631834394950862,0.08958142626588161,0.0029448782242481597
Spambase,LR,Linear,0.0,0.0,0.2,0.6,3513,43,0.9151722572775205,0.005293617133919505,0.8419414749681973,0.007910968626679076,0.8624519483777868,0.008231332055881922,0.72938320624839,0.016845745011971378,feature_noise,imbalance,0.2,0.6,0.01006252218399728,0.07633594131063393,0.05868916857385931,0.11362415434669493,0.01006252218399728
Spambase,RF,Ensemble,0.0,0.0,0.2,0.6,3513,42,0.9296916349547928,0.010070188499390034,0.8546624094373539,0.01860948523503632,0.8833872172501727,0.017266838049231566,0.7756255272314712,0.03367066912537571,feature_noise,imbalance,0.2,0.6,0.015103877169709512,0.08274955547344398,0.05820275224912608,0.10864128824051633,0.015103877169709512
Spambase,RF,Ensemble,0.0,0.0,0.2,0.6,3513,43,0.9288377446272182,0.005878754420555524,0.851572556514353,0.013934830047550716,0.8814688378152222,0.010970286076249953,0.7724713216282522,0.020146771552388396,feature_noise,imbalance,0.2,0.6,0.01595776749728406,0.08583940839644488,0.06012113168407651,0.11179549384373533,0.01595776749728406
Spambase,XGB,Boosting,0.0,0.0,0.2,0.6,3513,42,0.935951335951336,0.00720873031678402,0.8779987050354283,0.008806607250468336,0.89720296501978,0.010741967551236218,0.7979245010415069,0.02249347790213656,feature_noise,imbalance,0.2,0.6,0.014422863485319182,0.0681002737949139,0.050611834050350746,0.09797498252303494,0.014422863485319182
Spambase,XGB,Boosting,0.0,0.0,0.2,0.6,3513,43,0.9277009803325592,0.007518681458333535,0.8636132640229951,0.014412388636408915,0.8833557294111023,0.012592392386221663,0.7708573735685057,0.024650000579465238,feature_noise,imbalance,0.2,0.6,0.02267321910409592,0.08248571480734712,0.06445906965902848,0.12504210999603615,0.02267321910409592
Spambase,SVM,Kernel,0.0,0.0,0.2,0.6,3513,42,0.9348153821838034,0.007587204116304388,0.877792302860172,0.014495153523643018,0.8955919123450993,0.012544631980997725,0.7942816367478777,0.024707156271212286,feature_noise,imbalance,0.2,0.6,-0.0019008595319914834,0.04849772712446054,0.033648491562139116,0.06481030854910641,-0.0019008595319914834
Spambase,SVM,Kernel,0.0,0.0,0.2,0.6,3513,43,0.9316851264219685,0.004973791042689535,0.8676548426815531,0.008598912203254738,0.8893307596748974,0.008235763171667057,0.783113488645226,0.016386930078118808,feature_noise,imbalance,0.2,0.6,0.0012293962298434158,0.05863518730307937,0.039909644232341,0.07597845665175806,0.0012293962298434158
Spambase,MLP,Neural,0.0,0.0,0.2,0.6,3513,42,0.9311153258521679,0.005848536789255417,0.8749498578445764,0.017180097190853918,0.8902080773149823,0.011110994963245073,0.7833697744110238,0.020056438434392244,feature_noise,imbalance,0.2,0.6,0.005928687428922275,0.05777091913241472,0.04367008062676214,0.08464864891404433,0.005928687428922275
Spambase,MLP,Neural,0.0,0.0,0.2,0.6,3513,43,0.9299781562939458,0.011048680566150111,0.868108974508325,0.02530583560627375,0.8869545469372303,0.020415848362469076,0.7779182820609578,0.03791289378852262,feature_noise,imbalance,0.2,0.6,0.007065856987144459,0.06461180246866605,0.04692361100451414,0.09010014126411037,0.007065856987144459
Spambase,GB,Boosting,0.0,0.0,0.2,0.6,3513,42,0.9322512796197007,0.007931687613990693,0.8710739973732368,0.014885505547267081,0.8908238499771954,0.012953316640892568,0.7856207787571785,0.02566000406312418,feature_noise,imbalance,0.2,0.6,0.015441445678887944,0.07191114667659448,0.0541333411428937,0.10466093157909329,0.015441445678887944
Spambase,GB,Boosting,0.0,0.0,0.2,0.6,3513,43,0.929976535239693,0.006305990116753248,0.8635165899029598,0.012183194774607883,0.8861430156522871,0.010536164346083596,0.7775308843843283,0.02079496633977585,feature_noise,imbalance,0.2,0.6,0.017716190058895576,0.07946855414687148,0.05881417546780199,0.11275082595194352,0.017716190058895576
Bank,LR,Linear,0.0,0.0,0.2,0.6,4649,42,0.9451501788256538,0.004128027569849353,0.5402481134556213,0.01906355952051582,0.5561830648112632,0.028535998944976496,0.15298610368715454,0.06726536829259729,feature_noise,imbalance,0.2,0.6,-0.04901684549232055,0.10139120859140172,0.1205041654639315,0.2326745634214517,-0.04901684549232055
Bank,LR,Linear,0.0,0.0,0.2,0.6,4649,43,0.9485924279778233,0.005049808570866407,0.5643111271284191,0.029849050193968264,0.5912320293022714,0.04294754379920082,0.22997204240027308,0.09191353021144373,feature_noise,imbalance,0.2,0.6,-0.052459094644490056,0.07732819491860388,0.08545520097292336,0.15568862470833317,-0.052459094644490056
Bank,RF,Ensemble,0.0,0.0,0.2,0.6,4649,42,0.950096878363832,0.0005184421620253391,0.5042553191489361,0.005211680303793976,0.49553266268025026,0.010294459879035638,0.05688313938785744,0.06966733323393129,feature_noise,imbalance,0.2,0.6,-0.054163545030498694,0.09920962327410376,0.14190778792135922,0.28594216904289826,-0.054163545030498694
Bank,RF,Ensemble,0.0,0.0,0.2,0.6,4649,43,0.950096878363832,0.0008551394547477628,0.5123592097833158,0.0077760152851049326,0.5114426903396878,0.015023173088403913,0.10555680967058963,0.06533190429513241,feature_noise,imbalance,0.2,0.6,-0.054163545030498694,0.09110573263972399,0.12599776026192167,0.2372684987601661,-0.054163545030498694
Bank,XGB,Boosting,0.0,0.0,0.2,0.6,4649,42,0.9494514855839903,0.0011780989488778695,0.5301491425560202,0.021520984544806297,0.5410853024658444,0.03714907495055896,0.14057239802891822,0.09363260084577875,feature_noise,imbalance,0.2,0.6,-0.053718152250657014,0.13424864664358105,0.1541921733481304,0.2684688562824554,-0.053718152250657014
Bank,XGB,Boosting,0.0,0.0,0.2,0.6,4649,43,0.9505276803592718,0.002438940838028443,0.540926200835391,0.015011858866087106,0.560757620783875,0.024380172780168772,0.20416155486203075,0.06304918658831236,feature_noise,imbalance,0.2,0.6,-0.05479434702593855,0.12347158836421024,0.13451985503009978,0.20487969944934292,-0.05479434702593855
Bank,SVM,Kernel,0.0,0.0,0.2,0.6,4649,42,0.9494517170735095,0.0006633511415261606,0.49988674971687425,0.00022650056625141967,0.487035197110883,0.00017455381657570406,-0.00151387743557718,0.00302775487115436,feature_noise,imbalance,0.2,0.6,-0.05925171707350951,0.08846847544469288,0.12909221238936924,0.29758785713595975,-0.05925171707350951
Bank,SVM,Kernel,0.0,0.0,0.2,0.6,4649,43,0.9496667708369504,0.0007934779324835059,0.5040750720516949,0.005227260017474029,0.495419482286802,0.010381193106271665,0.046218096166446655,0.06148625504256311,feature_noise,imbalance,0.2,0.6,-0.0594667708369504,0.08428015310987225,0.12070792721345025,0.24985588353393592,-0.0594667708369504
Bank,MLP,Neural,0.0,0.0,0.2,0.6,4649,42,0.9492364318205494,0.00042518985153284,0.5059554877148063,0.01219607308315458,0.498290705058099,0.02264710437505639,0.028935132164330375,0.06172461566635142,feature_noise,imbalance,0.2,0.6,-0.058236431820549384,0.11325221201384472,0.1483959799241572,0.3052399036799345,-0.058236431820549384
Bank,MLP,Neural,0.0,0.0,0.2,0.6,4649,43,0.9492366633100687,0.0018426433415490587,0.5138743644731452,0.02407556871759616,0.5118574321574456,0.041084362481860086,0.06082222839118978,0.10243781937723097,feature_noise,imbalance,0.2,0.6,-0.058236663310068715,0.10533333525550581,0.13482925282481062,0.27335280745307505,-0.058236663310068715
Bank,GB,Boosting,0.0,0.0,0.2,0.6,4649,42,0.9412771276780443,0.006859802493783492,0.5440215688883348,0.022496942855967147,0.5603324292931441,0.033754577931688304,0.14813471153271093,0.08265830330770552,feature_noise,imbalance,0.2,0.6,-0.046877127678044306,0.12184557013848718,0.13464702978678034,0.25786126810585186,-0.046877127678044306
Bank,GB,Boosting,0.0,0.0,0.2,0.6,4649,43,0.9436436450339711,0.0022178218702561562,0.5574462846887922,0.03059913526355927,0.57496176842191,0.03917896597020017,0.17633346948690393,0.07034108543941123,feature_noise,imbalance,0.2,0.6,-0.04924364503397116,0.10842085433802973,0.12001769065801438,0.22966251015165884,-0.04924364503397116
Wine,LR,Linear,0.0,0.0,0.2,0.6,113,42,0.9561264822134387,0.038896172648672095,0.9642857142857142,0.039840953644479773,0.9524555691222357,0.042915649224284515,0.9254802836054059,0.06608846815556982,feature_noise,imbalance,0.2,0.6,0.029005792918836315,0.02149911816578498,0.03241691785736478,0.05263795070197319,0.029005792918836315
Wine,LR,Linear,0.0,0.0,0.2,0.6,113,43,0.9735177865612649,0.021634675388781027,0.9533333333333334,0.038586123009300775,0.9666484218208357,0.027504224604382357,0.9520379790671749,0.03925102440018483,feature_noise,imbalance,0.2,0.6,0.011614488571010106,0.032451499118165805,0.018224065158764846,0.026080255240204187,0.011614488571010106
Wine,RF,Ensemble,0.0,0.0,0.2,0.6,113,42,0.9652173913043478,0.032536151189338634,0.9430158730158731,0.061929990789061855,0.9546107257935216,0.04227223752329311,0.9372221898300097,0.05870405575437734,feature_noise,imbalance,0.2,0.6,0.017957211870255452,0.04243386243386238,0.02912002082611398,0.03785544611078662,0.017957211870255452
Wine,RF,Ensemble,0.0,0.0,0.2,0.6,113,43,0.9371541501976285,0.04667380053478423,0.9026984126984126,0.07494282695272046,0.9116060025542785,0.07152121389535253,0.8827316968020629,0.08719214618424137,feature_noise,imbalance,0.2,0.6,0.04602045297697477,0.08275132275132291,0.07212474406535707,0.09234593913873346,0.04602045297697477
Wine,XGB,Boosting,0.0,0.0,0.2,0.6,113,42,0.9470355731225297,0.042449194374178226,0.9096825396825396,0.05596087968777454,0.9299001830370017,0.04978371412619599,0.9010658126351947,0.07808169820282206,feature_noise,imbalance,0.2,0.6,0.009948553861597209,0.049267275933942756,0.027240908566225186,0.03497934017663551,0.009948553861597209
Wine,XGB,Boosting,0.0,0.0,0.2,0.6,113,43,0.9557312252964426,0.03979355873091929,0.9207936507936509,0.09064367677938526,0.931247795414462,0.0712510307977775,0.916848866488684,0.07748345431363172,feature_noise,imbalance,0.2,0.6,0.0012529016876843269,0.03815616482283146,0.025893296188764903,0.019196286323146183,0.0012529016876843269
Wine,SVM,Kernel,0.0,0.0,0.2,0.6,113,42,0.9739130434782609,0.052173913043478265,0.9652380952380952,0.0695238095238095,0.9690293742017879,0.06194125159642403,0.9518685656774789,0.09626286864504213,feature_noise,imbalance,0.2,0.6,0.009261559696342236,0.016745230078563433,0.013802705518977443,0.023160565853370008,0.009261559696342236
Wine,SVM,Kernel,0.0,0.0,0.2,0.6,113,43,0.9557312252964426,0.027515105587283987,0.9144444444444444,0.05461424767753113,0.9363205442849492,0.043233869306622694,0.9182014592502158,0.04892723033362858,feature_noise,imbalance,0.2,0.6,0.027443377878160535,0.06753888087221427,0.04651153543581621,0.056827672280633124,0.027443377878160535
Wine,MLP,Neural,0.0,0.0,0.2,0.6,113,42,0.7782608695652173,0.1433339140402236,0.7525396825396824,0.10256400517467323,0.754119068270522,0.13586009525155118,0.6260740770236535,0.20581574737312053,feature_noise,imbalance,0.2,0.6,0.1412100299056821,0.17120731120731147,0.1668915866730578,0.2569182271996915,0.1412100299056821
Wine,MLP,Neural,0.0,0.0,0.2,0.6,113,43,0.8059288537549406,0.07946925130031425,0.7433333333333334,0.10426723036888523,0.7529083789567661,0.11117225958822964,0.6378889782555641,0.14543106385716922,feature_noise,imbalance,0.2,0.6,0.11354204571595883,0.18041366041366047,0.1681022759868137,0.24510332596778084,0.11354204571595883
Wine,GB,Boosting,0.0,0.0,0.2,0.6,113,42,0.9292490118577075,0.021518826227377427,0.9001587301587302,0.043358037030722094,0.9111579321062079,0.026244789645837565,0.871874342461291,0.04008158511086544,feature_noise,imbalance,0.2,0.6,0.0015446389359433654,0.028726952060285416,0.020800232470012725,0.026753339964781908,0.0015446389359433654
Wine,GB,Boosting,0.0,0.0,0.2,0.6,113,43,0.9110671936758893,0.02941943725838482,0.8884126984126984,0.05715960953732149,0.8856114428355808,0.04748439815712462,0.8428953669612309,0.04448125933064225,feature_noise,imbalance,0.2,0.6,0.019726457117761553,0.04047298380631714,0.04634672174063981,0.05573231546484203,0.019726457117761553
BreastCancer,LR,Linear,0.0,0.0,0.2,0.6,441,42,0.9795709908069459,0.022045500542031835,0.9604805302402651,0.03803583954061916,0.9667018433487087,0.035216173467957586,0.9349231101489627,0.06942712222218764,feature_noise,imbalance,0.2,0.6,-0.00414791985523022,0.010422515077290528,0.006748402023401656,0.013046689535010758,-0.00414791985523022
BreastCancer,LR,Linear,0.0,0.0,0.2,0.6,441,43,0.9750510725229826,0.004572060636840655,0.9483677391144252,0.02016347884624118,0.9584132559345286,0.008606007368565836,0.9186501441998685,0.014931267645064828,feature_noise,imbalance,0.2,0.6,0.00037199842873303357,0.02253530620313049,0.015036989437581694,0.02931965548410498,0.00037199842873303357
BreastCancer,RF,Ensemble,0.0,0.0,0.2,0.6,441,42,0.9728038815117467,0.01538122609435708,0.9383791309951212,0.03365487995852014,0.9541770738531028,0.02591672857285664,0.9108305164562683,0.05073339931627901,feature_noise,imbalance,0.2,0.6,-0.011452124538191777,0.01910771514632703,0.004341376959946408,0.007867847663653338,-0.011452124538191777
BreastCancer,RF,Ensemble,0.0,0.0,0.2,0.6,441,43,0.9682839632277835,0.011010127274902425,0.9307011184755594,0.031052897425241175,0.9464142181331493,0.019472497060918574,0.8967989760323285,0.03583047601980047,feature_noise,imbalance,0.2,0.6,-0.0069322062542286345,0.026785727665888825,0.012104232679899907,0.021899388087593175,-0.0069322062542286345
BreastCancer,XGB,Boosting,0.0,0.0,0.2,0.6,441,42,0.9796220633299286,0.011040882541107895,0.9605000920556016,0.022987871799356446,0.9666196292121569,0.018214997876923343,0.9339206072826933,0.0361411553239892,feature_noise,imbalance,0.2,0.6,-0.01242235313999962,0.001899325985807887,-0.001973829649535852,-0.0032998992930555193,-0.01242235313999962
BreastCancer,XGB,Boosting,0.0,0.0,0.2,0.6,441,43,0.9660367722165475,0.0122155716999887,0.9293122295866704,0.04267926185666027,0.9420277504394011,0.02408734229759307,0.8891268161359346,0.041310188213107106,feature_noise,imbalance,0.2,0.6,0.001162937973381517,0.033087188454739125,0.022618049123219963,0.041493891853703224,0.001162937973381517
BreastCancer,SVM,Kernel,0.0,0.0,0.2,0.6,441,42,0.9795965270684371,0.015068212005788973,0.9515327257663628,0.03199342074206375,0.9657338665900308,0.02538718119813597,0.9332301182972301,0.04982732390098012,feature_noise,imbalance,0.2,0.6,-0.00418380647639649,0.02056276708740057,0.007837782189230924,0.014472240914109369,-0.00418380647639649
BreastCancer,SVM,Kernel,0.0,0.0,0.2,0.6,441,43,0.9751021450459654,0.013095148268771081,0.9442614839362975,0.04082783209916455,0.9574675679872746,0.023906710405679925,0.9187813368030116,0.04362160819088142,feature_noise,imbalance,0.2,0.6,0.0003105755460752757,0.027834008917465902,0.016104080791987108,0.028921022408327945,0.0003105755460752757
BreastCancer,MLP,Neural,0.0,0.0,0.2,0.6,441,42,0.9342951991828397,0.02058729537095097,0.8634234327533831,0.0339942880391028,0.8865352136175894,0.03413869154549951,0.7791366244959566,0.06923004447146981,feature_noise,imbalance,0.2,0.6,0.012405623670754373,0.07459516115286235,0.055645244826318385,0.10672327015925598,0.012405623670754373
BreastCancer,MLP,Neural,0.0,0.0,0.2,0.6,441,43,0.9501787538304391,0.018178948712523,0.896387392985363,0.049060474165256156,0.9136413039712664,0.03516664527455455,0.833148625576148,0.06523754729407073,feature_noise,imbalance,0.2,0.6,-0.0034779309768451228,0.04163120092088246,0.028539154472641326,0.05271126907906454,-0.0034779309768451228
BreastCancer,GB,Boosting,0.0,0.0,0.2,0.6,441,42,0.9546220633299285,0.03135553448817554,0.9315854275982695,0.04016893174383928,0.9287624253141494,0.047656302359937015,0.8585972381503838,0.09453059867972358,feature_noise,imbalance,0.2,0.6,0.001445835029539544,0.01943076863165094,0.023991950406621165,0.048013852968206594,0.001445835029539544
BreastCancer,GB,Boosting,0.0,0.0,0.2,0.6,441,43,0.9523748723186924,0.008533468210048958,0.9115460738285923,0.01854641957053849,0.9211561395765671,0.012289546396235779,0.8449881311688465,0.02472098659860066,feature_noise,imbalance,0.2,0.6,0.0036930260407755933,0.03947012240132808,0.03159823614420354,0.06162295994974387,0.0036930260407755933
Digits,LR,Linear,0.0,0.0,0.2,0.6,1259,42,0.8856225890090432,0.012404446361722457,0.85275032639051,0.023927758263523172,0.8571183573922945,0.01769453769566551,0.7162170082736801,0.033241561837048614,feature_noise,imbalance,0.2,0.6,0.007161378802779672,0.040054595572102,0.03565205122695336,0.06963291144012707,0.007161378802779672
Digits,LR,Linear,0.0,0.0,0.2,0.6,1259,43,0.895152722443559,0.009278986278723072,0.8634931349916565,0.015360477910106215,0.8690052519292777,0.01177560392592499,0.7398017471241612,0.02257670167263569,feature_noise,imbalance,0.2,0.6,-0.0023687546317361363,0.02931178697095549,0.023765156689970146,0.046048172589645886,-0.0023687546317361363
Digits,RF,Ensemble,0.0,0.0,0.2,0.6,1259,42,0.9404287611458926,0.005612760219234072,0.9036085821250399,0.012379529014066588,0.9229482857131084,0.008065950205857776,0.85231573219401,0.01470433533338596,feature_noise,imbalance,0.2,0.6,0.03731393977229591,0.07413180309489709,0.054793075363984145,0.10323556012618484,0.03731393977229591
Digits,RF,Ensemble,0.0,0.0,0.2,0.6,1259,43,0.9332669322709164,0.01223206014541406,0.8944419154583734,0.02306189878635867,0.913389904773098,0.017407476479005108,0.8338746920524518,0.031128319994917716,feature_noise,imbalance,0.2,0.6,0.044475768647272096,0.08329846976156363,0.06435145630399453,0.12167660026774307,0.044475768647272096
Digits,XGB,Boosting,0.0,0.0,0.2,0.6,1259,42,0.956327072661734,0.014393061696594218,0.9374667124910296,0.016405303600753405,0.9453962176019779,0.01790972291568123,0.8918091472391216,0.03628744693871009,feature_noise,imbalance,0.2,0.6,0.013805497234067099,0.03266141217674112,0.024734316818254443,0.04853712619178674,0.013805497234067099
Digits,XGB,Boosting,0.0,0.0,0.2,0.6,1259,43,0.947558970467337,0.013937858309449677,0.9186611288356289,0.02121983751818189,0.9330515864597183,0.018273742146581326,0.8695811284523758,0.035646765702196256,feature_noise,imbalance,0.2,0.6,0.022573599428464153,0.05146699583214187,0.03707894796051403,0.07076514497853259,0.022573599428464153
Digits,SVM,Kernel,0.0,0.0,0.2,0.6,1259,42,0.9761746664137103,0.008316399426811255,0.9647970975021399,0.009632622346249353,0.9703699923796891,0.01037048486955734,0.9412205872115476,0.020932042763096095,feature_noise,imbalance,0.2,0.6,0.004538735009997574,0.015920723006723425,0.010342158871742835,0.020288474408072465,0.004538735009997574
Digits,SVM,Kernel,0.0,0.0,0.2,0.6,1259,43,0.9745683930942896,0.012993195950700597,0.961938003095306,0.020199916551253284,0.9681301113639244,0.016612980753107118,0.9370031874580663,0.03256075372242132,feature_noise,imbalance,0.2,0.6,0.006145008329418333,0.018779817413557387,0.012582039887507612,0.024505874161553698,0.006145008329418333
Digits,MLP,Neural,0.0,0.0,0.2,0.6,1259,42,0.9555239360020236,0.019171690186859304,0.9393494021217543,0.029109037118962115,0.9443501571653897,0.02502243381435638,0.8895402769048502,0.04916612164257086,feature_noise,imbalance,0.2,0.6,0.008121994050591774,0.024303265484584835,0.01929456114928063,0.03781908173619397,0.008121994050591774
Digits,MLP,Neural,0.0,0.0,0.2,0.6,1259,43,0.9332669322709164,0.010272856693376454,0.9078688428916039,0.02173287485384259,0.9159630771898153,0.014632820117838079,0.8345747134003467,0.026731858153353927,feature_noise,imbalance,0.2,0.6,0.030378997781698946,0.05578382471473531,0.04768164112485507,0.0927846452406974,0.030378997781698946
Digits,GB,Boosting,0.0,0.0,0.2,0.6,1259,42,0.9507683551508253,0.01556449518369707,0.9294698423814836,0.022624198662706776,0.9381115561818856,0.01989241872855843,0.8777649906289637,0.03902545060632406,feature_noise,imbalance,0.2,0.6,0.016396093420308566,0.03769013512125141,0.02905008097516848,0.0566649620478169,0.016396093420308566
Digits,GB,Boosting,0.0,0.0,0.2,0.6,1259,43,0.9459716688800354,0.011774701435647999,0.9200952800906113,0.016953781716536664,0.9316294654659629,0.015407965993502871,0.8655118035684277,0.030369461846055525,feature_noise,imbalance,0.2,0.6,0.02119277969109845,0.04706469741212371,0.03553217169109113,0.06891814910835292,0.02119277969109845
Spambase,LR,Linear,0.0,0.0,0.45,0.3,4057,42,0.8834076400235678,0.009765171602942848,0.8494822245759618,0.01610063253233832,0.8598684897602416,0.012958516980726758,0.7230554904365026,0.024624099305484478,feature_noise,imbalance,0.45,0.3,0.04182713943795002,0.06879519170286941,0.06127262719140458,0.11995187015858233,0.04182713943795002
Spambase,LR,Linear,0.0,0.0,0.45,0.3,4057,43,0.877991350458292,0.008023781939468793,0.8433963991683691,0.008938545208684008,0.8536051622120902,0.009367842829280468,0.7100768967774902,0.018942637450084978,feature_noise,imbalance,0.45,0.3,0.047243429003225756,0.07488101711046213,0.06753595473955598,0.13293046381759477,0.047243429003225756
Spambase,RF,Ensemble,0.0,0.0,0.45,0.3,4057,42,0.8888318259401213,0.0053003463359312655,0.8396841400947391,0.009045548281637294,0.86121616738969,0.007622308545128403,0.735927145773342,0.01274721821470611,feature_noise,imbalance,0.45,0.3,0.05596368618438097,0.0977278248160588,0.08037380210960876,0.14833966969864554,0.05596368618438097
Spambase,RF,Ensemble,0.0,0.0,0.45,0.3,4057,43,0.8945047469219416,0.004205707931179532,0.8493846040322829,0.007037927287626409,0.8693479557697149,0.005849397007258216,0.7495963081848365,0.010354306783131357,feature_noise,imbalance,0.45,0.3,0.050290765202560705,0.08802736087851504,0.07224201372958383,0.13467050728715102,0.050290765202560705
Spambase,XGB,Boosting,0.0,0.0,0.45,0.3,4057,42,0.8949943207011959,0.007953403856525518,0.8594050853304985,0.01152106811649119,0.8728540976600438,0.010079988827038965,0.7504912552095652,0.019474198193813956,feature_noise,imbalance,0.45,0.3,0.05537987873545924,0.08669389349984369,0.07496070141008693,0.1454082283549767,0.05537987873545924
Spambase,XGB,Boosting,0.0,0.0,0.45,0.3,4057,43,0.9001737197281227,0.002979524254123587,0.8676881465996816,0.00505846549377106,0.8797870694309735,0.0034794391638367627,0.7633680915235932,0.006860713330486948,feature_noise,imbalance,0.45,0.3,0.050200479708532475,0.07841083223066059,0.06802772963915726,0.13253139204094866,0.050200479708532475
Spambase,SVM,Kernel,0.0,0.0,0.45,0.3,4057,42,0.9011583339913626,0.0032569934468282447,0.8679835253369024,0.006938982048929795,0.8807179920698751,0.004491526399106783,0.7656313528390216,0.008053598525128944,feature_noise,imbalance,0.45,0.3,0.03175618866044938,0.05830650464773013,0.04852241183736328,0.09346059245796245,0.03175618866044938
Spambase,SVM,Kernel,0.0,0.0,0.45,0.3,4057,43,0.8986946723925338,0.0045493565801072566,0.8670381006708023,0.005383919427850412,0.8783172945786216,0.005348029136633187,0.7597876248681237,0.010909121229725894,feature_noise,imbalance,0.45,0.3,0.034219850259278206,0.059251929313830165,0.05092310932861677,0.0993043204288604,0.034219850259278206
Spambase,MLP,Neural,0.0,0.0,0.45,0.3,4057,42,0.8883370891619542,0.007677926818714198,0.8530698879699423,0.014982874102832862,0.8651045762008849,0.01080013424714593,0.7347975528488603,0.019543286029419328,feature_noise,imbalance,0.45,0.3,0.04870692411913602,0.07965088900704875,0.06877358174085957,0.1332208704762079,0.04870692411913602
Spambase,MLP,Neural,0.0,0.0,0.45,0.3,4057,43,0.8952418409431887,0.0066759913348143594,0.8645208799323691,0.008576544789211176,0.8745786884904249,0.007980124525191331,0.7517791873296364,0.015910756116070505,feature_noise,imbalance,0.45,0.3,0.04180217233790151,0.06819989704462193,0.059299469451319586,0.11623923599543173,0.04180217233790151
Spambase,GB,Boosting,0.0,0.0,0.45,0.3,4057,42,0.8954899685968183,0.010020744386793786,0.8591281952990049,0.012690109515025663,0.8732247831931905,0.012307517191859534,0.7517930767126559,0.024308012706120437,feature_noise,imbalance,0.45,0.3,0.052202756701770325,0.08385694875082639,0.07173240792689861,0.13848863362361585,0.052202756701770325
Spambase,GB,Boosting,0.0,0.0,0.45,0.3,4057,43,0.8967239253369617,0.0067360386512976,0.863245886468403,0.0053163178317829915,0.8755702509438017,0.00726039074143988,0.7550331721180592,0.015973069211881144,feature_noise,imbalance,0.45,0.3,0.050968799961626954,0.0797392575814283,0.06938694017628744,0.1352485382182126,0.050968799961626954
Bank,LR,Linear,0.0,0.0,0.45,0.3,4824,42,0.9160451916668458,0.00418831265115501,0.5858760596540155,0.02564961227497785,0.6137339688668417,0.03385242606504371,0.272259446896708,0.06056923602054063,feature_noise,imbalance,0.45,0.3,-0.01991185833351261,0.05576326239300755,0.062953261408353,0.11340122021189825,-0.01991185833351261
Bank,LR,Linear,0.0,0.0,0.45,0.3,4824,43,0.9150091372304517,0.006343423833392502,0.5820211339146233,0.026727992070571433,0.6091765177368951,0.036756247633847564,0.2619570803970349,0.07817091698322953,feature_noise,imbalance,0.45,0.3,-0.018875803897118515,0.05961818813239972,0.06751071253829966,0.12370358671157133,-0.018875803897118515
Bank,RF,Ensemble,0.0,0.0,0.45,0.3,4824,42,0.9166665233375616,0.001813114873716499,0.5251907368702478,0.006048457878492061,0.5273233076255972,0.010869749593571109,0.16317860756736352,0.0331517064138169,feature_noise,imbalance,0.45,0.3,-0.02073319000422824,0.07827420555279208,0.11011714297601227,0.17964670086339218,-0.02073319000422824
Bank,RF,Ensemble,0.0,0.0,0.45,0.3,4824,43,0.9156302539075097,0.002130708460525514,0.5190630644824127,0.0059547129653343255,0.5162376600250078,0.010810579832591339,0.13488762778139995,0.037367421017109444,feature_noise,imbalance,0.45,0.3,-0.01969692057417638,0.08440187794062715,0.12120279057660166,0.20793768064935575,-0.01969692057417638
Bank,XGB,Boosting,0.0,0.0,0.45,0.3,4824,42,0.9145941994711156,0.005576769781981698,0.5706416799917339,0.02346578753312731,0.5951042482194228,0.033921059683875966,0.23964243460603551,0.07324151316290459,feature_noise,imbalance,0.45,0.3,-0.018860866137782373,0.09375610920786737,0.10017322759455205,0.16939881970533816,-0.018860866137782373
Bank,XGB,Boosting,0.0,0.0,0.45,0.3,4824,43,0.9160454066605036,0.003194661186256322,0.5692520195618465,0.01800979884826084,0.5942134572462417,0.024694642062495,0.24590241287857162,0.04781501410703126,feature_noise,imbalance,0.45,0.3,-0.020312073327170332,0.09514576963775478,0.10106401856773306,0.16313884143280205,-0.020312073327170332
Bank,SVM,Kernel,0.0,0.0,0.45,0.3,4824,42,0.9170814610968977,0.0029977206748885345,0.5354037060566906,0.00915644043947496,0.5451563231806567,0.015448444048255542,0.19082823606094976,0.04162720570256949,feature_noise,imbalance,0.45,0.3,-0.026881461096897707,0.0529515191048765,0.07097108631959559,0.10524574363943281,-0.026881461096897707
Bank,SVM,Kernel,0.0,0.0,0.45,0.3,4824,43,0.915215746135489,0.0010016184184104238,0.5144416276804016,0.007001401289153904,0.5074372865948369,0.013364785924005348,0.10681087131566921,0.03661056009401166,feature_noise,imbalance,0.45,0.3,-0.02501574613548896,0.07391359748116555,0.10869012290541535,0.18926310838471336,-0.02501574613548896
Bank,MLP,Neural,0.0,0.0,0.45,0.3,4824,42,0.9131436372627008,0.0042981740456518504,0.5432835864158314,0.03191335299151436,0.5537046852674481,0.048735295397679526,0.16290101208823737,0.1045053004086459,feature_noise,imbalance,0.45,0.3,-0.022143637262700744,0.07592411331281956,0.09298199971480814,0.17127402375602746,-0.022143637262700744
Bank,MLP,Neural,0.0,0.0,0.45,0.3,4824,43,0.9118992539720079,0.003977480493933134,0.5316317998337905,0.03243551793089752,0.533169574681887,0.047839551181612934,0.12019116805132153,0.09323497864238825,feature_noise,imbalance,0.45,0.3,-0.02089925397200787,0.08757589989486048,0.11351711030036926,0.21398386779294332,-0.02089925397200787
Bank,GB,Boosting,0.0,0.0,0.45,0.3,4824,42,0.9118996839593233,0.006443787110668508,0.5913849987877002,0.014672798174047237,0.6184951284011407,0.0206988549257489,0.26723781828771564,0.04758871121872098,feature_noise,imbalance,0.45,0.3,-0.01749968395932333,0.0744821402391217,0.07648433067878369,0.13875816135084712,-0.01749968395932333
Bank,GB,Boosting,0.0,0.0,0.45,0.3,4824,43,0.9129355234020597,0.004293551541620498,0.5797522577591447,0.0189185473790554,0.6053050259702905,0.024372006865455896,0.2494857820076423,0.04788557761013841,feature_noise,imbalance,0.45,0.3,-0.018535523402059773,0.08611488126767719,0.08967443310963397,0.15651019763092047,-0.018535523402059773
Wine,LR,Linear,0.0,0.0,0.45,0.3,145,42,0.9448275862068964,0.01689303270884954,0.9485978835978836,0.019368187219894355,0.9474371811795747,0.016746712741699823,0.9159047024219366,0.025217692498390003,feature_noise,imbalance,0.45,0.3,0.04030468892537853,0.03718694885361562,0.03743530580002585,0.06221353188544254,0.04030468892537853
Wine,LR,Linear,0.0,0.0,0.45,0.3,145,43,0.9448275862068967,0.07741360110566774,0.947037037037037,0.06887644252358763,0.949146105783236,0.07080281320156542,0.9145334729534808,0.1199229347818575,feature_noise,imbalance,0.45,0.3,0.04030468892537831,0.03874779541446216,0.03572638119636451,0.06358476135389834,0.04030468892537831
Wine,RF,Ensemble,0.0,0.0,0.45,0.3,145,42,0.9448275862068967,0.03516565181788128,0.9402116402116402,0.03878301464586909,0.9458512830419524,0.03565209683062016,0.9138889021780348,0.055411098409472996,feature_noise,imbalance,0.45,0.3,0.03834701696770659,0.0452380952380953,0.037879463577683126,0.06118873376276157,0.03834701696770659
Wine,RF,Ensemble,0.0,0.0,0.45,0.3,145,43,0.9517241379310345,0.035165651817881276,0.9479894179894179,0.033168885527044535,0.9536741734713337,0.032354272584307904,0.9244485560342859,0.05580047041126884,feature_noise,imbalance,0.45,0.3,0.03145046524356876,0.03746031746031753,0.0300565731483019,0.050629079906510444,0.03145046524356876
Wine,XGB,Boosting,0.0,0.0,0.45,0.3,145,42,0.9241379310344826,0.045746548832488285,0.9241269841269842,0.051879150032675694,0.9253227891652939,0.04586764280712851,0.8826238585919908,0.07125742405945792,feature_noise,imbalance,0.45,0.3,0.03284619594964433,0.03482283148949816,0.031818302437933044,0.05342129421983943,0.03284619594964433
Wine,XGB,Boosting,0.0,0.0,0.45,0.3,145,43,0.9241379310344829,0.06686454975746661,0.9310846560846562,0.04302786233797554,0.9279017562630244,0.060594988300766796,0.8861994692713896,0.0962334184753007,feature_noise,imbalance,0.45,0.3,0.032846195949644,0.027865159531826222,0.02923933534020251,0.04984568354044061,0.032846195949644
Wine,SVM,Kernel,0.0,0.0,0.45,0.3,145,42,0.9379310344827585,0.033786065417699025,0.9357671957671958,0.03805926799766995,0.9395929706984474,0.03484604515568128,0.9030728012057214,0.05324032379582527,feature_noise,imbalance,0.45,0.3,0.04524356869184465,0.04621612954946286,0.04323910902231798,0.0719563303251275,0.04524356869184465
Wine,SVM,Kernel,0.0,0.0,0.45,0.3,145,43,0.9586206896551724,0.025804533701889266,0.9524338624338624,0.0295985050054605,0.9595576533000468,0.025148421398506395,0.9349070912258618,0.04106796864685005,feature_noise,imbalance,0.45,0.3,0.024553913519430703,0.02954946288279625,0.02327442642071853,0.04012204030498712,0.024553913519430703
Wine,MLP,Neural,0.0,0.0,0.45,0.3,145,42,0.8068965517241381,0.09898413858211946,0.8001851851851853,0.09575581650655887,0.8060165578167607,0.09634436074327671,0.6959201072982296,0.156705510607036,feature_noise,imbalance,0.45,0.3,0.11257434774676134,0.12356180856180854,0.11499409712681907,0.18707219692511534,0.11257434774676134
Wine,MLP,Neural,0.0,0.0,0.45,0.3,145,43,0.7379310344827587,0.03516565181788127,0.7648941798941798,0.03746517470676771,0.7471232742818421,0.03510637699638853,0.600925041237724,0.05576212323368906,feature_noise,imbalance,0.45,0.3,0.1815398649881408,0.15885281385281402,0.1738873806617377,0.282067262985621,0.1815398649881408
Wine,GB,Boosting,0.0,0.0,0.45,0.3,145,42,0.8827586206896552,0.04677468953879494,0.8845767195767197,0.049615878443760114,0.8867587727227955,0.049072673600638494,0.8144171583221878,0.07309720218373517,feature_noise,imbalance,0.45,0.3,0.04803503010399568,0.04430896264229589,0.04519939185342514,0.08421052410388519,0.04803503010399568
Wine,GB,Boosting,0.0,0.0,0.45,0.3,145,43,0.8758620689655171,0.09898413858211946,0.8787566137566138,0.07324462862342213,0.8753627958698953,0.09173204095718954,0.8093789108973004,0.15133041345722606,feature_noise,imbalance,0.45,0.3,0.054931581828133735,0.05012906846240173,0.05659536870632531,0.08924877152877253,0.054931581828133735
BreastCancer,LR,Linear,0.0,0.0,0.45,0.3,505,42,0.9603960396039604,0.00626193596072947,0.9421922724083966,0.009904245531053582,0.9511383773388141,0.008009947739572741,0.9037914398809634,0.015937022190389526,feature_noise,imbalance,0.45,0.3,0.015027031347755293,0.02871077290915902,0.02231186803329621,0.04417835980300999,0.015027031347755293
BreastCancer,LR,Linear,0.0,0.0,0.45,0.3,505,43,0.9643564356435643,0.007920792079207928,0.9513022772651233,0.005280442172371218,0.9565864796598941,0.008893772689267875,0.914944541450595,0.01771647486552177,feature_noise,imbalance,0.45,0.3,0.011066635308151329,0.019600768052432382,0.01686376571221626,0.03302525823337843,0.011066635308151329
BreastCancer,RF,Ensemble,0.0,0.0,0.45,0.3,505,42,0.9465346534653465,0.010097068343748064,0.928561599481949,0.00968800689588556,0.9345554750802096,0.01244161680564887,0.8701931752287697,0.02606697785156972,feature_noise,imbalance,0.45,0.3,0.014817103508208418,0.028925246659499138,0.023962975732839564,0.04850518889115196,0.014817103508208418
BreastCancer,RF,Ensemble,0.0,0.0,0.45,0.3,505,43,0.9544554455445544,0.010097068343748098,0.9324417192812046,0.013855295481220952,0.9436068948389676,0.012287570345017092,0.890118840228611,0.02448247945496903,feature_noise,imbalance,0.45,0.3,0.00689631142900049,0.025045126860243627,0.014911555974081558,0.028579523891310687,0.00689631142900049
BreastCancer,XGB,Boosting,0.0,0.0,0.45,0.3,505,42,0.9425742574257425,0.011546439395733231,0.929574901516378,0.011851302202238616,0.9305993496591561,0.013457080440711781,0.8618207801483633,0.02709758018284627,feature_noise,imbalance,0.45,0.3,0.024625452764186484,0.03282451652503149,0.03404644990346495,0.06879992784127453,0.024625452764186484
BreastCancer,XGB,Boosting,0.0,0.0,0.45,0.3,505,43,0.9623762376237623,0.007409222548067217,0.9457946144298743,0.011545392219864729,0.9537497148447878,0.00874822864432449,0.9104176345583899,0.01672155461175783,feature_noise,imbalance,0.45,0.3,0.004823472566166664,0.016604803611535157,0.010896084717833321,0.020203073431247942,0.004823472566166664
BreastCancer,SVM,Kernel,0.0,0.0,0.45,0.3,505,42,0.9603960396039604,0.00626193596072947,0.9404972748367602,0.01083154881770188,0.951008175058967,0.007738614245164802,0.9039455565567243,0.014801317098004871,feature_noise,imbalance,0.45,0.3,0.015016680988080289,0.03159821801700324,0.02256347372029477,0.043756802654615234,0.015016680988080289
BreastCancer,SVM,Kernel,0.0,0.0,0.45,0.3,505,43,0.9603960396039604,0.01084599123772607,0.9464455506988291,0.015571079248030811,0.9515645262987483,0.013490127703085221,0.9043447421660853,0.0268946933418597,feature_noise,imbalance,0.45,0.3,0.015016680988080289,0.025649942154934324,0.022007122480513397,0.043357617045254204,0.015016680988080289
BreastCancer,MLP,Neural,0.0,0.0,0.45,0.3,505,42,0.9168316831683168,0.016087204761655347,0.8817217095677513,0.02233255547150236,0.8955340406458902,0.021025483117289905,0.794871346310659,0.04154476332849681,feature_noise,imbalance,0.45,0.3,0.02986913968527727,0.05629688433849411,0.04664641779801759,0.0909885483445535,0.02986913968527727
BreastCancer,MLP,Neural,0.0,0.0,0.45,0.3,505,43,0.9267326732673267,0.017262966113032338,0.8927849279585558,0.025952162767670917,0.9077168567010684,0.02215591936757929,0.8201863028461519,0.042824219082618395,feature_noise,imbalance,0.45,0.3,0.01996814958626736,0.04523366594768963,0.034463601742839356,0.06567359180906063,0.01996814958626736
BreastCancer,GB,Boosting,0.0,0.0,0.45,0.3,505,42,0.9425742574257425,0.01584158415841581,0.9275741999892073,0.01723828454996755,0.9302312603905015,0.0194529073097481,0.8611571519247903,0.03934782048401012,feature_noise,imbalance,0.45,0.3,0.013493640933725515,0.02344199624071308,0.022523115330269072,0.04545393919380014,0.013493640933725515
BreastCancer,GB,Boosting,0.0,0.0,0.45,0.3,505,43,0.9306930693069309,0.02425237369092253,0.9097680913064595,0.02376786730082548,0.915562972223681,0.02834694382981713,0.8343768584849733,0.05866756180545933,feature_noise,imbalance,0.45,0.3,0.025374829052537184,0.04124810492346087,0.0371914034970896,0.07223423263361706,0.025374829052537184
Digits,LR,Linear,0.0,0.0,0.45,0.3,1528,42,0.8396742740812172,0.01561114225444474,0.8303468911689906,0.01509737950175869,0.8328686949974162,0.01574757224951032,0.6677812142905607,0.03248814144633619,feature_noise,imbalance,0.45,0.3,0.0531096937306057,0.06245803079362133,0.05990171362183161,0.11806870542324643,0.0531096937306057
Digits,LR,Linear,0.0,0.0,0.45,0.3,1528,43,0.8579834994106932,0.023900593408471314,0.8504682627378759,0.022224683975602247,0.8524992217813345,0.023902270652737312,0.705814630271869,0.04811327341387899,feature_noise,imbalance,0.45,0.3,0.034800468401129714,0.04233665922473606,0.04027118683791331,0.08003528944193816,0.034800468401129714
Digits,RF,Ensemble,0.0,0.0,0.45,0.3,1528,42,0.9365263045108753,0.0102092090693969,0.9287675173200036,0.012655143269326373,0.9335382917667999,0.010999944042979161,0.8694479179211433,0.02047072886189723,feature_noise,imbalance,0.45,0.3,0.04121639640731323,0.04897286789993338,0.04420306931029261,0.08610337439905158,0.04121639640731323
Digits,RF,Ensemble,0.0,0.0,0.45,0.3,1528,43,0.9325875924140148,0.010686126347479053,0.9239107954047181,0.01056672681134881,0.9293597899260408,0.011095073985582597,0.861274982155317,0.022626209342501702,feature_noise,imbalance,0.45,0.3,0.0451551085041737,0.0538295898152189,0.04838157115105168,0.09427631016487792,0.0451551085041737
Digits,XGB,Boosting,0.0,0.0,0.45,0.3,1528,42,0.9332754741240759,0.019170660713195828,0.928408366219416,0.021041103914107708,0.9306220251081812,0.020030107196554965,0.8618334634344358,0.03986637393942875,feature_noise,imbalance,0.45,0.3,0.036857095771725246,0.04171975844835474,0.03950850931205119,0.07851280999647259,0.036857095771725246
Digits,XGB,Boosting,0.0,0.0,0.45,0.3,1528,43,0.9345440908603878,0.010000890323707308,0.9292091028676666,0.010372158503980069,0.9319116213509334,0.01038652233542462,0.8646491001963991,0.020906503093895544,feature_noise,imbalance,0.45,0.3,0.03558847903541329,0.040919021800104205,0.03821891306929892,0.07569717323450931,0.03558847903541329
Digits,SVM,Kernel,0.0,0.0,0.45,0.3,1528,42,0.9646651666130934,0.007254972774411567,0.9608284661931069,0.007754316358125116,0.9632878424241174,0.007525504652995387,0.9270928070397971,0.015045096079193363,feature_noise,imbalance,0.45,0.3,0.01604823481061446,0.019889354315756447,0.017424308827314605,0.03441625457982289,0.01604823481061446
Digits,SVM,Kernel,0.0,0.0,0.45,0.3,1528,43,0.9653123325833064,0.010665744083833018,0.9620919582565992,0.01116236627191975,0.9640040896223633,0.011055810927461779,0.9283610748575791,0.022125954647926563,feature_noise,imbalance,0.45,0.3,0.015401068840401488,0.018625862252264147,0.016708061629068682,0.03314798676204089,0.015401068840401488
Digits,MLP,Neural,0.0,0.0,0.45,0.3,1528,42,0.9352126861673632,0.019136270063930563,0.9315064632114357,0.018426342829276358,0.9328836730312172,0.019641652382535377,0.8663723034711547,0.03940642385219646,feature_noise,imbalance,0.45,0.3,0.028433243885252146,0.032146204394903455,0.030761045283453137,0.06098705516988945,0.028433243885252146
Digits,MLP,Neural,0.0,0.0,0.45,0.3,1528,43,0.9378184935176256,0.009994518610131224,0.9341455055687099,0.012634082874436629,0.9354707377463978,0.010734649248309868,0.8716287614409595,0.020901119844536624,feature_noise,imbalance,0.45,0.3,0.025827436534989756,0.029507162037629264,0.028173980568272583,0.055730597200084664,0.025827436534989756
Digits,GB,Boosting,0.0,0.0,0.45,0.3,1528,42,0.931966141647916,0.02347610650804356,0.9255861439971937,0.02514113861054617,0.9290314766737326,0.024503230828650725,0.8593162649665984,0.04878880497643976,feature_noise,imbalance,0.45,0.3,0.03519830692321779,0.041573833505541224,0.03813016048332141,0.07511368771018223,0.03519830692321779
Digits,GB,Boosting,0.0,0.0,0.45,0.3,1528,43,0.9221236472731169,0.01228150119955908,0.9160246601771463,0.013143477180720899,0.918916400801837,0.01284996328757641,0.8387833200745977,0.025532729636152808,feature_noise,imbalance,0.45,0.3,0.04504080129801691,0.051135317325588625,0.04824523635521705,0.09564663260218298,0.04504080129801691
Spambase,LR,Linear,0.0,0.0,0.45,0.6,3513,42,0.9020794073425652,0.006855874325619827,0.8199135151831045,0.010927204090264042,0.8404754751945192,0.010754622513797137,0.6861731718548804,0.022096473946704307,feature_noise,imbalance,0.45,0.6,0.023155372118952577,0.09836390109572668,0.08066564175712698,0.1568341887402046,0.023155372118952577
Spambase,LR,Linear,0.0,0.0,0.45,0.6,3513,43,0.8995169258327154,0.006879506014989949,0.8101357649199954,0.013883325590999375,0.833992071417003,0.012421687378698837,0.6752051490107144,0.023597742151088116,feature_noise,imbalance,0.45,0.6,0.025717853628802412,0.1081416513588358,0.08714904553464309,0.1678022115843706,0.025717853628802412
Spambase,RF,Ensemble,0.0,0.0,0.45,0.6,3513,42,0.9012251117514275,0.005787220441224847,0.783654795640345,0.007927349900034238,0.8248456344145936,0.009285646838327397,0.6761578999760631,0.021249571560538583,feature_noise,imbalance,0.45,0.6,0.0435704003730748,0.1537571692704529,0.11674433508470516,0.20810891549592436,0.0435704003730748
Spambase,RF,Ensemble,0.0,0.0,0.45,0.6,3513,43,0.9091978618294408,0.008477562549410629,0.8004135654417537,0.01698158800282509,0.8406884968672411,0.01642261262288657,0.7040975359312703,0.03019369612887404,feature_noise,imbalance,0.45,0.6,0.035597650295061456,0.13699839946904424,0.10090147263205762,0.18016927954071715,0.035597650295061456
Spambase,XGB,Boosting,0.0,0.0,0.45,0.6,3513,42,0.911755885440096,0.007952066517893954,0.8270304882500159,0.010291800151397591,0.8537727252516932,0.011352361111437283,0.7165063412297444,0.025083941541982124,feature_noise,imbalance,0.45,0.6,0.03861831399655913,0.11906849058032631,0.09404207381843754,0.17939314233479742,0.03861831399655913
Spambase,XGB,Boosting,0.0,0.0,0.45,0.6,3513,43,0.9123264965370229,0.007446007002042201,0.8258607975215497,0.015482694278723745,0.8538133728795311,0.013649780200374375,0.7168301450738435,0.02573239470607657,feature_noise,imbalance,0.45,0.6,0.03804770289963222,0.12023818130879249,0.0940014261905997,0.1790693384906984,0.03804770289963222
Spambase,SVM,Kernel,0.0,0.0,0.45,0.6,3513,42,0.9180192338087074,0.005726014188645666,0.8422057977401138,0.012386304048977548,0.8657494968197181,0.00989306302621467,0.7377381571583417,0.019007031507288975,feature_noise,imbalance,0.45,0.6,0.014895288843104537,0.08408423224451866,0.06349090708752025,0.1213537881386424,0.014895288843104537
Spambase,SVM,Kernel,0.0,0.0,0.45,0.6,3513,43,0.9143179616863828,0.006706883206718624,0.8317092711342056,0.013047678508087681,0.8581218038703297,0.011935231234213667,0.7241618796574741,0.022937485796815815,feature_noise,imbalance,0.45,0.6,0.018596560965429165,0.09458075885042694,0.07111860003690873,0.13493006563950993,0.018596560965429165
Spambase,MLP,Neural,0.0,0.0,0.45,0.6,3513,42,0.9120428120428121,0.006036065710694427,0.8404786620415396,0.01575684765160791,0.8582531403384168,0.01108948412087675,0.7205273216246945,0.021243132176140343,feature_noise,imbalance,0.45,0.6,0.025001201238278092,0.09224211493545142,0.07562501760332763,0.14749110170037372,0.025001201238278092
Spambase,MLP,Neural,0.0,0.0,0.45,0.6,3513,43,0.9066333540017751,0.008842667073183355,0.8227844378808646,0.01688401243011439,0.8463540034318318,0.015603223779967576,0.6993299980895369,0.030056206382196766,feature_noise,imbalance,0.45,0.6,0.030410659279315078,0.10993633909612643,0.08752415450991269,0.1686884252355313,0.030410659279315078
Spambase,GB,Boosting,0.0,0.0,0.45,0.6,3513,42,0.9123244702192072,0.009522664188404015,0.8253490668422281,0.012745658759204165,0.8538402708969925,0.014834528591896321,0.7173135054435708,0.0311614695937937,feature_noise,imbalance,0.45,0.6,0.03536825507938146,0.11763607720760316,0.09111692022309659,0.17296820489270104,0.03536825507938146
Spambase,GB,Boosting,0.0,0.0,0.45,0.6,3513,43,0.9140354929828615,0.007042547137237294,0.8248955785036769,0.01191349386599786,0.85554478037594,0.01215831884882962,0.7220684484103106,0.023978543525280702,feature_noise,imbalance,0.45,0.6,0.03365723231572715,0.11808956554615435,0.08941241074414918,0.1682132619259612,0.03365723231572715
Bank,LR,Linear,0.0,0.0,0.45,0.6,4649,42,0.9447196083197333,0.003937646086495586,0.5277963967342851,0.010589658487828741,0.5382807116897425,0.017090896119292643,0.11873030790352761,0.04866655469293867,feature_noise,imbalance,0.45,0.6,-0.04858627498640011,0.11384292531273787,0.13840651858545228,0.2669303592050786,-0.04858627498640011
Bank,LR,Linear,0.0,0.0,0.45,0.6,4649,43,0.9490229984837436,0.004525444534177433,0.5605088091119859,0.02536594992521838,0.5872900314492095,0.03848514537106825,0.22698991449801492,0.08840019748226341,feature_noise,imbalance,0.45,0.6,-0.05288966515041038,0.08113051293503715,0.08939719882598518,0.15867075261059133,-0.05288966515041038
Bank,RF,Ensemble,0.0,0.0,0.45,0.6,4649,42,0.9492364318205494,0.00042518985153284,0.5038485714854436,0.004950144078923153,0.49513611031928206,0.010034152621635059,0.0324300949504396,0.04339878594842021,feature_noise,imbalance,0.45,0.6,-0.05330309848721604,0.09961637093759623,0.1423043402823274,0.3103952134803161,-0.05330309848721604
Bank,RF,Ensemble,0.0,0.0,0.45,0.6,4649,43,0.9494519485630288,0.001158910380456496,0.5059762310599115,0.004904916682962748,0.49928186011294695,0.010026729189547428,0.05814152553519898,0.05398217399494329,feature_noise,imbalance,0.45,0.6,-0.053518615229695476,0.09748871136312831,0.13815859048866252,0.28468378289555674,-0.053518615229695476
Bank,XGB,Boosting,0.0,0.0,0.45,0.6,4649,42,0.9494514855839903,0.0017994004501917214,0.5302416494940405,0.013470886476307236,0.5430613061103957,0.023320113738618878,0.15857681724010877,0.06139510387375177,feature_noise,imbalance,0.45,0.6,-0.053718152250657014,0.13415613970556073,0.1522161697035791,0.25046443707126487,-0.053718152250657014
Bank,XGB,Boosting,0.0,0.0,0.45,0.6,4649,43,0.9490218410361472,0.002761133257277114,0.5301076558658094,0.018231105347799377,0.5423989748730091,0.030832574595053973,0.15137675718671523,0.07961902788309934,feature_noise,imbalance,0.45,0.6,-0.0532885077028139,0.1342901333337918,0.15287850094096567,0.25766449712465844,-0.0532885077028139
Bank,SVM,Kernel,0.0,0.0,0.45,0.6,4649,42,0.9496667708369504,0.00040881049110499387,0.5,0.0,0.4870918154267255,0.00010751392019130446,0.0,0.0,feature_noise,imbalance,0.45,0.6,-0.0594667708369504,0.08835522516156713,0.12903559407352672,0.2960739797003826,-0.0594667708369504
Bank,SVM,Kernel,0.0,0.0,0.45,0.6,4649,43,0.9496667708369504,0.00040881049110499387,0.5,0.0,0.4870918154267255,0.00010751392019130446,0.0,0.0,feature_noise,imbalance,0.45,0.6,-0.0594667708369504,0.08835522516156713,0.12903559407352672,0.2960739797003826,-0.0594667708369504
Bank,MLP,Neural,0.0,0.0,0.45,0.6,4649,42,0.948805861314629,0.0008801338074533688,0.5057289871485547,0.011743148020249066,0.4977652266322206,0.02159616043886726,0.024365468613939293,0.05259739369423172,feature_noise,imbalance,0.45,0.6,-0.05780586131462895,0.11347871258009623,0.14892145835003562,0.30980956723032554,-0.05780586131462895
Bank,MLP,Neural,0.0,0.0,0.45,0.6,4649,43,0.9490220725256663,0.0020894400459011806,0.5201743698161281,0.03273039637332852,0.521404075713724,0.05216000091145547,0.08083516580615095,0.1219484045632349,feature_noise,imbalance,0.45,0.6,-0.05802207252566627,0.0990333299125229,0.12528260926853219,0.25333987003811387,-0.05802207252566627
Bank,GB,Boosting,0.0,0.0,0.45,0.6,4649,42,0.9423530909638066,0.003701462139653793,0.5345620273162616,0.013521613452986381,0.5465466140528864,0.019672323993845605,0.12265614273049977,0.042366988993017274,feature_noise,imbalance,0.45,0.6,-0.04795309096380662,0.13130511171056036,0.14843284502703802,0.28333983690806297,-0.04795309096380662
Bank,GB,Boosting,0.0,0.0,0.45,0.6,4649,43,0.9442888063242936,0.0020927463511627472,0.5435926635607524,0.022133995139918133,0.5592434386790297,0.03084606708140761,0.15092242076277035,0.06144281487081558,feature_noise,imbalance,0.45,0.6,-0.0498888063242936,0.12227447546606951,0.13573602040089472,0.2550735588757924,-0.0498888063242936
Wine,LR,Linear,0.0,0.0,0.45,0.6,113,42,0.9213438735177867,0.07462299857792974,0.9106349206349208,0.09496999300663618,0.9080171278206131,0.08506770764585764,0.8593248483390152,0.13862742246205637,feature_noise,imbalance,0.45,0.6,0.06378840161448829,0.07514991181657837,0.07685535915898745,0.11879338596836386,0.06378840161448829
Wine,LR,Linear,0.0,0.0,0.45,0.6,113,43,0.9553359683794467,0.04980237154150197,0.9557142857142857,0.049706622288380534,0.9501526485434532,0.055260694126160644,0.9221233494552028,0.08741392907595419,feature_noise,imbalance,0.45,0.6,0.029796306752828294,0.030070546737213433,0.03471983843614734,0.055994884852176297,0.029796306752828294
Wine,RF,Ensemble,0.0,0.0,0.45,0.6,113,42,0.9383399209486166,0.04482987155338444,0.8963492063492063,0.08236183525930825,0.9198522345834175,0.056795991216739436,0.8873068993043617,0.08163779575232066,feature_noise,imbalance,0.45,0.6,0.04483468222598663,0.08910052910052912,0.06387851203621808,0.08777073663643464,0.04483468222598663
Wine,RF,Ensemble,0.0,0.0,0.45,0.6,113,43,0.901185770750988,0.09303242921691557,0.847936507936508,0.11316091103532248,0.8663387155628536,0.11444728723124324,0.8131527429648209,0.17587147720955343,feature_noise,imbalance,0.45,0.6,0.08198883242361521,0.13751322751322748,0.11739203105678198,0.16192489297597545,0.08198883242361521
Wine,XGB,Boosting,0.0,0.0,0.45,0.6,113,42,0.9470355731225297,0.017019011969652987,0.9215873015873015,0.029136389640965408,0.9314175460486176,0.017231410406498122,0.9038403131059637,0.029345380118648613,feature_noise,imbalance,0.45,0.6,0.009948553861597209,0.03736251402918089,0.025723545554609317,0.03220483970586652,0.009948553861597209
Wine,XGB,Boosting,0.0,0.0,0.45,0.6,113,43,0.9193675889328062,0.06044200744226173,0.8693650793650793,0.08592801102586498,0.8901482393723773,0.07896512771795541,0.8476628122474196,0.11460206435885639,feature_noise,imbalance,0.45,0.6,0.0376165380513207,0.08958473625140306,0.06699285223084961,0.08838234056441063,0.0376165380513207
Wine,SVM,Kernel,0.0,0.0,0.45,0.6,113,42,0.9652173913043478,0.050703929520393924,0.9604761904761905,0.06777313095107501,0.9604996323387127,0.05999501435570293,0.9372678304726394,0.0933475071906877,feature_noise,imbalance,0.45,0.6,0.01795721187025534,0.02150713484046818,0.022332447382052645,0.03776130105820952,0.01795721187025534
Wine,SVM,Kernel,0.0,0.0,0.45,0.6,113,43,0.9466403162055336,0.03330493981492634,0.9096825396825396,0.055247216907863314,0.9264500826903497,0.04656964015394408,0.901435521482856,0.06015493081441822,feature_noise,imbalance,0.45,0.6,0.036534286969069574,0.07230078563411901,0.05638199703041569,0.07359361004799292,0.036534286969069574
Wine,MLP,Neural,0.0,0.0,0.45,0.6,113,42,0.7359683794466404,0.0791856567155172,0.6728571428571428,0.0490869005899111,0.6864041129531325,0.06744524365207481,0.5107080135370647,0.11058092684843723,feature_noise,imbalance,0.45,0.6,0.18350252002425904,0.25088985088985105,0.23460654199044728,0.3722842906862802,0.18350252002425904
Wine,MLP,Neural,0.0,0.0,0.45,0.6,113,43,0.7869565217391304,0.06146721636772729,0.6568253968253968,0.12488099651468748,0.6743052164742932,0.1484314653889266,0.5574766878588145,0.20016184237143417,feature_noise,imbalance,0.45,0.6,0.132514377731769,0.2669215969215971,0.2467054384692866,0.3255156163645304,0.132514377731769
Wine,GB,Boosting,0.0,0.0,0.45,0.6,113,42,0.8766798418972332,0.030860428926392295,0.8012698412698412,0.05748267564663371,0.8326736226736227,0.04628700318834203,0.7716812157086961,0.058964105451673354,feature_noise,imbalance,0.45,0.6,0.05411380889641759,0.12761584094917433,0.09928454190259794,0.12694646671737686,0.05411380889641759
Wine,GB,Boosting,0.0,0.0,0.45,0.6,113,43,0.884189723320158,0.07831275478928382,0.8503174603174604,0.0844014689546527,0.8510282618615952,0.09090305537576737,0.7946529619405495,0.13458223023010263,feature_noise,imbalance,0.45,0.6,0.046603927473492845,0.07856822190155521,0.08092990271462541,0.10397472048552348,0.046603927473492845
BreastCancer,LR,Linear,0.0,0.0,0.45,0.6,441,42,0.9727783452502553,0.021087664766563236,0.9473269354690232,0.03441363917200127,0.9554096297019994,0.03353930226344545,0.9121949562605088,0.06750915325320467,feature_noise,imbalance,0.45,0.6,0.0026447257014603487,0.023576109848532423,0.01804061567011095,0.0357748434234646,0.0026447257014603487
BreastCancer,LR,Linear,0.0,0.0,0.45,0.6,441,43,0.9660112359550563,0.010051171138142828,0.9337861318236215,0.033695389971906214,0.9430574055059988,0.018446145998665543,0.8890573500319828,0.03357562036653666,feature_noise,imbalance,0.45,0.6,0.009411834996659318,0.0371169134939342,0.03039283986611152,0.058912449651990606,0.009411834996659318
BreastCancer,RF,Ensemble,0.0,0.0,0.45,0.6,441,42,0.9659856996935648,0.0160713390367247,0.9158709610604806,0.03527610051822262,0.9410770463248509,0.028127552964450724,0.8876322512242698,0.0535211985809275,feature_noise,imbalance,0.45,0.6,-0.0046339427200099426,0.041615885080967585,0.01744140448819831,0.031066112895651865,-0.0046339427200099426
BreastCancer,RF,Ensemble,0.0,0.0,0.45,0.6,441,43,0.9569458631256385,0.018087606391828128,0.9013089155850134,0.04619658665723232,0.9247377713950172,0.03337268967282928,0.8563944378088436,0.061489618790033465,feature_noise,imbalance,0.45,0.6,0.004405893847916453,0.05617793055643483,0.03378067941803198,0.06230392631107806,0.004405893847916453
BreastCancer,XGB,Boosting,0.0,0.0,0.45,0.6,441,42,0.9636618998978548,0.023204945682371202,0.9189559744085429,0.0598261786773174,0.9365869547350603,0.042209048603188956,0.8794349143208515,0.07841484112378062,feature_noise,imbalance,0.45,0.6,0.0035378102920742283,0.04344344363286656,0.028058844827560825,0.051185793668786284,0.0035378102920742283
BreastCancer,XGB,Boosting,0.0,0.0,0.45,0.6,441,43,0.965985699693565,0.012449182837013217,0.9293317914020068,0.03221656578916766,0.9425859524753953,0.02213723189049491,0.8883159877115115,0.04255510737651846,feature_noise,imbalance,0.45,0.6,0.0012140104963640486,0.03306762663940266,0.022059847087225748,0.04230472027812626,0.0012140104963640486
BreastCancer,SVM,Kernel,0.0,0.0,0.45,0.6,441,42,0.9705056179775282,0.019831007553241166,0.9317419221209612,0.033908985814306104,0.9500584480207767,0.03326053046630561,0.9024583423215857,0.06627042885594633,feature_noise,imbalance,0.45,0.6,0.0049071026145124375,0.04035357073280221,0.023513200758485064,0.04524401688975377,0.0049071026145124375
BreastCancer,SVM,Kernel,0.0,0.0,0.45,0.6,441,43,0.968335035750766,0.02178274538833199,0.9355817914020068,0.0534573891851531,0.945918157063559,0.03924376185699391,0.8947816390905798,0.07482260981834021,feature_noise,imbalance,0.45,0.6,0.0070776848412746896,0.036513701451756586,0.02765349171570275,0.05292072012075966,0.0070776848412746896
BreastCancer,MLP,Neural,0.0,0.0,0.45,0.6,441,42,0.9319203268641472,0.02971167892647883,0.8299232486421799,0.0684209324661361,0.8703440700065521,0.06320888839376787,0.7627242458039458,0.11277645570857214,feature_noise,imbalance,0.45,0.6,0.014780495989446862,0.1080953452640655,0.07183638843735562,0.12313564885126671,0.014780495989446862
BreastCancer,MLP,Neural,0.0,0.0,0.45,0.6,441,43,0.9205822267620022,0.02047173774632835,0.8236162892387002,0.04209790037336434,0.8565006052507064,0.03604452419784164,0.7329479176590287,0.06644765938010337,feature_noise,imbalance,0.45,0.6,0.02611859609159184,0.1144023046675452,0.08567985319320137,0.15291197699618386,0.02611859609159184
BreastCancer,GB,Boosting,0.0,0.0,0.45,0.6,441,42,0.9501021450459654,0.011630470602248883,0.9109511645033601,0.041802146053478706,0.9168456011264231,0.022208212101926788,0.8384045777614947,0.04226532964839295,feature_noise,imbalance,0.45,0.6,0.005965753313502686,0.040065031726560285,0.03590877459434749,0.06820651335709571,0.005965753313502686
BreastCancer,GB,Boosting,0.0,0.0,0.45,0.6,441,43,0.9568947906026558,0.016743416092559523,0.9102567200589157,0.03880666504720184,0.9266964565518162,0.029597141211204644,0.8570713209725505,0.05645469877764151,feature_noise,imbalance,0.45,0.6,-0.0008268922431877712,0.04075947617100473,0.02605791916895439,0.04953977014603994,-0.0008268922431877712
Digits,LR,Linear,0.0,0.0,0.45,0.6,1259,42,0.8625845823056979,0.014593040232066451,0.8148325465376667,0.03106666850041797,0.8244127200504001,0.02360313360623934,0.6532300061084527,0.042819750711559405,feature_noise,imbalance,0.45,0.6,0.030199385506125,0.07797237542494528,0.06835768856884772,0.1326199136053544,0.030199385506125
Digits,LR,Linear,0.0,0.0,0.45,0.6,1259,43,0.8705116043761463,0.017316158001081567,0.8303098548318765,0.024828686261888604,0.8371528491213261,0.0231433933482981,0.6761452049205428,0.04519877942707086,feature_noise,imbalance,0.45,0.6,0.022272363435676623,0.06249506713073549,0.05561755949792169,0.10970471479326438,0.022272363435676623
Digits,RF,Ensemble,0.0,0.0,0.45,0.6,1259,42,0.91341933851894,0.00589299413886452,0.8561742493018271,0.009379118892636764,0.8841960682755408,0.008360282437898875,0.7843019617975597,0.01625790953361784,feature_noise,imbalance,0.45,0.6,0.06432336239924852,0.12156613591810994,0.09354529280155177,0.17124933052263513,0.06432336239924852
Digits,RF,Ensemble,0.0,0.0,0.45,0.6,1259,43,0.915790805033833,0.012269929349040037,0.8620436368981229,0.02200329926162554,0.8879180495696579,0.01818516297405919,0.7899294523646433,0.03158398091867606,feature_noise,imbalance,0.45,0.6,0.06195189588435546,0.11569674832181409,0.08982331150743461,0.16562183995555158,0.06195189588435546
Digits,XGB,Boosting,0.0,0.0,0.45,0.6,1259,42,0.9396414342629482,0.018147919827138342,0.9106074970387086,0.022668114587813325,0.9233974729949214,0.02317153135809903,0.8495492858242507,0.04666615485565206,feature_noise,imbalance,0.45,0.6,0.030491135632852884,0.059520627629062184,0.04673306142531097,0.09079698760665766,0.030491135632852884
Digits,XGB,Boosting,0.0,0.0,0.45,0.6,1259,43,0.938825649781825,0.013739347669880969,0.9066836994959321,0.02326854138508859,0.9216322982889406,0.018664289804610715,0.8480937990845152,0.035389790032864535,feature_noise,imbalance,0.45,0.6,0.03130692011397607,0.06344442517183868,0.04849823613129178,0.09225247434639317,0.03130692011397607
Digits,SVM,Kernel,0.0,0.0,0.45,0.6,1259,42,0.9602858407639285,0.004347464393475596,0.9377126509826299,0.005441984376800545,0.9498213238672383,0.005373541218755555,0.9018678839513097,0.01137486710295241,feature_noise,imbalance,0.45,0.6,0.020427560659779354,0.043005169526233455,0.030890827384193686,0.05964117766831034,0.020427560659779354
Digits,SVM,Kernel,0.0,0.0,0.45,0.6,1259,43,0.9610668437361664,0.010539583145477843,0.9407486447228489,0.018012819127278815,0.9508531616003438,0.013947644275361047,0.9035353609513596,0.026727705041673173,feature_noise,imbalance,0.45,0.6,0.019646557687541533,0.039969175786014444,0.02985898965108813,0.057973700668260464,0.019646557687541533
Digits,MLP,Neural,0.0,0.0,0.45,0.6,1259,42,0.930104976917726,0.008156165615606179,0.9006404819339611,0.017179925170826633,0.9114709907281429,0.011558239799069895,0.8254048222768148,0.021826592698859882,feature_noise,imbalance,0.45,0.6,0.03354095313488936,0.0630121856723781,0.052173727586527496,0.10195453636422935,0.03354095313488936
Digits,MLP,Neural,0.0,0.0,0.45,0.6,1259,43,0.9324606336558527,0.01840872647019282,0.9047937255207117,0.036018097310456965,0.9140504577475719,0.026390561035420035,0.8322082464253748,0.04807662467978255,feature_noise,imbalance,0.45,0.6,0.031185296396762596,0.058858942085627475,0.04959426056709848,0.0951511122156693,0.031185296396762596
Digits,GB,Boosting,0.0,0.0,0.45,0.6,1259,42,0.9253462341111744,0.006745163023079383,0.8855591653049049,0.00749012879813089,0.903708813371239,0.00847925816663837,0.8128835511091246,0.017469819957814537,feature_noise,imbalance,0.45,0.6,0.04181821445995937,0.08160081219783011,0.06345282378581507,0.12154640156765606,0.04181821445995937
Digits,GB,Boosting,0.0,0.0,0.45,0.6,1259,43,0.9285050275090116,0.011839449403528584,0.8918966530922798,0.016632184151137673,0.9082458775229185,0.01493572409129778,0.8224387746103454,0.029294177823609144,feature_noise,imbalance,0.45,0.6,0.03865942106212217,0.07526332441045513,0.058915759634135534,0.11199117806643522,0.03865942106212217
