algorithm,dataset,dim1,dim2,sev1,sev2,metric,observed_deg,additive_pred,interaction,gamma
LR,Spambase,label_noise,missing,0.15,0.1,accuracy,0.16040354686934488,0.1501977318033439,0.01020581506600099,0.6803876710667327
LR,Spambase,label_noise,missing,0.15,0.1,balanced_accuracy,0.17251151762142114,0.14007735767995025,0.03243415994147089,2.162277329431393
LR,Spambase,label_noise,missing,0.15,0.1,macro_f1,0.17066438102977344,0.14599304170670022,0.02467133932307322,1.6447559548715482
LR,Spambase,label_noise,missing,0.15,0.1,mcc,0.3304392611439171,0.26499575825373534,0.06544350289018175,4.362900192678784
LR,Spambase,label_noise,missing,0.15,0.1,accuracy,0.15301129836818816,0.1501977318033439,0.002813566564844272,0.1875711043229515
LR,Spambase,label_noise,missing,0.15,0.1,balanced_accuracy,0.16414646328491034,0.14007735767995025,0.02406910560496009,1.6046070403306727
LR,Spambase,label_noise,missing,0.15,0.1,macro_f1,0.16221188859771507,0.14599304170670022,0.016218846891014854,1.0812564594009904
LR,Spambase,label_noise,missing,0.15,0.1,mcc,0.3113498158848146,0.26499575825373534,0.04635405763107925,3.090270508738617
RF,Spambase,label_noise,missing,0.15,0.1,accuracy,0.14562377063368415,0.1536229726815287,-0.007999202047844545,-0.5332801365229697
RF,Spambase,label_noise,missing,0.15,0.1,balanced_accuracy,0.1506914295571028,0.14016763127424564,0.010523798282857155,0.701586552190477
RF,Spambase,label_noise,missing,0.15,0.1,macro_f1,0.1512130820903087,0.1471198924303288,0.004093189659979901,0.2728793106653268
RF,Spambase,label_noise,missing,0.15,0.1,mcc,0.29904266677491975,0.27113901953506764,0.027903647239852114,1.8602431493234743
RF,Spambase,label_noise,missing,0.15,0.1,accuracy,0.1471450376874538,0.1536229726815287,-0.0064779349940748965,-0.43186233293832643
RF,Spambase,label_noise,missing,0.15,0.1,balanced_accuracy,0.15295879811790525,0.14016763127424564,0.012791166843659607,0.8527444562439739
RF,Spambase,label_noise,missing,0.15,0.1,macro_f1,0.15280172598100739,0.1471198924303288,0.005681833550678583,0.37878890337857224
RF,Spambase,label_noise,missing,0.15,0.1,mcc,0.3005036415026172,0.27113901953506764,0.029364621967549576,1.9576414645033051
XGB,Spambase,label_noise,missing,0.15,0.1,accuracy,0.15272348896127397,0.15591325618511886,-0.003189767223844897,-0.21265114825632647
XGB,Spambase,label_noise,missing,0.15,0.1,balanced_accuracy,0.1600629267125223,0.14793398934806976,0.012128937364452558,0.8085958242968372
XGB,Spambase,label_noise,missing,0.15,0.1,macro_f1,0.1585472118859994,0.15250447970866962,0.006042732177329785,0.4028488118219857
XGB,Spambase,label_noise,missing,0.15,0.1,mcc,0.313672286785187,0.28068924640600984,0.03298304037917715,2.19886935861181
XGB,Spambase,label_noise,missing,0.15,0.1,accuracy,0.15424451997671074,0.15591325618511886,-0.001668736208408128,-0.11124908056054188
XGB,Spambase,label_noise,missing,0.15,0.1,balanced_accuracy,0.16155665768896887,0.14793398934806976,0.013622668340899119,0.9081778893932746
XGB,Spambase,label_noise,missing,0.15,0.1,macro_f1,0.1596553362874641,0.15250447970866962,0.007150856578794468,0.4767237719196312
XGB,Spambase,label_noise,missing,0.15,0.1,mcc,0.31540451103554623,0.28068924640600984,0.03471526462953639,2.314350975302426
SVM,Spambase,label_noise,missing,0.15,0.1,accuracy,0.1474348927599175,0.14992904480188132,-0.002494152041963821,-0.16627680279758805
SVM,Spambase,label_noise,missing,0.15,0.1,balanced_accuracy,0.1556716670754843,0.13557531726525826,0.02009634981022604,1.3397566540150694
SVM,Spambase,label_noise,missing,0.15,0.1,macro_f1,0.15436260628200882,0.14246464176984447,0.01189796451216435,0.79319763414429
SVM,Spambase,label_noise,missing,0.15,0.1,mcc,0.3028642302039938,0.2609110827361838,0.04195314746780998,2.796876497853999
SVM,Spambase,label_noise,missing,0.15,0.1,accuracy,0.1430901351712851,0.14992904480188132,-0.006838909630596218,-0.45592730870641457
SVM,Spambase,label_noise,missing,0.15,0.1,balanced_accuracy,0.15040964748451113,0.13557531726525826,0.014834330219252873,0.9889553479501916
SVM,Spambase,label_noise,missing,0.15,0.1,macro_f1,0.148988326503266,0.14246464176984447,0.00652368473342152,0.43491231556143467
SVM,Spambase,label_noise,missing,0.15,0.1,mcc,0.2911908264972356,0.2609110827361838,0.030279743761051803,2.01864958407012
MLP,Spambase,label_noise,missing,0.15,0.1,accuracy,0.15612889266550234,0.15539538293507846,0.0007335097304238813,0.04890064869492543
MLP,Spambase,label_noise,missing,0.15,0.1,balanced_accuracy,0.16597794382479492,0.14276854057294067,0.02320940325185425,1.5472935501236167
MLP,Spambase,label_noise,missing,0.15,0.1,macro_f1,0.16324397987508787,0.1514533134819265,0.01179066639316137,0.786044426210758
MLP,Spambase,label_noise,missing,0.15,0.1,mcc,0.3215044714073346,0.2692075434455143,0.05229692796182034,3.486461864121356
MLP,Spambase,label_noise,missing,0.15,0.1,accuracy,0.15613030889549795,0.15539538293507846,0.0007349259604194913,0.04899506402796609
MLP,Spambase,label_noise,missing,0.15,0.1,balanced_accuracy,0.16566014640236615,0.14276854057294067,0.022891605829425482,1.5261070552950322
MLP,Spambase,label_noise,missing,0.15,0.1,macro_f1,0.16282906785051166,0.1514533134819265,0.01137575436858515,0.7583836245723434
MLP,Spambase,label_noise,missing,0.15,0.1,mcc,0.31898188515145554,0.2692075434455143,0.04977434170594125,3.31828944706275
GB,Spambase,label_noise,missing,0.15,0.1,accuracy,0.15286739366473123,0.15290250171185438,-3.510804712314464e-05,-0.002340536474876309
GB,Spambase,label_noise,missing,0.15,0.1,balanced_accuracy,0.1601603179300678,0.14395714828611245,0.01620316964395535,1.0802113095970234
GB,Spambase,label_noise,missing,0.15,0.1,macro_f1,0.15879606290125514,0.14916155780231527,0.009634505098939872,0.6423003399293248
GB,Spambase,label_noise,missing,0.15,0.1,mcc,0.3142240486299108,0.2739893381799486,0.04023471044996224,2.682314029997483
GB,Spambase,label_noise,missing,0.15,0.1,accuracy,0.15330288438842488,0.15290250171185438,0.00040038267657049875,0.026692178438033252
GB,Spambase,label_noise,missing,0.15,0.1,balanced_accuracy,0.16035185741323355,0.14395714828611245,0.0163947091271211,1.09298060847474
GB,Spambase,label_noise,missing,0.15,0.1,macro_f1,0.15869178385572158,0.14916155780231527,0.00953022605340631,0.6353484035604207
GB,Spambase,label_noise,missing,0.15,0.1,mcc,0.31328679649130076,0.2739893381799486,0.039297458311352174,2.619830554090145
LR,Bank,label_noise,missing,0.15,0.1,accuracy,0.12673333333333325,0.1501977318033439,-0.02346439847001064,-1.5642932313340427
LR,Bank,label_noise,missing,0.15,0.1,balanced_accuracy,0.08842151223704386,0.14007735767995025,-0.051655845442906384,-3.443723029527092
LR,Bank,label_noise,missing,0.15,0.1,macro_f1,0.13376727012358036,0.14599304170670022,-0.012225771583119854,-0.815051438874657
LR,Bank,label_noise,missing,0.15,0.1,mcc,0.18664561574156874,0.26499575825373534,-0.0783501425121666,-5.22334283414444
LR,Bank,label_noise,missing,0.15,0.1,accuracy,0.12433333333333318,0.1501977318033439,-0.025864398470010708,-1.7242932313340473
LR,Bank,label_noise,missing,0.15,0.1,balanced_accuracy,0.0986119096151965,0.14007735767995025,-0.041465448064753746,-2.7643632043169166
LR,Bank,label_noise,missing,0.15,0.1,macro_f1,0.1485110874845802,0.14599304170670022,0.002518045777879979,0.16786971852533195
LR,Bank,label_noise,missing,0.15,0.1,mcc,0.21370235801931362,0.26499575825373534,-0.05129340023442172,-3.419560015628115
RF,Bank,label_noise,missing,0.15,0.1,accuracy,0.1285333333333334,0.1536229726815287,-0.025089639348195303,-1.6726426232130203
RF,Bank,label_noise,missing,0.15,0.1,balanced_accuracy,0.06261701750027426,0.14016763127424564,-0.07755061377397138,-5.170040918264759
RF,Bank,label_noise,missing,0.15,0.1,macro_f1,0.11671344406280137,0.1471198924303288,-0.030406448367527428,-2.027096557835162
RF,Bank,label_noise,missing,0.15,0.1,mcc,0.16829738417158233,0.27113901953506764,-0.10284163536348531,-6.856109024232355
RF,Bank,label_noise,missing,0.15,0.1,accuracy,0.1283333333333333,0.1536229726815287,-0.025289639348195392,-1.6859759565463595
RF,Bank,label_noise,missing,0.15,0.1,balanced_accuracy,0.07598776731533485,0.14016763127424564,-0.06417986395891079,-4.278657597260719
RF,Bank,label_noise,missing,0.15,0.1,macro_f1,0.13778151925702814,0.1471198924303288,-0.009338373173300663,-0.6225582115533775
RF,Bank,label_noise,missing,0.15,0.1,mcc,0.21641793176521762,0.27113901953506764,-0.05472108776985002,-3.6480725179900015
XGB,Bank,label_noise,missing,0.15,0.1,accuracy,0.13093333333333335,0.15591325618511886,-0.02497992285178552,-1.6653281901190347
XGB,Bank,label_noise,missing,0.15,0.1,balanced_accuracy,0.10711992124194047,0.14793398934806976,-0.04081406810612928,-2.7209378737419523
XGB,Bank,label_noise,missing,0.15,0.1,macro_f1,0.1434235873215528,0.15250447970866962,-0.009080892387116818,-0.6053928258077879
XGB,Bank,label_noise,missing,0.15,0.1,mcc,0.21778778488474385,0.28068924640600984,-0.062901461521266,-4.1934307680844
XGB,Bank,label_noise,missing,0.15,0.1,accuracy,0.12853333333333317,0.15591325618511886,-0.0273799228517857,-1.8253281901190466
XGB,Bank,label_noise,missing,0.15,0.1,balanced_accuracy,0.11423357347170504,0.14793398934806976,-0.033700415876364714,-2.246694391757648
XGB,Bank,label_noise,missing,0.15,0.1,macro_f1,0.1521133567637839,0.15250447970866962,-0.00039112294488571897,-0.026074862992381265
XGB,Bank,label_noise,missing,0.15,0.1,mcc,0.23628372443790258,0.28068924640600984,-0.044405521968107264,-2.9603681312071513
SVM,Bank,label_noise,missing,0.15,0.1,accuracy,0.12560000000000004,0.14992904480188132,-0.024329044801881278,-1.6219363201254187
SVM,Bank,label_noise,missing,0.15,0.1,balanced_accuracy,0.053900950966000005,0.13557531726525826,-0.08167436629925826,-5.444957753283884
SVM,Bank,label_noise,missing,0.15,0.1,macro_f1,0.10649900021752612,0.14246464176984447,-0.03596564155231835,-2.3977094368212235
SVM,Bank,label_noise,missing,0.15,0.1,mcc,0.14188126630521858,0.2609110827361838,-0.11902981643096522,-7.935321095397682
SVM,Bank,label_noise,missing,0.15,0.1,accuracy,0.12780000000000002,0.14992904480188132,-0.022129044801881298,-1.4752696534587533
SVM,Bank,label_noise,missing,0.15,0.1,balanced_accuracy,0.07022400448419397,0.13557531726525826,-0.06535131278106429,-4.356754185404286
SVM,Bank,label_noise,missing,0.15,0.1,macro_f1,0.13214503079522505,0.14246464176984447,-0.01031961097461942,-0.687974064974628
SVM,Bank,label_noise,missing,0.15,0.1,mcc,0.20833006866056422,0.2609110827361838,-0.052581014075619575,-3.5054009383746383
MLP,Bank,label_noise,missing,0.15,0.1,accuracy,0.13179999999999992,0.15539538293507846,-0.02359538293507854,-1.5730255290052362
MLP,Bank,label_noise,missing,0.15,0.1,balanced_accuracy,0.09824765155086956,0.14276854057294067,-0.0445208890220711,-2.9680592681380737
MLP,Bank,label_noise,missing,0.15,0.1,macro_f1,0.1659373951742028,0.1514533134819265,0.014484081692276302,0.9656054461517535
MLP,Bank,label_noise,missing,0.15,0.1,mcc,0.2543787995121991,0.2692075434455143,-0.01482874393331518,-0.9885829288876787
MLP,Bank,label_noise,missing,0.15,0.1,accuracy,0.12519999999999987,0.15539538293507846,-0.03019538293507859,-2.0130255290052395
MLP,Bank,label_noise,missing,0.15,0.1,balanced_accuracy,0.08071197153491894,0.14276854057294067,-0.06205656903802173,-4.137104602534782
MLP,Bank,label_noise,missing,0.15,0.1,macro_f1,0.12476567020448825,0.1514533134819265,-0.02668764327743825,-1.7791762184958835
MLP,Bank,label_noise,missing,0.15,0.1,mcc,0.1889290376317476,0.2692075434455143,-0.08027850581376669,-5.351900387584446
GB,Bank,label_noise,missing,0.15,0.1,accuracy,0.13,0.15290250171185438,-0.022902501711854373,-1.5268334474569583
GB,Bank,label_noise,missing,0.15,0.1,balanced_accuracy,0.1116948349785245,0.14395714828611245,-0.03226231330758794,-2.1508208871725296
GB,Bank,label_noise,missing,0.15,0.1,macro_f1,0.14818925770649538,0.14916155780231527,-0.0009723000958198891,-0.06482000638799261
GB,Bank,label_noise,missing,0.15,0.1,mcc,0.21970352280448188,0.2739893381799486,-0.0542858153754667,-3.6190543583644468
GB,Bank,label_noise,missing,0.15,0.1,accuracy,0.13,0.15290250171185438,-0.022902501711854373,-1.5268334474569583
GB,Bank,label_noise,missing,0.15,0.1,balanced_accuracy,0.11931738712288975,0.14395714828611245,-0.024639761163222695,-1.6426507442148464
GB,Bank,label_noise,missing,0.15,0.1,macro_f1,0.15703578013904518,0.14916155780231527,0.007874222336729908,0.5249481557819939
GB,Bank,label_noise,missing,0.15,0.1,mcc,0.24697883271218138,0.2739893381799486,-0.027010505467767204,-1.8007003645178137
LR,Wine,label_noise,missing,0.15,0.1,accuracy,0.26624338624338595,0.1501977318033439,0.11604565444004206,7.73637696266947
LR,Wine,label_noise,missing,0.15,0.1,balanced_accuracy,0.26524093190759856,0.14007735767995025,0.12516357422764832,8.344238281843221
LR,Wine,label_noise,missing,0.15,0.1,macro_f1,0.2665188761710593,0.14599304170670022,0.12052583446435908,8.035055630957272
LR,Wine,label_noise,missing,0.15,0.1,mcc,0.3972676394925828,0.26499575825373534,0.13227188123884748,8.818125415923166
LR,Wine,label_noise,missing,0.15,0.1,accuracy,0.19862433862433837,0.1501977318033439,0.04842660682099448,3.2284404547329655
LR,Wine,label_noise,missing,0.15,0.1,balanced_accuracy,0.19855650522317192,0.14007735767995025,0.05847914754322167,3.8986098362147783
LR,Wine,label_noise,missing,0.15,0.1,macro_f1,0.20107850833967644,0.14599304170670022,0.05508546663297623,3.672364442198415
LR,Wine,label_noise,missing,0.15,0.1,mcc,0.2922170704241418,0.26499575825373534,0.027221312170406464,1.8147541446937643
RF,Wine,label_noise,missing,0.15,0.1,accuracy,0.18000000000000005,0.1536229726815287,0.026377027318471358,1.7584684878980905
RF,Wine,label_noise,missing,0.15,0.1,balanced_accuracy,0.1828601028601028,0.14016763127424564,0.04269247158585715,2.846164772390477
RF,Wine,label_noise,missing,0.15,0.1,macro_f1,0.1812043328816172,0.1471198924303288,0.03408444045128839,2.2722960300858928
RF,Wine,label_noise,missing,0.15,0.1,mcc,0.2693930660530013,0.27113901953506764,-0.0017459534820663536,-0.11639689880442358
RF,Wine,label_noise,missing,0.15,0.1,accuracy,0.1523809523809524,0.1536229726815287,-0.0012420203005762964,-0.0828013533717531
RF,Wine,label_noise,missing,0.15,0.1,balanced_accuracy,0.1566341066341067,0.14016763127424564,0.016466475359861066,1.0977650239907377
RF,Wine,label_noise,missing,0.15,0.1,macro_f1,0.15663391703815355,0.1471198924303288,0.009514024607824745,0.6342683071883164
RF,Wine,label_noise,missing,0.15,0.1,mcc,0.22603313270069914,0.27113901953506764,-0.0451058868343685,-3.0070591222912335
XGB,Wine,label_noise,missing,0.15,0.1,accuracy,0.19873015873015876,0.15591325618511886,0.04281690254503989,2.854460169669326
XGB,Wine,label_noise,missing,0.15,0.1,balanced_accuracy,0.19937272603939282,0.14793398934806976,0.05143873669132307,3.429249112754871
XGB,Wine,label_noise,missing,0.15,0.1,macro_f1,0.19705207806278124,0.15250447970866962,0.04454759835411162,2.969839890274108
XGB,Wine,label_noise,missing,0.15,0.1,mcc,0.2965510225983362,0.28068924640600984,0.01586177619232637,1.0574517461550914
XGB,Wine,label_noise,missing,0.15,0.1,accuracy,0.171111111111111,0.15591325618511886,0.015197854925992127,1.0131903283994752
XGB,Wine,label_noise,missing,0.15,0.1,balanced_accuracy,0.17658107324773997,0.14793398934806976,0.028647083899670217,1.9098055933113478
XGB,Wine,label_noise,missing,0.15,0.1,macro_f1,0.17956181967113138,0.15250447970866962,0.027057339962461763,1.8038226641641175
XGB,Wine,label_noise,missing,0.15,0.1,mcc,0.25247692538780575,0.28068924640600984,-0.02821232101820409,-1.880821401213606
SVM,Wine,label_noise,missing,0.15,0.1,accuracy,0.1968253968253968,0.14992904480188132,0.04689635202351547,3.1264234682343646
SVM,Wine,label_noise,missing,0.15,0.1,balanced_accuracy,0.1949781083114417,0.13557531726525826,0.05940279104618343,3.960186069745562
SVM,Wine,label_noise,missing,0.15,0.1,macro_f1,0.19688294243829474,0.14246464176984447,0.05441830066845027,3.627886711230018
SVM,Wine,label_noise,missing,0.15,0.1,mcc,0.2941898575464732,0.2609110827361838,0.0332787748102894,2.218584987352627
SVM,Wine,label_noise,missing,0.15,0.1,accuracy,0.15746031746031752,0.14992904480188132,0.0075312726584362,0.5020848438957467
SVM,Wine,label_noise,missing,0.15,0.1,balanced_accuracy,0.16143387476720816,0.13557531726525826,0.025858557501949903,1.723903833463327
SVM,Wine,label_noise,missing,0.15,0.1,macro_f1,0.16550214829324772,0.14246464176984447,0.02303750652340325,1.5358337682268834
SVM,Wine,label_noise,missing,0.15,0.1,mcc,0.23024021643106718,0.2609110827361838,-0.030670866305116617,-2.044724420341108
MLP,Wine,label_noise,missing,0.15,0.1,accuracy,0.16169312169312167,0.15539538293507846,0.006297738758043209,0.4198492505362139
MLP,Wine,label_noise,missing,0.15,0.1,balanced_accuracy,0.1621830021830023,0.14276854057294067,0.019414461610061634,1.2942974406707757
MLP,Wine,label_noise,missing,0.15,0.1,macro_f1,0.16268976515021571,0.1514533134819265,0.01123645166828921,0.7490967778859474
MLP,Wine,label_noise,missing,0.15,0.1,mcc,0.24063246821470552,0.2692075434455143,-0.028575075230808766,-1.905005015387251
MLP,Wine,label_noise,missing,0.15,0.1,accuracy,0.09947089947089949,0.15539538293507846,-0.05592448346417897,-3.7282988976119316
MLP,Wine,label_noise,missing,0.15,0.1,balanced_accuracy,0.10832574832574848,0.14276854057294067,-0.03444279224719218,-2.2961861498128124
MLP,Wine,label_noise,missing,0.15,0.1,macro_f1,0.10961585649058869,0.1514533134819265,-0.04183745699133781,-2.789163799422521
MLP,Wine,label_noise,missing,0.15,0.1,mcc,0.1464737535961168,0.2692075434455143,-0.12273378984939748,-8.182252656626499
GB,Wine,label_noise,missing,0.15,0.1,accuracy,0.19523809523809532,0.15290250171185438,0.042335593526240944,2.8223729017493966
GB,Wine,label_noise,missing,0.15,0.1,balanced_accuracy,0.19131991465324794,0.14395714828611245,0.04736276636713549,3.1575177578090328
GB,Wine,label_noise,missing,0.15,0.1,macro_f1,0.19506248664621773,0.14916155780231527,0.045900928843902455,3.0600619229268307
GB,Wine,label_noise,missing,0.15,0.1,mcc,0.2929554719016295,0.2739893381799486,0.018966133721680933,1.264408914778729
GB,Wine,label_noise,missing,0.15,0.1,accuracy,0.11650793650793656,0.15290250171185438,-0.03639456520391782,-2.4263043469278545
GB,Wine,label_noise,missing,0.15,0.1,balanced_accuracy,0.11478311811645148,0.14395714828611245,-0.02917403016966097,-1.9449353446440647
GB,Wine,label_noise,missing,0.15,0.1,macro_f1,0.12036013382487176,0.14916155780231527,-0.028801423977443508,-1.9200949318295673
GB,Wine,label_noise,missing,0.15,0.1,mcc,0.1718789216279759,0.2739893381799486,-0.10211041655197267,-6.807361103464845
LR,BreastCancer,label_noise,missing,0.15,0.1,accuracy,0.18458313926408954,0.1501977318033439,0.03438540746074564,2.292360497383043
LR,BreastCancer,label_noise,missing,0.15,0.1,balanced_accuracy,0.19919116341456045,0.14007735767995025,0.0591138057346102,3.9409203823073464
LR,BreastCancer,label_noise,missing,0.15,0.1,macro_f1,0.1957043927257589,0.14599304170670022,0.049711351019058686,3.314090067937246
LR,BreastCancer,label_noise,missing,0.15,0.1,mcc,0.3843263947688905,0.26499575825373534,0.11933063651515519,7.955375767677013
LR,BreastCancer,label_noise,missing,0.15,0.1,accuracy,0.1759198882161156,0.1501977318033439,0.0257221564127717,1.7148104275181135
LR,BreastCancer,label_noise,missing,0.15,0.1,balanced_accuracy,0.1946804349650627,0.14007735767995025,0.05460307728511246,3.640205152340831
LR,BreastCancer,label_noise,missing,0.15,0.1,macro_f1,0.19097985669816675,0.14599304170670022,0.044986814991466534,2.9991209994311023
LR,BreastCancer,label_noise,missing,0.15,0.1,mcc,0.3685902225287263,0.26499575825373534,0.10359446427499097,6.906297618332732
RF,BreastCancer,label_noise,missing,0.15,0.1,accuracy,0.17395849505770322,0.1536229726815287,0.02033552237617453,1.3557014917449688
RF,BreastCancer,label_noise,missing,0.15,0.1,balanced_accuracy,0.18064156013744748,0.14016763127424564,0.040473928863201836,2.698261924213456
RF,BreastCancer,label_noise,missing,0.15,0.1,macro_f1,0.18027687243948964,0.1471198924303288,0.03315698000916084,2.210465333944056
RF,BreastCancer,label_noise,missing,0.15,0.1,mcc,0.36007343799549807,0.27113901953506764,0.08893441846043043,5.9289612306953625
RF,BreastCancer,label_noise,missing,0.15,0.1,accuracy,0.14949024478600637,0.1536229726815287,-0.004132727895522326,-0.27551519303482175
RF,BreastCancer,label_noise,missing,0.15,0.1,balanced_accuracy,0.15901359640276602,0.14016763127424564,0.01884596512852038,1.2563976752346921
RF,BreastCancer,label_noise,missing,0.15,0.1,macro_f1,0.15734721547409614,0.1471198924303288,0.010227323043767333,0.6818215362511556
RF,BreastCancer,label_noise,missing,0.15,0.1,mcc,0.309929551546566,0.27113901953506764,0.038790532011498347,2.586035467433223
XGB,BreastCancer,label_noise,missing,0.15,0.1,accuracy,0.16934223464265374,0.15591325618511886,0.01342897845753488,0.8952652305023253
XGB,BreastCancer,label_noise,missing,0.15,0.1,balanced_accuracy,0.1774386380592936,0.14793398934806976,0.029504648711223852,1.9669765807482569
XGB,BreastCancer,label_noise,missing,0.15,0.1,macro_f1,0.176917557992065,0.15250447970866962,0.024413078283395367,1.627538552226358
XGB,BreastCancer,label_noise,missing,0.15,0.1,mcc,0.3510077585954946,0.28068924640600984,0.07031851218948476,4.687900812632318
XGB,BreastCancer,label_noise,missing,0.15,0.1,accuracy,0.17468302023495308,0.15591325618511886,0.018769764049834214,1.251317603322281
XGB,BreastCancer,label_noise,missing,0.15,0.1,balanced_accuracy,0.1870872781910612,0.14793398934806976,0.039153288842991435,2.610219256199429
XGB,BreastCancer,label_noise,missing,0.15,0.1,macro_f1,0.1852768344597815,0.15250447970866962,0.03277235475111187,2.184823650074125
XGB,BreastCancer,label_noise,missing,0.15,0.1,mcc,0.36552326650241695,0.28068924640600984,0.08483402009640711,5.655601339760475
SVM,BreastCancer,label_noise,missing,0.15,0.1,accuracy,0.1546705998033433,0.14992904480188132,0.004741555001461978,0.3161036667641319
SVM,BreastCancer,label_noise,missing,0.15,0.1,balanced_accuracy,0.1677246618588225,0.13557531726525826,0.03214934459356425,2.14328963957095
SVM,BreastCancer,label_noise,missing,0.15,0.1,macro_f1,0.1636562223782202,0.14246464176984447,0.021191580608375726,1.412772040558382
SVM,BreastCancer,label_noise,missing,0.15,0.1,mcc,0.3211831320070656,0.2609110827361838,0.06027204927088181,4.018136618058787
SVM,BreastCancer,label_noise,missing,0.15,0.1,accuracy,0.1600890130932051,0.14992904480188132,0.01015996829132379,0.677331219421586
SVM,BreastCancer,label_noise,missing,0.15,0.1,balanced_accuracy,0.1756286446926536,0.13557531726525826,0.04005332742739534,2.670221828493023
SVM,BreastCancer,label_noise,missing,0.15,0.1,macro_f1,0.17188702266501643,0.14246464176984447,0.029422380895171962,1.961492059678131
SVM,BreastCancer,label_noise,missing,0.15,0.1,mcc,0.3350542935768326,0.2609110827361838,0.07414321084064879,4.942880722709919
MLP,BreastCancer,label_noise,missing,0.15,0.1,accuracy,0.18032914143766487,0.15539538293507846,0.024933758502586417,1.6622505668390946
MLP,BreastCancer,label_noise,missing,0.15,0.1,balanced_accuracy,0.19175001840750794,0.14276854057294067,0.04898147783456727,3.2654318556378183
MLP,BreastCancer,label_noise,missing,0.15,0.1,macro_f1,0.1921789015034323,0.1514533134819265,0.040725588021505804,2.7150392014337204
MLP,BreastCancer,label_noise,missing,0.15,0.1,mcc,0.37561182947624927,0.2692075434455143,0.10640428603073498,7.0936190687156655
MLP,BreastCancer,label_noise,missing,0.15,0.1,accuracy,0.17354448067070316,0.15539538293507846,0.018149097735624703,1.2099398490416469
MLP,BreastCancer,label_noise,missing,0.15,0.1,balanced_accuracy,0.18541038962103806,0.14276854057294067,0.0426418490480974,2.8427899365398264
MLP,BreastCancer,label_noise,missing,0.15,0.1,macro_f1,0.18451402670670114,0.1514533134819265,0.033060713224774635,2.204047548318309
MLP,BreastCancer,label_noise,missing,0.15,0.1,mcc,0.36042453545872,0.2692075434455143,0.09121699201320571,6.081132800880381
GB,BreastCancer,label_noise,missing,0.15,0.1,accuracy,0.17921647777260263,0.15290250171185438,0.026313976060748256,1.7542650707165506
GB,BreastCancer,label_noise,missing,0.15,0.1,balanced_accuracy,0.1876425477936451,0.14395714828611245,0.04368539950753264,2.9123599671688427
GB,BreastCancer,label_noise,missing,0.15,0.1,macro_f1,0.18698342660886036,0.14916155780231527,0.03782186880654509,2.5214579204363394
GB,BreastCancer,label_noise,missing,0.15,0.1,mcc,0.3718279618368924,0.2739893381799486,0.09783862365694379,6.52257491046292
GB,BreastCancer,label_noise,missing,0.15,0.1,accuracy,0.1653366454484294,0.15290250171185438,0.012434143736575032,0.8289429157716688
GB,BreastCancer,label_noise,missing,0.15,0.1,balanced_accuracy,0.17581424846750815,0.14395714828611245,0.0318571001813957,2.123806678759714
GB,BreastCancer,label_noise,missing,0.15,0.1,macro_f1,0.17546600284209923,0.14916155780231527,0.026304445039783964,1.753629669318931
GB,BreastCancer,label_noise,missing,0.15,0.1,mcc,0.34360222035697696,0.2739893381799486,0.06961288217702838,4.640858811801892
LR,Digits,label_noise,missing,0.15,0.1,accuracy,0.17325595790776827,0.1501977318033439,0.023058226104424373,1.5372150736282917
LR,Digits,label_noise,missing,0.15,0.1,balanced_accuracy,0.1741788388463117,0.14007735767995025,0.03410148116636144,2.2734320777574295
LR,Digits,label_noise,missing,0.15,0.1,macro_f1,0.17416049263291744,0.14599304170670022,0.028167450926217225,1.877830061747815
LR,Digits,label_noise,missing,0.15,0.1,mcc,0.34724568252594806,0.26499575825373534,0.08224992427221273,5.483328284814182
LR,Digits,label_noise,missing,0.15,0.1,accuracy,0.14266480965645312,0.1501977318033439,-0.007532922146890775,-0.5021948097927184
LR,Digits,label_noise,missing,0.15,0.1,balanced_accuracy,0.1427142374318051,0.14007735767995025,0.002636879751854865,0.17579198345699099
LR,Digits,label_noise,missing,0.15,0.1,macro_f1,0.1427441182819541,0.14599304170670022,-0.003248923424746114,-0.21659489498307427
LR,Digits,label_noise,missing,0.15,0.1,mcc,0.28546364508723054,0.26499575825373534,0.020467886833495208,1.3645257888996807
RF,Digits,label_noise,missing,0.15,0.1,accuracy,0.17974827194882903,0.1536229726815287,0.02612529926730034,1.7416866178200228
RF,Digits,label_noise,missing,0.15,0.1,balanced_accuracy,0.17966209204445815,0.14016763127424564,0.039494460770212514,2.632964051347501
RF,Digits,label_noise,missing,0.15,0.1,macro_f1,0.1799958019131861,0.1471198924303288,0.03287590948285729,2.191727298857153
RF,Digits,label_noise,missing,0.15,0.1,mcc,0.35892298354127716,0.27113901953506764,0.08778396400620952,5.852264267080635
RF,Digits,label_noise,missing,0.15,0.1,accuracy,0.15470803672753541,0.1536229726815287,0.001085064046006723,0.07233760306711487
RF,Digits,label_noise,missing,0.15,0.1,balanced_accuracy,0.15458916393034394,0.14016763127424564,0.014421532656098301,0.9614355104065535
RF,Digits,label_noise,missing,0.15,0.1,macro_f1,0.15475991767677544,0.1471198924303288,0.007640025246446636,0.5093350164297757
RF,Digits,label_noise,missing,0.15,0.1,mcc,0.3089619591349049,0.27113901953506764,0.037822939599837235,2.521529306655816
XGB,Digits,label_noise,missing,0.15,0.1,accuracy,0.18938821830186725,0.15591325618511886,0.033474962116748386,2.231664141116559
XGB,Digits,label_noise,missing,0.15,0.1,balanced_accuracy,0.18979330548252704,0.14793398934806976,0.041859316134457286,2.7906210756304857
XGB,Digits,label_noise,missing,0.15,0.1,macro_f1,0.18990614381003634,0.15250447970866962,0.03740166410136672,2.493444273424448
XGB,Digits,label_noise,missing,0.15,0.1,mcc,0.37845608670909003,0.28068924640600984,0.0977668403030802,6.51778935353868
XGB,Digits,label_noise,missing,0.15,0.1,accuracy,0.17659806045599924,0.15591325618511886,0.020684804270880375,1.378986951392025
XGB,Digits,label_noise,missing,0.15,0.1,balanced_accuracy,0.17657995754361022,0.14793398934806976,0.028645968195540467,1.909731213036031
XGB,Digits,label_noise,missing,0.15,0.1,macro_f1,0.17665101626390745,0.15250447970866962,0.024146536555237824,1.6097691036825217
XGB,Digits,label_noise,missing,0.15,0.1,mcc,0.35314809926851354,0.28068924640600984,0.0724588528625037,4.83059019083358
SVM,Digits,label_noise,missing,0.15,0.1,accuracy,0.16881306097183535,0.14992904480188132,0.018884016169954027,1.2589344113302685
SVM,Digits,label_noise,missing,0.15,0.1,balanced_accuracy,0.1688096161630115,0.13557531726525826,0.03323429889775323,2.215619926516882
SVM,Digits,label_noise,missing,0.15,0.1,macro_f1,0.16902321850919244,0.14246464176984447,0.026558576739347972,1.7705717826231981
SVM,Digits,label_noise,missing,0.15,0.1,mcc,0.3373940862405289,0.2609110827361838,0.07648300350434512,5.098866900289675
SVM,Digits,label_noise,missing,0.15,0.1,accuracy,0.15824203033116702,0.14992904480188132,0.008312985529285694,0.5541990352857129
SVM,Digits,label_noise,missing,0.15,0.1,balanced_accuracy,0.15819014442464385,0.13557531726525826,0.022614827159385592,1.5076551439590395
SVM,Digits,label_noise,missing,0.15,0.1,macro_f1,0.15829072612154071,0.14246464176984447,0.015826084351696246,1.0550722901130831
SVM,Digits,label_noise,missing,0.15,0.1,mcc,0.3162447048580548,0.2609110827361838,0.055333622121870985,3.688908141458066
MLP,Digits,label_noise,missing,0.15,0.1,accuracy,0.1984695140823275,0.15539538293507846,0.043074131147249034,2.8716087431499355
MLP,Digits,label_noise,missing,0.15,0.1,balanced_accuracy,0.1986104006774544,0.14276854057294067,0.055841860104513724,3.722790673634248
MLP,Digits,label_noise,missing,0.15,0.1,macro_f1,0.19885928603278524,0.1514533134819265,0.04740597255085874,3.1603981700572494
MLP,Digits,label_noise,missing,0.15,0.1,mcc,0.396567275029895,0.2692075434455143,0.1273597315843807,8.490648772292046
MLP,Digits,label_noise,missing,0.15,0.1,accuracy,0.17401733209532655,0.15539538293507846,0.01862194916024809,1.2414632773498728
MLP,Digits,label_noise,missing,0.15,0.1,balanced_accuracy,0.17404027018621748,0.14276854057294067,0.031271729613276816,2.0847819742184543
MLP,Digits,label_noise,missing,0.15,0.1,macro_f1,0.17407906317993338,0.1514533134819265,0.022625749698006875,1.5083833132004585
MLP,Digits,label_noise,missing,0.15,0.1,mcc,0.3479740153567087,0.2692075434455143,0.0787664719111944,5.25109812741296
GB,Digits,label_noise,missing,0.15,0.1,accuracy,0.1942102548230682,0.15290250171185438,0.04130775311121382,2.7538502074142546
GB,Digits,label_noise,missing,0.15,0.1,balanced_accuracy,0.1944474963640641,0.14395714828611245,0.05049034807795166,3.3660232051967776
GB,Digits,label_noise,missing,0.15,0.1,macro_f1,0.19460723690259618,0.14916155780231527,0.04544567910028091,3.0297119400187276
GB,Digits,label_noise,missing,0.15,0.1,mcc,0.3883080753010667,0.2739893381799486,0.11431873712111812,7.6212491414078745
GB,Digits,label_noise,missing,0.15,0.1,accuracy,0.17473640771690901,0.15290250171185438,0.021833906005054637,1.4555937336703093
GB,Digits,label_noise,missing,0.15,0.1,balanced_accuracy,0.17480984361328467,0.14395714828611245,0.03085269532717222,2.0568463551448146
GB,Digits,label_noise,missing,0.15,0.1,macro_f1,0.17483739941078902,0.14916155780231527,0.02567584160847375,1.71172277389825
GB,Digits,label_noise,missing,0.15,0.1,mcc,0.349423917279309,0.2739893381799486,0.07543457909936041,5.028971939957361
LR,Spambase,label_noise,missing,0.15,0.25,accuracy,0.17474783238131208,0.1683965627397803,0.006351269641531793,0.1693671904408478
LR,Spambase,label_noise,missing,0.15,0.25,balanced_accuracy,0.1895317771565821,0.1625011275086689,0.027030649647913185,0.7208173239443516
LR,Spambase,label_noise,missing,0.15,0.25,macro_f1,0.18811432718716703,0.16884202932871226,0.019272297858454773,0.5139279428921273
LR,Spambase,label_noise,missing,0.15,0.25,mcc,0.36039672869075934,0.3054724427125599,0.05492428597819943,1.464647626085318
LR,Spambase,label_noise,missing,0.15,0.25,accuracy,0.16170506223544023,0.1683965627397803,-0.006691500504340059,-0.17844001344906824
LR,Spambase,label_noise,missing,0.15,0.25,balanced_accuracy,0.1740576132839473,0.1625011275086689,0.011556485775278402,0.30817295400742406
LR,Spambase,label_noise,missing,0.15,0.25,macro_f1,0.17237597965097984,0.16884202932871226,0.0035339503222675817,0.09423867526046885
LR,Spambase,label_noise,missing,0.15,0.25,mcc,0.3290386945620988,0.3054724427125599,0.023566251849538866,0.6284333826543698
RF,Spambase,label_noise,missing,0.15,0.25,accuracy,0.15366465247289496,0.16878356437538522,-0.015118911902490262,-0.403170984066407
RF,Spambase,label_noise,missing,0.15,0.25,balanced_accuracy,0.16030123055560808,0.159249819382425,0.001051411173183081,0.028037631284882163
RF,Spambase,label_noise,missing,0.15,0.25,macro_f1,0.16045831377332376,0.1680762600972755,-0.007617946323951741,-0.20314523530537976
RF,Spambase,label_noise,missing,0.15,0.25,mcc,0.3159258161544186,0.3085254627378631,0.0074003534165555385,0.19734275777481436
RF,Spambase,label_noise,missing,0.15,0.25,accuracy,0.1545356339202819,0.16878356437538522,-0.014247930455103308,-0.3799448121360882
RF,Spambase,label_noise,missing,0.15,0.25,balanced_accuracy,0.16160165060226128,0.159249819382425,0.0023518312198362867,0.06271549919563432
RF,Spambase,label_noise,missing,0.15,0.25,macro_f1,0.16122316673579484,0.1680762600972755,-0.0068530933614806555,-0.18274915630615082
RF,Spambase,label_noise,missing,0.15,0.25,mcc,0.3157724880364192,0.3085254627378631,0.007247025298556142,0.19325400796149714
XGB,Spambase,label_noise,missing,0.15,0.25,accuracy,0.16119820925584982,0.16955274086224867,-0.008354531606398846,-0.22278750950396925
XGB,Spambase,label_noise,missing,0.15,0.25,balanced_accuracy,0.16948751537481155,0.1674137496268482,0.0020737657479633353,0.05530041994568895
XGB,Spambase,label_noise,missing,0.15,0.25,macro_f1,0.1677892625208276,0.1723218326303022,-0.00453257010947461,-0.12086853625265626
XGB,Spambase,label_noise,missing,0.15,0.25,mcc,0.3315137780213898,0.31652673561376926,0.014987042407620554,0.3996544642032148
XGB,Spambase,label_noise,missing,0.15,0.25,accuracy,0.1627223087696109,0.16955274086224867,-0.006830432092637756,-0.1821448558036735
XGB,Spambase,label_noise,missing,0.15,0.25,balanced_accuracy,0.17154099514716137,0.1674137496268482,0.004127245520313155,0.11005988054168414
XGB,Spambase,label_noise,missing,0.15,0.25,macro_f1,0.1692928605267986,0.1723218326303022,-0.0030289721035036132,-0.08077258942676302
XGB,Spambase,label_noise,missing,0.15,0.25,mcc,0.33302987738759915,0.31652673561376926,0.016503141773829888,0.4400837806354637
SVM,Spambase,label_noise,missing,0.15,0.25,accuracy,0.16090796078616498,0.1642955627653365,-0.0033876019791715117,-0.09033605277790699
SVM,Spambase,label_noise,missing,0.15,0.25,balanced_accuracy,0.1714472461034119,0.15351355824410562,0.01793368785930627,0.4782316762481672
SVM,Spambase,label_noise,missing,0.15,0.25,macro_f1,0.16988066081569309,0.16196042417292647,0.007920236642766615,0.21120631047377642
SVM,Spambase,label_noise,missing,0.15,0.25,mcc,0.3313005016922037,0.2952826620683915,0.03601783962381222,0.9604757233016592
SVM,Spambase,label_noise,missing,0.15,0.25,accuracy,0.1600442965270893,0.1642955627653365,-0.004251266238247203,-0.11336709968659209
SVM,Spambase,label_noise,missing,0.15,0.25,balanced_accuracy,0.17010985431642212,0.15351355824410562,0.016596296072316497,0.44256789526177326
SVM,Spambase,label_noise,missing,0.15,0.25,macro_f1,0.1684454255537402,0.16196042417292647,0.006485001380813732,0.17293337015503285
SVM,Spambase,label_noise,missing,0.15,0.25,mcc,0.326546738211866,0.2952826620683915,0.031264076143474484,0.8337086971593196
MLP,Spambase,label_noise,missing,0.15,0.25,accuracy,0.17134321547152598,0.17454598653876002,-0.003202771067234045,-0.08540722845957453
MLP,Spambase,label_noise,missing,0.15,0.25,balanced_accuracy,0.18087256217389258,0.16563656737029223,0.015235994803600356,0.40629319476267617
MLP,Spambase,label_noise,missing,0.15,0.25,macro_f1,0.17871933949201857,0.1758173500849438,0.0029019894070747565,0.07738638418866017
MLP,Spambase,label_noise,missing,0.15,0.25,mcc,0.35340593167481116,0.30886171174414445,0.044544219930666706,1.187845864817779
MLP,Spambase,label_noise,missing,0.15,0.25,accuracy,0.15700058222788704,0.17454598653876002,-0.01754540431087298,-0.46787744828994615
MLP,Spambase,label_noise,missing,0.15,0.25,balanced_accuracy,0.16655013560722065,0.16563656737029223,0.0009135682369284248,0.024361819651424664
MLP,Spambase,label_noise,missing,0.15,0.25,macro_f1,0.16370747780246775,0.1758173500849438,-0.012109872282476064,-0.32292992753269506
MLP,Spambase,label_noise,missing,0.15,0.25,mcc,0.32073077050404086,0.30886171174414445,0.011869058759896411,0.3165082335972377
GB,Spambase,label_noise,missing,0.15,0.25,accuracy,0.16286361705140928,0.16616383966832815,-0.0033002226169188686,-0.08800593645116983
GB,Spambase,label_noise,missing,0.15,0.25,balanced_accuracy,0.17145981097572582,0.16178365940756487,0.009676151568160957,0.2580307084842922
GB,Spambase,label_noise,missing,0.15,0.25,macro_f1,0.16983943568817506,0.16776868361535086,0.0020707520728242,0.055220055275312006
GB,Spambase,label_noise,missing,0.15,0.25,mcc,0.33510322107513535,0.30711311704624467,0.027990104028890683,0.7464027741037516
GB,Spambase,label_noise,missing,0.15,0.25,accuracy,0.16699594014067898,0.16616383966832815,0.0008321004723508274,0.022189345929355397
GB,Spambase,label_noise,missing,0.15,0.25,balanced_accuracy,0.1755255701941959,0.16178365940756487,0.013741910786631034,0.36645095431016095
GB,Spambase,label_noise,missing,0.15,0.25,macro_f1,0.17365488696776432,0.16776868361535086,0.005886203352413466,0.15696542273102576
GB,Spambase,label_noise,missing,0.15,0.25,mcc,0.3418868160518568,0.30711311704624467,0.03477369900561211,0.9272986401496564
LR,Bank,label_noise,missing,0.15,0.25,accuracy,0.1301333333333332,0.1683965627397803,-0.03826322940644708,-1.0203527841719222
LR,Bank,label_noise,missing,0.15,0.25,balanced_accuracy,0.09972513821644624,0.1625011275086689,-0.06277598929222267,-1.674026381125938
LR,Bank,label_noise,missing,0.15,0.25,macro_f1,0.15313229887329505,0.16884202932871226,-0.01570973045541721,-0.4189261454777923
LR,Bank,label_noise,missing,0.15,0.25,mcc,0.21357643791282274,0.3054724427125599,-0.09189600479973717,-2.450560127992991
LR,Bank,label_noise,missing,0.15,0.25,accuracy,0.12573333333333314,0.1683965627397803,-0.04266322940644715,-1.1376861175052575
LR,Bank,label_noise,missing,0.15,0.25,balanced_accuracy,0.10638008698948398,0.1625011275086689,-0.05612104051918493,-1.496561080511598
LR,Bank,label_noise,missing,0.15,0.25,macro_f1,0.16280751933138882,0.16884202932871226,-0.0060345099973234395,-0.16092026659529174
LR,Bank,label_noise,missing,0.15,0.25,mcc,0.23225443931630568,0.3054724427125599,-0.07321800339625423,-1.9524800905667794
RF,Bank,label_noise,missing,0.15,0.25,accuracy,0.13333333333333341,0.16878356437538522,-0.035450231042051805,-0.9453394944547149
RF,Bank,label_noise,missing,0.15,0.25,balanced_accuracy,0.07542311178532013,0.159249819382425,-0.08382670759710487,-2.23537886925613
RF,Bank,label_noise,missing,0.15,0.25,macro_f1,0.1399235866384485,0.1680762600972755,-0.028152673458826993,-0.7507379589020532
RF,Bank,label_noise,missing,0.15,0.25,mcc,0.2071218599502386,0.3085254627378631,-0.10140360278762447,-2.7040960743366527
RF,Bank,label_noise,missing,0.15,0.25,accuracy,0.12993333333333335,0.16878356437538522,-0.038850231042051875,-1.0360061611213833
RF,Bank,label_noise,missing,0.15,0.25,balanced_accuracy,0.08328670555195117,0.159249819382425,-0.07596311383047383,-2.025683035479302
RF,Bank,label_noise,missing,0.15,0.25,macro_f1,0.15208623277597544,0.1680762600972755,-0.01599002732130006,-0.4264007285680016
RF,Bank,label_noise,missing,0.15,0.25,mcc,0.23849302124236976,0.3085254627378631,-0.07003244149549331,-1.867531773213155
XGB,Bank,label_noise,missing,0.15,0.25,accuracy,0.13413333333333333,0.16955274086224867,-0.03541940752891534,-0.9445175341044092
XGB,Bank,label_noise,missing,0.15,0.25,balanced_accuracy,0.12227247150793386,0.1674137496268482,-0.04514127811891436,-1.203767416504383
XGB,Bank,label_noise,missing,0.15,0.25,macro_f1,0.1684621636549385,0.1723218326303022,-0.003859668975363717,-0.10292450600969913
XGB,Bank,label_noise,missing,0.15,0.25,mcc,0.2501089915811381,0.31652673561376926,-0.06641774403263118,-1.7711398408701648
XGB,Bank,label_noise,missing,0.15,0.25,accuracy,0.13253333333333328,0.16955274086224867,-0.03701940752891539,-0.987184200771077
XGB,Bank,label_noise,missing,0.15,0.25,balanced_accuracy,0.1278640920197075,0.1674137496268482,-0.039549657607140715,-1.0546575361904191
XGB,Bank,label_noise,missing,0.15,0.25,macro_f1,0.1745664034713964,0.1723218326303022,0.0022445708410941956,0.05985522242917855
XGB,Bank,label_noise,missing,0.15,0.25,mcc,0.2719813323414706,0.31652673561376926,-0.04454540327229867,-1.1878774205946312
SVM,Bank,label_noise,missing,0.15,0.25,accuracy,0.13459999999999994,0.1642955627653365,-0.029695562765336553,-0.7918816737423081
SVM,Bank,label_noise,missing,0.15,0.25,balanced_accuracy,0.06833435958430989,0.15351355824410562,-0.08517919865979573,-2.271445297594553
SVM,Bank,label_noise,missing,0.15,0.25,macro_f1,0.13001251491096616,0.16196042417292647,-0.03194790926196031,-0.8519442469856083
SVM,Bank,label_noise,missing,0.15,0.25,mcc,0.2031446805327986,0.2952826620683915,-0.09213798153559288,-2.457012840949144
SVM,Bank,label_noise,missing,0.15,0.25,accuracy,0.12639999999999996,0.1642955627653365,-0.03789556276533654,-1.0105483404089743
SVM,Bank,label_noise,missing,0.15,0.25,balanced_accuracy,0.07288867751697581,0.15351355824410562,-0.08062488072712981,-2.1499968193901284
SVM,Bank,label_noise,missing,0.15,0.25,macro_f1,0.13938619657208684,0.16196042417292647,-0.02257422760083963,-0.6019794026890568
SVM,Bank,label_noise,missing,0.15,0.25,mcc,0.21436251963709538,0.2952826620683915,-0.08092014243129611,-2.1578704648345632
MLP,Bank,label_noise,missing,0.15,0.25,accuracy,0.13279999999999992,0.17454598653876002,-0.041745986538760105,-1.1132263077002695
MLP,Bank,label_noise,missing,0.15,0.25,balanced_accuracy,0.10570424615803109,0.16563656737029223,-0.059932321212261136,-1.5981952323269637
MLP,Bank,label_noise,missing,0.15,0.25,macro_f1,0.180706646259093,0.1758173500849438,0.0048892961741491825,0.13038123131064489
MLP,Bank,label_noise,missing,0.15,0.25,mcc,0.26810222991889004,0.30886171174414445,-0.04075948182525441,-1.0869195153401177
MLP,Bank,label_noise,missing,0.15,0.25,accuracy,0.12439999999999996,0.17454598653876002,-0.05014598653876007,-1.3372263077002686
MLP,Bank,label_noise,missing,0.15,0.25,balanced_accuracy,0.08849276926271854,0.16563656737029223,-0.07714379810757369,-2.0571679495352986
MLP,Bank,label_noise,missing,0.15,0.25,macro_f1,0.14407542929176398,0.1758173500849438,-0.031741920793179834,-0.8464512211514623
MLP,Bank,label_noise,missing,0.15,0.25,mcc,0.21989456780124078,0.30886171174414445,-0.08896714394290367,-2.3724571718107645
GB,Bank,label_noise,missing,0.15,0.25,accuracy,0.13159999999999994,0.16616383966832815,-0.03456383966832821,-0.921702391155419
GB,Bank,label_noise,missing,0.15,0.25,balanced_accuracy,0.11841722914436315,0.16178365940756487,-0.04336643026320172,-1.156438140352046
GB,Bank,label_noise,missing,0.15,0.25,macro_f1,0.15920009757897657,0.16776868361535086,-0.008568586036374282,-0.22849562763664752
GB,Bank,label_noise,missing,0.15,0.25,mcc,0.234487900283728,0.30711311704624467,-0.07262521676251665,-1.9366724470004442
GB,Bank,label_noise,missing,0.15,0.25,accuracy,0.134,0.16616383966832815,-0.03216383966832814,-0.8577023911554171
GB,Bank,label_noise,missing,0.15,0.25,balanced_accuracy,0.12997971421971644,0.16178365940756487,-0.03180394518784843,-0.8481052050092915
GB,Bank,label_noise,missing,0.15,0.25,macro_f1,0.17380582782010623,0.16776868361535086,0.006037144204755374,0.16099051212680998
GB,Bank,label_noise,missing,0.15,0.25,mcc,0.2755307037945832,0.30711311704624467,-0.031582413251661445,-0.842197686710972
LR,Wine,label_noise,missing,0.15,0.25,accuracy,0.24957671957671945,0.1683965627397803,0.08118015683693916,2.164804182318378
LR,Wine,label_noise,missing,0.15,0.25,balanced_accuracy,0.24959546626213291,0.1625011275086689,0.087094338753464,2.3225157000923735
LR,Wine,label_noise,missing,0.15,0.25,macro_f1,0.2511869170155382,0.16884202932871226,0.08234488768682593,2.195863671648692
LR,Wine,label_noise,missing,0.15,0.25,mcc,0.37179017057029806,0.3054724427125599,0.06631772785773815,1.7684727428730174
LR,Wine,label_noise,missing,0.15,0.25,accuracy,0.182116402116402,0.1683965627397803,0.013719839376621717,0.36586238337657917
LR,Wine,label_noise,missing,0.15,0.25,balanced_accuracy,0.18580925247591917,0.1625011275086689,0.023308124967250266,0.6215499991266737
LR,Wine,label_noise,missing,0.15,0.25,macro_f1,0.18915167241811648,0.16884202932871226,0.020309643089404222,0.5415904823841127
LR,Wine,label_noise,missing,0.15,0.25,mcc,0.2686589359209708,0.3054724427125599,-0.03681350679158912,-0.9816935144423766
RF,Wine,label_noise,missing,0.15,0.25,accuracy,0.23079365079365077,0.16878356437538522,0.06201008641826555,1.6536023044870816
RF,Wine,label_noise,missing,0.15,0.25,balanced_accuracy,0.232010952010952,0.159249819382425,0.07276113262852701,1.9402968700940537
RF,Wine,label_noise,missing,0.15,0.25,macro_f1,0.23288055891887305,0.1680762600972755,0.06480429882159755,1.7281146352426013
RF,Wine,label_noise,missing,0.15,0.25,mcc,0.34441950682441036,0.3085254627378631,0.03589404408654728,0.9571745089745942
RF,Wine,label_noise,missing,0.15,0.25,accuracy,0.15222222222222226,0.16878356437538522,-0.01656134215316296,-0.44163579075101234
RF,Wine,label_noise,missing,0.15,0.25,balanced_accuracy,0.15584045584045592,0.159249819382425,-0.0034093635419690793,-0.09091636111917545
RF,Wine,label_noise,missing,0.15,0.25,macro_f1,0.15553429464533586,0.1680762600972755,-0.01254196545193964,-0.33445241205172377
RF,Wine,label_noise,missing,0.15,0.25,mcc,0.2240331219759707,0.3085254627378631,-0.08449234076189238,-2.253129086983797
XGB,Wine,label_noise,missing,0.15,0.25,accuracy,0.27730158730158727,0.16955274086224867,0.1077488464393386,2.8733025717156964
XGB,Wine,label_noise,missing,0.15,0.25,balanced_accuracy,0.2775800742467409,0.1674137496268482,0.1101663246198927,2.9377686565304724
XGB,Wine,label_noise,missing,0.15,0.25,macro_f1,0.28086780600744476,0.1723218326303022,0.10854597337714256,2.894559290057135
XGB,Wine,label_noise,missing,0.15,0.25,mcc,0.4140213756584641,0.31652673561376926,0.09749464004469482,2.5998570678585287
XGB,Wine,label_noise,missing,0.15,0.25,accuracy,0.21571428571428575,0.16955274086224867,0.04616154485203708,1.2309745293876555
XGB,Wine,label_noise,missing,0.15,0.25,balanced_accuracy,0.21778986445653126,0.1674137496268482,0.050376114829683044,1.3433630621248813
XGB,Wine,label_noise,missing,0.15,0.25,macro_f1,0.22334426934012386,0.1723218326303022,0.05102243670982165,1.3605983122619107
XGB,Wine,label_noise,missing,0.15,0.25,mcc,0.3183217550181585,0.31652673561376926,0.0017950194043892531,0.047867184117046754
SVM,Wine,label_noise,missing,0.15,0.25,accuracy,0.20206349206349217,0.1642955627653365,0.03776792929815567,1.0071447812841514
SVM,Wine,label_noise,missing,0.15,0.25,balanced_accuracy,0.1991739125072458,0.15351355824410562,0.04566035426314019,1.2176094470170717
SVM,Wine,label_noise,missing,0.15,0.25,macro_f1,0.2004449130347482,0.16196042417292647,0.038484488861821736,1.0262530363152464
SVM,Wine,label_noise,missing,0.15,0.25,mcc,0.3021079767743441,0.2952826620683915,0.006825314705952601,0.18200839215873604
SVM,Wine,label_noise,missing,0.15,0.25,accuracy,0.15730158730158716,0.1642955627653365,-0.00699397546374933,-0.18650601236664882
SVM,Wine,label_noise,missing,0.15,0.25,balanced_accuracy,0.16064022397355737,0.15351355824410562,0.007126665729451753,0.19004441945204675
SVM,Wine,label_noise,missing,0.15,0.25,macro_f1,0.1652787612431722,0.16196042417292647,0.0033183370702457304,0.08848898853988615
SVM,Wine,label_noise,missing,0.15,0.25,mcc,0.23275578204776826,0.2952826620683915,-0.06252688002062323,-1.6673834672166197
MLP,Wine,label_noise,missing,0.15,0.25,accuracy,0.26264550264550257,0.17454598653876002,0.08809951610674255,2.349320429513135
MLP,Wine,label_noise,missing,0.15,0.25,balanced_accuracy,0.25447959447959456,0.16563656737029223,0.08884302710930234,2.369147389581396
MLP,Wine,label_noise,missing,0.15,0.25,macro_f1,0.26755840863565605,0.1758173500849438,0.09174105855071224,2.446428228018993
MLP,Wine,label_noise,missing,0.15,0.25,mcc,0.3815706941945015,0.30886171174414445,0.07270898245035706,1.9389061986761884
MLP,Wine,label_noise,missing,0.15,0.25,accuracy,0.1664550264550264,0.17454598653876002,-0.008090960083733612,-0.21575893556622966
MLP,Wine,label_noise,missing,0.15,0.25,balanced_accuracy,0.17012062012062024,0.16563656737029223,0.00448405275032801,0.11957474000874695
MLP,Wine,label_noise,missing,0.15,0.25,macro_f1,0.17202532761820177,0.1758173500849438,-0.00379202246674204,-0.10112059911312107
MLP,Wine,label_noise,missing,0.15,0.25,mcc,0.24741699294650776,0.30886171174414445,-0.06144471879763669,-1.638525834603645
GB,Wine,label_noise,missing,0.15,0.25,accuracy,0.24015873015873013,0.16616383966832815,0.07399489049040198,1.9731970797440528
GB,Wine,label_noise,missing,0.15,0.25,balanced_accuracy,0.23771241104574437,0.16178365940756487,0.0759287516381795,2.0247667103514533
GB,Wine,label_noise,missing,0.15,0.25,macro_f1,0.24748081353739237,0.16776868361535086,0.07971212992204152,2.125656797921107
GB,Wine,label_noise,missing,0.15,0.25,mcc,0.35745957363016767,0.30711311704624467,0.050346456583923005,1.3425721755712803
GB,Wine,label_noise,missing,0.15,0.25,accuracy,0.17301587301587307,0.16616383966832815,0.006852033347544917,0.18272088926786445
GB,Wine,label_noise,missing,0.15,0.25,balanced_accuracy,0.17333012666345993,0.16178365940756487,0.01154646725589506,0.30790579349053493
GB,Wine,label_noise,missing,0.15,0.25,macro_f1,0.1816567722102026,0.16776868361535086,0.013888088594851744,0.3703490291960465
GB,Wine,label_noise,missing,0.15,0.25,mcc,0.2590526940376837,0.30711311704624467,-0.04806042300856095,-1.281611280228292
LR,BreastCancer,label_noise,missing,0.15,0.25,accuracy,0.1880919111939141,0.1683965627397803,0.019695348454133815,0.5252092921102351
LR,BreastCancer,label_noise,missing,0.15,0.25,balanced_accuracy,0.20633505028158028,0.1625011275086689,0.04383392277291137,1.1689046072776366
LR,BreastCancer,label_noise,missing,0.15,0.25,macro_f1,0.2022616315186757,0.16884202932871226,0.033419602189963454,0.8911893917323588
LR,BreastCancer,label_noise,missing,0.15,0.25,mcc,0.39350016995808856,0.3054724427125599,0.08802772724552865,2.3474060598807642
LR,BreastCancer,label_noise,missing,0.15,0.25,accuracy,0.17941313460642772,0.1683965627397803,0.011016571866647423,0.29377524977726466
LR,BreastCancer,label_noise,missing,0.15,0.25,balanced_accuracy,0.1989138050358602,0.1625011275086689,0.036412677527191295,0.9710047340584346
LR,BreastCancer,label_noise,missing,0.15,0.25,macro_f1,0.19462954679423872,0.16884202932871226,0.02578751746552646,0.687667132414039
LR,BreastCancer,label_noise,missing,0.15,0.25,mcc,0.3755457573411277,0.3054724427125599,0.0700733146285678,1.868621723428475
RF,BreastCancer,label_noise,missing,0.15,0.25,accuracy,0.17572840656212807,0.16878356437538522,0.00694484218674285,0.185195791646476
RF,BreastCancer,label_noise,missing,0.15,0.25,balanced_accuracy,0.182136452763613,0.159249819382425,0.022886633381188015,0.6103102234983471
RF,BreastCancer,label_noise,missing,0.15,0.25,macro_f1,0.18191956051789637,0.1680762600972755,0.013843300420620874,0.3691546778832233
RF,BreastCancer,label_noise,missing,0.15,0.25,mcc,0.36399422632127676,0.3085254627378631,0.05546876358341368,1.4791670288910317
RF,BreastCancer,label_noise,missing,0.15,0.25,accuracy,0.16357190912384223,0.16878356437538522,-0.00521165525154299,-0.13897747337447974
RF,BreastCancer,label_noise,missing,0.15,0.25,balanced_accuracy,0.17368175314314327,0.159249819382425,0.014431933760718274,0.38485156695248735
RF,BreastCancer,label_noise,missing,0.15,0.25,macro_f1,0.1723782553540678,0.1680762600972755,0.0043019952567923125,0.11471987351446167
RF,BreastCancer,label_noise,missing,0.15,0.25,mcc,0.34079529227135086,0.3085254627378631,0.03226982953348778,0.8605287875596742
XGB,BreastCancer,label_noise,missing,0.15,0.25,accuracy,0.1816384619365522,0.16955274086224867,0.01208572107430353,0.3222858953147608
XGB,BreastCancer,label_noise,missing,0.15,0.25,balanced_accuracy,0.1924028129404518,0.1674137496268482,0.024989063313603593,0.6663750216960959
XGB,BreastCancer,label_noise,missing,0.15,0.25,macro_f1,0.19123715099858374,0.1723218326303022,0.01891531836828153,0.5044084898208409
XGB,BreastCancer,label_noise,missing,0.15,0.25,mcc,0.37726909215488136,0.31652673561376926,0.0607423565411121,1.619796174429656
XGB,BreastCancer,label_noise,missing,0.15,0.25,accuracy,0.17996170366920228,0.16955274086224867,0.010408962806953609,0.2775723415187629
XGB,BreastCancer,label_noise,missing,0.15,0.25,balanced_accuracy,0.19088586971404697,0.1674137496268482,0.02347212008719876,0.6259232023253003
XGB,BreastCancer,label_noise,missing,0.15,0.25,macro_f1,0.19012170362950798,0.1723218326303022,0.01779987099920577,0.4746632266454872
XGB,BreastCancer,label_noise,missing,0.15,0.25,mcc,0.3760568959512878,0.31652673561376926,0.05953016033751851,1.5874709423338271
SVM,BreastCancer,label_noise,missing,0.15,0.25,accuracy,0.16347358070692974,0.1642955627653365,-0.0008219820584067505,-0.02191952155751335
SVM,BreastCancer,label_noise,missing,0.15,0.25,balanced_accuracy,0.174440125461525,0.15351355824410562,0.020926567217419367,0.5580417924645165
SVM,BreastCancer,label_noise,missing,0.15,0.25,macro_f1,0.17184542641771938,0.16196042417292647,0.009885002244792912,0.2636000598611443
SVM,BreastCancer,label_noise,missing,0.15,0.25,mcc,0.33852133416007657,0.2952826620683915,0.04323867209168508,1.153031255778269
SVM,BreastCancer,label_noise,missing,0.15,0.25,accuracy,0.15830357604926792,0.1642955627653365,-0.00599198671606857,-0.15978631242849523
SVM,BreastCancer,label_noise,missing,0.15,0.25,balanced_accuracy,0.17141295977177173,0.15351355824410562,0.017899401527666114,0.4773173740710964
SVM,BreastCancer,label_noise,missing,0.15,0.25,macro_f1,0.1683966208460076,0.16196042417292647,0.006436196673081124,0.17163191128216332
SVM,BreastCancer,label_noise,missing,0.15,0.25,mcc,0.3309793611171006,0.2952826620683915,0.03569669904870909,0.9519119746322424
MLP,BreastCancer,label_noise,missing,0.15,0.25,accuracy,0.16103089582362973,0.17454598653876002,-0.013515090715130296,-0.36040241907014126
MLP,BreastCancer,label_noise,missing,0.15,0.25,balanced_accuracy,0.1722905464361354,0.16563656737029223,0.0066539790658431686,0.17743944175581783
MLP,BreastCancer,label_noise,missing,0.15,0.25,macro_f1,0.17200128572651385,0.1758173500849438,-0.0038160643584299603,-0.10176171622479895
MLP,BreastCancer,label_noise,missing,0.15,0.25,mcc,0.3342240701192083,0.30886171174414445,0.025362358375063843,0.6763295566683691
MLP,BreastCancer,label_noise,missing,0.15,0.25,accuracy,0.17169694146871595,0.17454598653876002,-0.002849045070044076,-0.07597453520117536
MLP,BreastCancer,label_noise,missing,0.15,0.25,balanced_accuracy,0.18448241670875898,0.16563656737029223,0.018845849338466752,0.5025559823591135
MLP,BreastCancer,label_noise,missing,0.15,0.25,macro_f1,0.18268489748268124,0.1758173500849438,0.006867547397737428,0.18313459727299808
MLP,BreastCancer,label_noise,missing,0.15,0.25,mcc,0.3531226627761178,0.30886171174414445,0.04426095103197336,1.1802920275192896
GB,BreastCancer,label_noise,missing,0.15,0.25,accuracy,0.1915437561455261,0.16616383966832815,0.02537991647719795,0.6767977727252787
GB,BreastCancer,label_noise,missing,0.15,0.25,balanced_accuracy,0.2041301836200633,0.16178365940756487,0.04234652421249843,1.1292406456666249
GB,BreastCancer,label_noise,missing,0.15,0.25,macro_f1,0.20208111253487893,0.16776868361535086,0.03431242891952807,0.9149981045207486
GB,BreastCancer,label_noise,missing,0.15,0.25,mcc,0.3976251384003894,0.30711311704624467,0.09051202135414471,2.4136539027771926
GB,BreastCancer,label_noise,missing,0.15,0.25,accuracy,0.16702892925529167,0.16616383966832815,0.0008650895869635189,0.023069055652360504
GB,BreastCancer,label_noise,missing,0.15,0.25,balanced_accuracy,0.17524306482539875,0.16178365940756487,0.013459405417833886,0.35891747780890365
GB,BreastCancer,label_noise,missing,0.15,0.25,macro_f1,0.17441485768278187,0.16776868361535086,0.00664617406743101,0.17723130846482693
GB,BreastCancer,label_noise,missing,0.15,0.25,mcc,0.34747973154073486,0.30711311704624467,0.040366614494490194,1.0764430531864053
LR,Digits,label_noise,missing,0.15,0.25,accuracy,0.20664500154750842,0.1683965627397803,0.03824843880772813,1.0199583682060835
LR,Digits,label_noise,missing,0.15,0.25,balanced_accuracy,0.20771570684009077,0.1625011275086689,0.04521457933142187,1.2057221155045832
LR,Digits,label_noise,missing,0.15,0.25,macro_f1,0.2077934027186633,0.16884202932871226,0.038951373389951055,1.0387032903986948
LR,Digits,label_noise,missing,0.15,0.25,mcc,0.41429791319219483,0.3054724427125599,0.10882547047963492,2.902012546123598
LR,Digits,label_noise,missing,0.15,0.25,accuracy,0.17215258433921388,0.1683965627397803,0.0037560215994335844,0.10016057598489558
LR,Digits,label_noise,missing,0.15,0.25,balanced_accuracy,0.1721685933935243,0.1625011275086689,0.009667465884855397,0.2577990902628106
LR,Digits,label_noise,missing,0.15,0.25,macro_f1,0.17223540055235464,0.16884202932871226,0.0033933712236423885,0.09048989929713036
LR,Digits,label_noise,missing,0.15,0.25,mcc,0.3443936222623541,0.3054724427125599,0.03892117954979418,1.0378981213278449
RF,Digits,label_noise,missing,0.15,0.25,accuracy,0.19310172289280936,0.16878356437538522,0.024318158517424138,0.6484842271313104
RF,Digits,label_noise,missing,0.15,0.25,balanced_accuracy,0.19354388783589016,0.159249819382425,0.034294068453465165,0.9145084920924045
RF,Digits,label_noise,missing,0.15,0.25,macro_f1,0.19360531116641322,0.1680762600972755,0.02552905106913772,0.680774695177006
RF,Digits,label_noise,missing,0.15,0.25,mcc,0.38603745778083065,0.3085254627378631,0.07751199504296757,2.0669865344791356
RF,Digits,label_noise,missing,0.15,0.25,accuracy,0.17307232023109476,0.16878356437538522,0.004288755855709536,0.11436682281892097
RF,Digits,label_noise,missing,0.15,0.25,balanced_accuracy,0.17301995514524182,0.159249819382425,0.013770135762816826,0.36720362034178206
RF,Digits,label_noise,missing,0.15,0.25,macro_f1,0.17312440729404865,0.1680762600972755,0.005048147196773156,0.13461725858061752
RF,Digits,label_noise,missing,0.15,0.25,mcc,0.3459684035344087,0.3085254627378631,0.03744294079654564,0.9984784212412172
XGB,Digits,label_noise,missing,0.15,0.25,accuracy,0.21498555658722796,0.16955274086224867,0.045432815724979286,1.2115417526661143
XGB,Digits,label_noise,missing,0.15,0.25,balanced_accuracy,0.21570381191120713,0.1674137496268482,0.04829006228435892,1.2877349942495713
XGB,Digits,label_noise,missing,0.15,0.25,macro_f1,0.21562755227879193,0.1723218326303022,0.04330571964848973,1.1548191906263927
XGB,Digits,label_noise,missing,0.15,0.25,mcc,0.43046673113289,0.31652673561376926,0.11393999551912076,3.0383998805098873
XGB,Digits,label_noise,missing,0.15,0.25,accuracy,0.18716135355411123,0.16955274086224867,0.017608612691862563,0.46956300511633503
XGB,Digits,label_noise,missing,0.15,0.25,balanced_accuracy,0.18715371276865744,0.1674137496268482,0.01973996314180923,0.5263990171149129
XGB,Digits,label_noise,missing,0.15,0.25,macro_f1,0.18719593679522384,0.1723218326303022,0.014874104164921631,0.3966427777312435
XGB,Digits,label_noise,missing,0.15,0.25,mcc,0.3744083053865236,0.31652673561376926,0.05788156977275433,1.5435085272734488
SVM,Digits,label_noise,missing,0.15,0.25,accuracy,0.18661095636026004,0.1642955627653365,0.022315393594923544,0.5950771625312945
SVM,Digits,label_noise,missing,0.15,0.25,balanced_accuracy,0.1867812264340939,0.15351355824410562,0.033267668189988275,0.8871378183996874
SVM,Digits,label_noise,missing,0.15,0.25,macro_f1,0.18692461605740007,0.16196042417292647,0.024964191884473602,0.6657117835859627
SVM,Digits,label_noise,missing,0.15,0.25,mcc,0.3731281655765569,0.2952826620683915,0.07784550350816544,2.0758800935510786
SVM,Digits,label_noise,missing,0.15,0.25,accuracy,0.17604456824512538,0.1642955627653365,0.011749005479788882,0.3133068127943702
SVM,Digits,label_noise,missing,0.15,0.25,balanced_accuracy,0.17596935049226325,0.15351355824410562,0.022455792248157636,0.598821126617537
SVM,Digits,label_noise,missing,0.15,0.25,macro_f1,0.17607477871877986,0.16196042417292647,0.014114354545853386,0.37638278788942364
SVM,Digits,label_noise,missing,0.15,0.25,mcc,0.35193963600071876,0.2952826620683915,0.05665697393232727,1.510852638195394
MLP,Digits,label_noise,missing,0.15,0.25,accuracy,0.20738006809037457,0.17454598653876002,0.03283408155161455,0.8755755080430546
MLP,Digits,label_noise,missing,0.15,0.25,balanced_accuracy,0.20764270913732208,0.16563656737029223,0.04200614176702985,1.1201637804541296
MLP,Digits,label_noise,missing,0.15,0.25,macro_f1,0.20774120665127527,0.1758173500849438,0.031923856566331454,0.8513028417688389
MLP,Digits,label_noise,missing,0.15,0.25,mcc,0.4150286318160722,0.30886171174414445,0.10616692007192774,2.83111786858474
MLP,Digits,label_noise,missing,0.15,0.25,accuracy,0.2023970906839988,0.17454598653876002,0.02785110414523878,0.7426961105397009
MLP,Digits,label_noise,missing,0.15,0.25,balanced_accuracy,0.20235216390516875,0.16563656737029223,0.03671559653487652,0.979082574263374
MLP,Digits,label_noise,missing,0.15,0.25,macro_f1,0.20246767259566834,0.1758173500849438,0.026650322510724522,0.7106752669526539
MLP,Digits,label_noise,missing,0.15,0.25,mcc,0.4045591422159699,0.30886171174414445,0.09569743047182544,2.5519314792486787
GB,Digits,label_noise,missing,0.15,0.25,accuracy,0.21313473640771696,0.16616383966832815,0.04697089673938881,1.2525572463837018
GB,Digits,label_noise,missing,0.15,0.25,balanced_accuracy,0.214079204818035,0.16178365940756487,0.05229554541047013,1.3945478776125368
GB,Digits,label_noise,missing,0.15,0.25,macro_f1,0.2138999749915832,0.16776868361535086,0.04613129137623234,1.2301677700328626
GB,Digits,label_noise,missing,0.15,0.25,mcc,0.4269128332970188,0.30711311704624467,0.11979971625077412,3.1946591000206435
GB,Digits,label_noise,missing,0.15,0.25,accuracy,0.19087382647271234,0.16616383966832815,0.024709986804384187,0.658932981450245
GB,Digits,label_noise,missing,0.15,0.25,balanced_accuracy,0.19087510187081846,0.16178365940756487,0.029091442463253597,0.775771799020096
GB,Digits,label_noise,missing,0.15,0.25,macro_f1,0.1909312477005204,0.16776868361535086,0.023162564085169535,0.6176683756045209
GB,Digits,label_noise,missing,0.15,0.25,mcc,0.38176228433224324,0.30711311704624467,0.07464916728599857,1.990644460959962
LR,Spambase,label_noise,missing,0.35,0.1,accuracy,0.3257996191914899,0.3342846355976367,-0.008485016406146795,-0.24242904017562272
LR,Spambase,label_noise,missing,0.35,0.1,balanced_accuracy,0.3293279163242633,0.30691492807213394,0.02241298825212934,0.6403710929179812
LR,Spambase,label_noise,missing,0.35,0.1,macro_f1,0.3377681752750096,0.32034021942940094,0.017427955845608634,0.4979415955888182
LR,Spambase,label_noise,missing,0.35,0.1,mcc,0.6551680000730362,0.5823441608508718,0.0728238392221644,2.080681120633269
LR,Spambase,label_noise,missing,0.35,0.1,accuracy,0.3118920045948794,0.3342846355976367,-0.02239263100275729,-0.6397894572216369
LR,Spambase,label_noise,missing,0.35,0.1,balanced_accuracy,0.31620656935350033,0.30691492807213394,0.009291641281366392,0.2654754651818969
LR,Spambase,label_noise,missing,0.35,0.1,macro_f1,0.32375076128341196,0.32034021942940094,0.0034105418540110177,0.09744405297174337
LR,Spambase,label_noise,missing,0.35,0.1,mcc,0.62738913167516,0.5823441608508718,0.045044970824288155,1.2869991664082332
RF,Spambase,label_noise,missing,0.35,0.1,accuracy,0.3390555319517222,0.34497752141791677,-0.005921989466194544,-0.16919969903412985
RF,Spambase,label_noise,missing,0.35,0.1,balanced_accuracy,0.3419096821006954,0.3100958613215248,0.03181382077917061,0.9089663079763032
RF,Spambase,label_noise,missing,0.35,0.1,macro_f1,0.35108995927398456,0.3246518666334813,0.026438092640503286,0.7553740754429511
RF,Spambase,label_noise,missing,0.35,0.1,mcc,0.682932595908321,0.5994253182904508,0.08350727761787025,2.385922217653436
RF,Spambase,label_noise,missing,0.35,0.1,accuracy,0.3181944641143055,0.34497752141791677,-0.026783057303611246,-0.7652302086746071
RF,Spambase,label_noise,missing,0.35,0.1,balanced_accuracy,0.3219016165663615,0.3100958613215248,0.011805755244836735,0.33730729270962106
RF,Spambase,label_noise,missing,0.35,0.1,macro_f1,0.3301721114180415,0.3246518666334813,0.005520244784560202,0.15772127955886292
RF,Spambase,label_noise,missing,0.35,0.1,mcc,0.6406686983473106,0.5994253182904508,0.04124338005685979,1.1783822873388512
XGB,Spambase,label_noise,missing,0.35,0.1,accuracy,0.35789060410077256,0.3516736113856063,0.006216992715166236,0.17762836329046391
XGB,Spambase,label_noise,missing,0.35,0.1,balanced_accuracy,0.3618183960587824,0.3278639660088042,0.033954430049978224,0.9701265728565208
XGB,Spambase,label_noise,missing,0.35,0.1,macro_f1,0.36637234186320355,0.33822836116766675,0.028143980695536808,0.8041137341581945
XGB,Spambase,label_noise,missing,0.35,0.1,mcc,0.7212588123612161,0.6230860289849034,0.09817278337631274,2.8049366678946503
XGB,Spambase,label_noise,missing,0.35,0.1,accuracy,0.3320354372216714,0.3516736113856063,-0.01963817416393493,-0.5610906903981409
XGB,Spambase,label_noise,missing,0.35,0.1,balanced_accuracy,0.33695316788754737,0.3278639660088042,0.00908920187874318,0.2596914822498052
XGB,Spambase,label_noise,missing,0.35,0.1,macro_f1,0.3409794242059132,0.33822836116766675,0.0027510630382464596,0.078601801092756
XGB,Spambase,label_noise,missing,0.35,0.1,mcc,0.6697627740553727,0.6230860289849034,0.04667674507046926,1.3336212877276934
SVM,Spambase,label_noise,missing,0.35,0.1,accuracy,0.32543612015924717,0.3370641996813185,-0.011628079522071344,-0.3322308434877527
SVM,Spambase,label_noise,missing,0.35,0.1,balanced_accuracy,0.3288929689708424,0.3003973038599605,0.028495665110881918,0.814161860310912
SVM,Spambase,label_noise,missing,0.35,0.1,macro_f1,0.3365026763354988,0.3150879131046753,0.021414763230823475,0.6118503780235279
SVM,Spambase,label_noise,missing,0.35,0.1,mcc,0.6541897275469921,0.5782400114224665,0.07594971612452561,2.169991889272161
SVM,Spambase,label_noise,missing,0.35,0.1,accuracy,0.3137066672961021,0.3370641996813185,-0.02335753238521643,-0.6673580681490409
SVM,Spambase,label_noise,missing,0.35,0.1,balanced_accuracy,0.31763419168174944,0.3003973038599605,0.01723688782178895,0.49248250919397
SVM,Spambase,label_noise,missing,0.35,0.1,macro_f1,0.32418145932281694,0.3150879131046753,0.009093546218141624,0.25981560623261785
SVM,Spambase,label_noise,missing,0.35,0.1,mcc,0.631279214038692,0.5782400114224665,0.05303920261622552,1.515405789035015
MLP,Spambase,label_noise,missing,0.35,0.1,accuracy,0.342609089049395,0.3455664680896884,-0.002957379040293362,-0.08449654400838177
MLP,Spambase,label_noise,missing,0.35,0.1,balanced_accuracy,0.3468677717747698,0.3127994597392157,0.034068312035554105,0.9733803438729746
MLP,Spambase,label_noise,missing,0.35,0.1,macro_f1,0.3512818187690395,0.33173414336625756,0.01954767540278196,0.5585050115080561
MLP,Spambase,label_noise,missing,0.35,0.1,mcc,0.6900908285697478,0.5929027851074176,0.09718804346233023,2.776801241780864
MLP,Spambase,label_noise,missing,0.35,0.1,accuracy,0.3352206171615604,0.3455664680896884,-0.010345850928128009,-0.2955957408036574
MLP,Spambase,label_noise,missing,0.35,0.1,balanced_accuracy,0.3398445170510388,0.3127994597392157,0.027045057311823106,0.772715923194946
MLP,Spambase,label_noise,missing,0.35,0.1,macro_f1,0.34362013304459194,0.33173414336625756,0.011885989678334374,0.3395997050952679
MLP,Spambase,label_noise,missing,0.35,0.1,mcc,0.6758022854615161,0.5929027851074176,0.08289950035409854,2.3685571529742444
GB,Spambase,label_noise,missing,0.35,0.1,accuracy,0.3536885710239345,0.3449846480330168,0.008703922990917656,0.24868351402621877
GB,Spambase,label_noise,missing,0.35,0.1,balanced_accuracy,0.357311044076958,0.3200542250040824,0.03725681907287559,1.0644805449393027
GB,Spambase,label_noise,missing,0.35,0.1,macro_f1,0.3622390646963958,0.331503967482704,0.030735097213691775,0.878145634676908
GB,Spambase,label_noise,missing,0.35,0.1,mcc,0.7127139456412832,0.6098650967609501,0.10284884888033308,2.9385385394380883
GB,Spambase,label_noise,missing,0.35,0.1,accuracy,0.328702025208894,0.3449846480330168,-0.016282622824122794,-0.46521779497493704
GB,Spambase,label_noise,missing,0.35,0.1,balanced_accuracy,0.3329798564504599,0.3200542250040824,0.012925631446377484,0.36930375561078527
GB,Spambase,label_noise,missing,0.35,0.1,macro_f1,0.3370723213183682,0.331503967482704,0.005568353835664175,0.15909582387611929
GB,Spambase,label_noise,missing,0.35,0.1,mcc,0.6629125781088312,0.6098650967609501,0.053047481347881065,1.5156423242251735
LR,Bank,label_noise,missing,0.35,0.1,accuracy,0.2879333333333334,0.3342846355976367,-0.04635130226430334,-1.3243229218372383
LR,Bank,label_noise,missing,0.35,0.1,balanced_accuracy,0.12171085711931207,0.30691492807213394,-0.18520407095282188,-5.29154488436634
LR,Bank,label_noise,missing,0.35,0.1,macro_f1,0.21899607365069718,0.32034021942940094,-0.10134414577870376,-2.8955470222486794
LR,Bank,label_noise,missing,0.35,0.1,mcc,0.31205863547642465,0.5823441608508718,-0.27028552537444717,-7.722443582127062
LR,Bank,label_noise,missing,0.35,0.1,accuracy,0.2775333333333332,0.3342846355976367,-0.05675130226430353,-1.621465778980101
LR,Bank,label_noise,missing,0.35,0.1,balanced_accuracy,0.1173379349178919,0.30691492807213394,-0.18957699315424204,-5.41648551869263
LR,Bank,label_noise,missing,0.35,0.1,macro_f1,0.20602271084659574,0.32034021942940094,-0.1143175085828052,-3.266214530937292
LR,Bank,label_noise,missing,0.35,0.1,mcc,0.30096958534368257,0.5823441608508718,-0.28137457550718925,-8.039273585919693
RF,Bank,label_noise,missing,0.35,0.1,accuracy,0.2877333333333335,0.34497752141791677,-0.05724418808458326,-1.6355482309880933
RF,Bank,label_noise,missing,0.35,0.1,balanced_accuracy,0.08513470838440751,0.3100958613215248,-0.22496115293711727,-6.4274615124890655
RF,Bank,label_noise,missing,0.35,0.1,macro_f1,0.18539975331235908,0.3246518666334813,-0.1392521133211222,-3.9786318091749204
RF,Bank,label_noise,missing,0.35,0.1,mcc,0.2731919356191744,0.5994253182904508,-0.3262333826712764,-9.320953790607899
RF,Bank,label_noise,missing,0.35,0.1,accuracy,0.2795333333333334,0.34497752141791677,-0.06544418808458335,-1.8698339452738104
RF,Bank,label_noise,missing,0.35,0.1,balanced_accuracy,0.08545658137352019,0.3100958613215248,-0.2246392799480046,-6.418265141371561
RF,Bank,label_noise,missing,0.35,0.1,macro_f1,0.18302451444261925,0.3246518666334813,-0.14162735219086203,-4.046495776881772
RF,Bank,label_noise,missing,0.35,0.1,mcc,0.27274303227303304,0.5994253182904508,-0.3266822860174177,-9.33377960049765
XGB,Bank,label_noise,missing,0.35,0.1,accuracy,0.30433333333333334,0.3516736113856063,-0.04734027805227298,-1.3525793729220852
XGB,Bank,label_noise,missing,0.35,0.1,balanced_accuracy,0.14971802173046855,0.3278639660088042,-0.17814594427833563,-5.0898841222381614
XGB,Bank,label_noise,missing,0.35,0.1,macro_f1,0.2204387024929635,0.33822836116766675,-0.11778965867470326,-3.3654188192772363
XGB,Bank,label_noise,missing,0.35,0.1,mcc,0.36608478172379566,0.6230860289849034,-0.25700124726110773,-7.342892778888793
XGB,Bank,label_noise,missing,0.35,0.1,accuracy,0.2853333333333332,0.3516736113856063,-0.0663402780522731,-1.8954365157792317
XGB,Bank,label_noise,missing,0.35,0.1,balanced_accuracy,0.13559908790089992,0.3278639660088042,-0.19226487810790427,-5.493282231654408
XGB,Bank,label_noise,missing,0.35,0.1,macro_f1,0.1983553332413699,0.33822836116766675,-0.13987302792629686,-3.996372226465625
XGB,Bank,label_noise,missing,0.35,0.1,mcc,0.32807667449094946,0.6230860289849034,-0.29500935449395393,-8.428838699827256
SVM,Bank,label_noise,missing,0.35,0.1,accuracy,0.28479999999999994,0.3370641996813185,-0.05226419968131857,-1.4932628480376735
SVM,Bank,label_noise,missing,0.35,0.1,balanced_accuracy,0.07153610670149768,0.3003973038599605,-0.22886119715846281,-6.538891347384652
SVM,Bank,label_noise,missing,0.35,0.1,macro_f1,0.16294744861663646,0.3150879131046753,-0.15214046448803886,-4.346870413943968
SVM,Bank,label_noise,missing,0.35,0.1,mcc,0.2346488627705642,0.5782400114224665,-0.3435911486519023,-9.816889961482925
SVM,Bank,label_noise,missing,0.35,0.1,accuracy,0.27659999999999996,0.3370641996813185,-0.06046419968131855,-1.7275485623233875
SVM,Bank,label_noise,missing,0.35,0.1,balanced_accuracy,0.06998383156532595,0.3003973038599605,-0.23041347229463455,-6.583242065560988
SVM,Bank,label_noise,missing,0.35,0.1,macro_f1,0.15469564558332105,0.3150879131046753,-0.16039226752135427,-4.582636214895837
SVM,Bank,label_noise,missing,0.35,0.1,mcc,0.2293670629914515,0.5782400114224665,-0.348872948431015,-9.967798526600431
MLP,Bank,label_noise,missing,0.35,0.1,accuracy,0.28959999999999997,0.3455664680896884,-0.055966468089688415,-1.5990419454196692
MLP,Bank,label_noise,missing,0.35,0.1,balanced_accuracy,0.10133817165909276,0.3127994597392157,-0.21146128808012293,-6.041751088003513
MLP,Bank,label_noise,missing,0.35,0.1,macro_f1,0.18160790765729157,0.33173414336625756,-0.150126235708966,-4.289321020256172
MLP,Bank,label_noise,missing,0.35,0.1,mcc,0.27621842025326415,0.5929027851074176,-0.3166843648541534,-9.04812471011867
MLP,Bank,label_noise,missing,0.35,0.1,accuracy,0.28300000000000003,0.3455664680896884,-0.06256646808968835,-1.787613373991096
MLP,Bank,label_noise,missing,0.35,0.1,balanced_accuracy,0.10079161378207713,0.3127994597392157,-0.21200784595713856,-6.0573670273468165
MLP,Bank,label_noise,missing,0.35,0.1,macro_f1,0.17513142124244524,0.33173414336625756,-0.15660272212381232,-4.474363489251781
MLP,Bank,label_noise,missing,0.35,0.1,mcc,0.27869295875440353,0.5929027851074176,-0.31420982635301403,-8.977423610086117
GB,Bank,label_noise,missing,0.35,0.1,accuracy,0.30079999999999996,0.3449846480330168,-0.04418464803301686,-1.2624185152290532
GB,Bank,label_noise,missing,0.35,0.1,balanced_accuracy,0.15265744242264367,0.3200542250040824,-0.16739678258143875,-4.782765216612536
GB,Bank,label_noise,missing,0.35,0.1,macro_f1,0.2284368412993038,0.331503967482704,-0.10306712618340019,-2.9447750338114345
GB,Bank,label_noise,missing,0.35,0.1,mcc,0.36550107649955466,0.6098650967609501,-0.24436402026139548,-6.981829150325586
GB,Bank,label_noise,missing,0.35,0.1,accuracy,0.2813999999999999,0.3449846480330168,-0.06358464803301694,-1.81670422951477
GB,Bank,label_noise,missing,0.35,0.1,balanced_accuracy,0.14073560262623064,0.3200542250040824,-0.1793186223778518,-5.123389210795766
GB,Bank,label_noise,missing,0.35,0.1,macro_f1,0.21188964199511906,0.331503967482704,-0.11961432548758494,-3.4175521567881413
GB,Bank,label_noise,missing,0.35,0.1,mcc,0.3286848510447472,0.6098650967609501,-0.2811802457162029,-8.033721306177227
LR,Wine,label_noise,missing,0.35,0.1,accuracy,0.4906878306878305,0.3342846355976367,0.1564031950901938,4.4686627168626805
LR,Wine,label_noise,missing,0.35,0.1,balanced_accuracy,0.4952975419642087,0.30691492807213394,0.18838261389207478,5.382360396916423
LR,Wine,label_noise,missing,0.35,0.1,macro_f1,0.49778100727431007,0.32034021942940094,0.17744078784490913,5.069736795568833
LR,Wine,label_noise,missing,0.35,0.1,mcc,0.7404559148408169,0.5823441608508718,0.15811175398994504,4.517478685427002
LR,Wine,label_noise,missing,0.35,0.1,accuracy,0.37338624338624327,0.3342846355976367,0.03910160778860655,1.1171887939601872
LR,Wine,label_noise,missing,0.35,0.1,balanced_accuracy,0.3782712349379017,0.30691492807213394,0.07135630686576777,2.0387516247362223
LR,Wine,label_noise,missing,0.35,0.1,macro_f1,0.3772056080106838,0.32034021942940094,0.05686538858128287,1.6247253880366537
LR,Wine,label_noise,missing,0.35,0.1,mcc,0.561385024089457,0.5823441608508718,-0.02095913676141481,-0.5988324788975661
RF,Wine,label_noise,missing,0.35,0.1,accuracy,0.482857142857143,0.34497752141791677,0.13787962143922622,3.9394177554064638
RF,Wine,label_noise,missing,0.35,0.1,balanced_accuracy,0.48774188774188776,0.3100958613215248,0.17764602642036298,5.075600754867514
RF,Wine,label_noise,missing,0.35,0.1,macro_f1,0.4869520635151153,0.3246518666334813,0.162300196881634,4.6371484823324005
RF,Wine,label_noise,missing,0.35,0.1,mcc,0.7266073260270257,0.5994253182904508,0.12718200773657495,3.6337716496164276
RF,Wine,label_noise,missing,0.35,0.1,accuracy,0.37095238095238103,0.34497752141791677,0.025974859534464267,0.7421388438418363
RF,Wine,label_noise,missing,0.35,0.1,balanced_accuracy,0.37589262589262595,0.3100958613215248,0.06579676457110117,1.8799075591743195
RF,Wine,label_noise,missing,0.35,0.1,macro_f1,0.37847433710772216,0.3246518666334813,0.05382247047424088,1.5377848706925967
RF,Wine,label_noise,missing,0.35,0.1,mcc,0.5552674540386034,0.5994253182904508,-0.04415786425184731,-1.2616532643384948
XGB,Wine,label_noise,missing,0.35,0.1,accuracy,0.4852380952380952,0.3516736113856063,0.13356448385248887,3.816128110071111
XGB,Wine,label_noise,missing,0.35,0.1,balanced_accuracy,0.4891140957807626,0.3278639660088042,0.1612501297719584,4.607146564913098
XGB,Wine,label_noise,missing,0.35,0.1,macro_f1,0.48704878744404445,0.33822836116766675,0.1488204262763777,4.252012179325078
XGB,Wine,label_noise,missing,0.35,0.1,mcc,0.7295329069353168,0.6230860289849034,0.10644687795041341,3.041339370011812
XGB,Wine,label_noise,missing,0.35,0.1,accuracy,0.3674603174603175,0.3516736113856063,0.015786706074711165,0.45104874499174763
XGB,Wine,label_noise,missing,0.35,0.1,balanced_accuracy,0.3727260393927062,0.3278639660088042,0.044862073383902024,1.2817735252543436
XGB,Wine,label_noise,missing,0.35,0.1,macro_f1,0.37133727274219974,0.33822836116766675,0.033108911574532995,0.9459689021295142
XGB,Wine,label_noise,missing,0.35,0.1,mcc,0.5526042191124165,0.6230860289849034,-0.07048180987248687,-2.013765996356768
SVM,Wine,label_noise,missing,0.35,0.1,accuracy,0.44380952380952376,0.3370641996813185,0.10674532412820525,3.0498664036630077
SVM,Wine,label_noise,missing,0.35,0.1,balanced_accuracy,0.4440823374156707,0.3003973038599605,0.14368503355571022,4.105286673020292
SVM,Wine,label_noise,missing,0.35,0.1,macro_f1,0.4482604008808352,0.3150879131046753,0.13317248777615986,3.8049282221759966
SVM,Wine,label_noise,missing,0.35,0.1,mcc,0.6670804474926579,0.5782400114224665,0.08884043607019143,2.538298173434041
SVM,Wine,label_noise,missing,0.35,0.1,accuracy,0.36571428571428577,0.3370641996813185,0.02865008603296726,0.8185738866562075
SVM,Wine,label_noise,missing,0.35,0.1,balanced_accuracy,0.36883647216980553,0.3003973038599605,0.06843916830984503,1.9554048088527154
SVM,Wine,label_noise,missing,0.35,0.1,macro_f1,0.3734266606892771,0.3150879131046753,0.05833874758460178,1.666821359560051
SVM,Wine,label_noise,missing,0.35,0.1,mcc,0.5471995767368207,0.5782400114224665,-0.031040434685645768,-0.8868695624470221
MLP,Wine,label_noise,missing,0.35,0.1,accuracy,0.4816931216931216,0.3455664680896884,0.13612665360343323,3.8893329600980926
MLP,Wine,label_noise,missing,0.35,0.1,balanced_accuracy,0.4749901949901951,0.3127994597392157,0.16219073525097943,4.634021007170841
MLP,Wine,label_noise,missing,0.35,0.1,macro_f1,0.5089005089159514,0.33173414336625756,0.17716636554969384,5.061896158562682
MLP,Wine,label_noise,missing,0.35,0.1,mcc,0.7057693276459515,0.5929027851074176,0.1128665425385339,3.224758358243826
MLP,Wine,label_noise,missing,0.35,0.1,accuracy,0.3420105820105821,0.3455664680896884,-0.003555886079106285,-0.10159674511732245
MLP,Wine,label_noise,missing,0.35,0.1,balanced_accuracy,0.34983867983868,0.3127994597392157,0.03703922009946431,1.0582634314132662
MLP,Wine,label_noise,missing,0.35,0.1,macro_f1,0.3501241094467503,0.33173414336625756,0.01838996608049276,0.5254276022997931
MLP,Wine,label_noise,missing,0.35,0.1,mcc,0.5155557927730641,0.5929027851074176,-0.07734699233435349,-2.209914066695814
GB,Wine,label_noise,missing,0.35,0.1,accuracy,0.4704761904761905,0.3449846480330168,0.12549154244317368,3.585472641233534
GB,Wine,label_noise,missing,0.35,0.1,balanced_accuracy,0.47254757588090923,0.3200542250040824,0.1524933508768268,4.356952882195052
GB,Wine,label_noise,missing,0.35,0.1,macro_f1,0.4768935252434653,0.331503967482704,0.1453895577607613,4.15398736459318
GB,Wine,label_noise,missing,0.35,0.1,mcc,0.7091747802516006,0.6098650967609501,0.0993096834906505,2.8374195283043004
GB,Wine,label_noise,missing,0.35,0.1,accuracy,0.4085714285714286,0.3449846480330168,0.06358678053841177,1.8167651582403364
GB,Wine,label_noise,missing,0.35,0.1,balanced_accuracy,0.4078522711856045,0.3200542250040824,0.0877980461815221,2.508515605186346
GB,Wine,label_noise,missing,0.35,0.1,macro_f1,0.41332264701781163,0.331503967482704,0.08181867953510763,2.3376765581459327
GB,Wine,label_noise,missing,0.35,0.1,mcc,0.6128328439477932,0.6098650967609501,0.002967747186843117,0.08479277676694622
LR,BreastCancer,label_noise,missing,0.35,0.1,accuracy,0.3655177767427419,0.3342846355976367,0.03123314114510517,0.8923754612887193
LR,BreastCancer,label_noise,missing,0.35,0.1,balanced_accuracy,0.39539530837364856,0.30691492807213394,0.08848038030151462,2.528010865757561
LR,BreastCancer,label_noise,missing,0.35,0.1,macro_f1,0.4044833745373936,0.32034021942940094,0.08414315510799264,2.404090145942647
LR,BreastCancer,label_noise,missing,0.35,0.1,mcc,0.775709765384556,0.5823441608508718,0.19336560453368423,5.524731558105264
LR,BreastCancer,label_noise,missing,0.35,0.1,accuracy,0.3620866325104798,0.3342846355976367,0.027801996912843074,0.7943427689383736
LR,BreastCancer,label_noise,missing,0.35,0.1,balanced_accuracy,0.3792933347666687,0.30691492807213394,0.07237840669453477,2.0679544769867078
LR,BreastCancer,label_noise,missing,0.35,0.1,macro_f1,0.38990004419664026,0.32034021942940094,0.06955982476723932,1.9874235647782665
LR,BreastCancer,label_noise,missing,0.35,0.1,mcc,0.7457695266722331,0.5823441608508718,0.16342536582136125,4.6692961663246075
RF,BreastCancer,label_noise,missing,0.35,0.1,accuracy,0.34269005847953216,0.34497752141791677,-0.00228746293838461,-0.06535608395384601
RF,BreastCancer,label_noise,missing,0.35,0.1,balanced_accuracy,0.36120219108019747,0.3100958613215248,0.051106329758672686,1.460180850247791
RF,BreastCancer,label_noise,missing,0.35,0.1,macro_f1,0.3639698612823513,0.3246518666334813,0.039317994648870036,1.1233712756820011
RF,BreastCancer,label_noise,missing,0.35,0.1,mcc,0.717458552759739,0.5994253182904508,0.11803323446928826,3.372378127693951
RF,BreastCancer,label_noise,missing,0.35,0.1,accuracy,0.36040469906329253,0.34497752141791677,0.015427177645375767,0.4407765041535934
RF,BreastCancer,label_noise,missing,0.35,0.1,balanced_accuracy,0.36944016080064523,0.3100958613215248,0.059344299479120455,1.695551413689156
RF,BreastCancer,label_noise,missing,0.35,0.1,macro_f1,0.3725738969095532,0.3246518666334813,0.04792203027607195,1.369200865030627
RF,BreastCancer,label_noise,missing,0.35,0.1,mcc,0.7353247533466889,0.5994253182904508,0.13589943505623814,3.8828410016068045
XGB,BreastCancer,label_noise,missing,0.35,0.1,accuracy,0.3608808156083423,0.3516736113856063,0.009207204222735965,0.2630629777924562
XGB,BreastCancer,label_noise,missing,0.35,0.1,balanced_accuracy,0.37667649734508457,0.3278639660088042,0.048812531336280385,1.394643752465154
XGB,BreastCancer,label_noise,missing,0.35,0.1,macro_f1,0.38277885577872905,0.33822836116766675,0.04455049461106231,1.2728712746017803
XGB,BreastCancer,label_noise,missing,0.35,0.1,mcc,0.752695940171606,0.6230860289849034,0.12960991118670262,3.703140319620075
XGB,BreastCancer,label_noise,missing,0.35,0.1,accuracy,0.3731925684417532,0.3516736113856063,0.02151895705614687,0.6148273444613392
XGB,BreastCancer,label_noise,missing,0.35,0.1,balanced_accuracy,0.3775572144933237,0.3278639660088042,0.0496932484845195,1.4198070995577003
XGB,BreastCancer,label_noise,missing,0.35,0.1,macro_f1,0.3818031576485871,0.33822836116766675,0.04357479648092033,1.2449941851691524
XGB,BreastCancer,label_noise,missing,0.35,0.1,mcc,0.7573960531881369,0.6230860289849034,0.13431002420323346,3.8374292629495277
SVM,BreastCancer,label_noise,missing,0.35,0.1,accuracy,0.33923821352792016,0.3370641996813185,0.0021740138466016523,0.06211468133147579
SVM,BreastCancer,label_noise,missing,0.35,0.1,balanced_accuracy,0.36476957409167443,0.3003973038599605,0.06437227023171394,1.8392077209061126
SVM,BreastCancer,label_noise,missing,0.35,0.1,macro_f1,0.36830758689666787,0.3150879131046753,0.05321967379199255,1.5205621083426444
SVM,BreastCancer,label_noise,missing,0.35,0.1,mcc,0.7113508358525604,0.5782400114224665,0.13311082443009392,3.803166412288398
SVM,BreastCancer,label_noise,missing,0.35,0.1,accuracy,0.3480722455105315,0.3370641996813185,0.011008045829212998,0.3145155951203714
SVM,BreastCancer,label_noise,missing,0.35,0.1,balanced_accuracy,0.36198905027673256,0.3003973038599605,0.061591746416772064,1.7597641833363449
SVM,BreastCancer,label_noise,missing,0.35,0.1,macro_f1,0.36640063785018195,0.3150879131046753,0.05131272474550663,1.4660778498716183
SVM,BreastCancer,label_noise,missing,0.35,0.1,mcc,0.7113477375552528,0.5782400114224665,0.13310772613278632,3.803077889508181
MLP,BreastCancer,label_noise,missing,0.35,0.1,accuracy,0.33859649122807,0.3455664680896884,-0.006969976861618377,-0.19914219604623934
MLP,BreastCancer,label_noise,missing,0.35,0.1,balanced_accuracy,0.3537100832679476,0.3127994597392157,0.040910623528731926,1.1688749579637694
MLP,BreastCancer,label_noise,missing,0.35,0.1,macro_f1,0.36005675386777825,0.33173414336625756,0.028322610501520684,0.809217442900591
MLP,BreastCancer,label_noise,missing,0.35,0.1,mcc,0.7054823790370632,0.5929027851074176,0.11257959392964567,3.2165598265613053
MLP,BreastCancer,label_noise,missing,0.35,0.1,accuracy,0.36157428970656713,0.3455664680896884,0.016007821616878748,0.45736633191082143
MLP,BreastCancer,label_noise,missing,0.35,0.1,balanced_accuracy,0.37135379465321094,0.3127994597392157,0.058554334913995254,1.6729809975427217
MLP,BreastCancer,label_noise,missing,0.35,0.1,macro_f1,0.38167822833209075,0.33173414336625756,0.04994408496583319,1.4269738561666627
MLP,BreastCancer,label_noise,missing,0.35,0.1,mcc,0.7384382861853256,0.5929027851074176,0.14553550107790802,4.158157173654516
GB,BreastCancer,label_noise,missing,0.35,0.1,accuracy,0.35505873829115564,0.3449846480330168,0.010074090258138824,0.28783115023253786
GB,BreastCancer,label_noise,missing,0.35,0.1,balanced_accuracy,0.36817851086563924,0.3200542250040824,0.048124285861556815,1.3749795960444806
GB,BreastCancer,label_noise,missing,0.35,0.1,macro_f1,0.3710645850194487,0.331503967482704,0.039560617536744724,1.1303033581927064
GB,BreastCancer,label_noise,missing,0.35,0.1,mcc,0.7363478747756639,0.6098650967609501,0.12648277801471375,3.6137936575632503
GB,BreastCancer,label_noise,missing,0.35,0.1,accuracy,0.37969776949749,0.3449846480330168,0.034713121464473196,0.99180347041352
GB,BreastCancer,label_noise,missing,0.35,0.1,balanced_accuracy,0.3874326294698831,0.3200542250040824,0.06737840446580068,1.9250972704514482
GB,BreastCancer,label_noise,missing,0.35,0.1,macro_f1,0.39138589902888743,0.331503967482704,0.05988193154618343,1.7109123298909554
GB,BreastCancer,label_noise,missing,0.35,0.1,mcc,0.7754778414416801,0.6098650967609501,0.16561274468072995,4.731792705163714
LR,Digits,label_noise,missing,0.35,0.1,accuracy,0.3262643144537295,0.3342846355976367,-0.008020321143907216,-0.22915203268306336
LR,Digits,label_noise,missing,0.35,0.1,balanced_accuracy,0.3305001607557312,0.30691492807213394,0.023585232683597246,0.6738637909599213
LR,Digits,label_noise,missing,0.35,0.1,macro_f1,0.3312206747865417,0.32034021942940094,0.010880455357140772,0.31087015306116494
LR,Digits,label_noise,missing,0.35,0.1,mcc,0.6595826601618517,0.5823441608508718,0.07723849931097992,2.206814266027998
LR,Digits,label_noise,missing,0.35,0.1,accuracy,0.29120396162178885,0.3342846355976367,-0.04308067397584786,-1.230876399309939
LR,Digits,label_noise,missing,0.35,0.1,balanced_accuracy,0.29129121176695116,0.30691492807213394,-0.015623716305182778,-0.4463918944337937
LR,Digits,label_noise,missing,0.35,0.1,macro_f1,0.2914318659134234,0.32034021942940094,-0.028908353515977536,-0.8259529575993583
LR,Digits,label_noise,missing,0.35,0.1,mcc,0.582598625561801,0.5823441608508718,0.0002544647109291587,0.007270420312261677
RF,Digits,label_noise,missing,0.35,0.1,accuracy,0.3667197977922213,0.34497752141791677,0.021742276374304537,0.6212078964087011
RF,Digits,label_noise,missing,0.35,0.1,balanced_accuracy,0.3711179293238446,0.3100958613215248,0.061022068002319796,1.7434876572091371
RF,Digits,label_noise,missing,0.35,0.1,macro_f1,0.37180395336584593,0.3246518666334813,0.04715208673236465,1.3472024780675615
RF,Digits,label_noise,missing,0.35,0.1,mcc,0.7393353249077912,0.5994253182904508,0.13991000661734043,3.9974287604954415
RF,Digits,label_noise,missing,0.35,0.1,accuracy,0.3678169813267308,0.34497752141791677,0.02283945990881403,0.6525559973946866
RF,Digits,label_noise,missing,0.35,0.1,balanced_accuracy,0.3679146900864695,0.3100958613215248,0.05781882876494471,1.6519665361412774
RF,Digits,label_noise,missing,0.35,0.1,macro_f1,0.3682606270928075,0.3246518666334813,0.04360876045932621,1.2459645845521776
RF,Digits,label_noise,missing,0.35,0.1,mcc,0.7354250088548475,0.5994253182904508,0.13599969056439676,3.8857054446970505
XGB,Digits,label_noise,missing,0.35,0.1,accuracy,0.3919710100072217,0.3516736113856063,0.040297398621615355,1.1513542463318673
XGB,Digits,label_noise,missing,0.35,0.1,balanced_accuracy,0.3955288611068497,0.3278639660088042,0.06766489509804552,1.933282717087015
XGB,Digits,label_noise,missing,0.35,0.1,macro_f1,0.3959984563419877,0.33822836116766675,0.05777009517432097,1.650574147837742
XGB,Digits,label_noise,missing,0.35,0.1,mcc,0.7897053329450733,0.6230860289849034,0.16661930396016988,4.76055154171914
XGB,Digits,label_noise,missing,0.35,0.1,accuracy,0.36300010316723397,0.3516736113856063,0.011326491781627646,0.32361405090364703
XGB,Digits,label_noise,missing,0.35,0.1,balanced_accuracy,0.36299361052858425,0.3278639660088042,0.03512964451978007,1.0037041291365734
XGB,Digits,label_noise,missing,0.35,0.1,macro_f1,0.3632465521580327,0.33822836116766675,0.02501819099036595,0.7148054568675987
XGB,Digits,label_noise,missing,0.35,0.1,mcc,0.725805733767641,0.6230860289849034,0.10271970478273762,2.934848708078218
SVM,Digits,label_noise,missing,0.35,0.1,accuracy,0.38305478180130004,0.3370641996813185,0.04599058211998153,1.3140166319994724
SVM,Digits,label_noise,missing,0.35,0.1,balanced_accuracy,0.3863728299433441,0.3003973038599605,0.0859755260833836,2.456443602382389
SVM,Digits,label_noise,missing,0.35,0.1,macro_f1,0.3869047071903733,0.3150879131046753,0.07181679408569797,2.0519084024485137
SVM,Digits,label_noise,missing,0.35,0.1,mcc,0.7711985913460828,0.5782400114224665,0.1929585799236163,5.513102283531895
SVM,Digits,label_noise,missing,0.35,0.1,accuracy,0.35074589910244514,0.3370641996813185,0.013681699421126625,0.39090569774647504
SVM,Digits,label_noise,missing,0.35,0.1,balanced_accuracy,0.35074524540857754,0.3003973038599605,0.05034794154861705,1.438512615674773
SVM,Digits,label_noise,missing,0.35,0.1,macro_f1,0.35097292652150214,0.3150879131046753,0.035885013416826816,1.0252860976236233
SVM,Digits,label_noise,missing,0.35,0.1,mcc,0.7012796510737211,0.5782400114224665,0.12303963965125464,3.515418275750133
MLP,Digits,label_noise,missing,0.35,0.1,accuracy,0.38267254719900967,0.3455664680896884,0.03710607910932129,1.060173688837751
MLP,Digits,label_noise,missing,0.35,0.1,balanced_accuracy,0.3861497823039778,0.3127994597392157,0.0733503225647621,2.0957235018503457
MLP,Digits,label_noise,missing,0.35,0.1,macro_f1,0.3865655945666996,0.33173414336625756,0.05483145120044203,1.566612891441201
MLP,Digits,label_noise,missing,0.35,0.1,mcc,0.7706972864288852,0.5929027851074176,0.17779450132146768,5.079842894899077
MLP,Digits,label_noise,missing,0.35,0.1,accuracy,0.36763231197771584,0.3455664680896884,0.02206584388802746,0.6304526825150704
MLP,Digits,label_noise,missing,0.35,0.1,balanced_accuracy,0.3677690729191678,0.3127994597392157,0.05496961317995214,1.5705603765700613
MLP,Digits,label_noise,missing,0.35,0.1,macro_f1,0.36919594209388873,0.33173414336625756,0.03746179872763117,1.0703371065037477
MLP,Digits,label_noise,missing,0.35,0.1,mcc,0.7344050673053275,0.5929027851074176,0.14150228219790995,4.042922348511713
GB,Digits,label_noise,missing,0.35,0.1,accuracy,0.3862173733622202,0.3449846480330168,0.04123272532920336,1.1780778665486675
GB,Digits,label_noise,missing,0.35,0.1,balanced_accuracy,0.3898296607606535,0.3200542250040824,0.06977543575657108,1.993583878759174
GB,Digits,label_noise,missing,0.35,0.1,macro_f1,0.39045143868213794,0.331503967482704,0.05894747119943394,1.68421346284097
GB,Digits,label_noise,missing,0.35,0.1,mcc,0.7783476236590288,0.6098650967609501,0.16848252689807863,4.813786482802247
GB,Digits,label_noise,missing,0.35,0.1,accuracy,0.3867419787475498,0.3449846480330168,0.04175733071453297,1.1930665918437993
GB,Digits,label_noise,missing,0.35,0.1,balanced_accuracy,0.3868361812696012,0.3200542250040824,0.06678195626551875,1.9080558933005358
GB,Digits,label_noise,missing,0.35,0.1,macro_f1,0.38747444863959646,0.331503967482704,0.05597048115689246,1.599156604482642
GB,Digits,label_noise,missing,0.35,0.1,mcc,0.7731756476553319,0.6098650967609501,0.16331055089438173,4.666015739839478
LR,Spambase,label_noise,missing,0.35,0.25,accuracy,0.330579159388818,0.35248346653407314,-0.021904307145255153,-0.2503349388029161
LR,Spambase,label_noise,missing,0.35,0.25,balanced_accuracy,0.3349499985001275,0.3293386979008526,0.005611300599274949,0.06412914970599942
LR,Spambase,label_noise,missing,0.35,0.25,macro_f1,0.3450118799141698,0.343189207051413,0.0018226728627568356,0.020830547002935264
LR,Spambase,label_noise,missing,0.35,0.25,mcc,0.665165319711958,0.6228208453096963,0.042344474402261745,0.4839368503115628
LR,Spambase,label_noise,missing,0.35,0.25,accuracy,0.3199309981274292,0.35248346653407314,-0.03255246840664394,-0.3720282103616451
LR,Spambase,label_noise,missing,0.35,0.25,balanced_accuracy,0.32591962625376003,0.3293386979008526,-0.003419071647092542,-0.039075104538200484
LR,Spambase,label_noise,missing,0.35,0.25,macro_f1,0.33621381780859494,0.343189207051413,-0.006975389242818042,-0.07971873420363478
LR,Spambase,label_noise,missing,0.35,0.25,mcc,0.6444712081809959,0.6228208453096963,0.021650362871299622,0.24743271852913856
RF,Spambase,label_noise,missing,0.35,0.25,accuracy,0.3364458921462178,0.36013811311177324,-0.023692220965555455,-0.27076823960634805
RF,Spambase,label_noise,missing,0.35,0.25,balanced_accuracy,0.33911193720992716,0.32917804942970413,0.009933887780223027,0.11353014605969175
RF,Spambase,label_noise,missing,0.35,0.25,macro_f1,0.34802364286857324,0.345608234300428,0.002415408568145261,0.027604669350231554
RF,Spambase,label_noise,missing,0.35,0.25,mcc,0.6774153194902299,0.6368117614932461,0.040603557996983786,0.46404066282267187
RF,Spambase,label_noise,missing,0.35,0.25,accuracy,0.32058742073045987,0.36013811311177324,-0.03955069238131337,-0.45200791292929565
RF,Spambase,label_noise,missing,0.35,0.25,balanced_accuracy,0.3239424225151314,0.32917804942970413,-0.005235626914572744,-0.05983573616654565
RF,Spambase,label_noise,missing,0.35,0.25,macro_f1,0.3318465185268382,0.345608234300428,-0.013761715773589756,-0.15727675169816865
RF,Spambase,label_noise,missing,0.35,0.25,mcc,0.6458005580796393,0.6368117614932461,0.008988796586393177,0.10272910384449346
XGB,Spambase,label_noise,missing,0.35,0.25,accuracy,0.35571905144062055,0.36531309606273615,-0.009594044622115605,-0.10964622425274978
XGB,Spambase,label_noise,missing,0.35,0.25,balanced_accuracy,0.3598678705426811,0.34734372628758264,0.012524144255098457,0.14313307720112523
XGB,Spambase,label_noise,missing,0.35,0.25,macro_f1,0.3646321747591058,0.35804571408929936,0.006586460669806449,0.07527383622635941
XGB,Spambase,label_noise,missing,0.35,0.25,mcc,0.717256799353065,0.6589235181926628,0.05833328116040215,0.666666070404596
XGB,Spambase,label_noise,missing,0.35,0.25,accuracy,0.33659687799965365,0.36531309606273615,-0.0287162180630825,-0.3281853492923714
XGB,Spambase,label_noise,missing,0.35,0.25,balanced_accuracy,0.3419332231623722,0.34734372628758264,-0.005410503125210464,-0.06183432143097674
XGB,Spambase,label_noise,missing,0.35,0.25,macro_f1,0.34664956999844065,0.35804571408929936,-0.011396144090858706,-0.13024164675267094
XGB,Spambase,label_noise,missing,0.35,0.25,mcc,0.6791441833042635,0.6589235181926628,0.0202206651116007,0.23109331556115087
SVM,Spambase,label_noise,missing,0.35,0.25,accuracy,0.32782648035374284,0.3514307176447736,-0.023604237291030783,-0.2697627118974947
SVM,Spambase,label_noise,missing,0.35,0.25,balanced_accuracy,0.33201415382176724,0.3183355448388079,0.013678608982959362,0.15632695980524985
SVM,Spambase,label_noise,missing,0.35,0.25,macro_f1,0.34096935205593715,0.33458369550775735,0.006385656548179797,0.07297893197919768
SVM,Spambase,label_noise,missing,0.35,0.25,mcc,0.6592219905739574,0.6126115907546742,0.046610399819283166,0.5326902836489505
SVM,Spambase,label_noise,missing,0.35,0.25,accuracy,0.3182704684574108,0.3514307176447736,-0.03316024918736282,-0.3789742764270037
SVM,Spambase,label_noise,missing,0.35,0.25,balanced_accuracy,0.32293148566407603,0.3183355448388079,0.004595940825268152,0.0525250380030646
SVM,Spambase,label_noise,missing,0.35,0.25,macro_f1,0.3305767768977491,0.33458369550775735,-0.004006918610008237,-0.045793355542951275
SVM,Spambase,label_noise,missing,0.35,0.25,mcc,0.6407626210254092,0.6126115907546742,0.028151030270734956,0.3217260602369709
MLP,Spambase,label_noise,missing,0.35,0.25,accuracy,0.3393465672158491,0.3647170716933699,-0.025370504477520817,-0.2899486226002379
MLP,Spambase,label_noise,missing,0.35,0.25,balanced_accuracy,0.3442237772054211,0.33566748653656725,0.008556290668853828,0.09778617907261518
MLP,Spambase,label_noise,missing,0.35,0.25,macro_f1,0.3493293873631943,0.3560981799692749,-0.006768792606080598,-0.07735762978377826
MLP,Spambase,label_noise,missing,0.35,0.25,mcc,0.6837001865977106,0.6325569534060478,0.05114323319166281,0.5844940936190035
MLP,Spambase,label_noise,missing,0.35,0.25,accuracy,0.3369564430596862,0.3647170716933699,-0.027760628633683726,-0.31726432724209974
MLP,Spambase,label_noise,missing,0.35,0.25,balanced_accuracy,0.3429266008699643,0.33566748653656725,0.007259114333397043,0.08296130666739479
MLP,Spambase,label_noise,missing,0.35,0.25,macro_f1,0.3486083486641306,0.3560981799692749,-0.007489831305144301,-0.08559807205879202
MLP,Spambase,label_noise,missing,0.35,0.25,mcc,0.6796171149777086,0.6325569534060478,0.04706016157166082,0.537830417961838
GB,Spambase,label_noise,missing,0.35,0.25,accuracy,0.3565137138271256,0.3582459859894906,-0.0017322721623649895,-0.019797396141314167
GB,Spambase,label_noise,missing,0.35,0.25,balanced_accuracy,0.3606597028701297,0.3378807361255348,0.022778966744594897,0.260331048509656
GB,Spambase,label_noise,missing,0.35,0.25,macro_f1,0.366229591103274,0.3501110932957396,0.016118497807534438,0.1842114035146793
GB,Spambase,label_noise,missing,0.35,0.25,mcc,0.7189247640714889,0.6429888756272463,0.0759358884442426,0.8678387250770583
GB,Spambase,label_noise,missing,0.35,0.25,accuracy,0.33174385120143524,0.3582459859894906,-0.026502134788055354,-0.30288154043491833
GB,Spambase,label_noise,missing,0.35,0.25,balanced_accuracy,0.3370204641099759,0.3378807361255348,-0.0008602720155589383,-0.009831680177816438
GB,Spambase,label_noise,missing,0.35,0.25,macro_f1,0.34216185303321556,0.3501110932957396,-0.007949240262524027,-0.09084846014313173
GB,Spambase,label_noise,missing,0.35,0.25,mcc,0.6690143915752105,0.6429888756272463,0.026025515947964206,0.2974344679767338
LR,Bank,label_noise,missing,0.35,0.25,accuracy,0.2935333333333332,0.35248346653407314,-0.05895013320073994,-0.6737158080084565
LR,Bank,label_noise,missing,0.35,0.25,balanced_accuracy,0.13014931517831585,0.3293386979008526,-0.19918938272253672,-2.2764500882575627
LR,Bank,label_noise,missing,0.35,0.25,macro_f1,0.23630190607778828,0.343189207051413,-0.1068873009736247,-1.2215691539842823
LR,Bank,label_noise,missing,0.35,0.25,mcc,0.3380130673690398,0.6228208453096963,-0.2848077779406565,-3.254946033607503
LR,Bank,label_noise,missing,0.35,0.25,accuracy,0.28293333333333326,0.35248346653407314,-0.06955013320073988,-0.794858665151313
LR,Bank,label_noise,missing,0.35,0.25,balanced_accuracy,0.125736648754868,0.3293386979008526,-0.20360204914598456,-2.326880561668395
LR,Bank,label_noise,missing,0.35,0.25,macro_f1,0.2224431258338534,0.343189207051413,-0.12074608121755959,-1.379955213914967
LR,Bank,label_noise,missing,0.35,0.25,mcc,0.32711052649069794,0.6228208453096963,-0.29571031881899834,-3.379546500788553
RF,Bank,label_noise,missing,0.35,0.25,accuracy,0.2917333333333334,0.36013811311177324,-0.06840477977843984,-0.7817689117535982
RF,Bank,label_noise,missing,0.35,0.25,balanced_accuracy,0.0924306156401078,0.32917804942970413,-0.23674743378959634,-2.7056849575953867
RF,Bank,label_noise,missing,0.35,0.25,macro_f1,0.20318920407470742,0.345608234300428,-0.14241903022572056,-1.6276460597225206
RF,Bank,label_noise,missing,0.35,0.25,mcc,0.29641014334501486,0.6368117614932461,-0.3404016181482313,-3.8903042074083576
RF,Bank,label_noise,missing,0.35,0.25,accuracy,0.27913333333333346,0.36013811311177324,-0.08100477977843978,-0.9257689117535975
RF,Bank,label_noise,missing,0.35,0.25,balanced_accuracy,0.08807277488529297,0.32917804942970413,-0.24110527454441116,-2.7554888519361276
RF,Bank,label_noise,missing,0.35,0.25,macro_f1,0.19341008992766084,0.345608234300428,-0.15219814437276713,-1.739407364260196
RF,Bank,label_noise,missing,0.35,0.25,mcc,0.2782439889608509,0.6368117614932461,-0.35856777253239525,-4.097917400370232
XGB,Bank,label_noise,missing,0.35,0.25,accuracy,0.3047333333333333,0.36531309606273615,-0.06057976272940285,-0.6923401454788898
XGB,Bank,label_noise,missing,0.35,0.25,balanced_accuracy,0.15244540106738702,0.34734372628758264,-0.19489832522019562,-2.22740943108795
XGB,Bank,label_noise,missing,0.35,0.25,macro_f1,0.22781085073214474,0.35804571408929936,-0.13023486335715462,-1.4883984383674815
XGB,Bank,label_noise,missing,0.35,0.25,mcc,0.3737374137016228,0.6589235181926628,-0.28518610449104004,-3.2592697656118865
XGB,Bank,label_noise,missing,0.35,0.25,accuracy,0.29393333333333316,0.36531309606273615,-0.071379762729403,-0.8157687169074629
XGB,Bank,label_noise,missing,0.35,0.25,balanced_accuracy,0.1489410825424372,0.34734372628758264,-0.19840264374514543,-2.267458785658805
XGB,Bank,label_noise,missing,0.35,0.25,macro_f1,0.22078290896721375,0.35804571408929936,-0.1372628051220856,-1.5687177728238355
XGB,Bank,label_noise,missing,0.35,0.25,mcc,0.3624585938572659,0.6589235181926628,-0.2964649243353969,-3.3881705638331074
SVM,Bank,label_noise,missing,0.35,0.25,accuracy,0.2902,0.3514307176447736,-0.06123071764477361,-0.6997796302259842
SVM,Bank,label_noise,missing,0.35,0.25,balanced_accuracy,0.07945438583905617,0.3183355448388079,-0.2388811589997517,-2.730070388568591
SVM,Bank,label_noise,missing,0.35,0.25,macro_f1,0.17884013775726537,0.33458369550775735,-0.15574355775049198,-1.779926374291337
SVM,Bank,label_noise,missing,0.35,0.25,mcc,0.2613516962863849,0.6126115907546742,-0.3512598944682893,-4.014398793923307
SVM,Bank,label_noise,missing,0.35,0.25,accuracy,0.2742,0.3514307176447736,-0.07723071764477363,-0.8826367730831273
SVM,Bank,label_noise,missing,0.35,0.25,balanced_accuracy,0.06950132245857898,0.3183355448388079,-0.2488342223802289,-2.8438196843454735
SVM,Bank,label_noise,missing,0.35,0.25,macro_f1,0.15811164295997487,0.33458369550775735,-0.17647205254778248,-2.0168234576889428
SVM,Bank,label_noise,missing,0.35,0.25,mcc,0.2265196852210687,0.6126115907546742,-0.3860919055336055,-4.412478920384063
MLP,Bank,label_noise,missing,0.35,0.25,accuracy,0.2844,0.3647170716933699,-0.08031707169336993,-0.9179093907813708
MLP,Bank,label_noise,missing,0.35,0.25,balanced_accuracy,0.09873476411021598,0.33566748653656725,-0.23693272242635127,-2.7078025420154432
MLP,Bank,label_noise,missing,0.35,0.25,macro_f1,0.1838781782380421,0.3560981799692749,-0.1722200017312328,-1.9682285912140893
MLP,Bank,label_noise,missing,0.35,0.25,mcc,0.26372683663712526,0.6325569534060478,-0.3688301167689225,-4.215201334501972
MLP,Bank,label_noise,missing,0.35,0.25,accuracy,0.2812,0.3647170716933699,-0.08351707169336992,-0.954480819352799
MLP,Bank,label_noise,missing,0.35,0.25,balanced_accuracy,0.09834658421814524,0.33566748653656725,-0.237320902318422,-2.7122388836391087
MLP,Bank,label_noise,missing,0.35,0.25,macro_f1,0.1714751182797516,0.3560981799692749,-0.1846230616895233,-2.1099778478802667
MLP,Bank,label_noise,missing,0.35,0.25,mcc,0.2708611890098383,0.6325569534060478,-0.3616957643962095,-4.133665878813823
GB,Bank,label_noise,missing,0.35,0.25,accuracy,0.30479999999999996,0.3582459859894906,-0.05344598598949063,-0.6108112684513215
GB,Bank,label_noise,missing,0.35,0.25,balanced_accuracy,0.1596869778634975,0.3378807361255348,-0.17819375826203732,-2.0365000944232836
GB,Bank,label_noise,missing,0.35,0.25,macro_f1,0.242947457889424,0.3501110932957396,-0.10716363540631557,-1.2247272617864637
GB,Bank,label_noise,missing,0.35,0.25,mcc,0.3866764458458968,0.6429888756272463,-0.2563124297813495,-2.9292849117868514
GB,Bank,label_noise,missing,0.35,0.25,accuracy,0.2912,0.3582459859894906,-0.06704598598949058,-0.7662398398798923
GB,Bank,label_noise,missing,0.35,0.25,balanced_accuracy,0.15113342888533732,0.3378807361255348,-0.1867473072401975,-2.1342549398879718
GB,Bank,label_noise,missing,0.35,0.25,macro_f1,0.22500779552188743,0.3501110932957396,-0.12510329777385215,-1.4297519745583105
GB,Bank,label_noise,missing,0.35,0.25,mcc,0.36069221059491285,0.6429888756272463,-0.2822966650323334,-3.226247600369525
LR,Wine,label_noise,missing,0.35,0.25,accuracy,0.4854497354497353,0.35248346653407314,0.13296626891566216,1.5196145018932818
LR,Wine,label_noise,missing,0.35,0.25,balanced_accuracy,0.48867083533750205,0.3293386979008526,0.15933213743664948,1.8209387135617086
LR,Wine,label_noise,missing,0.35,0.25,macro_f1,0.4959525071199063,0.343189207051413,0.1527633000684933,1.7458662864970664
LR,Wine,label_noise,missing,0.35,0.25,mcc,0.7255508996504716,0.6228208453096963,0.10273005434077531,1.174057763894575
LR,Wine,label_noise,missing,0.35,0.25,accuracy,0.4067195767195766,0.35248346653407314,0.05423611018550345,0.6198412592628966
LR,Wine,label_noise,missing,0.35,0.25,balanced_accuracy,0.4096387563054229,0.3293386979008526,0.08030005840457033,0.9177149531950896
LR,Wine,label_noise,missing,0.35,0.25,macro_f1,0.4125652432444391,0.343189207051413,0.06937603619302612,0.7928689850631557
LR,Wine,label_noise,missing,0.35,0.25,mcc,0.6091893446752505,0.6228208453096963,-0.013631500634445737,-0.15578857867937987
RF,Wine,label_noise,missing,0.35,0.25,accuracy,0.482857142857143,0.36013811311177324,0.12271902974536975,1.40250319708994
RF,Wine,label_noise,missing,0.35,0.25,balanced_accuracy,0.48752543752543764,0.32917804942970413,0.1583473880957335,1.8096844353798116
RF,Wine,label_noise,missing,0.35,0.25,macro_f1,0.4886454068386436,0.345608234300428,0.14303717253821563,1.634710543293893
RF,Wine,label_noise,missing,0.35,0.25,mcc,0.723009095694118,0.6368117614932461,0.08619733420087183,0.9851123908671068
RF,Wine,label_noise,missing,0.35,0.25,accuracy,0.404920634920635,0.36013811311177324,0.044782521808861775,0.5118002492441346
RF,Wine,label_noise,missing,0.35,0.25,balanced_accuracy,0.40940466940466946,0.32917804942970413,0.08022661997496533,0.9168756568567467
RF,Wine,label_noise,missing,0.35,0.25,macro_f1,0.413183343999154,0.345608234300428,0.06757510969872604,0.7722869679854405
RF,Wine,label_noise,missing,0.35,0.25,mcc,0.6051983265630678,0.6368117614932461,-0.03161343493017832,-0.36129639920203793
XGB,Wine,label_noise,missing,0.35,0.25,accuracy,0.490952380952381,0.36531309606273615,0.12563928488964482,1.4358775415959408
XGB,Wine,label_noise,missing,0.35,0.25,balanced_accuracy,0.4950970017636685,0.34734372628758264,0.14775327547608585,1.6886088625838385
XGB,Wine,label_noise,missing,0.35,0.25,macro_f1,0.4991523900203224,0.35804571408929936,0.14110667593102305,1.6126477249259779
XGB,Wine,label_noise,missing,0.35,0.25,mcc,0.7356874790183474,0.6589235181926628,0.0767639608256846,0.8773024094363955
XGB,Wine,label_noise,missing,0.35,0.25,accuracy,0.44619047619047614,0.36531309606273615,0.08087738012773998,0.9243129157455999
XGB,Wine,label_noise,missing,0.35,0.25,balanced_accuracy,0.44887211553878237,0.34734372628758264,0.10152838925119972,1.1603244485851398
XGB,Wine,label_noise,missing,0.35,0.25,macro_f1,0.4507579281948919,0.35804571408929936,0.09271221410559255,1.059568161206772
XGB,Wine,label_noise,missing,0.35,0.25,mcc,0.6714363973413384,0.6589235181926628,0.012512879148675604,0.1430043331277212
SVM,Wine,label_noise,missing,0.35,0.25,accuracy,0.4836507936507936,0.3514307176447736,0.13222007600601998,1.5110865829259428
SVM,Wine,label_noise,missing,0.35,0.25,balanced_accuracy,0.48370937704271033,0.3183355448388079,0.16537383220390245,1.8899866537588852
SVM,Wine,label_noise,missing,0.35,0.25,macro_f1,0.4880290137212975,0.33458369550775735,0.15344531821354013,1.753660779583316
SVM,Wine,label_noise,missing,0.35,0.25,mcc,0.7235779117464056,0.6126115907546742,0.11096632099173143,1.2681865256197877
SVM,Wine,label_noise,missing,0.35,0.25,accuracy,0.36031746031746026,0.3514307176447736,0.008886742672686632,0.10156277340213293
SVM,Wine,label_noise,missing,0.35,0.25,balanced_accuracy,0.3632809166142499,0.3183355448388079,0.044945371775442,0.5136613917193372
SVM,Wine,label_noise,missing,0.35,0.25,macro_f1,0.3668235926119615,0.33458369550775735,0.03223989710420416,0.36845596690519045
SVM,Wine,label_noise,missing,0.35,0.25,mcc,0.5391830437473607,0.6126115907546742,-0.0734285470073135,-0.8391833943692971
MLP,Wine,label_noise,missing,0.35,0.25,accuracy,0.5435978835978835,0.3647170716933699,0.1788808119045136,2.044352136051584
MLP,Wine,label_noise,missing,0.35,0.25,balanced_accuracy,0.5331764531764533,0.33566748653656725,0.1975089666398861,2.25724533302727
MLP,Wine,label_noise,missing,0.35,0.25,macro_f1,0.5709972507298051,0.3560981799692749,0.21489907076053022,2.4559893801203456
MLP,Wine,label_noise,missing,0.35,0.25,mcc,0.8009786765972142,0.6325569534060478,0.16842172319116644,1.9248196936133308
MLP,Wine,label_noise,missing,0.35,0.25,accuracy,0.4310582010582011,0.3647170716933699,0.06634112936483116,0.7581843355980705
MLP,Wine,label_noise,missing,0.35,0.25,balanced_accuracy,0.43678506678506696,0.33566748653656725,0.1011175802484997,1.1556294885542824
MLP,Wine,label_noise,missing,0.35,0.25,macro_f1,0.4684182192071278,0.3560981799692749,0.11232003923785289,1.2836575912897474
MLP,Wine,label_noise,missing,0.35,0.25,mcc,0.6346522461343526,0.6325569534060478,0.002095292728304776,0.023946202609197442
GB,Wine,label_noise,missing,0.35,0.25,accuracy,0.41968253968253977,0.3582459859894906,0.06143655369304918,0.7021320422062763
GB,Wine,label_noise,missing,0.35,0.25,balanced_accuracy,0.4256888790222124,0.3378807361255348,0.0878081428966776,1.0035216331048868
GB,Wine,label_noise,missing,0.35,0.25,macro_f1,0.4323957447077928,0.3501110932957396,0.08228465141205321,0.940396016137751
GB,Wine,label_noise,missing,0.35,0.25,mcc,0.6352748628823979,0.6429888756272463,-0.0077140127448483975,-0.08816014565541026
GB,Wine,label_noise,missing,0.35,0.25,accuracy,0.43698412698412703,0.3582459859894906,0.07873814099463644,0.8998644685101308
GB,Wine,label_noise,missing,0.35,0.25,balanced_accuracy,0.43834955168288503,0.3378807361255348,0.10046881555735021,1.1482150349411453
GB,Wine,label_noise,missing,0.35,0.25,macro_f1,0.4446161476343661,0.3501110932957396,0.09450505433862649,1.080057763870017
GB,Wine,label_noise,missing,0.35,0.25,mcc,0.6593510367392291,0.6429888756272463,0.016362161111982854,0.18699612699408977
LR,BreastCancer,label_noise,missing,0.35,0.25,accuracy,0.353268126067381,0.35248346653407314,0.0007846595333078632,0.008967537523518436
LR,BreastCancer,label_noise,missing,0.35,0.25,balanced_accuracy,0.3843540446728103,0.3293386979008526,0.05501534677195774,0.6287468202509456
LR,BreastCancer,label_noise,missing,0.35,0.25,macro_f1,0.3956929996994101,0.343189207051413,0.052503792647997094,0.6000433445485382
LR,BreastCancer,label_noise,missing,0.35,0.25,mcc,0.7382681485528273,0.6228208453096963,0.11544730324313102,1.3193977513500688
LR,BreastCancer,label_noise,missing,0.35,0.25,accuracy,0.37441391088340326,0.35248346653407314,0.021930444349330114,0.2506336497066299
LR,BreastCancer,label_noise,missing,0.35,0.25,balanced_accuracy,0.39069949723165465,0.3293386979008526,0.061360799330802074,0.7012662780663095
LR,BreastCancer,label_noise,missing,0.35,0.25,macro_f1,0.4014011760531786,0.343189207051413,0.05821196900176562,0.6652796457344643
LR,BreastCancer,label_noise,missing,0.35,0.25,mcc,0.7707820468491842,0.6228208453096963,0.14796120153948789,1.6909851604512902
RF,BreastCancer,label_noise,missing,0.35,0.25,accuracy,0.37093101485276614,0.36013811311177324,0.0107929017409929,0.12334744846849029
RF,BreastCancer,label_noise,missing,0.35,0.25,balanced_accuracy,0.3924401021053425,0.32917804942970413,0.06326205267563839,0.7229948877215817
RF,BreastCancer,label_noise,missing,0.35,0.25,macro_f1,0.3969855905738525,0.345608234300428,0.051377356273424546,0.5871697859819949
RF,BreastCancer,label_noise,missing,0.35,0.25,mcc,0.7771249409023037,0.6368117614932461,0.14031317940905752,1.6035791932463717
RF,BreastCancer,label_noise,missing,0.35,0.25,accuracy,0.3902292604668013,0.36013811311177324,0.030091147355028047,0.34389882691460627
RF,BreastCancer,label_noise,missing,0.35,0.25,balanced_accuracy,0.3971320375513455,0.32917804942970413,0.06795398812164138,0.776617007104473
RF,BreastCancer,label_noise,missing,0.35,0.25,macro_f1,0.40086804141511756,0.345608234300428,0.055259807114689585,0.6315406527393096
RF,BreastCancer,label_noise,missing,0.35,0.25,mcc,0.7929592176863217,0.6368117614932461,0.15614745619307557,1.7845423564922924
XGB,BreastCancer,label_noise,missing,0.35,0.25,accuracy,0.3643430109196293,0.36531309606273615,-0.0009700851431068691,-0.01108668734979279
XGB,BreastCancer,label_noise,missing,0.35,0.25,balanced_accuracy,0.38197952764811494,0.34734372628758264,0.03463580136053229,0.3958377298346548
XGB,BreastCancer,label_noise,missing,0.35,0.25,macro_f1,0.38548889217598015,0.35804571408929936,0.027443178086680786,0.3136363209906376
XGB,BreastCancer,label_noise,missing,0.35,0.25,mcc,0.7624212422308532,0.6589235181926628,0.10349772403819035,1.1828311318650326
XGB,BreastCancer,label_noise,missing,0.35,0.25,accuracy,0.371407131397816,0.36531309606273615,0.00609403533507985,0.06964611811519829
XGB,BreastCancer,label_noise,missing,0.35,0.25,balanced_accuracy,0.37791575791069054,0.34734372628758264,0.030572031623107898,0.34939464712123314
XGB,BreastCancer,label_noise,missing,0.35,0.25,macro_f1,0.3813553746992282,0.35804571408929936,0.02330966060992884,0.2663961212563296
XGB,BreastCancer,label_noise,missing,0.35,0.25,mcc,0.7563008644765032,0.6589235181926628,0.09737734628384043,1.112883957529605
SVM,BreastCancer,label_noise,missing,0.35,0.25,accuracy,0.33923821352792005,0.3514307176447736,-0.012192504116853575,-0.1393429041926123
SVM,BreastCancer,label_noise,missing,0.35,0.25,balanced_accuracy,0.36665142451075894,0.3183355448388079,0.048315879671951056,0.5521814819651549
SVM,BreastCancer,label_noise,missing,0.35,0.25,macro_f1,0.37151100562047934,0.33458369550775735,0.03692731011272199,0.4220264012882513
SVM,BreastCancer,label_noise,missing,0.35,0.25,mcc,0.7131333880554471,0.6126115907546742,0.10052179730077293,1.148820540580262
SVM,BreastCancer,label_noise,missing,0.35,0.25,accuracy,0.36737049112456666,0.3514307176447736,0.01593977347979303,0.1821688397690632
SVM,BreastCancer,label_noise,missing,0.35,0.25,balanced_accuracy,0.38015711750362335,0.3183355448388079,0.06182157266481547,0.7065322590264626
SVM,BreastCancer,label_noise,missing,0.35,0.25,macro_f1,0.3847411932890733,0.33458369550775735,0.05015749778131595,0.5732285460721823
SVM,BreastCancer,label_noise,missing,0.35,0.25,mcc,0.750949730913337,0.6126115907546742,0.13833814015866286,1.5810073160990041
MLP,BreastCancer,label_noise,missing,0.35,0.25,accuracy,0.3368886818816952,0.3647170716933699,-0.027828389811674736,-0.31803874070485416
MLP,BreastCancer,label_noise,missing,0.35,0.25,balanced_accuracy,0.35228358423506556,0.33566748653656725,0.01661609769849831,0.18989825941140928
MLP,BreastCancer,label_noise,missing,0.35,0.25,macro_f1,0.35707245908613183,0.3560981799692749,0.0009742791168569354,0.011134618478364977
MLP,BreastCancer,label_noise,missing,0.35,0.25,mcc,0.7053323817333361,0.6325569534060478,0.07277542832728834,0.8317191808832953
MLP,BreastCancer,label_noise,missing,0.35,0.25,accuracy,0.3545256947678931,0.3647170716933699,-0.010191376925476836,-0.1164728791483067
MLP,BreastCancer,label_noise,missing,0.35,0.25,balanced_accuracy,0.363137174671885,0.33566748653656725,0.02746968813531775,0.31393929297506
MLP,BreastCancer,label_noise,missing,0.35,0.25,macro_f1,0.37369838989236637,0.3560981799692749,0.01760020992309147,0.20114525626390253
MLP,BreastCancer,label_noise,missing,0.35,0.25,mcc,0.7177428230558462,0.6325569534060478,0.08518586964979846,0.9735527959976967
GB,BreastCancer,label_noise,missing,0.35,0.25,accuracy,0.36909382601045393,0.3582459859894906,0.01084784002096334,0.12397531452529532
GB,BreastCancer,label_noise,missing,0.35,0.25,balanced_accuracy,0.3849338300145755,0.3378807361255348,0.047053093889040665,0.537749644446179
GB,BreastCancer,label_noise,missing,0.35,0.25,macro_f1,0.3892195935854412,0.3501110932957396,0.03910850028970164,0.44695428902516166
GB,BreastCancer,label_noise,missing,0.35,0.25,mcc,0.7704968086363737,0.6429888756272463,0.12750793300912744,1.4572335201043136
GB,BreastCancer,label_noise,missing,0.35,0.25,accuracy,0.39204057340992604,0.3582459859894906,0.03379458742043545,0.38622385623354805
GB,BreastCancer,label_noise,missing,0.35,0.25,balanced_accuracy,0.39555587876960296,0.3378807361255348,0.057675142644068145,0.6591444873607788
GB,BreastCancer,label_noise,missing,0.35,0.25,macro_f1,0.39785352381827543,0.3501110932957396,0.04774243052253585,0.5456277774004098
GB,BreastCancer,label_noise,missing,0.35,0.25,mcc,0.7944169398813022,0.6429888756272463,0.15142806425405597,1.7306064486177826
LR,Digits,label_noise,missing,0.35,0.25,accuracy,0.3357412565769111,0.35248346653407314,-0.016742209957162024,-0.191339542367566
LR,Digits,label_noise,missing,0.35,0.25,balanced_accuracy,0.340490451484293,0.3293386979008526,0.011151753583440449,0.12744861238217656
LR,Digits,label_noise,missing,0.35,0.25,macro_f1,0.3416796155599775,0.343189207051413,-0.0015095914914354802,-0.01725247418783406
LR,Digits,label_noise,missing,0.35,0.25,mcc,0.6796742172788572,0.6228208453096963,0.05685337196916096,0.6497528225046967
LR,Digits,label_noise,missing,0.35,0.25,accuracy,0.3262612194367067,0.35248346653407314,-0.026222247097366425,-0.29968282396990203
LR,Digits,label_noise,missing,0.35,0.25,balanced_accuracy,0.32625582608609194,0.3293386979008526,-0.003082871814760635,-0.035232820740121545
LR,Digits,label_noise,missing,0.35,0.25,macro_f1,0.32647949937414433,0.343189207051413,-0.016709707677268648,-0.19096808774021312
LR,Digits,label_noise,missing,0.35,0.25,mcc,0.6526725937435933,0.6228208453096963,0.02985174843389704,0.3411628392445376
RF,Digits,label_noise,missing,0.35,0.25,accuracy,0.37563344681729094,0.36013811311177324,0.0154953337055177,0.17708952806305944
RF,Digits,label_noise,missing,0.35,0.25,balanced_accuracy,0.3814731421034441,0.32917804942970413,0.05229509267373994,0.5976582019855994
RF,Digits,label_noise,missing,0.35,0.25,macro_f1,0.38324339613082337,0.345608234300428,0.03763516183039539,0.4301161352045188
RF,Digits,label_noise,missing,0.35,0.25,mcc,0.7582896498651932,0.6368117614932461,0.12147788837194706,1.3883187242508237
RF,Digits,label_noise,missing,0.35,0.25,accuracy,0.3722645207881977,0.36013811311177324,0.012126407676424478,0.13858751630199403
RF,Digits,label_noise,missing,0.35,0.25,balanced_accuracy,0.3722105987894361,0.32917804942970413,0.04303254935973194,0.49180056411122225
RF,Digits,label_noise,missing,0.35,0.25,macro_f1,0.37264200991407515,0.345608234300428,0.02703377561364717,0.3089574355845391
RF,Digits,label_noise,missing,0.35,0.25,mcc,0.7441532669813501,0.6368117614932461,0.10734150548810395,1.226760062721188
XGB,Digits,label_noise,missing,0.35,0.25,accuracy,0.404751882802022,0.36531309606273615,0.03943878673928586,0.45072899130612415
XGB,Digits,label_noise,missing,0.35,0.25,balanced_accuracy,0.40757220476010037,0.34734372628758264,0.06022847847251772,0.6883254682573454
XGB,Digits,label_noise,missing,0.35,0.25,macro_f1,0.40787538085005115,0.35804571408929936,0.04982966676075179,0.5694819058371633
XGB,Digits,label_noise,missing,0.35,0.25,mcc,0.814589903534889,0.6589235181926628,0.1556663853422262,1.7790444039111568
XGB,Digits,label_noise,missing,0.35,0.25,accuracy,0.39360208397812857,0.36531309606273615,0.028288987915392416,0.3233027190330562
XGB,Digits,label_noise,missing,0.35,0.25,balanced_accuracy,0.3935909621599809,0.34734372628758264,0.04624723587239826,0.5285398385416945
XGB,Digits,label_noise,missing,0.35,0.25,macro_f1,0.394008154177495,0.35804571408929936,0.03596244008819566,0.4109993152936647
XGB,Digits,label_noise,missing,0.35,0.25,mcc,0.7870156641679353,0.6589235181926628,0.12809214597527252,1.4639102397174004
SVM,Digits,label_noise,missing,0.35,0.25,accuracy,0.386386567626122,0.3514307176447736,0.034955849981348375,0.3994954283582672
SVM,Digits,label_noise,missing,0.35,0.25,balanced_accuracy,0.390012157988483,0.3183355448388079,0.0716766131496751,0.8191612931391441
SVM,Digits,label_noise,missing,0.35,0.25,macro_f1,0.3904906132597903,0.33458369550775735,0.055906917752032936,0.6389362028803764
SVM,Digits,label_noise,missing,0.35,0.25,mcc,0.7784452019274013,0.6126115907546742,0.1658336111727271,1.8952412705454527
SVM,Digits,label_noise,missing,0.35,0.25,accuracy,0.3680037140204272,0.3514307176447736,0.01657299637565357,0.18940567286461224
SVM,Digits,label_noise,missing,0.35,0.25,balanced_accuracy,0.3679220135915324,0.3183355448388079,0.049586468752724544,0.5667025000311376
SVM,Digits,label_noise,missing,0.35,0.25,macro_f1,0.3683442268990762,0.33458369550775735,0.03376053139131885,0.38583464447221544
SVM,Digits,label_noise,missing,0.35,0.25,mcc,0.7355413600306662,0.6126115907546742,0.12292976927599197,1.4049116488684799
MLP,Digits,label_noise,missing,0.35,0.25,accuracy,0.3859981429897865,0.3647170716933699,0.021281071296416598,0.2432122433876183
MLP,Digits,label_noise,missing,0.35,0.25,balanced_accuracy,0.3903846733952633,0.33566748653656725,0.05471718685869603,0.6253392783850975
MLP,Digits,label_noise,missing,0.35,0.25,macro_f1,0.39121104639849336,0.3560981799692749,0.03511286642921846,0.40128990204821097
MLP,Digits,label_noise,missing,0.35,0.25,mcc,0.7790813453865755,0.6325569534060478,0.1465243919805277,1.6745644797774595
MLP,Digits,label_noise,missing,0.35,0.25,accuracy,0.4076771897245436,0.3647170716933699,0.042960118031173666,0.49097277749912765
MLP,Digits,label_noise,missing,0.35,0.25,balanced_accuracy,0.4078106923199608,0.33566748653656725,0.07214320578339356,0.8244937803816408
MLP,Digits,label_noise,missing,0.35,0.25,macro_f1,0.40878410160370604,0.3560981799692749,0.05268592163443114,0.6021248186792131
MLP,Digits,label_noise,missing,0.35,0.25,mcc,0.8153930915618682,0.6325569534060478,0.18283613815582045,2.089555864637948
GB,Digits,label_noise,missing,0.35,0.25,accuracy,0.4040075312080883,0.3582459859894906,0.04576154521859771,0.5229890882125453
GB,Digits,label_noise,missing,0.35,0.25,balanced_accuracy,0.4081787182285489,0.3378807361255348,0.07029798210301408,0.8034055097487324
GB,Digits,label_noise,missing,0.35,0.25,macro_f1,0.40898596744253646,0.3501110932957396,0.058874874146796874,0.6728557045348215
GB,Digits,label_noise,missing,0.35,0.25,mcc,0.8153086640803205,0.6429888756272463,0.17231978845307427,1.9693690108922774
GB,Digits,label_noise,missing,0.35,0.25,accuracy,0.37728515423501496,0.3582459859894906,0.019039168245524374,0.21759049423456428
GB,Digits,label_noise,missing,0.35,0.25,balanced_accuracy,0.3773044506814397,0.3378807361255348,0.039423714555904876,0.45055673778177
GB,Digits,label_noise,missing,0.35,0.25,macro_f1,0.37768999575683526,0.3501110932957396,0.027578902461095678,0.31518745669823633
GB,Digits,label_noise,missing,0.35,0.25,mcc,0.7543737894747518,0.6429888756272463,0.11138491384750548,1.2729704439714913
LR,Spambase,label_noise,feature_noise,0.15,0.2,accuracy,0.1560540685140599,0.15184002681081504,0.004214041703244853,0.14046805677482843
LR,Spambase,label_noise,feature_noise,0.15,0.2,balanced_accuracy,0.16720853929958657,0.14038580822267988,0.026822731076906692,0.8940910358968898
LR,Spambase,label_noise,feature_noise,0.15,0.2,macro_f1,0.16536269705200157,0.1460005570602709,0.01936213999173067,0.6454046663910223
LR,Spambase,label_noise,feature_noise,0.15,0.2,mcc,0.32106341860760523,0.26678098055503113,0.0542824380525741,1.8094146017524702
LR,Spambase,label_noise,feature_noise,0.15,0.2,accuracy,0.1554023666776818,0.15184002681081504,0.0035623398668667705,0.11874466222889235
LR,Spambase,label_noise,feature_noise,0.15,0.2,balanced_accuracy,0.16552336342263618,0.14038580822267988,0.025137555199956307,0.8379185066652103
LR,Spambase,label_noise,feature_noise,0.15,0.2,macro_f1,0.16389667005147168,0.1460005570602709,0.01789611299120078,0.5965370997066927
LR,Spambase,label_noise,feature_noise,0.15,0.2,mcc,0.31667064935903544,0.26678098055503113,0.049889668804004306,1.6629889601334769
RF,Spambase,label_noise,feature_noise,0.15,0.2,accuracy,0.15648955923775354,0.15683092395469456,-0.0003413647169410172,-0.011378823898033907
RF,Spambase,label_noise,feature_noise,0.15,0.2,balanced_accuracy,0.16497969331276008,0.14532630356131124,0.01965338975144884,0.6551129917149614
RF,Spambase,label_noise,feature_noise,0.15,0.2,macro_f1,0.16439679095149806,0.1517182967128801,0.012678494238617971,0.42261647462059904
RF,Spambase,label_noise,feature_noise,0.15,0.2,mcc,0.3218596804482403,0.2787395470672169,0.04312013338102344,1.437337779367448
RF,Spambase,label_noise,feature_noise,0.15,0.2,accuracy,0.15584045382303413,0.15683092395469456,-0.0009904701316604259,-0.03301567105534753
RF,Spambase,label_noise,feature_noise,0.15,0.2,balanced_accuracy,0.16409247972220586,0.14532630356131124,0.018766176160894626,0.6255392053631542
RF,Spambase,label_noise,feature_noise,0.15,0.2,macro_f1,0.16335627102271044,0.1517182967128801,0.011637974309830351,0.3879324769943451
RF,Spambase,label_noise,feature_noise,0.15,0.2,mcc,0.31754944257944406,0.2787395470672169,0.03880989551222719,1.2936631837409063
XGB,Spambase,label_noise,feature_noise,0.15,0.2,accuracy,0.16597798549151055,0.15944673990445177,0.0065312455870587816,0.21770818623529273
XGB,Spambase,label_noise,feature_noise,0.15,0.2,balanced_accuracy,0.17592797804729854,0.15286173179553506,0.023066246251763484,0.7688748750587828
XGB,Spambase,label_noise,feature_noise,0.15,0.2,macro_f1,0.17359896000146724,0.15685441704278627,0.01674454295868097,0.5581514319560323
XGB,Spambase,label_noise,feature_noise,0.15,0.2,mcc,0.3418721726876316,0.289014087280513,0.052858085407118616,1.7619361802372873
XGB,Spambase,label_noise,feature_noise,0.15,0.2,accuracy,0.16685038316889322,0.15944673990445177,0.007403643264441456,0.24678810881471522
XGB,Spambase,label_noise,feature_noise,0.15,0.2,balanced_accuracy,0.17578787029844023,0.15286173179553506,0.022926138502905175,0.7642046167635058
XGB,Spambase,label_noise,feature_noise,0.15,0.2,macro_f1,0.17361738477170818,0.15685441704278627,0.016762967728921913,0.5587655909640638
XGB,Spambase,label_noise,feature_noise,0.15,0.2,mcc,0.34120488670016735,0.289014087280513,0.05219079941965438,1.7396933139884794
SVM,Spambase,label_noise,feature_noise,0.15,0.2,accuracy,0.14743371256825444,0.14885979738283953,-0.001426084814585088,-0.0475361604861696
SVM,Spambase,label_noise,feature_noise,0.15,0.2,balanced_accuracy,0.15602321984944212,0.13348258421417775,0.022540635635264372,0.7513545211754791
SVM,Spambase,label_noise,feature_noise,0.15,0.2,macro_f1,0.1545503632830686,0.13918482996506143,0.015365533318007163,0.5121844439335721
SVM,Spambase,label_noise,feature_noise,0.15,0.2,mcc,0.3028571588522704,0.25559867495619637,0.04725848389607401,1.5752827965358005
SVM,Spambase,label_noise,feature_noise,0.15,0.2,accuracy,0.14852255739665443,0.14885979738283953,-0.000337239986185095,-0.0112413328728365
SVM,Spambase,label_noise,feature_noise,0.15,0.2,balanced_accuracy,0.15566972766244114,0.13348258421417775,0.02218714344826339,0.7395714482754464
SVM,Spambase,label_noise,feature_noise,0.15,0.2,macro_f1,0.15449968171436468,0.13918482996506143,0.015314851749303249,0.5104950583101083
SVM,Spambase,label_noise,feature_noise,0.15,0.2,mcc,0.3023685902729154,0.25559867495619637,0.046769915316719035,1.558997177223968
MLP,Spambase,label_noise,feature_noise,0.15,0.2,accuracy,0.16047152590914104,0.15511387197107984,0.005357653938061202,0.1785884646020401
MLP,Spambase,label_noise,feature_noise,0.15,0.2,balanced_accuracy,0.16847676559964675,0.1411377254618898,0.027339040137756954,0.9113013379252318
MLP,Spambase,label_noise,feature_noise,0.15,0.2,macro_f1,0.16671459825459045,0.1486701632523474,0.018044435002243064,0.6014811667414355
MLP,Spambase,label_noise,feature_noise,0.15,0.2,mcc,0.32924500260448,0.2678009730541538,0.061444029550326185,2.0481343183442062
MLP,Spambase,label_noise,feature_noise,0.15,0.2,accuracy,0.16090984909282613,0.15511387197107984,0.005795977121746287,0.19319923739154293
MLP,Spambase,label_noise,feature_noise,0.15,0.2,balanced_accuracy,0.1707950898224685,0.1411377254618898,0.029657364360578697,0.98857881201929
MLP,Spambase,label_noise,feature_noise,0.15,0.2,macro_f1,0.1680175379808263,0.1486701632523474,0.019347374728478917,0.6449124909492973
MLP,Spambase,label_noise,feature_noise,0.15,0.2,mcc,0.32869789459717935,0.2678009730541538,0.06089692154302556,2.029897384767519
GB,Spambase,label_noise,feature_noise,0.15,0.2,accuracy,0.1665585611103244,0.15699005505357702,0.009568506056747389,0.31895020189157963
GB,Spambase,label_noise,feature_noise,0.15,0.2,balanced_accuracy,0.17731409278225485,0.1487382329063923,0.028575859875862558,0.952528662528752
GB,Spambase,label_noise,feature_noise,0.15,0.2,macro_f1,0.17497776529413678,0.15311038896831605,0.021867376325820725,0.7289125441940242
GB,Spambase,label_noise,feature_noise,0.15,0.2,mcc,0.3428522215167409,0.2819321909148733,0.06092003060186757,2.0306676867289193
GB,Spambase,label_noise,feature_noise,0.15,0.2,accuracy,0.16569017608459624,0.15699005505357702,0.00870012103101922,0.2900040343673074
GB,Spambase,label_noise,feature_noise,0.15,0.2,balanced_accuracy,0.17464822257469248,0.1487382329063923,0.025909989668300187,0.863666322276673
GB,Spambase,label_noise,feature_noise,0.15,0.2,macro_f1,0.172669200551946,0.15311038896831605,0.01955881158362996,0.6519603861209987
GB,Spambase,label_noise,feature_noise,0.15,0.2,mcc,0.3388020339144522,0.2819321909148733,0.05686984299957887,1.8956614333192956
LR,Bank,label_noise,feature_noise,0.15,0.2,accuracy,0.12353333333333316,0.15184002681081504,-0.02830669347748188,-0.9435564492493961
LR,Bank,label_noise,feature_noise,0.15,0.2,balanced_accuracy,0.07865467231278633,0.14038580822267988,-0.06173113590989354,-2.0577045303297847
LR,Bank,label_noise,feature_noise,0.15,0.2,macro_f1,0.11827707879645222,0.1460005570602709,-0.027723478263818685,-0.9241159421272895
LR,Bank,label_noise,feature_noise,0.15,0.2,mcc,0.16460109584700572,0.26678098055503113,-0.10217988470802541,-3.405996156934181
LR,Bank,label_noise,feature_noise,0.15,0.2,accuracy,0.12533333333333319,0.15184002681081504,-0.026506693477481857,-0.8835564492493952
LR,Bank,label_noise,feature_noise,0.15,0.2,balanced_accuracy,0.09717198472106814,0.14038580822267988,-0.04321382350161174,-1.440460783387058
LR,Bank,label_noise,feature_noise,0.15,0.2,macro_f1,0.1453550109138696,0.1460005570602709,-0.0006455461464013046,-0.02151820488004349
LR,Bank,label_noise,feature_noise,0.15,0.2,mcc,0.21225065312513014,0.26678098055503113,-0.05453032742990099,-1.8176775809966998
RF,Bank,label_noise,feature_noise,0.15,0.2,accuracy,0.13053333333333328,0.15683092395469456,-0.026297590621361278,-0.876586354045376
RF,Bank,label_noise,feature_noise,0.15,0.2,balanced_accuracy,0.06876356000211792,0.14532630356131124,-0.07656274355919332,-2.552091451973111
RF,Bank,label_noise,feature_noise,0.15,0.2,macro_f1,0.12789406997612096,0.1517182967128801,-0.02382422673675913,-0.7941408912253044
RF,Bank,label_noise,feature_noise,0.15,0.2,mcc,0.18603586159271931,0.2787395470672169,-0.09270368547449756,-3.090122849149919
RF,Bank,label_noise,feature_noise,0.15,0.2,accuracy,0.12613333333333332,0.15683092395469456,-0.030697590621361237,-1.0232530207120414
RF,Bank,label_noise,feature_noise,0.15,0.2,balanced_accuracy,0.07931246388770141,0.14532630356131124,-0.06601383967360983,-2.200461322453661
RF,Bank,label_noise,feature_noise,0.15,0.2,macro_f1,0.14685171795510765,0.1517182967128801,-0.004866578757772438,-0.16221929192574797
RF,Bank,label_noise,feature_noise,0.15,0.2,mcc,0.21189687570895469,0.2787395470672169,-0.06684267135826219,-2.2280890452754063
XGB,Bank,label_noise,feature_noise,0.15,0.2,accuracy,0.1305333333333334,0.15944673990445177,-0.028913406571118377,-0.9637802190372793
XGB,Bank,label_noise,feature_noise,0.15,0.2,balanced_accuracy,0.10571779466074727,0.15286173179553506,-0.04714393713478779,-1.571464571159593
XGB,Bank,label_noise,feature_noise,0.15,0.2,macro_f1,0.14122231936179275,0.15685441704278627,-0.015632097680993523,-0.5210699226997841
XGB,Bank,label_noise,feature_noise,0.15,0.2,mcc,0.21394040884178883,0.289014087280513,-0.07507367843872415,-2.5024559479574715
XGB,Bank,label_noise,feature_noise,0.15,0.2,accuracy,0.1263333333333332,0.15944673990445177,-0.03311340657111858,-1.103780219037286
XGB,Bank,label_noise,feature_noise,0.15,0.2,balanced_accuracy,0.1139977596984586,0.15286173179553506,-0.038863972097076455,-1.2954657365692153
XGB,Bank,label_noise,feature_noise,0.15,0.2,macro_f1,0.15253398225566883,0.15685441704278627,-0.004320434787117439,-0.14401449290391463
XGB,Bank,label_noise,feature_noise,0.15,0.2,mcc,0.22948063756859483,0.289014087280513,-0.05953344971191815,-1.9844483237306052
SVM,Bank,label_noise,feature_noise,0.15,0.2,accuracy,0.12419999999999987,0.14885979738283953,-0.02465979738283966,-0.8219932460946554
SVM,Bank,label_noise,feature_noise,0.15,0.2,balanced_accuracy,0.05297782271049667,0.13348258421417775,-0.08050476150368108,-2.6834920501227026
SVM,Bank,label_noise,feature_noise,0.15,0.2,macro_f1,0.10557379764017705,0.13918482996506143,-0.03361103232488438,-1.1203677441628128
SVM,Bank,label_noise,feature_noise,0.15,0.2,mcc,0.1350948075093784,0.25559867495619637,-0.12050386744681796,-4.016795581560599
SVM,Bank,label_noise,feature_noise,0.15,0.2,accuracy,0.12219999999999998,0.14885979738283953,-0.02665979738283955,-0.8886599127613184
SVM,Bank,label_noise,feature_noise,0.15,0.2,balanced_accuracy,0.05763456149176338,0.13348258421417775,-0.07584802272241437,-2.5282674240804788
SVM,Bank,label_noise,feature_noise,0.15,0.2,macro_f1,0.10989690518228623,0.13918482996506143,-0.0292879247827752,-0.97626415942584
SVM,Bank,label_noise,feature_noise,0.15,0.2,mcc,0.1587089060876443,0.25559867495619637,-0.09688976886855208,-3.2296589622850695
MLP,Bank,label_noise,feature_noise,0.15,0.2,accuracy,0.12519999999999998,0.15511387197107984,-0.029913871971079864,-0.9971290657026621
MLP,Bank,label_noise,feature_noise,0.15,0.2,balanced_accuracy,0.07630532217355823,0.1411377254618898,-0.06483240328833156,-2.1610801096110523
MLP,Bank,label_noise,feature_noise,0.15,0.2,macro_f1,0.12569402219266412,0.1486701632523474,-0.022976141059683264,-0.7658713686561088
MLP,Bank,label_noise,feature_noise,0.15,0.2,mcc,0.18031916481137633,0.2678009730541538,-0.08748180824277746,-2.9160602747592486
MLP,Bank,label_noise,feature_noise,0.15,0.2,accuracy,0.12480000000000002,0.15511387197107984,-0.03031387197107982,-1.010462399035994
MLP,Bank,label_noise,feature_noise,0.15,0.2,balanced_accuracy,0.06938301020235838,0.1411377254618898,-0.07175471525953142,-2.391823841984381
MLP,Bank,label_noise,feature_noise,0.15,0.2,macro_f1,0.10524196198835567,0.1486701632523474,-0.04342820126399172,-1.447606708799724
MLP,Bank,label_noise,feature_noise,0.15,0.2,mcc,0.1642075974532734,0.2678009730541538,-0.10359337560088039,-3.453112520029346
GB,Bank,label_noise,feature_noise,0.15,0.2,accuracy,0.13180000000000003,0.15699005505357702,-0.025190055053576993,-0.8396685017858998
GB,Bank,label_noise,feature_noise,0.15,0.2,balanced_accuracy,0.10861898799016811,0.1487382329063923,-0.04011924491622418,-1.3373081638741393
GB,Bank,label_noise,feature_noise,0.15,0.2,macro_f1,0.14252936776035574,0.15311038896831605,-0.010581021207960312,-0.3527007069320104
GB,Bank,label_noise,feature_noise,0.15,0.2,mcc,0.21979973484810003,0.2819321909148733,-0.062132456066773284,-2.071081868892443
GB,Bank,label_noise,feature_noise,0.15,0.2,accuracy,0.12380000000000002,0.15699005505357702,-0.033190055053577,-1.1063351684525666
GB,Bank,label_noise,feature_noise,0.15,0.2,balanced_accuracy,0.11169997219118022,0.1487382329063923,-0.037038260715212074,-1.2346086905070692
GB,Bank,label_noise,feature_noise,0.15,0.2,macro_f1,0.14646331180732497,0.15311038896831605,-0.006647077160991083,-0.22156923869970277
GB,Bank,label_noise,feature_noise,0.15,0.2,mcc,0.21893509721554583,0.2819321909148733,-0.06299709369932749,-2.0999031233109164
LR,Wine,label_noise,feature_noise,0.15,0.2,accuracy,0.221164021164021,0.15184002681081504,0.06932399435320596,2.310799811773532
LR,Wine,label_noise,feature_noise,0.15,0.2,balanced_accuracy,0.21805478472145146,0.14038580822267988,0.07766897649877158,2.5889658832923863
LR,Wine,label_noise,feature_noise,0.15,0.2,macro_f1,0.218160528372905,0.1460005570602709,0.0721599713126341,2.4053323770878037
LR,Wine,label_noise,feature_noise,0.15,0.2,mcc,0.3294180582440578,0.26678098055503113,0.06263707768902665,2.087902589634222
LR,Wine,label_noise,feature_noise,0.15,0.2,accuracy,0.1875132275132273,0.15184002681081504,0.035673200702412255,1.1891066900804086
LR,Wine,label_noise,feature_noise,0.15,0.2,balanced_accuracy,0.19025369692036354,0.14038580822267988,0.04986788869768366,1.6622629565894553
LR,Wine,label_noise,feature_noise,0.15,0.2,macro_f1,0.19137501826474046,0.1460005570602709,0.04537446120446956,1.5124820401489854
LR,Wine,label_noise,feature_noise,0.15,0.2,mcc,0.2774830220610003,0.26678098055503113,0.010702041505969151,0.3567347168656384
RF,Wine,label_noise,feature_noise,0.15,0.2,accuracy,0.15761904761904766,0.15683092395469456,0.000788123664353102,0.026270788811770068
RF,Wine,label_noise,feature_noise,0.15,0.2,balanced_accuracy,0.16028268028268033,0.14532630356131124,0.014956376721369097,0.49854589071230326
RF,Wine,label_noise,feature_noise,0.15,0.2,macro_f1,0.15699852768451805,0.1517182967128801,0.005280230971637961,0.17600769905459873
RF,Wine,label_noise,feature_noise,0.15,0.2,mcc,0.2363705014873655,0.2787395470672169,-0.04236904557985138,-1.4123015193283794
RF,Wine,label_noise,feature_noise,0.15,0.2,accuracy,0.14095238095238105,0.15683092395469456,-0.015878543002313505,-0.5292847667437836
RF,Wine,label_noise,feature_noise,0.15,0.2,balanced_accuracy,0.1478551078551078,0.14532630356131124,0.002528804293796566,0.08429347645988554
RF,Wine,label_noise,feature_noise,0.15,0.2,macro_f1,0.14637754813318016,0.1517182967128801,-0.005340748579699933,-0.17802495265666446
RF,Wine,label_noise,feature_noise,0.15,0.2,mcc,0.20848284082047097,0.2787395470672169,-0.0702567062467459,-2.3418902082248634
XGB,Wine,label_noise,feature_noise,0.15,0.2,accuracy,0.16507936507936494,0.15944673990445177,0.0056326251749131695,0.18775417249710566
XGB,Wine,label_noise,feature_noise,0.15,0.2,balanced_accuracy,0.16653889320556003,0.15286173179553506,0.01367716141002498,0.455905380334166
XGB,Wine,label_noise,feature_noise,0.15,0.2,macro_f1,0.16490222661857679,0.15685441704278627,0.008047809575790515,0.2682603191930172
XGB,Wine,label_noise,feature_noise,0.15,0.2,mcc,0.24626712921891214,0.289014087280513,-0.04274695806160084,-1.4248986020533614
XGB,Wine,label_noise,feature_noise,0.15,0.2,accuracy,0.15968253968253965,0.15944673990445177,0.00023579977808788066,0.007859992602929355
XGB,Wine,label_noise,feature_noise,0.15,0.2,balanced_accuracy,0.16256397923064592,0.15286173179553506,0.009702247435110861,0.3234082478370287
XGB,Wine,label_noise,feature_noise,0.15,0.2,macro_f1,0.16520281802195125,0.15685441704278627,0.008348400979164977,0.2782800326388326
XGB,Wine,label_noise,feature_noise,0.15,0.2,mcc,0.23727414668913704,0.289014087280513,-0.05173994059137593,-1.724664686379198
SVM,Wine,label_noise,feature_noise,0.15,0.2,accuracy,0.16333333333333322,0.14885979738283953,0.014473535950493693,0.4824511983497898
SVM,Wine,label_noise,feature_noise,0.15,0.2,balanced_accuracy,0.1638092771426105,0.13348258421417775,0.030326692928432764,1.0108897642810921
SVM,Wine,label_noise,feature_noise,0.15,0.2,macro_f1,0.1634439232129581,0.13918482996506143,0.024259093247896657,0.8086364415965552
SVM,Wine,label_noise,feature_noise,0.15,0.2,mcc,0.24427583042793755,0.25559867495619637,-0.011322844528258824,-0.3774281509419608
SVM,Wine,label_noise,feature_noise,0.15,0.2,accuracy,0.15206349206349212,0.14885979738283953,0.0032036946806525968,0.1067898226884199
SVM,Wine,label_noise,feature_noise,0.15,0.2,balanced_accuracy,0.15513350846684193,0.13348258421417775,0.021650924252664183,0.7216974750888061
SVM,Wine,label_noise,feature_noise,0.15,0.2,macro_f1,0.15866072945756637,0.13918482996506143,0.019475899492504944,0.6491966497501649
SVM,Wine,label_noise,feature_noise,0.15,0.2,mcc,0.22340534466416473,0.25559867495619637,-0.03219333029203164,-1.073111009734388
MLP,Wine,label_noise,feature_noise,0.15,0.2,accuracy,0.15582010582010575,0.15511387197107984,0.0007062338490259057,0.023541128300863523
MLP,Wine,label_noise,feature_noise,0.15,0.2,balanced_accuracy,0.16027935027935047,0.1411377254618898,0.01914162481746068,0.6380541605820227
MLP,Wine,label_noise,feature_noise,0.15,0.2,macro_f1,0.15501396287671232,0.1486701632523474,0.006343799624364932,0.21145998747883107
MLP,Wine,label_noise,feature_noise,0.15,0.2,mcc,0.23665562127228323,0.2678009730541538,-0.031145351781870556,-1.0381783927290187
MLP,Wine,label_noise,feature_noise,0.15,0.2,accuracy,0.15010582010582008,0.15511387197107984,-0.005008051865259766,-0.16693506217532555
MLP,Wine,label_noise,feature_noise,0.15,0.2,balanced_accuracy,0.15042587042587052,0.1411377254618898,0.009288144963980727,0.3096048321326909
MLP,Wine,label_noise,feature_noise,0.15,0.2,macro_f1,0.1486766480784547,0.1486701632523474,6.484826107322483e-06,0.0002161608702440828
MLP,Wine,label_noise,feature_noise,0.15,0.2,mcc,0.22427360153851028,0.2678009730541538,-0.04352737151564351,-1.4509123838547837
GB,Wine,label_noise,feature_noise,0.15,0.2,accuracy,0.1780952380952382,0.15699005505357702,0.021105183041661174,0.7035061013887058
GB,Wine,label_noise,feature_noise,0.15,0.2,balanced_accuracy,0.17407049740383074,0.1487382329063923,0.025332264497438445,0.8444088165812815
GB,Wine,label_noise,feature_noise,0.15,0.2,macro_f1,0.17751536765966058,0.15311038896831605,0.02440497869134453,0.8134992897114844
GB,Wine,label_noise,feature_noise,0.15,0.2,mcc,0.26781746025442654,0.2819321909148733,-0.014114730660446773,-0.47049102201489246
GB,Wine,label_noise,feature_noise,0.15,0.2,accuracy,0.13920634920634922,0.15699005505357702,-0.0177837058472278,-0.5927901949075933
GB,Wine,label_noise,feature_noise,0.15,0.2,balanced_accuracy,0.1384217017550351,0.1487382329063923,-0.010316531151357194,-0.3438843717119065
GB,Wine,label_noise,feature_noise,0.15,0.2,macro_f1,0.14514386531009116,0.15311038896831605,-0.007966523658224894,-0.2655507886074965
GB,Wine,label_noise,feature_noise,0.15,0.2,mcc,0.20630877147634563,0.2819321909148733,-0.07562341943852768,-2.520780647950923
LR,BreastCancer,label_noise,feature_noise,0.15,0.2,accuracy,0.18456761372457697,0.15184002681081504,0.03272758691376193,1.0909195637920643
LR,BreastCancer,label_noise,feature_noise,0.15,0.2,balanced_accuracy,0.19928367035258088,0.14038580822267988,0.058897862129901,1.9632620709967001
LR,BreastCancer,label_noise,feature_noise,0.15,0.2,macro_f1,0.19627710530236564,0.1460005570602709,0.05027654824209474,1.675884941403158
LR,BreastCancer,label_noise,feature_noise,0.15,0.2,mcc,0.3854246428478816,0.26678098055503113,0.11864366229285045,3.954788743095015
LR,BreastCancer,label_noise,feature_noise,0.15,0.2,accuracy,0.15832945194845527,0.15184002681081504,0.006489425137640226,0.2163141712546742
LR,BreastCancer,label_noise,feature_noise,0.15,0.2,balanced_accuracy,0.1750998877365756,0.14038580822267988,0.03471407951389571,1.1571359837965238
LR,BreastCancer,label_noise,feature_noise,0.15,0.2,macro_f1,0.17093004785510368,0.1460005570602709,0.02492949079483278,0.8309830264944261
LR,BreastCancer,label_noise,feature_noise,0.15,0.2,mcc,0.3310532537044383,0.26678098055503113,0.06427227314940714,2.142409104980238
RF,BreastCancer,label_noise,feature_noise,0.15,0.2,accuracy,0.1792527040314652,0.15683092395469456,0.022421780076770648,0.7473926692256883
RF,BreastCancer,label_noise,feature_noise,0.15,0.2,balanced_accuracy,0.187231501815031,0.14532630356131124,0.04190519825371977,1.3968399417906592
RF,BreastCancer,label_noise,feature_noise,0.15,0.2,macro_f1,0.18666499910035694,0.1517182967128801,0.03494670238747685,1.1648900795825619
RF,BreastCancer,label_noise,feature_noise,0.15,0.2,mcc,0.37124808406774856,0.2787395470672169,0.09250853700053169,3.083617900017723
RF,BreastCancer,label_noise,feature_noise,0.15,0.2,accuracy,0.14071831496144505,0.15683092395469456,-0.01611260899324951,-0.5370869664416504
RF,BreastCancer,label_noise,feature_noise,0.15,0.2,balanced_accuracy,0.15504087417291834,0.14532630356131124,0.009714570611607104,0.32381902038690347
RF,BreastCancer,label_noise,feature_noise,0.15,0.2,macro_f1,0.15043969934588564,0.1517182967128801,-0.001278597366994455,-0.0426199122331485
RF,BreastCancer,label_noise,feature_noise,0.15,0.2,mcc,0.29455345686429757,0.2787395470672169,0.015813909797080694,0.5271303265693565
XGB,BreastCancer,label_noise,feature_noise,0.15,0.2,accuracy,0.1886715313357139,0.15944673990445177,0.029224791431262137,0.9741597143754046
XGB,BreastCancer,label_noise,feature_noise,0.15,0.2,balanced_accuracy,0.1978766003401785,0.15286173179553506,0.045014868544643455,1.500495618154782
XGB,BreastCancer,label_noise,feature_noise,0.15,0.2,macro_f1,0.19745042579302186,0.15685441704278627,0.040596008750235585,1.3532002916745196
XGB,BreastCancer,label_noise,feature_noise,0.15,0.2,mcc,0.39294790879898,0.289014087280513,0.10393382151846703,3.4644607172822344
XGB,BreastCancer,label_noise,feature_noise,0.15,0.2,accuracy,0.16768100191481639,0.15944673990445177,0.008234262010364618,0.2744754003454873
XGB,BreastCancer,label_noise,feature_noise,0.15,0.2,balanced_accuracy,0.17920940684149145,0.15286173179553506,0.026347675045956392,0.8782558348652131
XGB,BreastCancer,label_noise,feature_noise,0.15,0.2,macro_f1,0.178044941521457,0.15685441704278627,0.02119052447867073,0.706350815955691
XGB,BreastCancer,label_noise,feature_noise,0.15,0.2,mcc,0.3499815710761215,0.289014087280513,0.06096748379560851,2.032249459853617
SVM,BreastCancer,label_noise,feature_noise,0.15,0.2,accuracy,0.16170366920250479,0.14885979738283953,0.012843871819665259,0.42812906065550865
SVM,BreastCancer,label_noise,feature_noise,0.15,0.2,balanced_accuracy,0.1764203140327354,0.13348258421417775,0.042937729818557646,1.4312576606185883
SVM,BreastCancer,label_noise,feature_noise,0.15,0.2,macro_f1,0.17189897737051274,0.13918482996506143,0.03271414740545131,1.0904715801817104
SVM,BreastCancer,label_noise,feature_noise,0.15,0.2,mcc,0.33629874839858487,0.25559867495619637,0.0807000734423885,2.6900024480796167
SVM,BreastCancer,label_noise,feature_noise,0.15,0.2,accuracy,0.1548103296589558,0.14885979738283953,0.005950532276116277,0.19835107587054257
SVM,BreastCancer,label_noise,feature_noise,0.15,0.2,balanced_accuracy,0.17119257559589984,0.13348258421417775,0.0377099913817221,1.25699971272407
SVM,BreastCancer,label_noise,feature_noise,0.15,0.2,macro_f1,0.1661872454761154,0.13918482996506143,0.02700241551105398,0.9000805170351327
SVM,BreastCancer,label_noise,feature_noise,0.15,0.2,mcc,0.32304539447193426,0.25559867495619637,0.06744671951573789,2.2482239838579297
MLP,BreastCancer,label_noise,feature_noise,0.15,0.2,accuracy,0.16455519329296686,0.15511387197107984,0.00944132132188702,0.31471071072956736
MLP,BreastCancer,label_noise,feature_noise,0.15,0.2,balanced_accuracy,0.1691675438834639,0.1411377254618898,0.028029818421574093,0.9343272807191365
MLP,BreastCancer,label_noise,feature_noise,0.15,0.2,macro_f1,0.17082577212929917,0.1486701632523474,0.022155608876951782,0.7385202958983927
MLP,BreastCancer,label_noise,feature_noise,0.15,0.2,mcc,0.33997557312581705,0.2678009730541538,0.07217460007166326,2.4058200023887757
MLP,BreastCancer,label_noise,feature_noise,0.15,0.2,accuracy,0.1664648346530041,0.15511387197107984,0.01135096268192426,0.37836542273080864
MLP,BreastCancer,label_noise,feature_noise,0.15,0.2,balanced_accuracy,0.17254104206703047,0.1411377254618898,0.031403316605140674,1.0467772201713559
MLP,BreastCancer,label_noise,feature_noise,0.15,0.2,macro_f1,0.17322358402115867,0.1486701632523474,0.024553420768811285,0.8184473589603762
MLP,BreastCancer,label_noise,feature_noise,0.15,0.2,mcc,0.34387273809627816,0.2678009730541538,0.07607176504212437,2.535725501404146
GB,BreastCancer,label_noise,feature_noise,0.15,0.2,accuracy,0.1915127050665012,0.15699005505357702,0.03452265001292418,1.150755000430806
GB,BreastCancer,label_noise,feature_noise,0.15,0.2,balanced_accuracy,0.2021738527424819,0.1487382329063923,0.053435619836089604,1.7811873278696535
GB,BreastCancer,label_noise,feature_noise,0.15,0.2,macro_f1,0.200993657225067,0.15311038896831605,0.04788326825675096,1.5961089418916987
GB,BreastCancer,label_noise,feature_noise,0.15,0.2,mcc,0.3988962256492081,0.2819321909148733,0.11696403473433481,3.8988011578111603
GB,BreastCancer,label_noise,feature_noise,0.15,0.2,accuracy,0.16181234797909239,0.15699005505357702,0.004822292925515365,0.16074309751717883
GB,BreastCancer,label_noise,feature_noise,0.15,0.2,balanced_accuracy,0.17359599057051,0.1487382329063923,0.024857757664117713,0.8285919221372572
GB,BreastCancer,label_noise,feature_noise,0.15,0.2,macro_f1,0.1713111570444268,0.15311038896831605,0.018200768076110735,0.6066922692036912
GB,BreastCancer,label_noise,feature_noise,0.15,0.2,mcc,0.3383462042472196,0.2819321909148733,0.0564140133323463,1.88046711107821
LR,Digits,label_noise,feature_noise,0.15,0.2,accuracy,0.1749226245744352,0.15184002681081504,0.02308259776362015,0.7694199254540051
LR,Digits,label_noise,feature_noise,0.15,0.2,balanced_accuracy,0.1755905725176531,0.14038580822267988,0.03520476429497321,1.1734921431657739
LR,Digits,label_noise,feature_noise,0.15,0.2,macro_f1,0.175566857763637,0.1460005570602709,0.029566300703366105,0.9855433567788702
LR,Digits,label_noise,feature_noise,0.15,0.2,mcc,0.35065253824570713,0.26678098055503113,0.083871557690676,2.7957185896892
LR,Digits,label_noise,feature_noise,0.15,0.2,accuracy,0.1220612813370473,0.15184002681081504,-0.029778745473767743,-0.9926248491255915
LR,Digits,label_noise,feature_noise,0.15,0.2,balanced_accuracy,0.12223485111468624,0.14038580822267988,-0.018150957107993637,-0.605031903599788
LR,Digits,label_noise,feature_noise,0.15,0.2,macro_f1,0.1222346965682688,0.1460005570602709,-0.023765860492002105,-0.7921953497334036
LR,Digits,label_noise,feature_noise,0.15,0.2,mcc,0.24412165600389113,0.26678098055503113,-0.022659324551140003,-0.7553108183713335
RF,Digits,label_noise,feature_noise,0.15,0.2,accuracy,0.17920045393583006,0.15683092395469456,0.022369529981135505,0.7456509993711835
RF,Digits,label_noise,feature_noise,0.15,0.2,balanced_accuracy,0.17912113559745324,0.14532630356131124,0.033794832036142,1.1264944012047335
RF,Digits,label_noise,feature_noise,0.15,0.2,macro_f1,0.17937351935709844,0.1517182967128801,0.027655222644218352,0.9218407548072785
RF,Digits,label_noise,feature_noise,0.15,0.2,mcc,0.358240588097383,0.2787395470672169,0.07950104103016614,2.6500347010055383
RF,Digits,label_noise,feature_noise,0.15,0.2,accuracy,0.15804756009491394,0.15683092395469456,0.0012166361402193848,0.04055453800731283
RF,Digits,label_noise,feature_noise,0.15,0.2,balanced_accuracy,0.15810916897855132,0.14532630356131124,0.01278286541724008,0.4260955139080027
RF,Digits,label_noise,feature_noise,0.15,0.2,macro_f1,0.15813445883353705,0.1517182967128801,0.00641616212065696,0.21387207068856534
RF,Digits,label_noise,feature_noise,0.15,0.2,mcc,0.3159722051794286,0.2787395470672169,0.037232658112211714,1.2410886037403905
XGB,Digits,label_noise,feature_noise,0.15,0.2,accuracy,0.19050087692148976,0.15944673990445177,0.03105413701703799,1.035137900567933
XGB,Digits,label_noise,feature_noise,0.15,0.2,balanced_accuracy,0.19072287670439458,0.15286173179553506,0.03786114490885953,1.262038163628651
XGB,Digits,label_noise,feature_noise,0.15,0.2,macro_f1,0.19090073343753333,0.15685441704278627,0.03404631639474706,1.1348772131582354
XGB,Digits,label_noise,feature_noise,0.15,0.2,mcc,0.3807423068688519,0.289014087280513,0.09172821958833893,3.057607319611298
XGB,Digits,label_noise,feature_noise,0.15,0.2,accuracy,0.17548075931084284,0.15944673990445177,0.01603401940639107,0.534467313546369
XGB,Digits,label_noise,feature_noise,0.15,0.2,balanced_accuracy,0.1754374953008424,0.15286173179553506,0.02257576350530735,0.7525254501769117
XGB,Digits,label_noise,feature_noise,0.15,0.2,macro_f1,0.17554834318303514,0.15685441704278627,0.018693926140248868,0.6231308713416289
XGB,Digits,label_noise,feature_noise,0.15,0.2,mcc,0.3507354648341847,0.289014087280513,0.06172137755367174,2.057379251789058
SVM,Digits,label_noise,feature_noise,0.15,0.2,accuracy,0.16157536366450032,0.14885979738283953,0.01271556628166079,0.423852209388693
SVM,Digits,label_noise,feature_noise,0.15,0.2,balanced_accuracy,0.1613063791305609,0.13348258421417775,0.02782379491638315,0.927459830546105
SVM,Digits,label_noise,feature_noise,0.15,0.2,macro_f1,0.16171406971024227,0.13918482996506143,0.02252923974518084,0.7509746581726947
SVM,Digits,label_noise,feature_noise,0.15,0.2,mcc,0.3225344686275521,0.25559867495619637,0.06693579367135571,2.231193122378524
SVM,Digits,label_noise,feature_noise,0.15,0.2,accuracy,0.14655679356236462,0.14885979738283953,-0.002303003820474908,-0.07676679401583028
SVM,Digits,label_noise,feature_noise,0.15,0.2,balanced_accuracy,0.14654252558058145,0.13348258421417775,0.013059941366403705,0.4353313788801235
SVM,Digits,label_noise,feature_noise,0.15,0.2,macro_f1,0.14660761088922036,0.13918482996506143,0.007422780924158934,0.2474260308052978
SVM,Digits,label_noise,feature_noise,0.15,0.2,mcc,0.2929272591381329,0.25559867495619637,0.03732858418193652,1.2442861393978841
MLP,Digits,label_noise,feature_noise,0.15,0.2,accuracy,0.18457134014237087,0.15511387197107984,0.029457468171291024,0.9819156057097008
MLP,Digits,label_noise,feature_noise,0.15,0.2,balanced_accuracy,0.18459218698645086,0.1411377254618898,0.04345446152456106,1.4484820508187022
MLP,Digits,label_noise,feature_noise,0.15,0.2,macro_f1,0.1848105798651669,0.1486701632523474,0.036140416612819526,1.2046805537606509
MLP,Digits,label_noise,feature_noise,0.15,0.2,mcc,0.36902282320478685,0.2678009730541538,0.10122185015063306,3.3740616716877687
MLP,Digits,label_noise,feature_noise,0.15,0.2,accuracy,0.1623243577839678,0.15511387197107984,0.007210485812887968,0.2403495270962656
MLP,Digits,label_noise,feature_noise,0.15,0.2,balanced_accuracy,0.1623741276781745,0.1411377254618898,0.0212364022162847,0.7078800738761567
MLP,Digits,label_noise,feature_noise,0.15,0.2,macro_f1,0.16241942510292007,0.1486701632523474,0.01374926185057268,0.4583087283524227
MLP,Digits,label_noise,feature_noise,0.15,0.2,mcc,0.32446932651649385,0.2678009730541538,0.05666835346234006,1.8889451154113355
GB,Digits,label_noise,feature_noise,0.15,0.2,accuracy,0.202014340245538,0.15699005505357702,0.04502428519196097,1.500809506398699
GB,Digits,label_noise,feature_noise,0.15,0.2,balanced_accuracy,0.2024304056205143,0.1487382329063923,0.053692172714121994,1.789739090470733
GB,Digits,label_noise,feature_noise,0.15,0.2,macro_f1,0.20239281083012028,0.15311038896831605,0.04928242186180423,1.6427473953934744
GB,Digits,label_noise,feature_noise,0.15,0.2,mcc,0.4045834491913891,0.2819321909148733,0.1226512582765158,4.08837527588386
GB,Digits,label_noise,feature_noise,0.15,0.2,accuracy,0.18030743835757768,0.15699005505357702,0.023317383304000655,0.7772461101333552
GB,Digits,label_noise,feature_noise,0.15,0.2,balanced_accuracy,0.1802577855019044,0.1487382329063923,0.03151955259551212,1.0506517531837374
GB,Digits,label_noise,feature_noise,0.15,0.2,macro_f1,0.18039536358730124,0.15311038896831605,0.027284974618985186,0.9094991539661729
GB,Digits,label_noise,feature_noise,0.15,0.2,mcc,0.3602682789987669,0.2819321909148733,0.07833608808389358,2.611202936129786
LR,Spambase,label_noise,feature_noise,0.15,0.45,accuracy,0.1693130497726163,0.16905858801718432,0.00025446175543197835,0.003769803784177457
LR,Spambase,label_noise,feature_noise,0.15,0.45,balanced_accuracy,0.18160455272307874,0.15945784625835752,0.022146706464721222,0.328099355032907
LR,Spambase,label_noise,feature_noise,0.15,0.45,macro_f1,0.18000143878612118,0.16505077427057765,0.014950664515543527,0.22149132615620037
LR,Spambase,label_noise,feature_noise,0.15,0.45,mcc,0.3492908186051749,0.30274307881400464,0.04654773979117027,0.6895961450543744
LR,Spambase,label_noise,feature_noise,0.15,0.45,accuracy,0.17061668948370545,0.16905858801718432,0.0015581014665211335,0.023082984689201974
LR,Spambase,label_noise,feature_noise,0.15,0.45,balanced_accuracy,0.18100590009009565,0.15945784625835752,0.021548053831738134,0.31923042713686123
LR,Spambase,label_noise,feature_noise,0.15,0.45,macro_f1,0.17991337632686155,0.16505077427057765,0.014862602056283897,0.22018669713013178
LR,Spambase,label_noise,feature_noise,0.15,0.45,mcc,0.34888773183557936,0.30274307881400464,0.04614465302157472,0.6836244892085144
RF,Spambase,label_noise,feature_noise,0.15,0.45,accuracy,0.17887519866559654,0.173474689457699,0.00540050920789753,0.08000754382070414
RF,Spambase,label_noise,feature_noise,0.15,0.45,balanced_accuracy,0.191334388244915,0.16767646734362607,0.02365792090128893,0.3504877170561323
RF,Spambase,label_noise,feature_noise,0.15,0.45,macro_f1,0.19056370626562646,0.17492994178852478,0.015633764477101686,0.23161132558669162
RF,Spambase,label_noise,feature_noise,0.15,0.45,mcc,0.36903643167692013,0.3193955758180662,0.049640855858853916,0.7354200867978358
RF,Spambase,label_noise,feature_noise,0.15,0.45,accuracy,0.1782258572125447,0.173474689457699,0.0047511677548456865,0.07038767044215831
RF,Spambase,label_noise,feature_noise,0.15,0.45,balanced_accuracy,0.1889896438375922,0.16767646734362607,0.021313176493966135,0.31575076287357234
RF,Spambase,label_noise,feature_noise,0.15,0.45,macro_f1,0.18857478712530384,0.17492994178852478,0.013644845336779066,0.20214585684117134
RF,Spambase,label_noise,feature_noise,0.15,0.45,mcc,0.36421069830886865,0.3193955758180662,0.04481512249080244,0.6639277406044806
XGB,Spambase,label_noise,feature_noise,0.15,0.45,accuracy,0.19162449448457075,0.17522983178455945,0.016394662700011303,0.24288389185201928
XGB,Spambase,label_noise,feature_noise,0.15,0.45,balanced_accuracy,0.20453899303564427,0.17525454342051539,0.029284449615128882,0.43384369800190936
XGB,Spambase,label_noise,feature_noise,0.15,0.45,macro_f1,0.2022029093665847,0.17880629947845927,0.02339660988812542,0.34661644278704323
XGB,Spambase,label_noise,feature_noise,0.15,0.45,mcc,0.39602019266593197,0.32928471271344145,0.06673547995249052,0.9886737770739336
XGB,Spambase,label_noise,feature_noise,0.15,0.45,accuracy,0.1903260476167995,0.17522983178455945,0.01509621583224005,0.22364764195911185
XGB,Spambase,label_noise,feature_noise,0.15,0.45,balanced_accuracy,0.20196210485398913,0.17525454342051539,0.026707561433473748,0.39566757679220366
XGB,Spambase,label_noise,feature_noise,0.15,0.45,macro_f1,0.19976501096305588,0.17880629947845927,0.020958711484596604,0.31049942940143116
XGB,Spambase,label_noise,feature_noise,0.15,0.45,mcc,0.3907506811937669,0.32928471271344145,0.06146596848032543,0.9106069404492655
SVM,Spambase,label_noise,feature_noise,0.15,0.45,accuracy,0.164386929770728,0.15949533641191654,0.004891593358811452,0.07246804976016966
SVM,Spambase,label_noise,feature_noise,0.15,0.45,balanced_accuracy,0.17438359221035737,0.1458152020493666,0.028568390160990775,0.4232354097924559
SVM,Spambase,label_noise,feature_noise,0.15,0.45,macro_f1,0.17307560202601224,0.1513315505449843,0.021744051481027954,0.3221340960152289
SVM,Spambase,label_noise,feature_noise,0.15,0.45,mcc,0.33878402496844595,0.27760114800805186,0.061182876960394095,0.9064129920058384
SVM,Spambase,label_noise,feature_noise,0.15,0.45,accuracy,0.16547601063746087,0.15949533641191654,0.005980674225544325,0.08860258111917517
SVM,Spambase,label_noise,feature_noise,0.15,0.45,balanced_accuracy,0.17505152734769525,0.1458152020493666,0.029236325298328647,0.4331307451604244
SVM,Spambase,label_noise,feature_noise,0.15,0.45,macro_f1,0.17378208003309426,0.1513315505449843,0.022450529488109966,0.33260043686088836
SVM,Spambase,label_noise,feature_noise,0.15,0.45,mcc,0.33797018491565567,0.27760114800805186,0.06036903690760381,0.8943561023348713
MLP,Spambase,label_noise,feature_noise,0.15,0.45,accuracy,0.1900341468787865,0.17072081960248287,0.019313327276303638,0.28612336705635016
MLP,Spambase,label_noise,feature_noise,0.15,0.45,balanced_accuracy,0.20257714730009801,0.15815589557086918,0.04442125172922884,0.6580926182107976
MLP,Spambase,label_noise,feature_noise,0.15,0.45,macro_f1,0.2004897313350119,0.16549458930122124,0.03499514203379067,0.5184465486487506
MLP,Spambase,label_noise,feature_noise,0.15,0.45,mcc,0.39300013433864395,0.29908790031381166,0.09391223402483229,1.3912923559234411
MLP,Spambase,label_noise,feature_noise,0.15,0.45,accuracy,0.17895096697036939,0.17072081960248287,0.00823014736788652,0.12192810915387436
MLP,Spambase,label_noise,feature_noise,0.15,0.45,balanced_accuracy,0.18995276086443258,0.15815589557086918,0.0317968652935634,0.4710646710157541
MLP,Spambase,label_noise,feature_noise,0.15,0.45,macro_f1,0.1873449281938594,0.16549458930122124,0.021850338892638155,0.32370872433538006
MLP,Spambase,label_noise,feature_noise,0.15,0.45,mcc,0.3668035442386566,0.29908790031381166,0.06771564392484491,1.0031947248125173
GB,Spambase,label_noise,feature_noise,0.15,0.45,accuracy,0.18720601425671535,0.17315061169445847,0.014055402562256875,0.20822818610750923
GB,Spambase,label_noise,feature_noise,0.15,0.45,balanced_accuracy,0.199990573624523,0.1695700146162858,0.030420559008237202,0.45067494827018073
GB,Spambase,label_noise,feature_noise,0.15,0.45,macro_f1,0.19777192998347282,0.1735523661033467,0.02421956388012611,0.35880835377964604
GB,Spambase,label_noise,feature_noise,0.15,0.45,mcc,0.3869272046922788,0.31946390588877593,0.06746329880350288,0.999456278570413
GB,Spambase,label_noise,feature_noise,0.15,0.45,accuracy,0.18873011377047633,0.17315061169445847,0.015579502076017854,0.23080743816322744
GB,Spambase,label_noise,feature_noise,0.15,0.45,balanced_accuracy,0.20063224349633257,0.1695700146162858,0.031062228880046783,0.4601811685932856
GB,Spambase,label_noise,feature_noise,0.15,0.45,macro_f1,0.19862021564375065,0.1735523661033467,0.025067849540403947,0.3713755487467251
GB,Spambase,label_noise,feature_noise,0.15,0.45,mcc,0.3871574859848499,0.31946390588877593,0.06769358009607396,1.0028678532751696
LR,Bank,label_noise,feature_noise,0.15,0.45,accuracy,0.1223333333333333,0.16905858801718432,-0.046725254683851025,-0.6922259953163115
LR,Bank,label_noise,feature_noise,0.15,0.45,balanced_accuracy,0.07956379127570956,0.15945784625835752,-0.07989405498264796,-1.1836156293725622
LR,Bank,label_noise,feature_noise,0.15,0.45,macro_f1,0.12012060207956743,0.16505077427057765,-0.044930172191010226,-0.6656321806075589
LR,Bank,label_noise,feature_noise,0.15,0.45,mcc,0.16164811079657296,0.30274307881400464,-0.14109496801743168,-2.0902958224804693
LR,Bank,label_noise,feature_noise,0.15,0.45,accuracy,0.12473333333333325,0.16905858801718432,-0.04432525468385107,-0.6566704397607566
LR,Bank,label_noise,feature_noise,0.15,0.45,balanced_accuracy,0.10154823399804203,0.15945784625835752,-0.05790961226031549,-0.8579201816343035
LR,Bank,label_noise,feature_noise,0.15,0.45,macro_f1,0.1541331198797361,0.16505077427057765,-0.010917654390841552,-0.16174302801246743
LR,Bank,label_noise,feature_noise,0.15,0.45,mcc,0.21866640546541408,0.30274307881400464,-0.08407667334859056,-1.2455803459050454
RF,Bank,label_noise,feature_noise,0.15,0.45,accuracy,0.1335333333333334,0.173474689457699,-0.03994135612436561,-0.5917237944350461
RF,Bank,label_noise,feature_noise,0.15,0.45,balanced_accuracy,0.07385090668792438,0.16767646734362607,-0.09382556065570169,-1.3900083060103954
RF,Bank,label_noise,feature_noise,0.15,0.45,macro_f1,0.13621633830756197,0.17492994178852478,-0.03871360348096281,-0.5735348663846342
RF,Bank,label_noise,feature_noise,0.15,0.45,mcc,0.20488057998404163,0.3193955758180662,-0.11451499583402458,-1.696518456800364
RF,Bank,label_noise,feature_noise,0.15,0.45,accuracy,0.1285333333333334,0.173474689457699,-0.04494135612436562,-0.6657978685091201
RF,Bank,label_noise,feature_noise,0.15,0.45,balanced_accuracy,0.08506545333896187,0.16767646734362607,-0.0826110140046642,-1.2238668741431733
RF,Bank,label_noise,feature_noise,0.15,0.45,macro_f1,0.15797647059484887,0.17492994178852478,-0.016953471193675906,-0.251162536202606
RF,Bank,label_noise,feature_noise,0.15,0.45,mcc,0.2363376867111306,0.3193955758180662,-0.08305788910693562,-1.2304872460286758
XGB,Bank,label_noise,feature_noise,0.15,0.45,accuracy,0.13113333333333332,0.17522983178455945,-0.044096498451226124,-0.6532814585366833
XGB,Bank,label_noise,feature_noise,0.15,0.45,balanced_accuracy,0.11093325312798374,0.17525454342051539,-0.06432129029253164,-0.9529080043338021
XGB,Bank,label_noise,feature_noise,0.15,0.45,macro_f1,0.14972175418518163,0.17880629947845927,-0.02908454529327764,-0.43088215249300205
XGB,Bank,label_noise,feature_noise,0.15,0.45,mcc,0.22244326112663082,0.32928471271344145,-0.10684145158681063,-1.5828363198046018
XGB,Bank,label_noise,feature_noise,0.15,0.45,accuracy,0.1323333333333332,0.17522983178455945,-0.042896498451226256,-0.6355036807589075
XGB,Bank,label_noise,feature_noise,0.15,0.45,balanced_accuracy,0.12565371616238752,0.17525454342051539,-0.049600827258127866,-0.7348270704907831
XGB,Bank,label_noise,feature_noise,0.15,0.45,macro_f1,0.17041063496999054,0.17880629947845927,-0.008395664508468736,-0.12438021494027757
XGB,Bank,label_noise,feature_noise,0.15,0.45,mcc,0.26484239424185396,0.32928471271344145,-0.06444231847158749,-0.9547010143938887
SVM,Bank,label_noise,feature_noise,0.15,0.45,accuracy,0.12380000000000002,0.15949533641191654,-0.03569533641191652,-0.5288197986950596
SVM,Bank,label_noise,feature_noise,0.15,0.45,balanced_accuracy,0.05243078592890127,0.1458152020493666,-0.09338441612046533,-1.383472831414301
SVM,Bank,label_noise,feature_noise,0.15,0.45,macro_f1,0.10472163212279917,0.1513315505449843,-0.04660991842218512,-0.6905173099582981
SVM,Bank,label_noise,feature_noise,0.15,0.45,mcc,0.1324563717330676,0.27760114800805186,-0.14514477627498426,-2.1502929818516185
SVM,Bank,label_noise,feature_noise,0.15,0.45,accuracy,0.12419999999999998,0.15949533641191654,-0.03529533641191657,-0.5228938727691342
SVM,Bank,label_noise,feature_noise,0.15,0.45,balanced_accuracy,0.06370572602297464,0.1458152020493666,-0.08210947602639196,-1.2164366818724734
SVM,Bank,label_noise,feature_noise,0.15,0.45,macro_f1,0.12116368751760248,0.1513315505449843,-0.030167863027381808,-0.4469313041093601
SVM,Bank,label_noise,feature_noise,0.15,0.45,mcc,0.1781427917737423,0.27760114800805186,-0.09945835623430957,-1.4734571293971788
MLP,Bank,label_noise,feature_noise,0.15,0.45,accuracy,0.12639999999999996,0.17072081960248287,-0.04432081960248291,-0.6566047348515986
MLP,Bank,label_noise,feature_noise,0.15,0.45,balanced_accuracy,0.07995483766229483,0.15815589557086918,-0.07820105790857435,-1.1585341912381384
MLP,Bank,label_noise,feature_noise,0.15,0.45,macro_f1,0.132025728168515,0.16549458930122124,-0.03346886113270625,-0.49583497974379626
MLP,Bank,label_noise,feature_noise,0.15,0.45,mcc,0.1830292971134762,0.29908790031381166,-0.11605860320033545,-1.7193867140790435
MLP,Bank,label_noise,feature_noise,0.15,0.45,accuracy,0.126,0.17072081960248287,-0.044720819602482864,-0.6625306607775239
MLP,Bank,label_noise,feature_noise,0.15,0.45,balanced_accuracy,0.08836346686739127,0.15815589557086918,-0.0697924287034779,-1.033961906718191
MLP,Bank,label_noise,feature_noise,0.15,0.45,macro_f1,0.13876944768595256,0.16549458930122124,-0.026725141615268677,-0.3959280239299063
MLP,Bank,label_noise,feature_noise,0.15,0.45,mcc,0.20865740322055631,0.29908790031381166,-0.09043049709325535,-1.3397110680482274
GB,Bank,label_noise,feature_noise,0.15,0.45,accuracy,0.13119999999999987,0.17315061169445847,-0.0419506116944586,-0.6214905436216088
GB,Bank,label_noise,feature_noise,0.15,0.45,balanced_accuracy,0.11360269914388266,0.1695700146162858,-0.055967315472403134,-0.8291454144059723
GB,Bank,label_noise,feature_noise,0.15,0.45,macro_f1,0.15084278411941543,0.1735523661033467,-0.022709581983931276,-0.33643825161379665
GB,Bank,label_noise,feature_noise,0.15,0.45,mcc,0.2255497163835865,0.31946390588877593,-0.09391418950518943,-1.3913213260028063
GB,Bank,label_noise,feature_noise,0.15,0.45,accuracy,0.13579999999999992,0.17315061169445847,-0.03735061169445855,-0.55334239547346
GB,Bank,label_noise,feature_noise,0.15,0.45,balanced_accuracy,0.1278625778623821,0.1695700146162858,-0.041707436753903704,-0.6178879519096845
GB,Bank,label_noise,feature_noise,0.15,0.45,macro_f1,0.16911996970020238,0.1735523661033467,-0.004432396403144329,-0.0656651318984345
GB,Bank,label_noise,feature_noise,0.15,0.45,mcc,0.27412569610258236,0.31946390588877593,-0.04533820978619357,-0.6716771820176826
LR,Wine,label_noise,feature_noise,0.15,0.45,accuracy,0.20973544973544966,0.16905858801718432,0.040676861718265345,0.6026201736039309
LR,Wine,label_noise,feature_noise,0.15,0.45,balanced_accuracy,0.21100183766850444,0.15945784625835752,0.05154399141014693,0.7636146875577322
LR,Wine,label_noise,feature_noise,0.15,0.45,macro_f1,0.2086409089692277,0.16505077427057765,0.04359013469865006,0.6457797733133341
LR,Wine,label_noise,feature_noise,0.15,0.45,mcc,0.31101821778065997,0.30274307881400464,0.008275138966655327,0.12259465135785669
LR,Wine,label_noise,feature_noise,0.15,0.45,accuracy,0.2044973544973543,0.16905858801718432,0.03543876648016997,0.5250187626691847
LR,Wine,label_noise,feature_noise,0.15,0.45,balanced_accuracy,0.20712386379053038,0.15945784625835752,0.047666017532172866,0.7061632226988572
LR,Wine,label_noise,feature_noise,0.15,0.45,macro_f1,0.20641406249830463,0.16505077427057765,0.041363288227726974,0.6127894552255848
LR,Wine,label_noise,feature_noise,0.15,0.45,mcc,0.3011860363040316,0.30274307881400464,-0.0015570425099730167,-0.02306729644404469
RF,Wine,label_noise,feature_noise,0.15,0.45,accuracy,0.16301587301587295,0.173474689457699,-0.010458816441826058,-0.15494542876779344
RF,Wine,label_noise,feature_noise,0.15,0.45,balanced_accuracy,0.16640433640433638,0.16767646734362607,-0.001272130939289684,-0.018846384285773097
RF,Wine,label_noise,feature_noise,0.15,0.45,macro_f1,0.16238951902832255,0.17492994178852478,-0.01254042276020223,-0.18578404089188488
RF,Wine,label_noise,feature_noise,0.15,0.45,mcc,0.24471368907264002,0.3193955758180662,-0.0746818867454262,-1.106398322154462
RF,Wine,label_noise,feature_noise,0.15,0.45,accuracy,0.1631746031746033,0.173474689457699,-0.0103000862830957,-0.15259387086067702
RF,Wine,label_noise,feature_noise,0.15,0.45,balanced_accuracy,0.168917378917379,0.16767646734362607,0.0012409115737529453,0.0183838751667103
RF,Wine,label_noise,feature_noise,0.15,0.45,macro_f1,0.16916894607892974,0.17492994178852478,-0.00576099570959504,-0.08534808458659318
RF,Wine,label_noise,feature_noise,0.15,0.45,mcc,0.24113352967644375,0.3193955758180662,-0.07826204614162247,-1.159437720616629
XGB,Wine,label_noise,feature_noise,0.15,0.45,accuracy,0.2150793650793651,0.17522983178455945,0.039849533294805645,0.5903634562193428
XGB,Wine,label_noise,feature_noise,0.15,0.45,balanced_accuracy,0.21668319334986008,0.17525454342051539,0.041428649929344696,0.6137577767310325
XGB,Wine,label_noise,feature_noise,0.15,0.45,macro_f1,0.2139627284038743,0.17880629947845927,0.03515642892541504,0.5208359840802228
XGB,Wine,label_noise,feature_noise,0.15,0.45,mcc,0.3234634943074981,0.32928471271344145,-0.005821218405943351,-0.08624027268064224
XGB,Wine,label_noise,feature_noise,0.15,0.45,accuracy,0.17634920634920626,0.17522983178455945,0.0011193745646468078,0.01658332688365641
XGB,Wine,label_noise,feature_noise,0.15,0.45,balanced_accuracy,0.18251513918180584,0.17525454342051539,0.007260595761290456,0.10756438164874749
XGB,Wine,label_noise,feature_noise,0.15,0.45,macro_f1,0.18441214746243406,0.17880629947845927,0.005605847983974788,0.08304959976258944
XGB,Wine,label_noise,feature_noise,0.15,0.45,mcc,0.26216773832158036,0.32928471271344145,-0.0671169743918611,-0.9943255465460902
SVM,Wine,label_noise,feature_noise,0.15,0.45,accuracy,0.16333333333333322,0.15949533641191654,0.0038379969214166754,0.056859213650617406
SVM,Wine,label_noise,feature_noise,0.15,0.45,balanced_accuracy,0.1638092771426105,0.1458152020493666,0.01799407509324391,0.26657889027028014
SVM,Wine,label_noise,feature_noise,0.15,0.45,macro_f1,0.16275642235185983,0.1513315505449843,0.011424871806875542,0.16925736010185988
SVM,Wine,label_noise,feature_noise,0.15,0.45,mcc,0.24503718270316943,0.27760114800805186,-0.032563965304882425,-0.48242911562788776
SVM,Wine,label_noise,feature_noise,0.15,0.45,accuracy,0.16888888888888887,0.15949533641191654,0.009393552476972322,0.13916374039958995
SVM,Wine,label_noise,feature_noise,0.15,0.45,balanced_accuracy,0.17248393581726917,0.1458152020493666,0.026668733767902575,0.39509235211707516
SVM,Wine,label_noise,feature_noise,0.15,0.45,macro_f1,0.17465973790883538,0.1513315505449843,0.02332818736385109,0.3456027757607568
SVM,Wine,label_noise,feature_noise,0.15,0.45,mcc,0.24826210660550796,0.27760114800805186,-0.029339041402543897,-0.43465246522287254
MLP,Wine,label_noise,feature_noise,0.15,0.45,accuracy,0.18359788359788365,0.17072081960248287,0.012877063995400784,0.19077131845038198
MLP,Wine,label_noise,feature_noise,0.15,0.45,balanced_accuracy,0.18631997631997643,0.15815589557086918,0.028164080749107256,0.4172456407275149
MLP,Wine,label_noise,feature_noise,0.15,0.45,macro_f1,0.18363364766152512,0.16549458930122124,0.018139058360303884,0.26872679052302045
MLP,Wine,label_noise,feature_noise,0.15,0.45,mcc,0.27749589572031363,0.29908790031381166,-0.021592004593498026,-0.31988154953330405
MLP,Wine,label_noise,feature_noise,0.15,0.45,accuracy,0.1726455026455027,0.17072081960248287,0.001924683043019848,0.0285138228595533
MLP,Wine,label_noise,feature_noise,0.15,0.45,balanced_accuracy,0.175969215969216,0.15815589557086918,0.01781332039834682,0.2639010429384714
MLP,Wine,label_noise,feature_noise,0.15,0.45,macro_f1,0.17643470486217283,0.16549458930122124,0.010940115560951591,0.16207578608817172
MLP,Wine,label_noise,feature_noise,0.15,0.45,mcc,0.25959662149837137,0.29908790031381166,-0.03949127881544029,-0.5850559824509672
GB,Wine,label_noise,feature_noise,0.15,0.45,accuracy,0.18920634920634927,0.17315061169445847,0.016055737511890794,0.23786277795393768
GB,Wine,label_noise,feature_noise,0.15,0.45,balanced_accuracy,0.1839606072939406,0.1695700146162858,0.014390592677654801,0.21319396559488593
GB,Wine,label_noise,feature_noise,0.15,0.45,macro_f1,0.18691388969586376,0.1735523661033467,0.01336152359251705,0.19794849766691924
GB,Wine,label_noise,feature_noise,0.15,0.45,mcc,0.2860722378380506,0.31946390588877593,-0.033391668050725354,-0.4946913785292645
GB,Wine,label_noise,feature_noise,0.15,0.45,accuracy,0.16714285714285715,0.17315061169445847,-0.006007754551601324,-0.08900377113483443
GB,Wine,label_noise,feature_noise,0.15,0.45,balanced_accuracy,0.16752630085963427,0.1695700146162858,-0.0020437137566515218,-0.0302772408392818
GB,Wine,label_noise,feature_noise,0.15,0.45,macro_f1,0.17447666740311418,0.1735523661033467,0.0009243012997674771,0.013693352589147808
GB,Wine,label_noise,feature_noise,0.15,0.45,mcc,0.2503551417210459,0.31946390588877593,-0.06910876416773004,-1.0238335432256302
LR,BreastCancer,label_noise,feature_noise,0.15,0.45,accuracy,0.200341561869275,0.16905858801718432,0.03128297385209067,0.46345146447541724
LR,BreastCancer,label_noise,feature_noise,0.15,0.45,balanced_accuracy,0.21396951224287364,0.15945784625835752,0.05451166598451612,0.8075802368076462
LR,BreastCancer,label_noise,feature_noise,0.15,0.45,macro_f1,0.2120566974766691,0.16505077427057765,0.047005923206091454,0.6963840474976511
LR,BreastCancer,label_noise,feature_noise,0.15,0.45,mcc,0.4195037215862819,0.30274307881400464,0.11676064277227727,1.7297873003300335
LR,BreastCancer,label_noise,feature_noise,0.15,0.45,accuracy,0.1847383946592145,0.16905858801718432,0.01567980664203017,0.23229343173378028
LR,BreastCancer,label_noise,feature_noise,0.15,0.45,balanced_accuracy,0.2021478321576925,0.15945784625835752,0.04268998589933498,0.6324442355457034
LR,BreastCancer,label_noise,feature_noise,0.15,0.45,macro_f1,0.1993901893883151,0.16505077427057765,0.03433941511773744,0.5087320758183325
LR,BreastCancer,label_noise,feature_noise,0.15,0.45,mcc,0.38911343822175504,0.30274307881400464,0.0863703594077504,1.2795608801148206
RF,BreastCancer,label_noise,feature_noise,0.15,0.45,accuracy,0.16341665372871716,0.173474689457699,-0.01005803572898184,-0.14900793672565688
RF,BreastCancer,label_noise,feature_noise,0.15,0.45,balanced_accuracy,0.17520296029777105,0.16767646734362607,0.007526492954144981,0.11150359932066638
RF,BreastCancer,label_noise,feature_noise,0.15,0.45,macro_f1,0.1722575672189247,0.17492994178852478,-0.0026723745696000667,-0.03959073436444543
RF,BreastCancer,label_noise,feature_noise,0.15,0.45,mcc,0.33971124966645305,0.3193955758180662,0.02031567384838684,0.3009729459020272
RF,BreastCancer,label_noise,feature_noise,0.15,0.45,accuracy,0.14953682140454383,0.173474689457699,-0.023937868053155176,-0.35463508226896556
RF,BreastCancer,label_noise,feature_noise,0.15,0.45,balanced_accuracy,0.16395881913819377,0.16767646734362607,-0.0037176482054323,-0.05507626971010814
RF,BreastCancer,label_noise,feature_noise,0.15,0.45,macro_f1,0.15988487325016343,0.17492994178852478,-0.01504506853836135,-0.22288990427202
RF,BreastCancer,label_noise,feature_noise,0.15,0.45,mcc,0.3133398234440672,0.3193955758180662,-0.006055752373999024,-0.08971484998517072
XGB,BreastCancer,label_noise,feature_noise,0.15,0.45,accuracy,0.2009522330900998,0.17522983178455945,0.02572240130554035,0.38107261193393105
XGB,BreastCancer,label_noise,feature_noise,0.15,0.45,balanced_accuracy,0.21363660696754116,0.17525454342051539,0.03838206354702578,0.5686231636596412
XGB,BreastCancer,label_noise,feature_noise,0.15,0.45,macro_f1,0.21226273544771035,0.17880629947845927,0.033456435969251075,0.495650903248164
XGB,BreastCancer,label_noise,feature_noise,0.15,0.45,mcc,0.41962565189823553,0.32928471271344145,0.09034093918479408,1.3383842842191713
XGB,BreastCancer,label_noise,feature_noise,0.15,0.45,accuracy,0.17469854577446564,0.17522983178455945,-0.0005312860100938066,-0.007870903853241578
XGB,BreastCancer,label_noise,feature_noise,0.15,0.45,balanced_accuracy,0.18719937889448757,0.17525454342051539,0.011944835473972182,0.1769605255403286
XGB,BreastCancer,label_noise,feature_noise,0.15,0.45,macro_f1,0.18481842356539413,0.17880629947845927,0.006012124086934856,0.08906850499162748
XGB,BreastCancer,label_noise,feature_noise,0.15,0.45,mcc,0.3662288362325139,0.32928471271344145,0.03694412351907245,0.5473203484307029
SVM,BreastCancer,label_noise,feature_noise,0.15,0.45,accuracy,0.1669823526367542,0.15949533641191654,0.0074870162248376615,0.11091875888648386
SVM,BreastCancer,label_noise,feature_noise,0.15,0.45,balanced_accuracy,0.18294205316317036,0.1458152020493666,0.03712685111380376,0.5500274239082038
SVM,BreastCancer,label_noise,feature_noise,0.15,0.45,macro_f1,0.17804775949314944,0.1513315505449843,0.02671620894816515,0.39579568812096516
SVM,BreastCancer,label_noise,feature_noise,0.15,0.45,mcc,0.3464253627829237,0.27760114800805186,0.06882421477487183,1.0196179966647678
SVM,BreastCancer,label_noise,feature_noise,0.15,0.45,accuracy,0.16538322206696687,0.15949533641191654,0.005887885655050329,0.08722793563037523
SVM,BreastCancer,label_noise,feature_noise,0.15,0.45,balanced_accuracy,0.18142039931129994,0.1458152020493666,0.03560519726193334,0.5274844038804939
SVM,BreastCancer,label_noise,feature_noise,0.15,0.45,macro_f1,0.1770168305900771,0.1513315505449843,0.025685280045092823,0.38052266733470846
SVM,BreastCancer,label_noise,feature_noise,0.15,0.45,mcc,0.3463750675683396,0.27760114800805186,0.06877391956028772,1.018872882374633
MLP,BreastCancer,label_noise,feature_noise,0.15,0.45,accuracy,0.1803601925166899,0.17072081960248287,0.009639372914207023,0.14280552465491886
MLP,BreastCancer,label_noise,feature_noise,0.15,0.45,balanced_accuracy,0.18921423998883236,0.15815589557086918,0.03105834441796318,0.4601236210068619
MLP,BreastCancer,label_noise,feature_noise,0.15,0.45,macro_f1,0.19051911588811354,0.16549458930122124,0.025024526586892304,0.3707337272132193
MLP,BreastCancer,label_noise,feature_noise,0.15,0.45,mcc,0.3702326864602118,0.29908790031381166,0.07114478614640013,1.0539968317985204
MLP,BreastCancer,label_noise,feature_noise,0.15,0.45,accuracy,0.15944729079335507,0.17072081960248287,-0.011273528809127797,-0.1670152416167081
MLP,BreastCancer,label_noise,feature_noise,0.15,0.45,balanced_accuracy,0.1680433896640836,0.15815589557086918,0.009887494093214433,0.14648139397354715
MLP,BreastCancer,label_noise,feature_noise,0.15,0.45,macro_f1,0.16738734576812742,0.16549458930122124,0.0018927564669061758,0.02804083654675816
MLP,BreastCancer,label_noise,feature_noise,0.15,0.45,mcc,0.32894794092086,0.29908790031381166,0.029860040607048333,0.44237097195627156
GB,BreastCancer,label_noise,feature_noise,0.15,0.45,accuracy,0.1967913885007505,0.17315061169445847,0.023640776806292035,0.3502337304635857
GB,BreastCancer,label_noise,feature_noise,0.15,0.45,balanced_accuracy,0.20872460688925376,0.1695700146162858,0.03915459227296797,0.5800680336735995
GB,BreastCancer,label_noise,feature_noise,0.15,0.45,macro_f1,0.2075834884398764,0.1735523661033467,0.03403112233652969,0.5041647753559954
GB,BreastCancer,label_noise,feature_noise,0.15,0.45,mcc,0.409664571815588,0.31946390588877593,0.09020066592681208,1.3363061618786976
GB,BreastCancer,label_noise,feature_noise,0.15,0.45,accuracy,0.16356673394400467,0.17315061169445847,-0.0095838777504538,-0.14198337408079703
GB,BreastCancer,label_noise,feature_noise,0.15,0.45,balanced_accuracy,0.17163775107743817,0.1695700146162858,0.0020677364611523807,0.030633132757813045
GB,BreastCancer,label_noise,feature_noise,0.15,0.45,macro_f1,0.1705621075742355,0.1735523661033467,-0.002990258529111195,-0.04430012635720289
GB,BreastCancer,label_noise,feature_noise,0.15,0.45,mcc,0.340216337273456,0.31946390588877593,0.02075243138468008,0.30744342792118634
LR,Digits,label_noise,feature_noise,0.15,0.45,accuracy,0.19051067780872788,0.16905858801718432,0.02145208979154356,0.3178087376524972
LR,Digits,label_noise,feature_noise,0.15,0.45,balanced_accuracy,0.19131037656430705,0.15945784625835752,0.031852530305949533,0.47188933786591897
LR,Digits,label_noise,feature_noise,0.15,0.45,macro_f1,0.191273301687078,0.16505077427057765,0.026222527416500357,0.38848188765185715
LR,Digits,label_noise,feature_noise,0.15,0.45,mcc,0.38195271634790096,0.30274307881400464,0.07920963753389632,1.1734761116132786
LR,Digits,label_noise,feature_noise,0.15,0.45,accuracy,0.14711234911792015,0.16905858801718432,-0.02194623889926417,-0.325129465174284
LR,Digits,label_noise,feature_noise,0.15,0.45,balanced_accuracy,0.14719996657716194,0.15945784625835752,-0.012257879681195571,-0.18159821749919364
LR,Digits,label_noise,feature_noise,0.15,0.45,macro_f1,0.14726558166491377,0.16505077427057765,-0.017785192605663885,-0.2634843348987242
LR,Digits,label_noise,feature_noise,0.15,0.45,mcc,0.2941754383222638,0.30274307881400464,-0.008567640491740858,-0.12692800728504974
RF,Digits,label_noise,feature_noise,0.15,0.45,accuracy,0.19478695966161153,0.173474689457699,0.02131227020391252,0.31573733635425955
RF,Digits,label_noise,feature_noise,0.15,0.45,balanced_accuracy,0.1951617715126447,0.16767646734362607,0.02748530416901862,0.4071896913928684
RF,Digits,label_noise,feature_noise,0.15,0.45,macro_f1,0.19516040706669946,0.17492994178852478,0.02023046527817468,0.29971059671369893
RF,Digits,label_noise,feature_noise,0.15,0.45,mcc,0.3897852191755825,0.3193955758180662,0.0703896433575163,1.0428095312224637
RF,Digits,label_noise,feature_noise,0.15,0.45,accuracy,0.1725152171670279,0.173474689457699,-0.0009594722906711151,-0.014214404306238741
RF,Digits,label_noise,feature_noise,0.15,0.45,balanced_accuracy,0.17253508297379017,0.16767646734362607,0.004858615630164098,0.07197949081724589
RF,Digits,label_noise,feature_noise,0.15,0.45,macro_f1,0.17258727024618858,0.17492994178852478,-0.0023426715423361943,-0.034706245071647324
RF,Digits,label_noise,feature_noise,0.15,0.45,mcc,0.3449345470634233,0.3193955758180662,0.02553897124535709,0.37835512956084577
XGB,Digits,label_noise,feature_noise,0.15,0.45,accuracy,0.20331579490353857,0.17522983178455945,0.028085963118979124,0.4160883425033944
XGB,Digits,label_noise,feature_noise,0.15,0.45,balanced_accuracy,0.20396938232257844,0.17525454342051539,0.028714838902063056,0.4254050207713045
XGB,Digits,label_noise,feature_noise,0.15,0.45,macro_f1,0.20386793428127736,0.17880629947845927,0.02506163480281809,0.37128347856026794
XGB,Digits,label_noise,feature_noise,0.15,0.45,mcc,0.407095066977186,0.32928471271344145,0.07781035426374455,1.1527459890925118
XGB,Digits,label_noise,feature_noise,0.15,0.45,accuracy,0.18939750335293515,0.17522983178455945,0.0141676715683757,0.20989143064260296
XGB,Digits,label_noise,feature_noise,0.15,0.45,balanced_accuracy,0.1893910558645725,0.17525454342051539,0.014136512444057114,0.2094298139860313
XGB,Digits,label_noise,feature_noise,0.15,0.45,macro_f1,0.18956956475372333,0.17880629947845927,0.010763265275264056,0.15945578185576378
XGB,Digits,label_noise,feature_noise,0.15,0.45,mcc,0.3781501215545525,0.32928471271344145,0.04886540884111107,0.723931982831275
SVM,Digits,label_noise,feature_noise,0.15,0.45,accuracy,0.17715722686474789,0.15949533641191654,0.01766189045283134,0.26165763633824207
SVM,Digits,label_noise,feature_noise,0.15,0.45,balanced_accuracy,0.17705204757768955,0.1458152020493666,0.031236845528322954,0.46276808190108076
SVM,Digits,label_noise,feature_noise,0.15,0.45,macro_f1,0.17735606950353888,0.1513315505449843,0.026024518958554593,0.3855484290156236
SVM,Digits,label_noise,feature_noise,0.15,0.45,mcc,0.3539011703594248,0.27760114800805186,0.07630002235137295,1.1303707015018214
SVM,Digits,label_noise,feature_noise,0.15,0.45,accuracy,0.15490095945527715,0.15949533641191654,-0.00459437695663939,-0.06806484380206503
SVM,Digits,label_noise,feature_noise,0.15,0.45,balanced_accuracy,0.15490244851399715,0.1458152020493666,0.00908724646463055,0.1346258735500822
SVM,Digits,label_noise,feature_noise,0.15,0.45,macro_f1,0.15498077282612355,0.1513315505449843,0.0036492222811392583,0.054062552313174195
SVM,Digits,label_noise,feature_noise,0.15,0.45,mcc,0.3094461008494125,0.27760114800805186,0.03184495284136063,0.47177707913126854
MLP,Digits,label_noise,feature_noise,0.15,0.45,accuracy,0.20739399566697614,0.17072081960248287,0.036673176064493274,0.543306312066567
MLP,Digits,label_noise,feature_noise,0.15,0.45,balanced_accuracy,0.20746242353238353,0.15815589557086918,0.04930652796151436,0.7304670809113237
MLP,Digits,label_noise,feature_noise,0.15,0.45,macro_f1,0.20767873500833467,0.16549458930122124,0.04218414570711343,0.6249503067720508
MLP,Digits,label_noise,feature_noise,0.15,0.45,mcc,0.41472805539773827,0.29908790031381166,0.11564015508392661,1.7131874827248386
MLP,Digits,label_noise,feature_noise,0.15,0.45,accuracy,0.18623800680903757,0.17072081960248287,0.015517187206554706,0.22988425491192155
MLP,Digits,label_noise,feature_noise,0.15,0.45,balanced_accuracy,0.18641158415519732,0.15815589557086918,0.028255688584328142,0.41860279384189836
MLP,Digits,label_noise,feature_noise,0.15,0.45,macro_f1,0.18643688184990825,0.16549458930122124,0.020942292548687014,0.31025618590647425
MLP,Digits,label_noise,feature_noise,0.15,0.45,mcc,0.372218366707488,0.29908790031381166,0.07313046639367632,1.0834143169433528
GB,Digits,label_noise,feature_noise,0.15,0.45,accuracy,0.21535076859589408,0.17315061169445847,0.04220015690143561,0.6251875096508979
GB,Digits,label_noise,feature_noise,0.15,0.45,balanced_accuracy,0.21595400052136193,0.1695700146162858,0.04638398590507614,0.6871701615566835
GB,Digits,label_noise,feature_noise,0.15,0.45,macro_f1,0.21591144444231702,0.1735523661033467,0.04235907833897032,0.6275419013180787
GB,Digits,label_noise,feature_noise,0.15,0.45,mcc,0.43128082851102156,0.31946390588877593,0.11181692262224563,1.6565470018110462
GB,Digits,label_noise,feature_noise,0.15,0.45,accuracy,0.1797549778190446,0.17315061169445847,0.00660436612458612,0.09784246110497954
GB,Digits,label_noise,feature_noise,0.15,0.45,balanced_accuracy,0.17957566684256976,0.1695700146162858,0.010005652226283968,0.14823188483383654
GB,Digits,label_noise,feature_noise,0.15,0.45,macro_f1,0.17985972759184699,0.1735523661033467,0.006307361488500279,0.09344239242222635
GB,Digits,label_noise,feature_noise,0.15,0.45,mcc,0.3586762209411417,0.31946390588877593,0.039212315052365776,0.5809231859609745
LR,Spambase,label_noise,feature_noise,0.35,0.2,accuracy,0.32231994209192893,0.33592693060510787,-0.01360698851317893,-0.19438555018827045
LR,Spambase,label_noise,feature_noise,0.35,0.2,balanced_accuracy,0.32548382817477084,0.3072233786148636,0.018260449559907244,0.2608635651415321
LR,Spambase,label_noise,feature_noise,0.35,0.2,macro_f1,0.33332049911264816,0.3203477347829716,0.012972764329676534,0.1853252047096648
LR,Spambase,label_noise,feature_noise,0.35,0.2,mcc,0.6476158589072172,0.5841293831521676,0.06348647575504962,0.9069496536435661
LR,Spambase,label_noise,feature_noise,0.35,0.2,accuracy,0.3084130356103163,0.33592693060510787,-0.027513894994791566,-0.3930556427827367
LR,Spambase,label_noise,feature_noise,0.35,0.2,balanced_accuracy,0.3120659898354411,0.3072233786148636,0.004842611220577497,0.06918016029396426
LR,Spambase,label_noise,feature_noise,0.35,0.2,macro_f1,0.3187215511894519,0.3203477347829716,-0.0016261835935197366,-0.0232311941931391
LR,Spambase,label_noise,feature_noise,0.35,0.2,mcc,0.6200147841838028,0.5841293831521676,0.03588540103163529,0.5126485861662184
RF,Spambase,label_noise,feature_noise,0.35,0.2,accuracy,0.3312308612251963,0.34818547269108263,-0.016954611465886338,-0.24220873522694772
RF,Spambase,label_noise,feature_noise,0.35,0.2,balanced_accuracy,0.3344894038046532,0.3152545336085904,0.019234870196062792,0.2747838599437542
RF,Spambase,label_noise,feature_noise,0.35,0.2,macro_f1,0.34397316285369983,0.3292502709160326,0.014722891937667237,0.21032702768096057
RF,Spambase,label_noise,feature_noise,0.35,0.2,mcc,0.6663009573623789,0.6070258458226,0.059275111539778935,0.8467873077111278
RF,Spambase,label_noise,feature_noise,0.35,0.2,accuracy,0.32536908527278163,0.34818547269108263,-0.022816387418301,-0.32594839169001427
RF,Spambase,label_noise,feature_noise,0.35,0.2,balanced_accuracy,0.32928399965766375,0.3152545336085904,0.014029466049073347,0.20042094355819068
RF,Spambase,label_noise,feature_noise,0.35,0.2,macro_f1,0.33802196374280713,0.3292502709160326,0.008771692826774535,0.12530989752535052
RF,Spambase,label_noise,feature_noise,0.35,0.2,mcc,0.6553399157002487,0.6070258458226,0.048314069877648746,0.690200998252125
XGB,Spambase,label_noise,feature_noise,0.35,0.2,accuracy,0.35963539945553813,0.35520709510493925,0.004428304350598877,0.06326149072284111
XGB,Spambase,label_noise,feature_noise,0.35,0.2,balanced_accuracy,0.36221799078035877,0.3327917084562695,0.02942628232408928,0.4203754617727041
XGB,Spambase,label_noise,feature_noise,0.35,0.2,macro_f1,0.36542838114109677,0.3425782985017834,0.022850082639313374,0.3264297519901911
XGB,Spambase,label_noise,feature_noise,0.35,0.2,mcc,0.7244482761349095,0.6314108698594066,0.09303740627550283,1.3291058039357548
XGB,Spambase,label_noise,feature_noise,0.35,0.2,accuracy,0.35159498969299263,0.35520709510493925,-0.00361210541194662,-0.05160150588495172
XGB,Spambase,label_noise,feature_noise,0.35,0.2,balanced_accuracy,0.35545694803448336,0.3327917084562695,0.02266523957821387,0.32378913683162674
XGB,Spambase,label_noise,feature_noise,0.35,0.2,macro_f1,0.35913148580382515,0.3425782985017834,0.01655318730204175,0.23647410431488217
XGB,Spambase,label_noise,feature_noise,0.35,0.2,mcc,0.7092464638370897,0.6314108698594066,0.07783559397768303,1.1119370568240434
SVM,Spambase,label_noise,feature_noise,0.35,0.2,accuracy,0.3295646666351948,0.33599495226227666,-0.0064302856270818665,-0.09186122324402668
SVM,Spambase,label_noise,feature_noise,0.35,0.2,balanced_accuracy,0.3325903540152648,0.29830457080888,0.03428578320638481,0.4897969029483545
SVM,Spambase,label_noise,feature_noise,0.35,0.2,macro_f1,0.3398162691048059,0.3118081012998923,0.02800816780491361,0.4001166829273373
SVM,Spambase,label_noise,feature_noise,0.35,0.2,mcc,0.6625270596940807,0.5729276036424791,0.08959945605160158,1.2799922293085941
SVM,Spambase,label_noise,feature_noise,0.35,0.2,accuracy,0.31261853058269995,0.33599495226227666,-0.02337642167957671,-0.33394888113681015
SVM,Spambase,label_noise,feature_noise,0.35,0.2,balanced_accuracy,0.316423368360514,0.29830457080888,0.01811879755163398,0.2588399650233426
SVM,Spambase,label_noise,feature_noise,0.35,0.2,macro_f1,0.32287259984345074,0.3118081012998923,0.011064498543558454,0.15806426490797792
SVM,Spambase,label_noise,feature_noise,0.35,0.2,mcc,0.6289554305263396,0.5729276036424791,0.05602782688386054,0.8003975269122936
MLP,Spambase,label_noise,feature_noise,0.35,0.2,accuracy,0.3436965176477993,0.34528495712568974,-0.0015884394778904465,-0.022691992541292096
MLP,Spambase,label_noise,feature_noise,0.35,0.2,balanced_accuracy,0.3483079388323289,0.3111686446281648,0.03713929420416412,0.5305613457737732
MLP,Spambase,label_noise,feature_noise,0.35,0.2,macro_f1,0.3534810352906791,0.3289509931366784,0.024530042154000675,0.3504291736285811
MLP,Spambase,label_noise,feature_noise,0.35,0.2,mcc,0.6923157110813267,0.5914962147160571,0.10081949636526966,1.4402785195038523
MLP,Spambase,label_noise,feature_noise,0.35,0.2,accuracy,0.33869864199279287,0.34528495712568974,-0.006586315132896869,-0.094090216184241
MLP,Spambase,label_noise,feature_noise,0.35,0.2,balanced_accuracy,0.34370803333763056,0.3111686446281648,0.032539388709465766,0.46484841013522527
MLP,Spambase,label_noise,feature_noise,0.35,0.2,macro_f1,0.3478691082339128,0.3289509931366784,0.0189181150972344,0.2702587871033486
MLP,Spambase,label_noise,feature_noise,0.35,0.2,mcc,0.6830561712055461,0.5914962147160571,0.091559956489489,1.3079993784212716
GB,Spambase,label_noise,feature_noise,0.35,0.2,accuracy,0.3484723599112497,0.34907220137473943,-0.0005998414634897364,-0.008569163764139093
GB,Spambase,label_noise,feature_noise,0.35,0.2,balanced_accuracy,0.3519510282579832,0.3248353096243623,0.02711571863362089,0.387367409051727
GB,Spambase,label_noise,feature_noise,0.35,0.2,macro_f1,0.35654749251904705,0.3354527986487048,0.02109469387034224,0.30135276957631774
GB,Spambase,label_noise,feature_noise,0.35,0.2,mcc,0.7021348182551057,0.6178079494958749,0.08432686875923079,1.2046695537032972
GB,Spambase,label_noise,feature_noise,0.35,0.2,accuracy,0.3445678138129634,0.34907220137473943,-0.004504387561776013,-0.06434839373965734
GB,Spambase,label_noise,feature_noise,0.35,0.2,balanced_accuracy,0.3481157418268217,0.3248353096243623,0.0232804322024594,0.33257760289227717
GB,Spambase,label_noise,feature_noise,0.35,0.2,macro_f1,0.35189428707857684,0.3354527986487048,0.01644148842987203,0.23487840614102903
GB,Spambase,label_noise,feature_noise,0.35,0.2,mcc,0.6950234288846613,0.6178079494958749,0.07721547938878637,1.1030782769826626
LR,Bank,label_noise,feature_noise,0.35,0.2,accuracy,0.2835333333333333,0.33592693060510787,-0.05239359727177456,-0.748479961025351
LR,Bank,label_noise,feature_noise,0.35,0.2,balanced_accuracy,0.11372975444051614,0.3072233786148636,-0.19349362417434746,-2.764194631062107
LR,Bank,label_noise,feature_noise,0.35,0.2,macro_f1,0.20136901644403443,0.3203477347829716,-0.1189787183389372,-1.6996959762705315
LR,Bank,label_noise,feature_noise,0.35,0.2,mcc,0.29141132175817847,0.5841293831521676,-0.2927180613939891,-4.181686591342702
LR,Bank,label_noise,feature_noise,0.35,0.2,accuracy,0.2765333333333333,0.33592693060510787,-0.05939359727177457,-0.8484799610253511
LR,Bank,label_noise,feature_noise,0.35,0.2,balanced_accuracy,0.11603802928490714,0.3072233786148636,-0.19118534932995646,-2.731219276142235
LR,Bank,label_noise,feature_noise,0.35,0.2,macro_f1,0.2038524940169807,0.3203477347829716,-0.11649524076599094,-1.664217725228442
LR,Bank,label_noise,feature_noise,0.35,0.2,mcc,0.29686420968073446,0.5841293831521676,-0.2872651734714331,-4.103788192449045
RF,Bank,label_noise,feature_noise,0.35,0.2,accuracy,0.29033333333333344,0.34818547269108263,-0.05785213935774919,-0.8264591336821313
RF,Bank,label_noise,feature_noise,0.35,0.2,balanced_accuracy,0.09127550012855656,0.3152545336085904,-0.22397903348003384,-3.199700478286198
RF,Bank,label_noise,feature_noise,0.35,0.2,macro_f1,0.20230665710402157,0.3292502709160326,-0.12694361381201102,-1.8134801973144434
RF,Bank,label_noise,feature_noise,0.35,0.2,mcc,0.28969100912900186,0.6070258458226,-0.31733483669359813,-4.533354809908545
RF,Bank,label_noise,feature_noise,0.35,0.2,accuracy,0.27893333333333337,0.34818547269108263,-0.06925213935774926,-0.9893162765392753
RF,Bank,label_noise,feature_noise,0.35,0.2,balanced_accuracy,0.09015752702339874,0.3152545336085904,-0.22509700658519166,-3.2156715226455956
RF,Bank,label_noise,feature_noise,0.35,0.2,macro_f1,0.20191118945667624,0.3292502709160326,-0.12733908145935635,-1.8191297351336624
RF,Bank,label_noise,feature_noise,0.35,0.2,mcc,0.28388222660275464,0.6070258458226,-0.32314361921984536,-4.6163374174263625
XGB,Bank,label_noise,feature_noise,0.35,0.2,accuracy,0.3057333333333333,0.35520709510493925,-0.04947376177160595,-0.7067680253086566
XGB,Bank,label_noise,feature_noise,0.35,0.2,balanced_accuracy,0.14128375190754716,0.3327917084562695,-0.19150795654872232,-2.7358279506960335
XGB,Bank,label_noise,feature_noise,0.35,0.2,macro_f1,0.19644616149015215,0.3425782985017834,-0.14613213701163125,-2.087601957309018
XGB,Bank,label_noise,feature_noise,0.35,0.2,mcc,0.349972257931928,0.6314108698594066,-0.28143861192747865,-4.020551598963981
XGB,Bank,label_noise,feature_noise,0.35,0.2,accuracy,0.2937333333333332,0.35520709510493925,-0.06147376177160607,-0.8781965967372297
XGB,Bank,label_noise,feature_noise,0.35,0.2,balanced_accuracy,0.14486119393510954,0.3327917084562695,-0.18793051452115994,-2.6847216360165707
XGB,Bank,label_noise,feature_noise,0.35,0.2,macro_f1,0.2104524592546252,0.3425782985017834,-0.1321258392471582,-1.8875119892451173
XGB,Bank,label_noise,feature_noise,0.35,0.2,mcc,0.3547174084388754,0.6314108698594066,-0.27669346142053125,-3.952763734579018
SVM,Bank,label_noise,feature_noise,0.35,0.2,accuracy,0.28680000000000005,0.33599495226227666,-0.0491949522622766,-0.7027850323182373
SVM,Bank,label_noise,feature_noise,0.35,0.2,balanced_accuracy,0.07327506232294823,0.29830457080888,-0.22502950848593178,-3.21470726408474
SVM,Bank,label_noise,feature_noise,0.35,0.2,macro_f1,0.16441186864697477,0.3118081012998923,-0.1473962326529175,-2.1056604664702503
SVM,Bank,label_noise,feature_noise,0.35,0.2,mcc,0.24107641045114586,0.5729276036424791,-0.3318511931913332,-4.740731331304761
SVM,Bank,label_noise,feature_noise,0.35,0.2,accuracy,0.275,0.33599495226227666,-0.060994952262276636,-0.8713564608896663
SVM,Bank,label_noise,feature_noise,0.35,0.2,balanced_accuracy,0.06839074477406837,0.29830457080888,-0.22991382603481164,-3.284483229068738
SVM,Bank,label_noise,feature_noise,0.35,0.2,macro_f1,0.15273123954422874,0.3118081012998923,-0.15907686175566355,-2.2725265965094796
SVM,Bank,label_noise,feature_noise,0.35,0.2,mcc,0.2251920634231296,0.5729276036424791,-0.3477355402193495,-4.967650574562136
MLP,Bank,label_noise,feature_noise,0.35,0.2,accuracy,0.29300000000000004,0.34528495712568974,-0.0522849571256897,-0.7469279589384243
MLP,Bank,label_noise,feature_noise,0.35,0.2,balanced_accuracy,0.10210126827332278,0.3111686446281648,-0.20906737635484202,-2.986676805069172
MLP,Bank,label_noise,feature_noise,0.35,0.2,macro_f1,0.17750360851973818,0.3289509931366784,-0.15144738461694024,-2.163534065956289
MLP,Bank,label_noise,feature_noise,0.35,0.2,mcc,0.2841291650663848,0.5914962147160571,-0.30736704964967226,-4.390957852138175
MLP,Bank,label_noise,feature_noise,0.35,0.2,accuracy,0.2824,0.34528495712568974,-0.06288495712568976,-0.8983565303669966
MLP,Bank,label_noise,feature_noise,0.35,0.2,balanced_accuracy,0.10186152456235387,0.3111686446281648,-0.20930712006581093,-2.9901017152258706
MLP,Bank,label_noise,feature_noise,0.35,0.2,macro_f1,0.1787318419246402,0.3289509931366784,-0.15021915121203822,-2.145987874457689
MLP,Bank,label_noise,feature_noise,0.35,0.2,mcc,0.2785125636210907,0.5914962147160571,-0.31298365109496634,-4.471195015642377
GB,Bank,label_noise,feature_noise,0.35,0.2,accuracy,0.29979999999999996,0.34907220137473943,-0.04927220137473948,-0.7038885910677068
GB,Bank,label_noise,feature_noise,0.35,0.2,balanced_accuracy,0.14623855180261736,0.3248353096243623,-0.17859675782174494,-2.5513822545963567
GB,Bank,label_noise,feature_noise,0.35,0.2,macro_f1,0.2115826737028293,0.3354527986487048,-0.12387012494587551,-1.7695732135125075
GB,Bank,label_noise,feature_noise,0.35,0.2,mcc,0.35113783763868145,0.6178079494958749,-0.26667011185719347,-3.8095730265313357
GB,Bank,label_noise,feature_noise,0.35,0.2,accuracy,0.28859999999999997,0.34907220137473943,-0.060472201374739465,-0.8638885910677068
GB,Bank,label_noise,feature_noise,0.35,0.2,balanced_accuracy,0.1449009824699642,0.3248353096243623,-0.1799343271543981,-2.5704903879199734
GB,Bank,label_noise,feature_noise,0.35,0.2,macro_f1,0.21217299354191388,0.3354527986487048,-0.12327980510679093,-1.7611400729541564
GB,Bank,label_noise,feature_noise,0.35,0.2,mcc,0.3452499455309155,0.6178079494958749,-0.27255800396495944,-3.893685770927992
LR,Wine,label_noise,feature_noise,0.35,0.2,accuracy,0.4681481481481481,0.33592693060510787,0.13222121754304023,1.8888745363291464
LR,Wine,label_noise,feature_noise,0.35,0.2,balanced_accuracy,0.4714214180880848,0.3072233786148636,0.1641980394732212,2.3456862781888748
LR,Wine,label_noise,feature_noise,0.35,0.2,macro_f1,0.4762101436444882,0.3203477347829716,0.1558624088615166,2.2266058408788085
LR,Wine,label_noise,feature_noise,0.35,0.2,mcc,0.7022562044684459,0.5841293831521676,0.11812682131627839,1.6875260188039771
LR,Wine,label_noise,feature_noise,0.35,0.2,accuracy,0.4067195767195766,0.33592693060510787,0.07079264611446873,1.011323515920982
LR,Wine,label_noise,feature_noise,0.35,0.2,balanced_accuracy,0.4101438068104736,0.3072233786148636,0.10292042819560998,1.470291831365857
LR,Wine,label_noise,feature_noise,0.35,0.2,macro_f1,0.412827473932983,0.3203477347829716,0.0924797391500114,1.3211391307144487
LR,Wine,label_noise,feature_noise,0.35,0.2,mcc,0.6096006526314753,0.5841293831521676,0.02547126947930778,0.36387527827582544
RF,Wine,label_noise,feature_noise,0.35,0.2,accuracy,0.4550793650793652,0.34818547269108263,0.10689389238828256,1.527055605546894
RF,Wine,label_noise,feature_noise,0.35,0.2,balanced_accuracy,0.45953120953120963,0.3152545336085904,0.14427667592261922,2.061095370323132
RF,Wine,label_noise,feature_noise,0.35,0.2,macro_f1,0.45690151860933426,0.3292502709160326,0.12765124769330166,1.8235892527614526
RF,Wine,label_noise,feature_noise,0.35,0.2,mcc,0.6853741140215115,0.6070258458226,0.0783482681989115,1.1192609742701645
RF,Wine,label_noise,feature_noise,0.35,0.2,accuracy,0.37095238095238103,0.34818547269108263,0.022766908261298402,0.3252415465899772
RF,Wine,label_noise,feature_noise,0.35,0.2,balanced_accuracy,0.37589262589262584,0.3152545336085904,0.06063809228403544,0.8662584612005063
RF,Wine,label_noise,feature_noise,0.35,0.2,macro_f1,0.3772374552711403,0.3292502709160326,0.04798718435510768,0.6855312050729669
RF,Wine,label_noise,feature_noise,0.35,0.2,mcc,0.5553834458765978,0.6070258458226,-0.05164239994600217,-0.7377485706571739
XGB,Wine,label_noise,feature_noise,0.35,0.2,accuracy,0.49,0.35520709510493925,0.13479290489506074,1.9256129270722964
XGB,Wine,label_noise,feature_noise,0.35,0.2,balanced_accuracy,0.4981994548661216,0.3327917084562695,0.16540774640985212,2.3629678058550305
XGB,Wine,label_noise,feature_noise,0.35,0.2,macro_f1,0.49789450749546815,0.3425782985017834,0.15531620899368476,2.2188029856240683
XGB,Wine,label_noise,feature_noise,0.35,0.2,mcc,0.7380364596261628,0.6314108698594066,0.10662558976675618,1.5232227109536598
XGB,Wine,label_noise,feature_noise,0.35,0.2,accuracy,0.37857142857142856,0.35520709510493925,0.023364333466489307,0.3337761923784187
XGB,Wine,label_noise,feature_noise,0.35,0.2,balanced_accuracy,0.3832310898977568,0.3327917084562695,0.050439381441487297,0.7205625920212472
XGB,Wine,label_noise,feature_noise,0.35,0.2,macro_f1,0.38512161951643364,0.3425782985017834,0.04254332101465025,0.6077617287807179
XGB,Wine,label_noise,feature_noise,0.35,0.2,mcc,0.5673874031624335,0.6314108698594066,-0.06402346669697312,-0.9146209528139018
SVM,Wine,label_noise,feature_noise,0.35,0.2,accuracy,0.44380952380952376,0.33599495226227666,0.1078145715472471,1.5402081649606731
SVM,Wine,label_noise,feature_noise,0.35,0.2,balanced_accuracy,0.44450968784302125,0.29830457080888,0.14620511703414124,2.088644529059161
SVM,Wine,label_noise,feature_noise,0.35,0.2,macro_f1,0.4474895746311338,0.3118081012998923,0.13568147333124153,1.9383067618748793
SVM,Wine,label_noise,feature_noise,0.35,0.2,mcc,0.6677609394820321,0.5729276036424791,0.094833335839553,1.354761940565043
SVM,Wine,label_noise,feature_noise,0.35,0.2,accuracy,0.343015873015873,0.33599495226227666,0.007020920753596338,0.10029886790851912
SVM,Wine,label_noise,feature_noise,0.35,0.2,balanced_accuracy,0.3444930378263712,0.29830457080888,0.046188467017491186,0.659835243107017
SVM,Wine,label_noise,feature_noise,0.35,0.2,macro_f1,0.34944045781824096,0.3118081012998923,0.037632356518348675,0.5376050931192669
SVM,Wine,label_noise,feature_noise,0.35,0.2,mcc,0.5131787817533543,0.5729276036424791,-0.05974882188912478,-0.8535545984160684
MLP,Wine,label_noise,feature_noise,0.35,0.2,accuracy,0.5432804232804233,0.34528495712568974,0.1979954661547335,2.8285066593533363
MLP,Wine,label_noise,feature_noise,0.35,0.2,balanced_accuracy,0.5374832574832575,0.3111686446281648,0.22631461285509274,3.2330658979298965
MLP,Wine,label_noise,feature_noise,0.35,0.2,macro_f1,0.5703502935658271,0.3289509931366784,0.2413993004291487,3.4485614347021247
MLP,Wine,label_noise,feature_noise,0.35,0.2,mcc,0.8036863723394085,0.5914962147160571,0.21219015762335147,3.0312879660478784
MLP,Wine,label_noise,feature_noise,0.35,0.2,accuracy,0.3697883597883599,0.34528495712568974,0.02450340266267015,0.35004860946671645
MLP,Wine,label_noise,feature_noise,0.35,0.2,balanced_accuracy,0.3770103970103972,0.3111686446281648,0.06584175238223239,0.94059646260332
MLP,Wine,label_noise,feature_noise,0.35,0.2,macro_f1,0.3827342699411097,0.3289509931366784,0.05378327680443129,0.7683325257775899
MLP,Wine,label_noise,feature_noise,0.35,0.2,mcc,0.5542456614177024,0.5914962147160571,-0.037250553298354694,-0.5321507614050671
GB,Wine,label_noise,feature_noise,0.35,0.2,accuracy,0.457936507936508,0.34907220137473943,0.10886430656176854,1.5552043794538364
GB,Wine,label_noise,feature_noise,0.35,0.2,balanced_accuracy,0.45947731281064613,0.3248353096243623,0.13464200318628383,1.9234571883754834
GB,Wine,label_noise,feature_noise,0.35,0.2,macro_f1,0.46410823672629276,0.3354527986487048,0.12865543807758795,1.837934829679828
GB,Wine,label_noise,feature_noise,0.35,0.2,mcc,0.693238834031944,0.6178079494958749,0.07543088453606905,1.0775840648009867
GB,Wine,label_noise,feature_noise,0.35,0.2,accuracy,0.37476190476190485,0.34907220137473943,0.02568970338716542,0.36699576267379175
GB,Wine,label_noise,feature_noise,0.35,0.2,balanced_accuracy,0.3754668788002121,0.3248353096243623,0.05063156917584982,0.723308131083569
GB,Wine,label_noise,feature_noise,0.35,0.2,macro_f1,0.3826946433298495,0.3354527986487048,0.047241844681144674,0.674883495444924
GB,Wine,label_noise,feature_noise,0.35,0.2,mcc,0.561446055519595,0.6178079494958749,-0.056361893976279887,-0.8051699139468556
LR,BreastCancer,label_noise,feature_noise,0.35,0.2,accuracy,0.35503803757180574,0.33592693060510787,0.019111106966697877,0.2730158138099697
LR,BreastCancer,label_noise,feature_noise,0.35,0.2,balanced_accuracy,0.38123508916023785,0.3072233786148636,0.07401171054537425,1.0573101506482037
LR,BreastCancer,label_noise,feature_noise,0.35,0.2,macro_f1,0.38779315239305745,0.3203477347829716,0.06744541761008582,0.963505965858369
LR,BreastCancer,label_noise,feature_noise,0.35,0.2,mcc,0.7476910112777413,0.5841293831521676,0.16356162812557373,2.3365946875081964
LR,BreastCancer,label_noise,feature_noise,0.35,0.2,accuracy,0.3638410184753922,0.33592693060510787,0.02791408787028432,0.3987726838612046
LR,BreastCancer,label_noise,feature_noise,0.35,0.2,balanced_accuracy,0.3747088342998153,0.3072233786148636,0.06748545568495168,0.9640779383564526
LR,BreastCancer,label_noise,feature_noise,0.35,0.2,macro_f1,0.38037819798089056,0.3203477347829716,0.06003046319791894,0.8575780456845563
LR,BreastCancer,label_noise,feature_noise,0.35,0.2,mcc,0.7451019292661339,0.5841293831521676,0.16097254611396639,2.2996078016280914
RF,BreastCancer,label_noise,feature_noise,0.35,0.2,accuracy,0.3514930393831187,0.34818547269108263,0.003307566692036079,0.047250952743372564
RF,BreastCancer,label_noise,feature_noise,0.35,0.2,balanced_accuracy,0.37105067592868224,0.3152545336085904,0.055796142320091835,0.7970877474298834
RF,BreastCancer,label_noise,feature_noise,0.35,0.2,macro_f1,0.3739287864267523,0.3292502709160326,0.04467851551071972,0.638264507295996
RF,BreastCancer,label_noise,feature_noise,0.35,0.2,mcc,0.7380323673887456,0.6070258458226,0.13100652156614556,1.8715217366592225
RF,BreastCancer,label_noise,feature_noise,0.35,0.2,accuracy,0.36732908968586664,0.34818547269108263,0.019143616994784007,0.2734802427826287
RF,BreastCancer,label_noise,feature_noise,0.35,0.2,balanced_accuracy,0.3774999180368731,0.3152545336085904,0.0622453844282827,0.8892197775468959
RF,BreastCancer,label_noise,feature_noise,0.35,0.2,macro_f1,0.3809427642634102,0.3292502709160326,0.05169249334737763,0.7384641906768235
RF,BreastCancer,label_noise,feature_noise,0.35,0.2,mcc,0.7516953839453027,0.6070258458226,0.14466953812270267,2.066707687467181
XGB,BreastCancer,label_noise,feature_noise,0.35,0.2,accuracy,0.3679449360865288,0.35520709510493925,0.012737840981589532,0.1819691568798505
XGB,BreastCancer,label_noise,feature_noise,0.35,0.2,balanced_accuracy,0.3857996437022735,0.3327917084562695,0.053007935246004,0.7572562178000573
XGB,BreastCancer,label_noise,feature_noise,0.35,0.2,macro_f1,0.3884577145524122,0.3425782985017834,0.045879416050628785,0.655420229294697
XGB,BreastCancer,label_noise,feature_noise,0.35,0.2,mcc,0.7708686470449619,0.6314108698594066,0.1394577771855553,1.9922539597936473
XGB,BreastCancer,label_noise,feature_noise,0.35,0.2,accuracy,0.3889975676654762,0.35520709510493925,0.033790472560536966,0.48272103657909954
XGB,BreastCancer,label_noise,feature_noise,0.35,0.2,balanced_accuracy,0.3958335917108773,0.3327917084562695,0.0630418832546078,0.9005983322086829
XGB,BreastCancer,label_noise,feature_noise,0.35,0.2,macro_f1,0.4007933678326244,0.3425782985017834,0.05821506933084103,0.8316438475834433
XGB,BreastCancer,label_noise,feature_noise,0.35,0.2,mcc,0.7935465090110911,0.6314108698594066,0.1621356391516845,2.316223416452636
SVM,BreastCancer,label_noise,feature_noise,0.35,0.2,accuracy,0.3251876002691094,0.33599495226227666,-0.010807351993167236,-0.15439074275953196
SVM,BreastCancer,label_noise,feature_noise,0.35,0.2,balanced_accuracy,0.34976312663841835,0.29830457080888,0.051458555829538344,0.7351222261362621
SVM,BreastCancer,label_noise,feature_noise,0.35,0.2,macro_f1,0.3519332402203885,0.3118081012998923,0.04012513892049624,0.5732162702928035
SVM,BreastCancer,label_noise,feature_noise,0.35,0.2,mcc,0.6819350954064155,0.5729276036424791,0.10900749176393643,1.5572498823419492
SVM,BreastCancer,label_noise,feature_noise,0.35,0.2,accuracy,0.36740154220359167,0.33599495226227666,0.03140658994131501,0.4486655705902145
SVM,BreastCancer,label_noise,feature_noise,0.35,0.2,balanced_accuracy,0.3821029625082919,0.29830457080888,0.08379839169941189,1.19711988142017
SVM,BreastCancer,label_noise,feature_noise,0.35,0.2,macro_f1,0.38812874646949824,0.3118081012998923,0.07632064516960596,1.090294930994371
SVM,BreastCancer,label_noise,feature_noise,0.35,0.2,mcc,0.7549795765700811,0.5729276036424791,0.182051972927602,2.6007424703943145
MLP,BreastCancer,label_noise,feature_noise,0.35,0.2,accuracy,0.335103244837758,0.34528495712568974,-0.010181712287931743,-0.14545303268473922
MLP,BreastCancer,label_noise,feature_noise,0.35,0.2,balanced_accuracy,0.34792752362900503,0.3111686446281648,0.03675887900084024,0.5251268428691463
MLP,BreastCancer,label_noise,feature_noise,0.35,0.2,macro_f1,0.35239987935415484,0.3289509931366784,0.023448886217476428,0.3349840888210919
MLP,BreastCancer,label_noise,feature_noise,0.35,0.2,mcc,0.6963017252234144,0.5914962147160571,0.10480551050735731,1.4972215786765333
MLP,BreastCancer,label_noise,feature_noise,0.35,0.2,accuracy,0.34569166278528163,0.34528495712568974,0.0004067056595918883,0.005810080851312691
MLP,BreastCancer,label_noise,feature_noise,0.35,0.2,balanced_accuracy,0.35541728671670303,0.3111686446281648,0.04424864208853824,0.6321234584076891
MLP,BreastCancer,label_noise,feature_noise,0.35,0.2,macro_f1,0.36571355893805646,0.3289509931366784,0.036762565801378044,0.5251795114482578
MLP,BreastCancer,label_noise,feature_noise,0.35,0.2,mcc,0.7060594389027439,0.5914962147160571,0.11456322418668685,1.636617488381241
GB,BreastCancer,label_noise,feature_noise,0.35,0.2,accuracy,0.35330435232624335,0.34907220137473943,0.004232150951503921,0.06045929930719888
GB,BreastCancer,label_noise,feature_noise,0.35,0.2,balanced_accuracy,0.3702497552241176,0.3248353096243623,0.045414445599755326,0.648777794282219
GB,BreastCancer,label_noise,feature_noise,0.35,0.2,macro_f1,0.3723561083087279,0.3354527986487048,0.03690330966002309,0.5271901380003299
GB,BreastCancer,label_noise,feature_noise,0.35,0.2,mcc,0.7393149194769081,0.6178079494958749,0.12150696998103316,1.7358138568719026
GB,BreastCancer,label_noise,feature_noise,0.35,0.2,accuracy,0.38143662992288985,0.34907220137473943,0.032364428548150415,0.4623489792592917
GB,BreastCancer,label_noise,feature_noise,0.35,0.2,balanced_accuracy,0.3865829562672687,0.3248353096243623,0.061747646642906384,0.8821092377558056
GB,BreastCancer,label_noise,feature_noise,0.35,0.2,macro_f1,0.3890530516408901,0.3354527986487048,0.05360025299218529,0.7657178998883614
GB,BreastCancer,label_noise,feature_noise,0.35,0.2,mcc,0.7749918343136202,0.6178079494958749,0.15718388481774526,2.2454840688249327
LR,Digits,label_noise,feature_noise,0.35,0.2,accuracy,0.32628752708139885,0.33592693060510787,-0.009639403523709011,-0.13770576462441447
LR,Digits,label_noise,feature_noise,0.35,0.2,balanced_accuracy,0.3308035296897265,0.3072233786148636,0.023580151074862887,0.3368593010694699
LR,Digits,label_noise,feature_noise,0.35,0.2,macro_f1,0.33193208400879404,0.3203477347829716,0.01158434922582241,0.16549070322603446
LR,Digits,label_noise,feature_noise,0.35,0.2,mcc,0.6600426385921601,0.5841293831521676,0.0759132554399925,1.0844750777141787
LR,Digits,label_noise,feature_noise,0.35,0.2,accuracy,0.2889817393995665,0.33592693060510787,-0.04694519120554136,-0.6706455886505909
LR,Digits,label_noise,feature_noise,0.35,0.2,balanced_accuracy,0.28908764812526566,0.3072233786148636,-0.018135730489597934,-0.25908186413711337
LR,Digits,label_noise,feature_noise,0.35,0.2,macro_f1,0.28931773317968434,0.3203477347829716,-0.031030001603287283,-0.4432857371898184
LR,Digits,label_noise,feature_noise,0.35,0.2,mcc,0.5780529781872593,0.5841293831521676,-0.006076404964908244,-0.08680578521297493
RF,Digits,label_noise,feature_noise,0.35,0.2,accuracy,0.3989977303208503,0.34818547269108263,0.050812257629767654,0.7258893947109666
RF,Digits,label_noise,feature_noise,0.35,0.2,balanced_accuracy,0.4053539195779343,0.3152545336085904,0.09009938596934391,1.2871340852763418
RF,Digits,label_noise,feature_noise,0.35,0.2,macro_f1,0.4082065837230707,0.3292502709160326,0.07895631280703813,1.1279473258148305
RF,Digits,label_noise,feature_noise,0.35,0.2,mcc,0.8062205540900039,0.6070258458226,0.19919470826740393,2.845638689534342
RF,Digits,label_noise,feature_noise,0.35,0.2,accuracy,0.36725059321159625,0.34818547269108263,0.019065120520513623,0.27235886457876607
RF,Digits,label_noise,feature_noise,0.35,0.2,balanced_accuracy,0.3673216110241736,0.3152545336085904,0.052067077415583196,0.7438153916511886
RF,Digits,label_noise,feature_noise,0.35,0.2,macro_f1,0.3674822179906082,0.3292502709160326,0.03823194707457561,0.5461706724939374
RF,Digits,label_noise,feature_noise,0.35,0.2,mcc,0.7344912971068861,0.6070258458226,0.1274654512842861,1.8209350183469446
XGB,Digits,label_noise,feature_noise,0.35,0.2,accuracy,0.4019508923965749,0.35520709510493925,0.046743797291635636,0.667768532737652
XGB,Digits,label_noise,feature_noise,0.35,0.2,balanced_accuracy,0.40582490228881607,0.3327917084562695,0.07303319383254658,1.0433313404649514
XGB,Digits,label_noise,feature_noise,0.35,0.2,macro_f1,0.4066281971115372,0.3425782985017834,0.0640498986097538,0.9149985515679114
XGB,Digits,label_noise,feature_noise,0.35,0.2,mcc,0.8100881018096587,0.6314108698594066,0.1786772319502521,2.5525318850036016
XGB,Digits,label_noise,feature_noise,0.35,0.2,accuracy,0.38415144949963886,0.35520709510493925,0.028944354394699612,0.4134907770671373
XGB,Digits,label_noise,feature_noise,0.35,0.2,balanced_accuracy,0.3841617628262519,0.3327917084562695,0.05137005436998243,0.7338579195711776
XGB,Digits,label_noise,feature_noise,0.35,0.2,macro_f1,0.3843936424512736,0.3425782985017834,0.041815343949490213,0.5973620564212888
XGB,Digits,label_noise,feature_noise,0.35,0.2,mcc,0.7682339576089022,0.6314108698594066,0.1368230877494956,1.9546155392785085
SVM,Digits,label_noise,feature_noise,0.35,0.2,accuracy,0.36969823584029715,0.33599495226227666,0.03370328357802049,0.48147547968600707
SVM,Digits,label_noise,feature_noise,0.35,0.2,balanced_accuracy,0.3727226934639625,0.29830457080888,0.07441812265508246,1.0631160379297495
SVM,Digits,label_noise,feature_noise,0.35,0.2,macro_f1,0.3733009574599515,0.3118081012998923,0.06149285616005923,0.8784693737151319
SVM,Digits,label_noise,feature_noise,0.35,0.2,mcc,0.7435643045909167,0.5729276036424791,0.17063670094843764,2.437667156406252
SVM,Digits,label_noise,feature_noise,0.35,0.2,accuracy,0.33962859795728884,0.33599495226227666,0.0036336456950121776,0.05190922421445968
SVM,Digits,label_noise,feature_noise,0.35,0.2,balanced_accuracy,0.33968955670130385,0.29830457080888,0.04138498589242384,0.5912140841774836
SVM,Digits,label_noise,feature_noise,0.35,0.2,macro_f1,0.3400256864633201,0.3118081012998923,0.028217585163427816,0.40310835947754026
SVM,Digits,label_noise,feature_noise,0.35,0.2,mcc,0.678864088773129,0.5729276036424791,0.1059364851306499,1.5133783590092844
MLP,Digits,label_noise,feature_noise,0.35,0.2,accuracy,0.37154441349427425,0.34528495712568974,0.02625945636858451,0.37513509097977876
MLP,Digits,label_noise,feature_noise,0.35,0.2,balanced_accuracy,0.3739133523847663,0.3111686446281648,0.06274470775660151,0.8963529679514503
MLP,Digits,label_noise,feature_noise,0.35,0.2,macro_f1,0.3743359683822918,0.3289509931366784,0.04538497524561336,0.6483567892230481
MLP,Digits,label_noise,feature_noise,0.35,0.2,mcc,0.7469967662332397,0.5914962147160571,0.15550055151718267,2.221436450245467
MLP,Digits,label_noise,feature_noise,0.35,0.2,accuracy,0.35759671928195613,0.34528495712568974,0.012311762156266393,0.17588231651809133
MLP,Digits,label_noise,feature_noise,0.35,0.2,balanced_accuracy,0.3577499330580749,0.3111686446281648,0.046581288429910106,0.6654469775701445
MLP,Digits,label_noise,feature_noise,0.35,0.2,macro_f1,0.3581278058791645,0.3289509931366784,0.02917681274248607,0.4168116106069439
MLP,Digits,label_noise,feature_noise,0.35,0.2,mcc,0.7150428388331797,0.5914962147160571,0.12354662411712258,1.7649517731017514
GB,Digits,label_noise,feature_noise,0.35,0.2,accuracy,0.3984380480759311,0.34907220137473943,0.04936584670119165,0.7052263814455951
GB,Digits,label_noise,feature_noise,0.35,0.2,balanced_accuracy,0.40362103966039153,0.3248353096243623,0.07878573003602923,1.125510429086132
GB,Digits,label_noise,feature_noise,0.35,0.2,macro_f1,0.4053512111982821,0.3354527986487048,0.0698984125495773,0.9985487507082471
GB,Digits,label_noise,feature_noise,0.35,0.2,mcc,0.8049778208195193,0.6178079494958749,0.18716987132364438,2.6738553046234914
GB,Digits,label_noise,feature_noise,0.35,0.2,accuracy,0.38060765500876925,0.34907220137473943,0.03153545363402982,0.45050648048614034
GB,Digits,label_noise,feature_noise,0.35,0.2,balanced_accuracy,0.3806254367987113,0.3248353096243623,0.055790127174349,0.7970018167764144
GB,Digits,label_noise,feature_noise,0.35,0.2,macro_f1,0.3809367938330507,0.3354527986487048,0.04548399518434587,0.6497713597763697
GB,Digits,label_noise,feature_noise,0.35,0.2,mcc,0.7610417855322186,0.6178079494958749,0.14323383603634365,2.046197657662052
LR,Spambase,label_noise,feature_noise,0.35,0.45,accuracy,0.32862287368802023,0.35314549181147714,-0.024522618123456907,-0.15569916268861528
LR,Spambase,label_noise,feature_noise,0.35,0.45,balanced_accuracy,0.33162453159582284,0.3262954166505412,0.005329114945281654,0.033835650446232726
LR,Spambase,label_noise,feature_noise,0.35,0.45,macro_f1,0.33951508838676003,0.3393979519932784,0.00011713639348165383,0.0007437231332168497
LR,Spambase,label_noise,feature_noise,0.35,0.45,mcc,0.6607043046520943,0.6200914814111411,0.040612823240953166,0.25785919518065503
LR,Spambase,label_noise,feature_noise,0.35,0.45,accuracy,0.3144978677870619,0.35314549181147714,-0.03864762402441524,-0.24538173983755707
LR,Spambase,label_noise,feature_noise,0.35,0.45,balanced_accuracy,0.31782447248841994,0.3262954166505412,-0.008470944162121241,-0.05378377245791264
LR,Spambase,label_noise,feature_noise,0.35,0.45,macro_f1,0.3245027324179235,0.3393979519932784,-0.01489521957535489,-0.09457282270066597
LR,Spambase,label_noise,feature_noise,0.35,0.45,mcc,0.6323983498635162,0.6200914814111411,0.012306868452375053,0.078138847316667
RF,Spambase,label_noise,feature_noise,0.35,0.45,accuracy,0.3444886622920895,0.3648292381940871,-0.02034057590199756,-0.12914651366347657
RF,Spambase,label_noise,feature_noise,0.35,0.45,balanced_accuracy,0.34861804691354537,0.33760469739090526,0.011013349522640103,0.06992602871517525
RF,Spambase,label_noise,feature_noise,0.35,0.45,macro_f1,0.3601318532733291,0.35246191599167725,0.0076699372816518285,0.04869801448667828
RF,Spambase,label_noise,feature_noise,0.35,0.45,mcc,0.6944493888760443,0.6476818745734494,0.04676751430259496,0.29693659874663464
RF,Spambase,label_noise,feature_noise,0.35,0.45,accuracy,0.3331913956159812,0.3648292381940871,-0.03163784257810587,-0.20087519097210074
RF,Spambase,label_noise,feature_noise,0.35,0.45,balanced_accuracy,0.3382928517742989,0.33760469739090526,0.0006881543833936465,0.004369234180277121
RF,Spambase,label_noise,feature_noise,0.35,0.45,macro_f1,0.34898519598865285,0.35246191599167725,-0.0034767200030244028,-0.022074412717615257
RF,Spambase,label_noise,feature_noise,0.35,0.45,mcc,0.6720615471194129,0.6476818745734494,0.024379672545963516,0.15479157172040328
XGB,Spambase,label_noise,feature_noise,0.35,0.45,accuracy,0.37440903869455067,0.37099018698504693,0.003418851709503734,0.02170699498097609
XGB,Spambase,label_noise,feature_noise,0.35,0.45,balanced_accuracy,0.3773008057850229,0.35518452008124984,0.022116285703773053,0.14042086161125747
XGB,Spambase,label_noise,feature_noise,0.35,0.45,macro_f1,0.38115824590689595,0.36453018093745637,0.016628064969439582,0.10557501567898148
XGB,Spambase,label_noise,feature_noise,0.35,0.45,mcc,0.7548109995569714,0.6716814952923351,0.08312950426463628,0.527806376283405
XGB,Spambase,label_noise,feature_noise,0.35,0.45,accuracy,0.3718081323073533,0.37099018698504693,0.0008179453223063904,0.005193303633691367
XGB,Spambase,label_noise,feature_noise,0.35,0.45,balanced_accuracy,0.37519566528293447,0.35518452008124984,0.02001114520168462,0.12705489016942617
XGB,Spambase,label_noise,feature_noise,0.35,0.45,macro_f1,0.37863424338215335,0.36453018093745637,0.014104062444696974,0.08954960282347285
XGB,Spambase,label_noise,feature_noise,0.35,0.45,mcc,0.7507210341374824,0.6716814952923351,0.07903953884514725,0.5018383418739508
SVM,Spambase,label_noise,feature_noise,0.35,0.45,accuracy,0.33782341185541864,0.3466304912913537,-0.008807079435935061,-0.055917964672603564
SVM,Spambase,label_noise,feature_noise,0.35,0.45,balanced_accuracy,0.34173654229705686,0.31063718864406886,0.031099353652987993,0.19745621366976504
SVM,Spambase,label_noise,feature_noise,0.35,0.45,macro_f1,0.3504481047468351,0.32395482187981517,0.026493282867019907,0.16821131979060258
SVM,Spambase,label_noise,feature_noise,0.35,0.45,mcc,0.6801130560108045,0.5949300766943346,0.0851829793164699,0.5408443131204438
SVM,Spambase,label_noise,feature_noise,0.35,0.45,accuracy,0.3191381453681411,0.3466304912913537,-0.02749234592321259,-0.17455457729023868
SVM,Spambase,label_noise,feature_noise,0.35,0.45,balanced_accuracy,0.3230084364229515,0.31063718864406886,0.012371247778882655,0.07854760494528669
SVM,Spambase,label_noise,feature_noise,0.35,0.45,macro_f1,0.3297157120938302,0.32395482187981517,0.005760890214015046,0.03657708072390506
SVM,Spambase,label_noise,feature_noise,0.35,0.45,mcc,0.6424880587836455,0.5949300766943346,0.047557982089310835,0.3019554418368942
MLP,Spambase,label_noise,feature_noise,0.35,0.45,accuracy,0.3643425545641945,0.36089190475709276,0.0034506498071017466,0.021908887664138073
MLP,Spambase,label_noise,feature_noise,0.35,0.45,balanced_accuracy,0.36768509982318753,0.32818681473714423,0.039498285086043305,0.2507827624510686
MLP,Spambase,label_noise,feature_noise,0.35,0.45,macro_f1,0.3726188425296527,0.3457754191855523,0.026843423344100392,0.17043443393079613
MLP,Spambase,label_noise,feature_noise,0.35,0.45,mcc,0.7334690862759055,0.6227831419757149,0.11068594430019052,0.70276790031867
MLP,Spambase,label_noise,feature_noise,0.35,0.45,accuracy,0.34847558576846216,0.36089190475709276,-0.012416318988630604,-0.07883377135638478
MLP,Spambase,label_noise,feature_noise,0.35,0.45,balanced_accuracy,0.3525214308864446,0.32818681473714423,0.02433461614930038,0.15450549936063734
MLP,Spambase,label_noise,feature_noise,0.35,0.45,macro_f1,0.35606010760142814,0.3457754191855523,0.01028468841587582,0.06529960898968774
MLP,Spambase,label_noise,feature_noise,0.35,0.45,mcc,0.702683321719235,0.6227831419757149,0.07990017974352004,0.5073027285302859
GB,Spambase,label_noise,feature_noise,0.35,0.45,accuracy,0.36303450880422994,0.36523275801562094,-0.0021982492113910013,-0.013957137850101595
GB,Spambase,label_noise,feature_noise,0.35,0.45,balanced_accuracy,0.36597875253484313,0.34566709133425577,0.02031166120058736,0.12896292825769753
GB,Spambase,label_noise,feature_noise,0.35,0.45,macro_f1,0.37033185410786873,0.3558947757837354,0.014437078324133323,0.09166398935957666
GB,Spambase,label_noise,feature_noise,0.35,0.45,mcc,0.7319226171602493,0.6553396644697775,0.07658295269047177,0.48624096946331286
GB,Spambase,label_noise,feature_noise,0.35,0.45,accuracy,0.3584744842562434,0.36523275801562094,-0.006758273759377542,-0.04290967466271455
GB,Spambase,label_noise,feature_noise,0.35,0.45,balanced_accuracy,0.3628190146995657,0.34566709133425577,0.017151923365309907,0.10890110073212639
GB,Spambase,label_noise,feature_noise,0.35,0.45,macro_f1,0.36774441365188726,0.3558947757837354,0.011849637868151852,0.07523579598826573
GB,Spambase,label_noise,feature_noise,0.35,0.45,mcc,0.724249862847774,0.6553396644697775,0.0689101983779965,0.43752506906664446
LR,Bank,label_noise,feature_noise,0.35,0.45,accuracy,0.28613333333333324,0.35314549181147714,-0.0670121584781439,-0.42547402208345336
LR,Bank,label_noise,feature_noise,0.35,0.45,balanced_accuracy,0.116052550171866,0.3262954166505412,-0.21024286647867518,-1.3348753427217472
LR,Bank,label_noise,feature_noise,0.35,0.45,macro_f1,0.20352951199565472,0.3393979519932784,-0.13586843999762366,-0.862656761889674
LR,Bank,label_noise,feature_noise,0.35,0.45,mcc,0.29969240826813914,0.6200914814111411,-0.320399073143002,-2.034279829479378
LR,Bank,label_noise,feature_noise,0.35,0.45,accuracy,0.27993333333333326,0.35314549181147714,-0.07321215847814388,-0.4648391014485326
LR,Bank,label_noise,feature_noise,0.35,0.45,balanced_accuracy,0.12271499053503898,0.3262954166505412,-0.2035804261155022,-1.2925741340666805
LR,Bank,label_noise,feature_noise,0.35,0.45,macro_f1,0.21871485462609108,0.3393979519932784,-0.1206830973671873,-0.7662418880456336
LR,Bank,label_noise,feature_noise,0.35,0.45,mcc,0.3143682789737078,0.6200914814111411,-0.30572320243743334,-1.9410996980154498
RF,Bank,label_noise,feature_noise,0.35,0.45,accuracy,0.2879333333333334,0.3648292381940871,-0.0768959048607537,-0.4882279673698648
RF,Bank,label_noise,feature_noise,0.35,0.45,balanced_accuracy,0.09009441755329406,0.33760469739090526,-0.2475102798376112,-1.5714938402388012
RF,Bank,label_noise,feature_noise,0.35,0.45,macro_f1,0.20422882312795365,0.35246191599167725,-0.1482330928637236,-0.9411624943728483
RF,Bank,label_noise,feature_noise,0.35,0.45,mcc,0.2813492094433699,0.6476818745734494,-0.3663326651300795,-2.3259216833655842
RF,Bank,label_noise,feature_noise,0.35,0.45,accuracy,0.2829333333333335,0.3648292381940871,-0.0818959048607536,-0.5199739991158958
RF,Bank,label_noise,feature_noise,0.35,0.45,balanced_accuracy,0.09614567505422977,0.33760469739090526,-0.2414590223366755,-1.5330731576931778
RF,Bank,label_noise,feature_noise,0.35,0.45,macro_f1,0.2144749590684607,0.35246191599167725,-0.13798695692321655,-0.8761076630045496
RF,Bank,label_noise,feature_noise,0.35,0.45,mcc,0.3042647536752107,0.6476818745734494,-0.34341712089823867,-2.1804261644332614
XGB,Bank,label_noise,feature_noise,0.35,0.45,accuracy,0.31233333333333335,0.37099018698504693,-0.05865685365171358,-0.3724244676299275
XGB,Bank,label_noise,feature_noise,0.35,0.45,balanced_accuracy,0.14948180521541599,0.35518452008124984,-0.20570271486583386,-1.3060489832751356
XGB,Bank,label_noise,feature_noise,0.35,0.45,macro_f1,0.20767704173945856,0.36453018093745637,-0.15685313919799782,-0.995892947288875
XGB,Bank,label_noise,feature_noise,0.35,0.45,mcc,0.3707366151835581,0.6716814952923351,-0.300944880108777,-1.9107611435477905
XGB,Bank,label_noise,feature_noise,0.35,0.45,accuracy,0.29513333333333325,0.37099018698504693,-0.07585685365171368,-0.48163081683627734
XGB,Bank,label_noise,feature_noise,0.35,0.45,balanced_accuracy,0.14384343247908593,0.35518452008124984,-0.2113410876021639,-1.3418481752518343
XGB,Bank,label_noise,feature_noise,0.35,0.45,macro_f1,0.2058628978597845,0.36453018093745637,-0.15866728307767186,-1.0074113211280753
XGB,Bank,label_noise,feature_noise,0.35,0.45,mcc,0.3534290862060802,0.6716814952923351,-0.3182524090862549,-2.020650216420666
SVM,Bank,label_noise,feature_noise,0.35,0.45,accuracy,0.2881999999999999,0.3466304912913537,-0.0584304912913538,-0.37098724629430985
SVM,Bank,label_noise,feature_noise,0.35,0.45,balanced_accuracy,0.0755844556988341,0.31063718864406886,-0.23505273294523477,-1.492398304414189
SVM,Bank,label_noise,feature_noise,0.35,0.45,macro_f1,0.1693992945142655,0.32395482187981517,-0.15455552736554967,-0.9813049356542837
SVM,Bank,label_noise,feature_noise,0.35,0.45,mcc,0.2486773754432764,0.5949300766943346,-0.3462527012510582,-2.1984298492130683
SVM,Bank,label_noise,feature_noise,0.35,0.45,accuracy,0.27660000000000007,0.3466304912913537,-0.07003049129135364,-0.4446380399451024
SVM,Bank,label_noise,feature_noise,0.35,0.45,balanced_accuracy,0.07125145114087239,0.31063718864406886,-0.23938573750319647,-1.5199094444647394
SVM,Bank,label_noise,feature_noise,0.35,0.45,macro_f1,0.15873743621536696,0.32395482187981517,-0.1652173856644482,-1.0489992740599887
SVM,Bank,label_noise,feature_noise,0.35,0.45,mcc,0.23423286705521046,0.5949300766943346,-0.36069720963912416,-2.290141013581741
MLP,Bank,label_noise,feature_noise,0.35,0.45,accuracy,0.29600000000000004,0.36089190475709276,-0.06489190475709272,-0.4120120936958268
MLP,Bank,label_noise,feature_noise,0.35,0.45,balanced_accuracy,0.09800601103186257,0.32818681473714423,-0.23018080370528166,-1.4614654203509947
MLP,Bank,label_noise,feature_noise,0.35,0.45,macro_f1,0.16017776915576798,0.3457754191855523,-0.18559765002978434,-1.1783977779668848
MLP,Bank,label_noise,feature_noise,0.35,0.45,mcc,0.27508100875790914,0.6227831419757149,-0.3477021332178058,-2.2076325918590842
MLP,Bank,label_noise,feature_noise,0.35,0.45,accuracy,0.29080000000000006,0.36089190475709276,-0.0700919047570927,-0.4450279667116997
MLP,Bank,label_noise,feature_noise,0.35,0.45,balanced_accuracy,0.10748903221730055,0.32818681473714423,-0.22069778251984368,-1.4012557620307535
MLP,Bank,label_noise,feature_noise,0.35,0.45,macro_f1,0.18048314441375518,0.3457754191855523,-0.16529227477179714,-1.049474760455855
MLP,Bank,label_noise,feature_noise,0.35,0.45,mcc,0.297381432117916,0.6227831419757149,-0.3254017098577989,-2.066042602271739
GB,Bank,label_noise,feature_noise,0.35,0.45,accuracy,0.3016,0.36523275801562094,-0.06363275801562096,-0.40401751121029184
GB,Bank,label_noise,feature_noise,0.35,0.45,balanced_accuracy,0.14790128152736648,0.34566709133425577,-0.1977658098068893,-1.2556559352818368
GB,Bank,label_noise,feature_noise,0.35,0.45,macro_f1,0.2131576540783271,0.3558947757837354,-0.1427371217054083,-0.9062674393994178
GB,Bank,label_noise,feature_noise,0.35,0.45,mcc,0.35528749952075284,0.6553396644697775,-0.3000521649490247,-1.9050931107874585
GB,Bank,label_noise,feature_noise,0.35,0.45,accuracy,0.29100000000000004,0.36523275801562094,-0.0742327580156209,-0.47131909851187875
GB,Bank,label_noise,feature_noise,0.35,0.45,balanced_accuracy,0.15116030368736466,0.34566709133425577,-0.1945067876468911,-1.2349637310913721
GB,Bank,label_noise,feature_noise,0.35,0.45,macro_f1,0.22567890233310206,0.3558947757837354,-0.13021587345063335,-0.8267674504802117
GB,Bank,label_noise,feature_noise,0.35,0.45,mcc,0.36094337735931176,0.6553396644697775,-0.2943962871104658,-1.8691827753045447
LR,Wine,label_noise,feature_noise,0.35,0.45,accuracy,0.47338624338624313,0.35314549181147714,0.12024075157476599,0.7634333433318475
LR,Wine,label_noise,feature_noise,0.35,0.45,balanced_accuracy,0.475589472256139,0.3262954166505412,0.14929405560559783,0.9478987657498275
LR,Wine,label_noise,feature_noise,0.35,0.45,macro_f1,0.47840802404136373,0.3393979519932784,0.13901007204808535,0.8826036320513355
LR,Wine,label_noise,feature_noise,0.35,0.45,mcc,0.7122400428180565,0.6200914814111411,0.09214856140691541,0.5850702311550184
LR,Wine,label_noise,feature_noise,0.35,0.45,accuracy,0.4465608465608465,0.35314549181147714,0.09341535474936935,0.5931133634880593
LR,Wine,label_noise,feature_noise,0.35,0.45,balanced_accuracy,0.4502992069658738,0.3262954166505412,0.1240037903153326,0.7873256527957625
LR,Wine,label_noise,feature_noise,0.35,0.45,macro_f1,0.45528006059083537,0.3393979519932784,0.11588210859755699,0.7357594196670285
LR,Wine,label_noise,feature_noise,0.35,0.45,mcc,0.667796028930153,0.6200914814111411,0.047704547519011875,0.30288601599372617
RF,Wine,label_noise,feature_noise,0.35,0.45,accuracy,0.5052380952380953,0.3648292381940871,0.14040885704400818,0.8914848066286234
RF,Wine,label_noise,feature_noise,0.35,0.45,balanced_accuracy,0.5105468605468606,0.33760469739090526,0.17294216315595534,1.098045480355272
RF,Wine,label_noise,feature_noise,0.35,0.45,macro_f1,0.507203679696344,0.35246191599167725,0.1547417637046667,0.9824873886010583
RF,Wine,label_noise,feature_noise,0.35,0.45,mcc,0.7622643017908446,0.6476818745734494,0.1145824272173952,0.72750747439616
RF,Wine,label_noise,feature_noise,0.35,0.45,accuracy,0.3990476190476192,0.3648292381940871,0.03421838085353213,0.21725956097480714
RF,Wine,label_noise,feature_noise,0.35,0.45,balanced_accuracy,0.40485921485921483,0.33760469739090526,0.06725451746830957,0.42701280932260044
RF,Wine,label_noise,feature_noise,0.35,0.45,macro_f1,0.40640396774648446,0.35246191599167725,0.05394205175480721,0.34248921749083944
RF,Wine,label_noise,feature_noise,0.35,0.45,mcc,0.5968482950936539,0.6476818745734494,-0.0508335794797955,-0.3227528855860032
XGB,Wine,label_noise,feature_noise,0.35,0.45,accuracy,0.5466666666666666,0.37099018698504693,0.1756764796816197,1.11540622020076
XGB,Wine,label_noise,feature_noise,0.35,0.45,balanced_accuracy,0.5500809067475736,0.35518452008124984,0.19489638666632375,1.2374373756591983
XGB,Wine,label_noise,feature_noise,0.35,0.45,macro_f1,0.556851121847582,0.36453018093745637,0.19232094091012564,1.2210853391119088
XGB,Wine,label_noise,feature_noise,0.35,0.45,mcc,0.8234307349707748,0.6716814952923351,0.15174923967843967,0.9634872360535852
XGB,Wine,label_noise,feature_noise,0.35,0.45,accuracy,0.429047619047619,0.37099018698504693,0.05805743206257208,0.3686186162702989
XGB,Wine,label_noise,feature_noise,0.35,0.45,balanced_accuracy,0.43475401142067815,0.35518452008124984,0.07956949133942831,0.5052031196154179
XGB,Wine,label_noise,feature_noise,0.35,0.45,macro_f1,0.4411479173325351,0.36453018093745637,0.07661773639507874,0.4864618183814523
XGB,Wine,label_noise,feature_noise,0.35,0.45,mcc,0.6412243172364951,0.6716814952923351,-0.03045717805584003,-0.19337890829104779
SVM,Wine,label_noise,feature_noise,0.35,0.45,accuracy,0.46619047619047627,0.3466304912913537,0.11955998489912256,0.7591110152325242
SVM,Wine,label_noise,feature_noise,0.35,0.45,balanced_accuracy,0.46428990762324096,0.31063718864406886,0.1536527189791721,0.9755728189153784
SVM,Wine,label_noise,feature_noise,0.35,0.45,macro_f1,0.46677359527784146,0.32395482187981517,0.1428187733980263,0.9067858628446114
SVM,Wine,label_noise,feature_noise,0.35,0.45,mcc,0.6998028674170327,0.5949300766943346,0.10487279072269806,0.6658589887155433
SVM,Wine,label_noise,feature_noise,0.35,0.45,accuracy,0.33746031746031746,0.3466304912913537,-0.009170173831036244,-0.05822332591134123
SVM,Wine,label_noise,feature_noise,0.35,0.45,balanced_accuracy,0.34047594380927715,0.31063718864406886,0.029838755165208286,0.1894524137473542
SVM,Wine,label_noise,feature_noise,0.35,0.45,macro_f1,0.3451014356582469,0.32395482187981517,0.021146613778431744,0.1342642144662333
SVM,Wine,label_noise,feature_noise,0.35,0.45,mcc,0.5053073427256902,0.5949300766943346,-0.0896227339686444,-0.5690332315469485
MLP,Wine,label_noise,feature_noise,0.35,0.45,accuracy,0.5151851851851852,0.36089190475709276,0.15429328042809243,0.9796398757339202
MLP,Wine,label_noise,feature_noise,0.35,0.45,balanced_accuracy,0.5017745217745219,0.32818681473714423,0.17358770703737764,1.1021441716658897
MLP,Wine,label_noise,feature_noise,0.35,0.45,macro_f1,0.5509232823828139,0.3457754191855523,0.20514786319726153,1.3025261155381684
MLP,Wine,label_noise,feature_noise,0.35,0.45,mcc,0.745287646387951,0.6227831419757149,0.12250450441223604,0.7778063772205462
MLP,Wine,label_noise,feature_noise,0.35,0.45,accuracy,0.4364550264550264,0.36089190475709276,0.07556312169793361,0.47976585205037214
MLP,Wine,label_noise,feature_noise,0.35,0.45,balanced_accuracy,0.44206867206867223,0.32818681473714423,0.113881857331528,0.7230594116287492
MLP,Wine,label_noise,feature_noise,0.35,0.45,macro_f1,0.4619370840277721,0.3457754191855523,0.11616166484221979,0.7375343799506019
MLP,Wine,label_noise,feature_noise,0.35,0.45,mcc,0.6511744733654008,0.6227831419757149,0.02839133138968586,0.180262421521815
GB,Wine,label_noise,feature_noise,0.35,0.45,accuracy,0.4926984126984127,0.36523275801562094,0.12746565468279175,0.8093057440177254
GB,Wine,label_noise,feature_noise,0.35,0.45,balanced_accuracy,0.4954746488079821,0.34566709133425577,0.14980755747372632,0.9511590950712782
GB,Wine,label_noise,feature_noise,0.35,0.45,macro_f1,0.49996540509557796,0.3558947757837354,0.14407062931184256,0.9147341543609051
GB,Wine,label_noise,feature_noise,0.35,0.45,mcc,0.7467231126354321,0.6553396644697775,0.09138344816565458,0.5802123693057434
GB,Wine,label_noise,feature_noise,0.35,0.45,accuracy,0.38063492063492066,0.36523275801562094,0.01540216261929972,0.09779150869396647
GB,Wine,label_noise,feature_noise,0.35,0.45,balanced_accuracy,0.38195483528816865,0.34566709133425577,0.03628774395391288,0.23039837431055796
GB,Wine,label_noise,feature_noise,0.35,0.45,macro_f1,0.3869199023630828,0.3558947757837354,0.031025126579347417,0.1969849306625233
GB,Wine,label_noise,feature_noise,0.35,0.45,mcc,0.5728795683948672,0.6553396644697775,-0.08246009607491034,-0.5235561655549863
LR,BreastCancer,label_noise,feature_noise,0.35,0.45,accuracy,0.3673963670237541,0.35314549181147714,0.01425087521227697,0.09048174737953632
LR,BreastCancer,label_noise,feature_noise,0.35,0.45,balanced_accuracy,0.3935456952208439,0.3262954166505412,0.06725027857030275,0.4269858956844619
LR,BreastCancer,label_noise,feature_noise,0.35,0.45,macro_f1,0.40094875537644814,0.3393979519932784,0.06155080338316976,0.3907987516391731
LR,BreastCancer,label_noise,feature_noise,0.35,0.45,mcc,0.7745251192367237,0.6200914814111411,0.15443363782558261,0.9805310338132229
LR,BreastCancer,label_noise,feature_noise,0.35,0.45,accuracy,0.36913522744915395,0.35314549181147714,0.015989735637676805,0.1015221310328686
LR,BreastCancer,label_noise,feature_noise,0.35,0.45,balanced_accuracy,0.37748567837077696,0.3262954166505412,0.051190261720235775,0.32501753473165573
LR,BreastCancer,label_noise,feature_noise,0.35,0.45,macro_f1,0.38271409631081754,0.3393979519932784,0.04331614431753916,0.2750231385240582
LR,BreastCancer,label_noise,feature_noise,0.35,0.45,mcc,0.7519471151262005,0.6200914814111411,0.13185563371505937,0.8371786267622817
RF,BreastCancer,label_noise,feature_noise,0.35,0.45,accuracy,0.344491021062982,0.3648292381940871,-0.020338217131105063,-0.1291315373403496
RF,BreastCancer,label_noise,feature_noise,0.35,0.45,balanced_accuracy,0.3685764657417061,0.33760469739090526,0.030971768350800843,0.19664614825905297
RF,BreastCancer,label_noise,feature_noise,0.35,0.45,macro_f1,0.37190640138571773,0.35246191599167725,0.01944448539404048,0.12345705012089192
RF,BreastCancer,label_noise,feature_noise,0.35,0.45,mcc,0.7279908037520992,0.6476818745734494,0.08030892917864985,0.5098979630390467
RF,BreastCancer,label_noise,feature_noise,0.35,0.45,accuracy,0.3515706670806811,0.3648292381940871,-0.013258571113406004,-0.0841814038946413
RF,BreastCancer,label_noise,feature_noise,0.35,0.45,balanced_accuracy,0.3601479105672185,0.33760469739090526,0.022543213176313248,0.1431315122305603
RF,BreastCancer,label_noise,feature_noise,0.35,0.45,macro_f1,0.3622714329233073,0.35246191599167725,0.009809516931630069,0.06228264718495282
RF,BreastCancer,label_noise,feature_noise,0.35,0.45,mcc,0.7168920491849056,0.6476818745734494,0.06921017461145618,0.43942968007273764
XGB,BreastCancer,label_noise,feature_noise,0.35,0.45,accuracy,0.350370025358381,0.37099018698504693,-0.02062016162666591,-0.13092166112168832
XGB,BreastCancer,label_noise,feature_noise,0.35,0.45,balanced_accuracy,0.37182881842825666,0.35518452008124984,0.016644298347006814,0.1056780847429004
XGB,BreastCancer,label_noise,feature_noise,0.35,0.45,macro_f1,0.37599359294573276,0.36453018093745637,0.011463412008276386,0.07278356830651674
XGB,BreastCancer,label_noise,feature_noise,0.35,0.45,mcc,0.7383042488319316,0.6716814952923351,0.06662275353959646,0.4230016097752156
XGB,BreastCancer,label_noise,feature_noise,0.35,0.45,accuracy,0.3855043212751642,0.37099018698504693,0.014514134290117275,0.0921532335880462
XGB,BreastCancer,label_noise,feature_noise,0.35,0.45,balanced_accuracy,0.39232472149612474,0.35518452008124984,0.037140201414874896,0.23581080263412632
XGB,BreastCancer,label_noise,feature_noise,0.35,0.45,macro_f1,0.3958494643582243,0.36453018093745637,0.03131928342076795,0.19885259314773301
XGB,BreastCancer,label_noise,feature_noise,0.35,0.45,mcc,0.7868650959541074,0.6716814952923351,0.11518360066177225,0.731324448646173
SVM,BreastCancer,label_noise,feature_noise,0.35,0.45,accuracy,0.33220514412875857,0.3466304912913537,-0.014425347162595137,-0.09158950579425483
SVM,BreastCancer,label_noise,feature_noise,0.35,0.45,balanced_accuracy,0.35809645997175177,0.31063718864406886,0.047459271327682906,0.3013287068424311
SVM,BreastCancer,label_noise,feature_noise,0.35,0.45,macro_f1,0.36142623447995026,0.32395482187981517,0.03747141260013509,0.2379137307945085
SVM,BreastCancer,label_noise,feature_noise,0.35,0.45,mcc,0.6984855520855566,0.5949300766943346,0.10355547539122201,0.6574950818490286
SVM,BreastCancer,label_noise,feature_noise,0.35,0.45,accuracy,0.3744501371422657,0.3466304912913537,0.02781964585091201,0.1766326720692826
SVM,BreastCancer,label_noise,feature_noise,0.35,0.45,balanced_accuracy,0.39110576362874006,0.31063718864406886,0.08046857498467119,0.5109115872042616
SVM,BreastCancer,label_noise,feature_noise,0.35,0.45,macro_f1,0.39960641511520334,0.32395482187981517,0.07565159323538817,0.48032757609770266
SVM,BreastCancer,label_noise,feature_noise,0.35,0.45,mcc,0.7709250666439535,0.5949300766943346,0.17599498994961893,1.1174285076166282
MLP,BreastCancer,label_noise,feature_noise,0.35,0.45,accuracy,0.3368886818816952,0.36089190475709276,-0.02400322287539758,-0.1524014150818894
MLP,BreastCancer,label_noise,feature_noise,0.35,0.45,balanced_accuracy,0.34891881956710935,0.32818681473714423,0.020732004829965123,0.13163177669819126
MLP,BreastCancer,label_noise,feature_noise,0.35,0.45,macro_f1,0.35363339685221606,0.3457754191855523,0.00785797766666374,0.049891921693103115
MLP,BreastCancer,label_noise,feature_noise,0.35,0.45,mcc,0.6976944285258011,0.6227831419757149,0.07491128655008616,0.47562721619102327
MLP,BreastCancer,label_noise,feature_noise,0.35,0.45,accuracy,0.3492625368731561,0.36089190475709276,-0.011629367883936648,-0.07383725640594697
MLP,BreastCancer,label_noise,feature_noise,0.35,0.45,balanced_accuracy,0.35870953695012964,0.32818681473714423,0.03052272221298541,0.19379506166974864
MLP,BreastCancer,label_noise,feature_noise,0.35,0.45,macro_f1,0.3691117430298363,0.3457754191855523,0.023336323844283968,0.14816713551926328
MLP,BreastCancer,label_noise,feature_noise,0.35,0.45,mcc,0.7121399552881438,0.6227831419757149,0.08935681331242884,0.5673448464281197
GB,BreastCancer,label_noise,feature_noise,0.35,0.45,accuracy,0.3391916369093826,0.36523275801562094,-0.026041121106238352,-0.16534045146818002
GB,BreastCancer,label_noise,feature_noise,0.35,0.45,balanced_accuracy,0.35699217946654194,0.34566709133425577,0.011325088132286165,0.07190532147483279
GB,BreastCancer,label_noise,feature_noise,0.35,0.45,macro_f1,0.35910296337413106,0.3558947757837354,0.0032081875903956503,0.02036944501838508
GB,BreastCancer,label_noise,feature_noise,0.35,0.45,mcc,0.7104630929643683,0.6553396644697775,0.05512342849459073,0.34999002218787767
GB,BreastCancer,label_noise,feature_noise,0.35,0.45,accuracy,0.35852093360244264,0.36523275801562094,-0.006711824413178302,-0.042614758178909855
GB,BreastCancer,label_noise,feature_noise,0.35,0.45,balanced_accuracy,0.3647883717668019,0.34566709133425577,0.01912128043254613,0.121404955127277
GB,BreastCancer,label_noise,feature_noise,0.35,0.45,macro_f1,0.36762326634042297,0.3558947757837354,0.011728490556687565,0.0744666067091274
GB,BreastCancer,label_noise,feature_noise,0.35,0.45,mcc,0.7296460750602052,0.6553396644697775,0.07430641059042764,0.4717867339074771
LR,Digits,label_noise,feature_noise,0.35,0.45,accuracy,0.3262952646239553,0.35314549181147714,-0.026850227187521836,-0.17047763293664658
LR,Digits,label_noise,feature_noise,0.35,0.45,balanced_accuracy,0.3313816893248045,0.3262954166505412,0.005086272674263315,0.03229379475722739
LR,Digits,label_noise,feature_noise,0.35,0.45,macro_f1,0.33292516397391414,0.3393979519932784,-0.0064727880193642395,-0.041097066789614216
LR,Digits,label_noise,feature_noise,0.35,0.45,mcc,0.6608605418754783,0.6200914814111411,0.04076906046433715,0.25885117755134696
LR,Digits,label_noise,feature_noise,0.35,0.45,accuracy,0.30345713401423713,0.35314549181147714,-0.04968835779724001,-0.3154816368078731
LR,Digits,label_noise,feature_noise,0.35,0.45,balanced_accuracy,0.30357323531393954,0.3262954166505412,-0.022722181336601643,-0.14426781801016916
LR,Digits,label_noise,feature_noise,0.35,0.45,macro_f1,0.30380954817415673,0.3393979519932784,-0.03558840381912165,-0.22595811948648667
LR,Digits,label_noise,feature_noise,0.35,0.45,mcc,0.6070909951594263,0.6200914814111411,-0.013000486251714793,-0.08254276985215742
RF,Digits,label_noise,feature_noise,0.35,0.45,accuracy,0.3962292375941402,0.3648292381940871,0.031399999400053114,0.19936507555589278
RF,Digits,label_noise,feature_noise,0.35,0.45,balanced_accuracy,0.40267434385477674,0.33760469739090526,0.06506964646387148,0.4131406124690252
RF,Digits,label_noise,feature_noise,0.35,0.45,macro_f1,0.40539056215595726,0.35246191599167725,0.05292864616428,0.3360548962811429
RF,Digits,label_noise,feature_noise,0.35,0.45,mcc,0.8014387338230873,0.6476818745734494,0.1537568592496379,0.9762340269818278
RF,Digits,label_noise,feature_noise,0.35,0.45,accuracy,0.3756148767151555,0.3648292381940871,0.010785638521068397,0.06848024457821204
RF,Digits,label_noise,feature_noise,0.35,0.45,balanced_accuracy,0.3756275269717806,0.33760469739090526,0.03802282958087533,0.24141479098968463
RF,Digits,label_noise,feature_noise,0.35,0.45,macro_f1,0.3758685819220028,0.35246191599167725,0.023406665930325532,0.14861375193857482
RF,Digits,label_noise,feature_noise,0.35,0.45,mcc,0.7511114823098692,0.6476818745734494,0.10342960773641985,0.656695922135999
XGB,Digits,label_noise,feature_noise,0.35,0.45,accuracy,0.41310069122046844,0.37099018698504693,0.04211050423542151,0.2673682808598191
XGB,Digits,label_noise,feature_noise,0.35,0.45,balanced_accuracy,0.418375143188664,0.35518452008124984,0.06319062310741413,0.40121030544389924
XGB,Digits,label_noise,feature_noise,0.35,0.45,macro_f1,0.4202957560818761,0.36453018093745637,0.05576557514441971,0.3540671437740934
XGB,Digits,label_noise,feature_noise,0.35,0.45,mcc,0.8349171475558104,0.6716814952923351,0.16323565226347525,1.0364168397680968
XGB,Digits,label_noise,feature_noise,0.35,0.45,accuracy,0.3958289487258847,0.37099018698504693,0.024838761740837767,0.1577064237513509
XGB,Digits,label_noise,feature_noise,0.35,0.45,balanced_accuracy,0.3958506032711123,0.35518452008124984,0.04066608318986248,0.2581973535864284
XGB,Digits,label_noise,feature_noise,0.35,0.45,macro_f1,0.3961027253903331,0.36453018093745637,0.031572544452876716,0.20046059970080454
XGB,Digits,label_noise,feature_noise,0.35,0.45,mcc,0.7916179574338051,0.6716814952923351,0.11993646214147002,0.7615013469299684
SVM,Digits,label_noise,feature_noise,0.35,0.45,accuracy,0.38471680594243274,0.3466304912913537,0.038086314651079034,0.2418178708005018
SVM,Digits,label_noise,feature_noise,0.35,0.45,balanced_accuracy,0.3892075708157129,0.31063718864406886,0.07857038217164403,0.49885956934377157
SVM,Digits,label_noise,feature_noise,0.35,0.45,macro_f1,0.39016671650145074,0.32395482187981517,0.06621189462163557,0.42039298172467027
SVM,Digits,label_noise,feature_noise,0.35,0.45,mcc,0.7756500104704633,0.5949300766943346,0.18071993377612872,1.1474281509595474
SVM,Digits,label_noise,feature_noise,0.35,0.45,accuracy,0.3557598266790468,0.3466304912913537,0.009129335387693116,0.057964034207575336
SVM,Digits,label_noise,feature_noise,0.35,0.45,balanced_accuracy,0.35583553290878145,0.31063718864406886,0.04519834426471259,0.28697361437912755
SVM,Digits,label_noise,feature_noise,0.35,0.45,macro_f1,0.35625775388883874,0.32395482187981517,0.032302932009023566,0.20509798100967344
SVM,Digits,label_noise,feature_noise,0.35,0.45,mcc,0.7111579379319155,0.5949300766943346,0.11622786123758089,0.7379546745243231
MLP,Digits,label_noise,feature_noise,0.35,0.45,accuracy,0.3860167130919221,0.36089190475709276,0.02512480833482933,0.15952259260209098
MLP,Digits,label_noise,feature_noise,0.35,0.45,balanced_accuracy,0.38786612502294016,0.32818681473714423,0.05967931028579593,0.3789162557828313
MLP,Digits,label_noise,feature_noise,0.35,0.45,macro_f1,0.38829709426728,0.3457754191855523,0.04252167508172766,0.2699788894077947
MLP,Digits,label_noise,feature_noise,0.35,0.45,mcc,0.7753580194377874,0.6227831419757149,0.15257487746207243,0.968729380711571
MLP,Digits,label_noise,feature_noise,0.35,0.45,accuracy,0.3820798514391829,0.36089190475709276,0.02118794668209012,0.13452664560057218
MLP,Digits,label_noise,feature_noise,0.35,0.45,balanced_accuracy,0.3823257019731233,0.32818681473714423,0.054138887235979094,0.343738966577645
MLP,Digits,label_noise,feature_noise,0.35,0.45,macro_f1,0.38291881157522334,0.3457754191855523,0.037143392389671015,0.235831062791562
MLP,Digits,label_noise,feature_noise,0.35,0.45,mcc,0.764095613146677,0.6227831419757149,0.14131247117096202,0.8972220391807112
GB,Digits,label_noise,feature_noise,0.35,0.45,accuracy,0.40732848447333125,0.36523275801562094,0.042095726457710314,0.267274453699748
GB,Digits,label_noise,feature_noise,0.35,0.45,balanced_accuracy,0.41087881165738716,0.34566709133425577,0.06521172032313138,0.4140426687182945
GB,Digits,label_noise,feature_noise,0.35,0.45,macro_f1,0.4113268317628732,0.3558947757837354,0.055432055979137806,0.3519495617723035
GB,Digits,label_noise,feature_noise,0.35,0.45,mcc,0.8208646225278907,0.6553396644697775,0.16552495805811318,1.050952114654687
GB,Digits,label_noise,feature_noise,0.35,0.45,accuracy,0.3889487258846589,0.36523275801562094,0.023715967869037957,0.15057757377166958
GB,Digits,label_noise,feature_noise,0.35,0.45,balanced_accuracy,0.38897121734194473,0.34566709133425577,0.04330412600768896,0.2749468317948505
GB,Digits,label_noise,feature_noise,0.35,0.45,macro_f1,0.3893028711337295,0.3558947757837354,0.033408095349994116,0.21211489111107376
GB,Digits,label_noise,feature_noise,0.35,0.45,mcc,0.7778633897447911,0.6553396644697775,0.12252372527501354,0.7779284144445304
LR,Spambase,label_noise,imbalance,0.15,0.3,accuracy,0.15041429904913384,0.13050933086930974,0.019904968179824095,0.44233262621831326
LR,Spambase,label_noise,imbalance,0.15,0.3,balanced_accuracy,0.20243364425751953,0.14630944652688868,0.05612419773063085,1.247204394014019
LR,Spambase,label_noise,imbalance,0.15,0.3,macro_f1,0.19285659051541837,0.14995203623135034,0.04290455428406803,0.9534345396459563
LR,Spambase,label_noise,imbalance,0.15,0.3,mcc,0.36927800709287056,0.27313748540053745,0.09614052169233311,2.1364560376074024
LR,Spambase,label_noise,imbalance,0.15,0.3,accuracy,0.14568365726700405,0.13050933086930974,0.01517432639769431,0.3372072532820958
LR,Spambase,label_noise,imbalance,0.15,0.3,balanced_accuracy,0.19594499393102183,0.14630944652688868,0.049635547404133146,1.1030121645362923
LR,Spambase,label_noise,imbalance,0.15,0.3,macro_f1,0.1859527068979573,0.14995203623135034,0.03600067066660695,0.8000149037023767
LR,Spambase,label_noise,imbalance,0.15,0.3,mcc,0.35357217082658055,0.27313748540053745,0.0804346854260431,1.7874374539120688
RF,Spambase,label_noise,imbalance,0.15,0.3,accuracy,0.1324060274185178,0.13947294329709028,-0.007066915878572472,-0.15704257507938826
RF,Spambase,label_noise,imbalance,0.15,0.3,balanced_accuracy,0.16555589291983952,0.15322464137395306,0.012331251545886462,0.2740278121308103
RF,Spambase,label_noise,imbalance,0.15,0.3,macro_f1,0.1600074142384582,0.15607114670813962,0.003936267530318588,0.08747261178485752
RF,Spambase,label_noise,imbalance,0.15,0.3,mcc,0.3155203635352256,0.2872995221606233,0.02822084137460229,0.6271298083244954
RF,Spambase,label_noise,imbalance,0.15,0.3,accuracy,0.13332419042874177,0.13947294329709028,-0.0061487528683485115,-0.13663895262996692
RF,Spambase,label_noise,imbalance,0.15,0.3,balanced_accuracy,0.1675164030692643,0.15322464137395306,0.01429176169531124,0.3175947043402498
RF,Spambase,label_noise,imbalance,0.15,0.3,macro_f1,0.16075939335381373,0.15607114670813962,0.0046882466456741045,0.10418325879275789
RF,Spambase,label_noise,imbalance,0.15,0.3,mcc,0.314812997401027,0.2872995221606233,0.02751347524040365,0.611410560897859
XGB,Spambase,label_noise,imbalance,0.15,0.3,accuracy,0.135993116061501,0.14207610897563833,-0.006082992914137331,-0.13517762031416292
XGB,Spambase,label_noise,imbalance,0.15,0.3,balanced_accuracy,0.16479384916454554,0.16206021268551618,0.0027336364790293555,0.060747477311763456
XGB,Spambase,label_noise,imbalance,0.15,0.3,macro_f1,0.16031862223204818,0.16309237528888798,-0.0027737530568398006,-0.06163895681866224
XGB,Spambase,label_noise,imbalance,0.15,0.3,mcc,0.3186466223478267,0.29542697359723646,0.023219648750590238,0.5159921944575608
XGB,Spambase,label_noise,imbalance,0.15,0.3,accuracy,0.13765599494787717,0.14207610897563833,-0.004420114027761157,-0.09822475617247016
XGB,Spambase,label_noise,imbalance,0.15,0.3,balanced_accuracy,0.1696955532913078,0.16206021268551618,0.0076353406057916295,0.16967423568425843
XGB,Spambase,label_noise,imbalance,0.15,0.3,macro_f1,0.16286788985988299,0.16309237528888798,-0.00022448542900499469,-0.0049885650889998825
XGB,Spambase,label_noise,imbalance,0.15,0.3,mcc,0.32150093109572386,0.29542697359723646,0.0260739574984874,0.5794212777441644
SVM,Spambase,label_noise,imbalance,0.15,0.3,accuracy,0.12973056696325602,0.13441314436996915,-0.004682577406713129,-0.10405727570473619
SVM,Spambase,label_noise,imbalance,0.15,0.3,balanced_accuracy,0.16192977649836682,0.1468610425714413,0.01506873392692551,0.334860753931678
SVM,Spambase,label_noise,imbalance,0.15,0.3,macro_f1,0.15694357526331837,0.15004462448058348,0.006898950782734892,0.1533100173941087
SVM,Spambase,label_noise,imbalance,0.15,0.3,mcc,0.31011374691903915,0.27632407982493895,0.033789667094100195,0.7508814909800043
SVM,Spambase,label_noise,imbalance,0.15,0.3,accuracy,0.13366265232762242,0.13441314436996915,-0.0007504920423467287,-0.016677600941038418
SVM,Spambase,label_noise,imbalance,0.15,0.3,balanced_accuracy,0.17160357300965823,0.1468610425714413,0.02474253043821692,0.5498340097381538
SVM,Spambase,label_noise,imbalance,0.15,0.3,macro_f1,0.1635912258060772,0.15004462448058348,0.013546601325493735,0.3010355850109719
SVM,Spambase,label_noise,imbalance,0.15,0.3,mcc,0.31898202028932654,0.27632407982493895,0.04265794046438759,0.9479542325419464
MLP,Spambase,label_noise,imbalance,0.15,0.3,accuracy,0.14331744066471996,0.15586442514129226,-0.012546984476572293,-0.27882187725716207
MLP,Spambase,label_noise,imbalance,0.15,0.3,balanced_accuracy,0.1805657875180705,0.17636127669518956,0.0042045108228809525,0.09343357384179894
MLP,Spambase,label_noise,imbalance,0.15,0.3,macro_f1,0.17342954745370498,0.18661758739754428,-0.013188039943839297,-0.29306755430753995
MLP,Spambase,label_noise,imbalance,0.15,0.3,mcc,0.3419870736205456,0.32822804834371816,0.01375902527682743,0.3057561172628318
MLP,Spambase,label_noise,imbalance,0.15,0.3,accuracy,0.13355274146064144,0.15586442514129226,-0.022311683680650812,-0.4958151929033514
MLP,Spambase,label_noise,imbalance,0.15,0.3,balanced_accuracy,0.16872644980440243,0.17636127669518956,-0.007634826890787122,-0.16966281979526937
MLP,Spambase,label_noise,imbalance,0.15,0.3,macro_f1,0.1607286278105603,0.18661758739754428,-0.02588895958698398,-0.5753102130440885
MLP,Spambase,label_noise,imbalance,0.15,0.3,mcc,0.3159600199757874,0.32822804834371816,-0.012268028367930783,-0.2726228526206841
GB,Spambase,label_noise,imbalance,0.15,0.3,accuracy,0.13605043860007626,0.13891576243552253,-0.0028653238354462707,-0.06367386300991713
GB,Spambase,label_noise,imbalance,0.15,0.3,balanced_accuracy,0.16519017448988838,0.15913094996949192,0.00605922452039645,0.13464943378658778
GB,Spambase,label_noise,imbalance,0.15,0.3,macro_f1,0.1608427051676372,0.16104233371032475,-0.00019962854268754104,-0.0044361898375009125
GB,Spambase,label_noise,imbalance,0.15,0.3,mcc,0.3196345116545508,0.2930141057758665,0.026620405878684306,0.5915645750818734
GB,Spambase,label_noise,imbalance,0.15,0.3,accuracy,0.13522389736841411,0.13891576243552253,-0.0036918650671084186,-0.08204144593574264
GB,Spambase,label_noise,imbalance,0.15,0.3,balanced_accuracy,0.16711755964657193,0.15913094996949192,0.007986609677080009,0.1774802150462224
GB,Spambase,label_noise,imbalance,0.15,0.3,macro_f1,0.16040683751684592,0.16104233371032475,-0.0006354961934788295,-0.014122137632862878
GB,Spambase,label_noise,imbalance,0.15,0.3,mcc,0.31650595237554924,0.2930141057758665,0.02349184659968273,0.5220410355485051
LR,Bank,label_noise,imbalance,0.15,0.3,accuracy,0.07444444072462131,0.13050933086930974,-0.056064890144688434,-1.245886447659743
LR,Bank,label_noise,imbalance,0.15,0.3,balanced_accuracy,0.09992075794375554,0.14630944652688868,-0.046388688583133136,-1.0308597462918476
LR,Bank,label_noise,imbalance,0.15,0.3,macro_f1,0.14055770374940624,0.14995203623135034,-0.009394332481944101,-0.20876294404320225
LR,Bank,label_noise,imbalance,0.15,0.3,mcc,0.2075616510680124,0.27313748540053745,-0.06557583433252506,-1.4572407629450015
LR,Bank,label_noise,imbalance,0.15,0.3,accuracy,0.07208527610912407,0.13050933086930974,-0.05842405476018567,-1.298312328004126
LR,Bank,label_noise,imbalance,0.15,0.3,balanced_accuracy,0.11489031714711995,0.14630944652688868,-0.031419129379768734,-0.6982028751059719
LR,Bank,label_noise,imbalance,0.15,0.3,macro_f1,0.16565635596072625,0.14995203623135034,0.015704319729375915,0.34898488287502033
LR,Bank,label_noise,imbalance,0.15,0.3,mcc,0.25585888896016085,0.27313748540053745,-0.017278596440376603,-0.3839688097861468
RF,Bank,label_noise,imbalance,0.15,0.3,accuracy,0.0740284585053751,0.13947294329709028,-0.06544448479171519,-1.4543218842603376
RF,Bank,label_noise,imbalance,0.15,0.3,balanced_accuracy,0.07362403126589911,0.15322464137395306,-0.07960061010805394,-1.7689024468456434
RF,Bank,label_noise,imbalance,0.15,0.3,macro_f1,0.12363375311568447,0.15607114670813962,-0.03243739359245515,-0.7208309687212255
RF,Bank,label_noise,imbalance,0.15,0.3,mcc,0.18592181480031966,0.2872995221606233,-0.10137770736030366,-2.2528379413400814
RF,Bank,label_noise,imbalance,0.15,0.3,accuracy,0.06779740268759338,0.13947294329709028,-0.07167554060949691,-1.5927897913221536
RF,Bank,label_noise,imbalance,0.15,0.3,balanced_accuracy,0.07761871327195469,0.15322464137395306,-0.07560592810199837,-1.6801317355999639
RF,Bank,label_noise,imbalance,0.15,0.3,macro_f1,0.13051765299563822,0.15607114670813962,-0.0255534937125014,-0.5678554158333645
RF,Bank,label_noise,imbalance,0.15,0.3,mcc,0.19339490243110058,0.2872995221606233,-0.09390461972952274,-2.086769327322728
XGB,Bank,label_noise,imbalance,0.15,0.3,accuracy,0.07533847412863148,0.14207610897563833,-0.06673763484700684,-1.4830585521557076
XGB,Bank,label_noise,imbalance,0.15,0.3,balanced_accuracy,0.11607088345850791,0.16206021268551618,-0.04598932922700827,-1.021985093933517
XGB,Bank,label_noise,imbalance,0.15,0.3,macro_f1,0.1475017959875471,0.16309237528888798,-0.01559057930134089,-0.3464573178075753
XGB,Bank,label_noise,imbalance,0.15,0.3,mcc,0.2232568045146186,0.29542697359723646,-0.07217016908261786,-1.603781535169286
XGB,Bank,label_noise,imbalance,0.15,0.3,accuracy,0.07491108256073686,0.14207610897563833,-0.06716502641490146,-1.492556142553366
XGB,Bank,label_noise,imbalance,0.15,0.3,balanced_accuracy,0.12560931696014188,0.16206021268551618,-0.0364508957253743,-0.8100199050083178
XGB,Bank,label_noise,imbalance,0.15,0.3,macro_f1,0.16177768123024894,0.16309237528888798,-0.0013146940586390432,-0.029215423525312072
XGB,Bank,label_noise,imbalance,0.15,0.3,mcc,0.2619008290005478,0.29542697359723646,-0.03352614459668868,-0.7450254354819706
SVM,Bank,label_noise,imbalance,0.15,0.3,accuracy,0.0700199605698768,0.13441314436996915,-0.06439318380009235,-1.4309596400020521
SVM,Bank,label_noise,imbalance,0.15,0.3,balanced_accuracy,0.06881039136484113,0.1468610425714413,-0.07805065120660018,-1.7344589157022263
SVM,Bank,label_noise,imbalance,0.15,0.3,macro_f1,0.12223353904801082,0.15004462448058348,-0.027811085432572658,-0.6180241207238368
SVM,Bank,label_noise,imbalance,0.15,0.3,mcc,0.16849167736492449,0.27632407982493895,-0.10783240246001446,-2.3962756102225438
SVM,Bank,label_noise,imbalance,0.15,0.3,accuracy,0.06572090929083185,0.13441314436996915,-0.0686922350791373,-1.5264941128697178
SVM,Bank,label_noise,imbalance,0.15,0.3,balanced_accuracy,0.07147004276757962,0.1468610425714413,-0.07539099980386169,-1.6753555511969265
SVM,Bank,label_noise,imbalance,0.15,0.3,macro_f1,0.12515757656391613,0.15004462448058348,-0.02488704791666735,-0.5530455092592744
SVM,Bank,label_noise,imbalance,0.15,0.3,mcc,0.18690107741775958,0.27632407982493895,-0.08942300240717937,-1.987177831270653
MLP,Bank,label_noise,imbalance,0.15,0.3,accuracy,0.07189777926570695,0.15586442514129226,-0.0839666458755853,-1.8659254639018958
MLP,Bank,label_noise,imbalance,0.15,0.3,balanced_accuracy,0.10868971993809606,0.17636127669518956,-0.06767155675709349,-1.5038123723798555
MLP,Bank,label_noise,imbalance,0.15,0.3,macro_f1,0.17470692363456525,0.18661758739754428,-0.011910663762979029,-0.26468141695508957
MLP,Bank,label_noise,imbalance,0.15,0.3,mcc,0.2779676247177905,0.32822804834371816,-0.05026042362592764,-1.116898302798392
MLP,Bank,label_noise,imbalance,0.15,0.3,accuracy,0.06974741021100272,0.15586442514129226,-0.08611701493028953,-1.913711442895323
MLP,Bank,label_noise,imbalance,0.15,0.3,balanced_accuracy,0.10962701452480195,0.17636127669518956,-0.06673426217038761,-1.4829836037863913
MLP,Bank,label_noise,imbalance,0.15,0.3,macro_f1,0.17127676739252512,0.18661758739754428,-0.015340820005019157,-0.34090711122264794
MLP,Bank,label_noise,imbalance,0.15,0.3,mcc,0.29583615917306216,0.32822804834371816,-0.032391889170655996,-0.7198197593479111
GB,Bank,label_noise,imbalance,0.15,0.3,accuracy,0.07810159580403964,0.13891576243552253,-0.0608141666314829,-1.3514259251440643
GB,Bank,label_noise,imbalance,0.15,0.3,balanced_accuracy,0.12189360141616057,0.15913094996949192,-0.037237348553331356,-0.8274966345184747
GB,Bank,label_noise,imbalance,0.15,0.3,macro_f1,0.153318877856102,0.16104233371032475,-0.007723455854222766,-0.17163235231606147
GB,Bank,label_noise,imbalance,0.15,0.3,mcc,0.24084414972517268,0.2930141057758665,-0.05216995605069383,-1.159332356682085
GB,Bank,label_noise,imbalance,0.15,0.3,accuracy,0.07723134831070522,0.13891576243552253,-0.061684414124817316,-1.3707647583292737
GB,Bank,label_noise,imbalance,0.15,0.3,balanced_accuracy,0.12495365554114646,0.15913094996949192,-0.03417729442834547,-0.7594954317410104
GB,Bank,label_noise,imbalance,0.15,0.3,macro_f1,0.15649935092104716,0.16104233371032475,-0.004542982789277589,-0.10095517309505753
GB,Bank,label_noise,imbalance,0.15,0.3,mcc,0.26186267597537605,0.2930141057758665,-0.03115142980049046,-0.6922539955664547
LR,Wine,label_noise,imbalance,0.15,0.3,accuracy,0.22158547710271836,0.13050933086930974,0.09107614623340862,2.0239143607424137
LR,Wine,label_noise,imbalance,0.15,0.3,balanced_accuracy,0.22561999728666404,0.14630944652688868,0.07931055075977536,1.7624566835505637
LR,Wine,label_noise,imbalance,0.15,0.3,macro_f1,0.2276937150670112,0.14995203623135034,0.07774167883566085,1.7275928630146857
LR,Wine,label_noise,imbalance,0.15,0.3,mcc,0.34200757574223295,0.27313748540053745,0.0688700903416955,1.530446452037678
LR,Wine,label_noise,imbalance,0.15,0.3,accuracy,0.19326035395000896,0.13050933086930974,0.06275102308069921,1.3944671795710937
LR,Wine,label_noise,imbalance,0.15,0.3,balanced_accuracy,0.2225674942341609,0.14630944652688868,0.07625804770727221,1.694623282383827
LR,Wine,label_noise,imbalance,0.15,0.3,macro_f1,0.22177946991507969,0.14995203623135034,0.07182743368372935,1.5961651929717633
LR,Wine,label_noise,imbalance,0.15,0.3,mcc,0.3019428626281756,0.27313748540053745,0.02880537722763815,0.6401194939475146
RF,Wine,label_noise,imbalance,0.15,0.3,accuracy,0.16396278051450486,0.13947294329709028,0.024489837217414573,0.544218604831435
RF,Wine,label_noise,imbalance,0.15,0.3,balanced_accuracy,0.1793142043142043,0.15322464137395306,0.02608956294025125,0.5797680653389167
RF,Wine,label_noise,imbalance,0.15,0.3,macro_f1,0.17369127739075718,0.15607114670813962,0.017620130682617557,0.3915584596137235
RF,Wine,label_noise,imbalance,0.15,0.3,mcc,0.2564113905127313,0.2872995221606233,-0.030888131647892003,-0.6864029255087112
RF,Wine,label_noise,imbalance,0.15,0.3,accuracy,0.177016967706623,0.13947294329709028,0.03754402440953272,0.8343116535451717
RF,Wine,label_noise,imbalance,0.15,0.3,balanced_accuracy,0.2042429792429793,0.15322464137395306,0.05101833786902624,1.1337408415339165
RF,Wine,label_noise,imbalance,0.15,0.3,macro_f1,0.20142617580575894,0.15607114670813962,0.04535502909761932,1.0078895355026516
RF,Wine,label_noise,imbalance,0.15,0.3,mcc,0.27767636745226487,0.2872995221606233,-0.00962315470835845,-0.21384788240796557
XGB,Wine,label_noise,imbalance,0.15,0.3,accuracy,0.15821565407772298,0.14207610897563833,0.01613954510208465,0.3586565578241034
XGB,Wine,label_noise,imbalance,0.15,0.3,balanced_accuracy,0.18340036506703172,0.16206021268551618,0.021340152381515543,0.4742256084781232
XGB,Wine,label_noise,imbalance,0.15,0.3,macro_f1,0.17494201673173826,0.16309237528888798,0.011849641442850278,0.26332536539667284
XGB,Wine,label_noise,imbalance,0.15,0.3,mcc,0.25222013363467144,0.29542697359723646,-0.043206839962565025,-0.9601519991681117
XGB,Wine,label_noise,imbalance,0.15,0.3,accuracy,0.18580186097427476,0.14207610897563833,0.04372575199863643,0.9716833777474763
XGB,Wine,label_noise,imbalance,0.15,0.3,balanced_accuracy,0.20585661252327925,0.16206021268551618,0.04379639983776307,0.9732533297280682
XGB,Wine,label_noise,imbalance,0.15,0.3,macro_f1,0.20462499114595,0.16309237528888798,0.04153261585706203,0.9229470190458229
XGB,Wine,label_noise,imbalance,0.15,0.3,mcc,0.29458817021333106,0.29542697359723646,-0.0008388033839054065,-0.018640075197897923
SVM,Wine,label_noise,imbalance,0.15,0.3,accuracy,0.14992337164750957,0.13441314436996915,0.015510227277540423,0.34467171727867607
SVM,Wine,label_noise,imbalance,0.15,0.3,balanced_accuracy,0.15680017513350852,0.1468610425714413,0.009939132562067216,0.2208696124903826
SVM,Wine,label_noise,imbalance,0.15,0.3,macro_f1,0.15821760461785028,0.15004462448058348,0.008172980137266805,0.18162178082815122
SVM,Wine,label_noise,imbalance,0.15,0.3,mcc,0.23258337321423606,0.27632407982493895,-0.043740706610702895,-0.9720157024600644
SVM,Wine,label_noise,imbalance,0.15,0.3,accuracy,0.15632731253420906,0.13441314436996915,0.02191416816423991,0.4869815147608869
SVM,Wine,label_noise,imbalance,0.15,0.3,balanced_accuracy,0.17908344741678073,0.1468610425714413,0.03222240484533942,0.7160534410075426
SVM,Wine,label_noise,imbalance,0.15,0.3,macro_f1,0.17654841735511306,0.15004462448058348,0.026503792874529586,0.5889731749895464
SVM,Wine,label_noise,imbalance,0.15,0.3,mcc,0.24566673023660268,0.27632407982493895,-0.03065734958833627,-0.6812744352963616
MLP,Wine,label_noise,imbalance,0.15,0.3,accuracy,0.19114577631819007,0.15586442514129226,0.03528135117689782,0.7840300261532849
MLP,Wine,label_noise,imbalance,0.15,0.3,balanced_accuracy,0.1976480926480928,0.17636127669518956,0.021286815952903243,0.473040354508961
MLP,Wine,label_noise,imbalance,0.15,0.3,macro_f1,0.19803597173530374,0.18661758739754428,0.011418384337759463,0.25374187417243255
MLP,Wine,label_noise,imbalance,0.15,0.3,mcc,0.30095334664026363,0.32822804834371816,-0.02727470170345453,-0.6061044822989896
MLP,Wine,label_noise,imbalance,0.15,0.3,accuracy,0.3421309979930669,0.15586442514129226,0.18626657285177464,4.139257174483881
MLP,Wine,label_noise,imbalance,0.15,0.3,balanced_accuracy,0.3137754837754839,0.17636127669518956,0.13741420708029436,3.053649046228764
MLP,Wine,label_noise,imbalance,0.15,0.3,macro_f1,0.3686307617793728,0.18661758739754428,0.18201317438182854,4.044737208485079
MLP,Wine,label_noise,imbalance,0.15,0.3,mcc,0.4738642053616349,0.32822804834371816,0.14563615701791677,3.2363590448425947
GB,Wine,label_noise,imbalance,0.15,0.3,accuracy,0.1256212370005475,0.13891576243552253,-0.01329452543497503,-0.2954338985550007
GB,Wine,label_noise,imbalance,0.15,0.3,balanced_accuracy,0.1365779899113232,0.15913094996949192,-0.02255296005816873,-0.5011768901815273
GB,Wine,label_noise,imbalance,0.15,0.3,macro_f1,0.13594956858920004,0.16104233371032475,-0.02509276512112471,-0.5576170026916603
GB,Wine,label_noise,imbalance,0.15,0.3,mcc,0.19825586489953817,0.2930141057758665,-0.09475824087632834,-2.1057386861406298
GB,Wine,label_noise,imbalance,0.15,0.3,accuracy,0.19458675424192662,0.13891576243552253,0.055670991806404085,1.2371331512534243
GB,Wine,label_noise,imbalance,0.15,0.3,balanced_accuracy,0.21564799398132728,0.15913094996949192,0.056517044011835355,1.255934311374119
GB,Wine,label_noise,imbalance,0.15,0.3,macro_f1,0.2218536614757156,0.16104233371032475,0.06081132776539086,1.351362839230908
GB,Wine,label_noise,imbalance,0.15,0.3,mcc,0.3085158092051046,0.2930141057758665,0.015501703429238067,0.3444822984275126
LR,BreastCancer,label_noise,imbalance,0.15,0.3,accuracy,0.165746303274948,0.13050933086930974,0.03523697240563825,0.7830438312364056
LR,BreastCancer,label_noise,imbalance,0.15,0.3,balanced_accuracy,0.21926393139518885,0.14630944652688868,0.07295448486830017,1.6212107748511149
LR,BreastCancer,label_noise,imbalance,0.15,0.3,macro_f1,0.2077133455369683,0.14995203623135034,0.05776130930561796,1.2835846512359548
LR,BreastCancer,label_noise,imbalance,0.15,0.3,mcc,0.39824015995162265,0.27313748540053745,0.1251026745510852,2.7800594344685603
LR,BreastCancer,label_noise,imbalance,0.15,0.3,accuracy,0.16372610125474596,0.13050933086930974,0.03321677038543622,0.7381504530096937
LR,BreastCancer,label_noise,imbalance,0.15,0.3,balanced_accuracy,0.21577327970710514,0.14630944652688868,0.06946383318021646,1.5436407373381436
LR,BreastCancer,label_noise,imbalance,0.15,0.3,macro_f1,0.20303376649833382,0.14995203623135034,0.053081730266983485,1.1795940059329664
LR,BreastCancer,label_noise,imbalance,0.15,0.3,mcc,0.3855502092690207,0.27313748540053745,0.11241272386848328,2.4980605304107395
RF,BreastCancer,label_noise,imbalance,0.15,0.3,accuracy,0.15363458525638318,0.13947294329709028,0.014161641959292898,0.3147031546509533
RF,BreastCancer,label_noise,imbalance,0.15,0.3,balanced_accuracy,0.18939698129455973,0.15322464137395306,0.03617233992060667,0.8038297760134816
RF,BreastCancer,label_noise,imbalance,0.15,0.3,macro_f1,0.18615083551015166,0.15607114670813962,0.030079688802012033,0.6684375289336008
RF,BreastCancer,label_noise,imbalance,0.15,0.3,mcc,0.36791651904174516,0.2872995221606233,0.08061699688112184,1.7914888195804854
RF,BreastCancer,label_noise,imbalance,0.15,0.3,accuracy,0.12567498929678733,0.13947294329709028,-0.013797954000302953,-0.3066212000067323
RF,BreastCancer,label_noise,imbalance,0.15,0.3,balanced_accuracy,0.16331931481412754,0.15322464137395306,0.010094673440174479,0.22432607644832175
RF,BreastCancer,label_noise,imbalance,0.15,0.3,macro_f1,0.15331373253088698,0.15607114670813962,-0.002757414177252643,-0.061275870605614284
RF,BreastCancer,label_noise,imbalance,0.15,0.3,mcc,0.2978936631295649,0.2872995221606233,0.010594140968941568,0.23542535486536817
XGB,BreastCancer,label_noise,imbalance,0.15,0.3,accuracy,0.17152294251316136,0.14207610897563833,0.02944683353752303,0.654374078611623
XGB,BreastCancer,label_noise,imbalance,0.15,0.3,balanced_accuracy,0.21604038765856448,0.16206021268551618,0.0539801749730483,1.199559443845518
XGB,BreastCancer,label_noise,imbalance,0.15,0.3,macro_f1,0.21030062402457106,0.16309237528888798,0.04720824873568308,1.0490721941262906
XGB,BreastCancer,label_noise,imbalance,0.15,0.3,mcc,0.41371003244193605,0.29542697359723646,0.11828305884469958,2.628512418771102
XGB,BreastCancer,label_noise,imbalance,0.15,0.3,accuracy,0.14558354857376743,0.14207610897563833,0.003507439598129103,0.07794310218064673
XGB,BreastCancer,label_noise,imbalance,0.15,0.3,balanced_accuracy,0.17882514369123526,0.16206021268551618,0.016764931005719075,0.3725540223493128
XGB,BreastCancer,label_noise,imbalance,0.15,0.3,macro_f1,0.17296473439827376,0.16309237528888798,0.009872359109385775,0.21938575798635057
XGB,BreastCancer,label_noise,imbalance,0.15,0.3,mcc,0.34108785780170847,0.29542697359723646,0.04566088420447201,1.0146863156549335
SVM,BreastCancer,label_noise,imbalance,0.15,0.3,accuracy,0.149675346854667,0.13441314436996915,0.01526220248469784,0.33916005521550757
SVM,BreastCancer,label_noise,imbalance,0.15,0.3,balanced_accuracy,0.18921751975136092,0.1468610425714413,0.04235647717991961,0.9412550484426581
SVM,BreastCancer,label_noise,imbalance,0.15,0.3,macro_f1,0.18148108800139962,0.15004462448058348,0.03143646352081614,0.6985880782403586
SVM,BreastCancer,label_noise,imbalance,0.15,0.3,mcc,0.3568436409807376,0.27632407982493895,0.08051956115579867,1.7893235812399706
SVM,BreastCancer,label_noise,imbalance,0.15,0.3,accuracy,0.13373595291527296,0.13441314436996915,-0.000677191454696191,-0.01504869899324869
SVM,BreastCancer,label_noise,imbalance,0.15,0.3,balanced_accuracy,0.17202922991710978,0.1468610425714413,0.025168187345668475,0.5592930521259661
SVM,BreastCancer,label_noise,imbalance,0.15,0.3,macro_f1,0.16151445159857336,0.15004462448058348,0.011469827117989884,0.2548850470664419
SVM,BreastCancer,label_noise,imbalance,0.15,0.3,mcc,0.31413913940519556,0.27632407982493895,0.037815059580256605,0.8403346573390357
MLP,BreastCancer,label_noise,imbalance,0.15,0.3,accuracy,0.14500385315662423,0.15586442514129226,-0.010860571984668027,-0.24134604410373395
MLP,BreastCancer,label_noise,imbalance,0.15,0.3,balanced_accuracy,0.18051350571085867,0.17636127669518956,0.004152229015669112,0.09227175590375805
MLP,BreastCancer,label_noise,imbalance,0.15,0.3,macro_f1,0.17764657604050327,0.18661758739754428,-0.008971011357041009,-0.19935580793424465
MLP,BreastCancer,label_noise,imbalance,0.15,0.3,mcc,0.3499422500241709,0.32822804834371816,0.021714201680452738,0.482537815121172
MLP,BreastCancer,label_noise,imbalance,0.15,0.3,accuracy,0.12902405517682636,0.15586442514129226,-0.0268403699644659,-0.59645266587702
MLP,BreastCancer,label_noise,imbalance,0.15,0.3,balanced_accuracy,0.1655189597242145,0.17636127669518956,-0.010842316970975069,-0.24094037713277933
MLP,BreastCancer,label_noise,imbalance,0.15,0.3,macro_f1,0.16033099986761035,0.18661758739754428,-0.02628658752993393,-0.5841463895540874
MLP,BreastCancer,label_noise,imbalance,0.15,0.3,mcc,0.31026745341229,0.32822804834371816,-0.017960594931428153,-0.3991243318095145
GB,BreastCancer,label_noise,imbalance,0.15,0.3,accuracy,0.1764517367433065,0.13891576243552253,0.037535974307783965,0.8341327623951993
GB,BreastCancer,label_noise,imbalance,0.15,0.3,balanced_accuracy,0.21643692015042482,0.15913094996949192,0.05730597018093289,1.273466004020731
GB,BreastCancer,label_noise,imbalance,0.15,0.3,macro_f1,0.21350084692360727,0.16104233371032475,0.052458513213282515,1.1657447380729449
GB,BreastCancer,label_noise,imbalance,0.15,0.3,mcc,0.4221735817391277,0.2930141057758665,0.12915947596326122,2.8702105769613606
GB,BreastCancer,label_noise,imbalance,0.15,0.3,accuracy,0.13645173674330646,0.13891576243552253,-0.002464025692216071,-0.054756126493690466
GB,BreastCancer,label_noise,imbalance,0.15,0.3,balanced_accuracy,0.1656256356637671,0.15913094996949192,0.006494685694275165,0.14432634876167033
GB,BreastCancer,label_noise,imbalance,0.15,0.3,macro_f1,0.1621983276889234,0.16104233371032475,0.0011559939785986406,0.025688755079969792
GB,BreastCancer,label_noise,imbalance,0.15,0.3,mcc,0.3217764444524547,0.2930141057758665,0.028762338676588173,0.6391630817019595
LR,Digits,label_noise,imbalance,0.15,0.3,accuracy,0.1707864213843091,0.13050933086930974,0.040277090514999364,0.8950464558888748
LR,Digits,label_noise,imbalance,0.15,0.3,balanced_accuracy,0.19594730537902072,0.14630944652688868,0.04963785885213204,1.1030635300473788
LR,Digits,label_noise,imbalance,0.15,0.3,macro_f1,0.19215177050409782,0.14995203623135034,0.04219973427274748,0.9377718727277218
LR,Digits,label_noise,imbalance,0.15,0.3,mcc,0.378819415730182,0.27313748540053745,0.10568193032964457,2.3484873406587683
LR,Digits,label_noise,imbalance,0.15,0.3,accuracy,0.11221723514698712,0.13050933086930974,-0.018292095722322627,-0.4064910160516139
LR,Digits,label_noise,imbalance,0.15,0.3,balanced_accuracy,0.12495472185595968,0.14630944652688868,-0.021354724670929,-0.4745494371317555
LR,Digits,label_noise,imbalance,0.15,0.3,macro_f1,0.12275039202109483,0.14995203623135034,-0.027201644210255504,-0.6044809824501224
LR,Digits,label_noise,imbalance,0.15,0.3,mcc,0.24457952862730503,0.27313748540053745,-0.028557956773232418,-0.6346212616273871
RF,Digits,label_noise,imbalance,0.15,0.3,accuracy,0.18088792702758405,0.13947294329709028,0.041414983730493765,0.9203329717887504
RF,Digits,label_noise,imbalance,0.15,0.3,balanced_accuracy,0.19160368543533557,0.15322464137395306,0.03837904406138251,0.8528676458085003
RF,Digits,label_noise,imbalance,0.15,0.3,macro_f1,0.19125349099931832,0.15607114670813962,0.0351823442911787,0.7818298731373043
RF,Digits,label_noise,imbalance,0.15,0.3,mcc,0.38068329583444205,0.2872995221606233,0.09338377367381873,2.075194970529305
RF,Digits,label_noise,imbalance,0.15,0.3,accuracy,0.15408129281531657,0.13947294329709028,0.014608349518226288,0.3246299892939175
RF,Digits,label_noise,imbalance,0.15,0.3,balanced_accuracy,0.16104130094014302,0.15322464137395306,0.00781665956618996,0.17370354591533244
RF,Digits,label_noise,imbalance,0.15,0.3,macro_f1,0.16091697609766475,0.15607114670813962,0.00484582938952513,0.1076850975450029
RF,Digits,label_noise,imbalance,0.15,0.3,mcc,0.3212622621804906,0.2872995221606233,0.033962740019867266,0.7547275559970503
XGB,Digits,label_noise,imbalance,0.15,0.3,accuracy,0.19020321586221256,0.14207610897563833,0.048127106886574234,1.069491264146094
XGB,Digits,label_noise,imbalance,0.15,0.3,balanced_accuracy,0.20397496336437637,0.16206021268551618,0.04191475067886019,0.931438903974671
XGB,Digits,label_noise,imbalance,0.15,0.3,macro_f1,0.20245678902704112,0.16309237528888798,0.03936441373815314,0.8747647497367365
XGB,Digits,label_noise,imbalance,0.15,0.3,mcc,0.40259833126366606,0.29542697359723646,0.1071713576664296,2.381585725920658
XGB,Digits,label_noise,imbalance,0.15,0.3,accuracy,0.16738832344586396,0.14207610897563833,0.025312214470225636,0.562493654893903
XGB,Digits,label_noise,imbalance,0.15,0.3,balanced_accuracy,0.17721937418946754,0.16206021268551618,0.015159161503951357,0.3368702556433635
XGB,Digits,label_noise,imbalance,0.15,0.3,macro_f1,0.17612291258350532,0.16309237528888798,0.01303053729461734,0.2895674954359409
XGB,Digits,label_noise,imbalance,0.15,0.3,mcc,0.34992154601390435,0.29542697359723646,0.054494572416667886,1.2109904981481754
SVM,Digits,label_noise,imbalance,0.15,0.3,accuracy,0.16953484057087997,0.13441314436996915,0.035121696200910824,0.7804821377980183
SVM,Digits,label_noise,imbalance,0.15,0.3,balanced_accuracy,0.17327173524103867,0.1468610425714413,0.026410692669597363,0.5869042815466081
SVM,Digits,label_noise,imbalance,0.15,0.3,macro_f1,0.1769118281299461,0.15004462448058348,0.026867203649362625,0.5970489699858361
SVM,Digits,label_noise,imbalance,0.15,0.3,mcc,0.3508159869009424,0.27632407982493895,0.07449190707600345,1.6553757128000768
SVM,Digits,label_noise,imbalance,0.15,0.3,accuracy,0.1459515270757059,0.13441314436996915,0.01153838270573676,0.25640850457192804
SVM,Digits,label_noise,imbalance,0.15,0.3,balanced_accuracy,0.14872526245705153,0.1468610425714413,0.0018642198856102243,0.0414271085691161
SVM,Digits,label_noise,imbalance,0.15,0.3,macro_f1,0.1510774907030259,0.15004462448058348,0.001032866222442419,0.022952582720942645
SVM,Digits,label_noise,imbalance,0.15,0.3,mcc,0.30129516624460617,0.27632407982493895,0.02497108641966722,0.5549130315481605
MLP,Digits,label_noise,imbalance,0.15,0.3,accuracy,0.1928434426377501,0.15586442514129226,0.03697901749645785,0.8217559443657301
MLP,Digits,label_noise,imbalance,0.15,0.3,balanced_accuracy,0.20764990581635556,0.17636127669518956,0.031288629121166006,0.6953028693592446
MLP,Digits,label_noise,imbalance,0.15,0.3,macro_f1,0.20614570914974784,0.18661758739754428,0.01952812175220356,0.43395826116007913
MLP,Digits,label_noise,imbalance,0.15,0.3,mcc,0.409888933864888,0.32822804834371816,0.08166088552116985,1.8146863449148856
MLP,Digits,label_noise,imbalance,0.15,0.3,accuracy,0.15498952503675445,0.15586442514129226,-0.0008749001045378069,-0.019442224545284596
MLP,Digits,label_noise,imbalance,0.15,0.3,balanced_accuracy,0.16443383097698294,0.17636127669518956,-0.011927445718206614,-0.2650543492934803
MLP,Digits,label_noise,imbalance,0.15,0.3,macro_f1,0.1633366190559975,0.18661758739754428,-0.023280968341546776,-0.5173548520343728
MLP,Digits,label_noise,imbalance,0.15,0.3,mcc,0.3259838835942007,0.32822804834371816,-0.002244164749517441,-0.049870327767054246
GB,Digits,label_noise,imbalance,0.15,0.3,accuracy,0.19699016031866967,0.13891576243552253,0.05807439788314714,1.2905421751810475
GB,Digits,label_noise,imbalance,0.15,0.3,balanced_accuracy,0.2113634491039278,0.15913094996949192,0.05223249913443587,1.1607222029874638
GB,Digits,label_noise,imbalance,0.15,0.3,macro_f1,0.20985992663374964,0.16104233371032475,0.048817592923424885,1.0848353982983308
GB,Digits,label_noise,imbalance,0.15,0.3,mcc,0.41764655953514884,0.2930141057758665,0.12463245375928234,2.7696100835396074
GB,Digits,label_noise,imbalance,0.15,0.3,accuracy,0.16702393634018275,0.13891576243552253,0.028108173904660222,0.6246260867702271
GB,Digits,label_noise,imbalance,0.15,0.3,balanced_accuracy,0.17587411916498774,0.15913094996949192,0.016743169195495816,0.3720704265665737
GB,Digits,label_noise,imbalance,0.15,0.3,macro_f1,0.17524192151939377,0.16104233371032475,0.01419958780906902,0.3155463957570893
GB,Digits,label_noise,imbalance,0.15,0.3,mcc,0.349659389956259,0.2930141057758665,0.0566452841803925,1.258784092897611
LR,Spambase,label_noise,imbalance,0.15,0.6,accuracy,0.12570573508251914,0.12295348389289987,0.002752251189619276,0.03058056877354751
LR,Spambase,label_noise,imbalance,0.15,0.6,balanced_accuracy,0.28322002987873907,0.16749071525963954,0.11572931461909952,1.2858812735455503
LR,Spambase,label_noise,imbalance,0.15,0.6,macro_f1,0.2668402206415922,0.16914368917067518,0.097696531470917,1.0855170163435224
LR,Spambase,label_noise,imbalance,0.15,0.6,mcc,0.5024254999508162,0.30826366885322254,0.19416183109759366,2.157353678862152
LR,Spambase,label_noise,imbalance,0.15,0.6,accuracy,0.10973770343812583,0.12295348389289987,-0.013215780454774034,-0.14684200505304484
LR,Spambase,label_noise,imbalance,0.15,0.6,balanced_accuracy,0.24918069402970233,0.16749071525963954,0.08168997877006279,0.9076664307784754
LR,Spambase,label_noise,imbalance,0.15,0.6,macro_f1,0.22893541395782546,0.16914368917067518,0.05979172478715028,0.6643524976350031
LR,Spambase,label_noise,imbalance,0.15,0.6,mcc,0.4296407919804445,0.30826366885322254,0.12137712312722199,1.3486347014135778
RF,Spambase,label_noise,imbalance,0.15,0.6,accuracy,0.12547829198977423,0.13542997504188956,-0.009951683052115329,-0.11057425613461477
RF,Spambase,label_noise,imbalance,0.15,0.6,balanced_accuracy,0.2502485235651959,0.1790031102124467,0.0712454133527492,0.7916157039194356
RF,Spambase,label_noise,imbalance,0.15,0.6,macro_f1,0.23407619967270143,0.1789933127639149,0.055082886908786544,0.6120320767642949
RF,Spambase,label_noise,imbalance,0.15,0.6,mcc,0.45379942778795473,0.3283843202547092,0.12541510753324553,1.3935011948138392
RF,Spambase,label_noise,imbalance,0.15,0.6,accuracy,0.11116978113035014,0.13542997504188956,-0.024260193911539413,-0.2695577101282157
RF,Spambase,label_noise,imbalance,0.15,0.6,balanced_accuracy,0.2159024533710745,0.1790031102124467,0.036899343158627806,0.4099927017625312
RF,Spambase,label_noise,imbalance,0.15,0.6,macro_f1,0.20025130710524586,0.1789933127639149,0.021257994341330966,0.23619993712589962
RF,Spambase,label_noise,imbalance,0.15,0.6,mcc,0.3909225409880965,0.3283843202547092,0.06253822073338727,0.6948691192598586
XGB,Spambase,label_noise,imbalance,0.15,0.6,accuracy,0.1255294920807769,0.137331951550911,-0.011802459470134086,-0.1311384385570454
XGB,Spambase,label_noise,imbalance,0.15,0.6,balanced_accuracy,0.23021329384987066,0.1891729428754816,0.04104035097438907,0.45600389971543415
XGB,Spambase,label_noise,imbalance,0.15,0.6,macro_f1,0.21735102865959655,0.1868918394835281,0.030459189176068435,0.3384354352896493
XGB,Spambase,label_noise,imbalance,0.15,0.6,mcc,0.42934542216304816,0.3340563602603027,0.09528906190274544,1.0587673544749494
XGB,Spambase,label_noise,imbalance,0.15,0.6,accuracy,0.11265490119104105,0.137331951550911,-0.024677050359869945,-0.2741894484429994
XGB,Spambase,label_noise,imbalance,0.15,0.6,balanced_accuracy,0.20721923166070655,0.1891729428754816,0.018046288785224962,0.20051431983583293
XGB,Spambase,label_noise,imbalance,0.15,0.6,macro_f1,0.19321823733871424,0.1868918394835281,0.006326397855186128,0.0702933095020681
XGB,Spambase,label_noise,imbalance,0.15,0.6,mcc,0.3807423128663324,0.3340563602603027,0.0466859526060297,0.5187328067336634
SVM,Spambase,label_noise,imbalance,0.15,0.6,accuracy,0.12174741591879679,0.12847492258036042,-0.006727506661563631,-0.07475007401737369
SVM,Spambase,label_noise,imbalance,0.15,0.6,balanced_accuracy,0.2498742795997736,0.17010559519685592,0.07976868440291768,0.8863187155879743
SVM,Spambase,label_noise,imbalance,0.15,0.6,macro_f1,0.23452284934804402,0.17062179546004377,0.06390105388800024,0.7100117098666694
SVM,Spambase,label_noise,imbalance,0.15,0.6,mcc,0.4553510232892609,0.3146514631351659,0.14069956015409502,1.5633284461566113
SVM,Spambase,label_noise,imbalance,0.15,0.6,accuracy,0.10747592616058388,0.12847492258036042,-0.02099899641977654,-0.23332218244196154
SVM,Spambase,label_noise,imbalance,0.15,0.6,balanced_accuracy,0.22706442293639373,0.17010559519685592,0.05695882773953781,0.6328758637726424
SVM,Spambase,label_noise,imbalance,0.15,0.6,macro_f1,0.2080900473536509,0.17062179546004377,0.03746825189360711,0.41631390992896794
SVM,Spambase,label_noise,imbalance,0.15,0.6,mcc,0.3998792794558124,0.3146514631351659,0.08522781632064652,0.9469757368960725
MLP,Spambase,label_noise,imbalance,0.15,0.6,accuracy,0.12267373130011472,0.1691005364166271,-0.04642680511651237,-0.5158533901834708
MLP,Spambase,label_noise,imbalance,0.15,0.6,balanced_accuracy,0.2560661228812421,0.22519936401567284,0.03086675886556925,0.3429639873952139
MLP,Spambase,label_noise,imbalance,0.15,0.6,macro_f1,0.23825424241303994,0.23802455238184025,0.00022969003119968634,0.0025521114577742926
MLP,Spambase,label_noise,imbalance,0.15,0.6,mcc,0.4584519008025012,0.4136846654410089,0.0447672353614923,0.4974137262388033
MLP,Spambase,label_noise,imbalance,0.15,0.6,accuracy,0.11160541678986213,0.1691005364166271,-0.05749511962676496,-0.6388346625196106
MLP,Spambase,label_noise,imbalance,0.15,0.6,balanced_accuracy,0.2290646714548067,0.22519936401567284,0.0038653074391338527,0.04294786043482059
MLP,Spambase,label_noise,imbalance,0.15,0.6,macro_f1,0.21066047769916552,0.23802455238184025,-0.02736407468267474,-0.30404527425194156
MLP,Spambase,label_noise,imbalance,0.15,0.6,mcc,0.4045606158788683,0.4136846654410089,-0.00912404956214058,-0.10137832846822867
GB,Spambase,label_noise,imbalance,0.15,0.6,accuracy,0.12692286307320688,0.1337699151301732,-0.006847052056966313,-0.07607835618851459
GB,Spambase,label_noise,imbalance,0.15,0.6,balanced_accuracy,0.23933311468452179,0.18618909240050635,0.053144022284015435,0.5904891364890604
GB,Spambase,label_noise,imbalance,0.15,0.6,macro_f1,0.22526678417887003,0.18532786016035796,0.03993892401851207,0.4437658224279119
GB,Spambase,label_noise,imbalance,0.15,0.6,mcc,0.4427415813466615,0.3341213926159819,0.10862018873067958,1.2068909858964398
GB,Spambase,label_noise,imbalance,0.15,0.6,accuracy,0.11143541535706813,0.1337699151301732,-0.02233449977310506,-0.24816110859005622
GB,Spambase,label_noise,imbalance,0.15,0.6,balanced_accuracy,0.20861447094512953,0.18618909240050635,0.022425378544623176,0.24917087271803529
GB,Spambase,label_noise,imbalance,0.15,0.6,macro_f1,0.19403114255413278,0.18532786016035796,0.008703282393774825,0.09670313770860917
GB,Spambase,label_noise,imbalance,0.15,0.6,mcc,0.38197323088602586,0.3341213926159819,0.04785183827004397,0.5316870918893775
LR,Bank,label_noise,imbalance,0.15,0.6,accuracy,0.010463824670710942,0.12295348389289987,-0.11248965922218893,-1.2498851024687658
LR,Bank,label_noise,imbalance,0.15,0.6,balanced_accuracy,0.11727895786592113,0.16749071525963954,-0.050211757393718415,-0.5579084154857602
LR,Bank,label_noise,imbalance,0.15,0.6,macro_f1,0.15592747300126208,0.16914368917067518,-0.013216216169413098,-0.1468468463268122
LR,Bank,label_noise,imbalance,0.15,0.6,mcc,0.2548114222085141,0.30826366885322254,-0.053452246644708434,-0.5939138516078715
LR,Bank,label_noise,imbalance,0.15,0.6,accuracy,0.006158511339126926,0.12295348389289987,-0.11679497255377294,-1.2977219172641439
LR,Bank,label_noise,imbalance,0.15,0.6,balanced_accuracy,0.13032677594756004,0.16749071525963954,-0.03716393931207951,-0.41293265902310566
LR,Bank,label_noise,imbalance,0.15,0.6,macro_f1,0.18021942537677021,0.16914368917067518,0.011075736206095033,0.12306373562327814
LR,Bank,label_noise,imbalance,0.15,0.6,mcc,0.30530514870105513,0.30826366885322254,-0.00295852015216741,-0.032872446135193446
RF,Bank,label_noise,imbalance,0.15,0.6,accuracy,0.008628310652019522,0.13542997504188956,-0.12680166438987003,-1.4089073821096672
RF,Bank,label_noise,imbalance,0.15,0.6,balanced_accuracy,0.08999006784866137,0.1790031102124467,-0.08901304236378532,-0.9890338040420592
RF,Bank,label_noise,imbalance,0.15,0.6,macro_f1,0.1383293188456982,0.1789933127639149,-0.04066399391821668,-0.451822154646852
RF,Bank,label_noise,imbalance,0.15,0.6,mcc,0.24385163736643023,0.3283843202547092,-0.08453268288827898,-0.9392520320919887
RF,Bank,label_noise,imbalance,0.15,0.6,accuracy,0.0047959913726977055,0.13542997504188956,-0.13063398366919185,-1.451488707435465
RF,Bank,label_noise,imbalance,0.15,0.6,balanced_accuracy,0.09713468204365294,0.1790031102124467,-0.08186842816879375,-0.9096492018754861
RF,Bank,label_noise,imbalance,0.15,0.6,macro_f1,0.15192095526456367,0.1789933127639149,-0.02707235749935122,-0.30080397221501354
RF,Bank,label_noise,imbalance,0.15,0.6,mcc,0.28448462098852517,0.3283843202547092,-0.043899699266184034,-0.4877744362909337
XGB,Bank,label_noise,imbalance,0.15,0.6,accuracy,0.010297469530524017,0.137331951550911,-0.12703448202038697,-1.4114942446709664
XGB,Bank,label_noise,imbalance,0.15,0.6,balanced_accuracy,0.12749342239346162,0.1891729428754816,-0.06167952048201997,-0.6853280053557774
XGB,Bank,label_noise,imbalance,0.15,0.6,macro_f1,0.15370453168775366,0.1868918394835281,-0.033187307795774446,-0.36874786439749385
XGB,Bank,label_noise,imbalance,0.15,0.6,mcc,0.24938686778965669,0.3340563602603027,-0.08466949247064604,-0.9407721385627338
XGB,Bank,label_noise,imbalance,0.15,0.6,accuracy,0.006457539413956992,0.137331951550911,-0.130874412136954,-1.4541601348550446
XGB,Bank,label_noise,imbalance,0.15,0.6,balanced_accuracy,0.14406297871698925,0.1891729428754816,-0.04510996415849233,-0.5012218239832482
XGB,Bank,label_noise,imbalance,0.15,0.6,macro_f1,0.18176739959551935,0.1868918394835281,-0.005124439888008758,-0.05693822097787509
XGB,Bank,label_noise,imbalance,0.15,0.6,mcc,0.30603491301146846,0.3340563602603027,-0.028021447248834264,-0.3113494138759363
SVM,Bank,label_noise,imbalance,0.15,0.6,accuracy,0.0031297152538667383,0.12847492258036042,-0.12534520732649368,-1.39272452584993
SVM,Bank,label_noise,imbalance,0.15,0.6,balanced_accuracy,0.08137111130484187,0.17010559519685592,-0.08873448389201405,-0.9859387099112672
SVM,Bank,label_noise,imbalance,0.15,0.6,macro_f1,0.13022746834012922,0.17062179546004377,-0.04039432711991456,-0.4488258568879396
SVM,Bank,label_noise,imbalance,0.15,0.6,mcc,0.23531828983914418,0.3146514631351659,-0.07933317329602171,-0.8814797032891302
SVM,Bank,label_noise,imbalance,0.15,0.6,accuracy,-0.0014029997021957064,0.12847492258036042,-0.12987792228255612,-1.4430880253617349
SVM,Bank,label_noise,imbalance,0.15,0.6,balanced_accuracy,0.08646544372011811,0.17010559519685592,-0.08364015147673781,-0.9293350164081979
SVM,Bank,label_noise,imbalance,0.15,0.6,macro_f1,0.14056074573737865,0.17062179546004377,-0.03006104972266513,-0.3340116635851681
SVM,Bank,label_noise,imbalance,0.15,0.6,mcc,0.26667045478834406,0.3146514631351659,-0.04798100834682184,-0.5331223149646871
MLP,Bank,label_noise,imbalance,0.15,0.6,accuracy,0.00252620648193691,0.1691005364166271,-0.16657432993469018,-1.8508258881632242
MLP,Bank,label_noise,imbalance,0.15,0.6,balanced_accuracy,0.1068516304546755,0.22519936401567284,-0.11834773356099734,-1.314974817344415
MLP,Bank,label_noise,imbalance,0.15,0.6,macro_f1,0.15292865546145545,0.23802455238184025,-0.0850958969203848,-0.9455099657820534
MLP,Bank,label_noise,imbalance,0.15,0.6,mcc,0.2640445047831933,0.4136846654410089,-0.1496401606578156,-1.6626684517535066
MLP,Bank,label_noise,imbalance,0.15,0.6,accuracy,-0.00013734196063563964,0.1691005364166271,-0.16923787837726273,-1.8804208708584749
MLP,Bank,label_noise,imbalance,0.15,0.6,balanced_accuracy,0.1194686261280028,0.22519936401567284,-0.10573073788767004,-1.174785976529667
MLP,Bank,label_noise,imbalance,0.15,0.6,macro_f1,0.17546906153274233,0.23802455238184025,-0.06255549084909792,-0.6950610094344214
MLP,Bank,label_noise,imbalance,0.15,0.6,mcc,0.3389303082665466,0.4136846654410089,-0.07475435717446233,-0.830603968605137
GB,Bank,label_noise,imbalance,0.15,0.6,accuracy,0.012005071869705342,0.1337699151301732,-0.12176484326046785,-1.3529427028940872
GB,Bank,label_noise,imbalance,0.15,0.6,balanced_accuracy,0.1297547256434185,0.18618909240050635,-0.05643436675708785,-0.6270485195231984
GB,Bank,label_noise,imbalance,0.15,0.6,macro_f1,0.15384742290335074,0.18532786016035796,-0.03148043725700722,-0.34978263618896915
GB,Bank,label_noise,imbalance,0.15,0.6,mcc,0.26137328114006375,0.3341213926159819,-0.07274811147591814,-0.8083123497324238
GB,Bank,label_noise,imbalance,0.15,0.6,accuracy,0.011637187643826041,0.1337699151301732,-0.12213272748634715,-1.3570303054038573
GB,Bank,label_noise,imbalance,0.15,0.6,balanced_accuracy,0.1501180690003211,0.18618909240050635,-0.036071023400185254,-0.4007891488909473
GB,Bank,label_noise,imbalance,0.15,0.6,macro_f1,0.18624756228113304,0.18532786016035796,0.0009197021207750788,0.010218912453056433
GB,Bank,label_noise,imbalance,0.15,0.6,mcc,0.33420784573669227,0.3341213926159819,8.645312071037248e-05,0.0009605902301152498
LR,Wine,label_noise,imbalance,0.15,0.6,accuracy,0.20173306564610893,0.12295348389289987,0.07877958175320907,0.8753286861467674
LR,Wine,label_noise,imbalance,0.15,0.6,balanced_accuracy,0.25523538190204864,0.16749071525963954,0.0877446666424091,0.9749407404712123
LR,Wine,label_noise,imbalance,0.15,0.6,macro_f1,0.257297214231914,0.16914368917067518,0.0881535250612388,0.9794836117915423
LR,Wine,label_noise,imbalance,0.15,0.6,mcc,0.37446023572215925,0.30826366885322254,0.06619656686893671,0.7355174096548523
LR,Wine,label_noise,imbalance,0.15,0.6,accuracy,0.1649741723654765,0.12295348389289987,0.042020688472576645,0.46689653858418495
LR,Wine,label_noise,imbalance,0.15,0.6,balanced_accuracy,0.20904490571157242,0.16749071525963954,0.04155419045193287,0.46171322724369857
LR,Wine,label_noise,imbalance,0.15,0.6,macro_f1,0.21609866820578183,0.16914368917067518,0.04695497903510665,0.5217219892789627
LR,Wine,label_noise,imbalance,0.15,0.6,mcc,0.29374807813429205,0.30826366885322254,-0.014515590718930493,-0.16128434132144992
RF,Wine,label_noise,imbalance,0.15,0.6,accuracy,0.19107974151452412,0.13542997504188956,0.05564976647263456,0.6183307385848285
RF,Wine,label_noise,imbalance,0.15,0.6,balanced_accuracy,0.25050468050468044,0.1790031102124467,0.07150157029223375,0.7944618921359305
RF,Wine,label_noise,imbalance,0.15,0.6,macro_f1,0.2514994593883483,0.1789933127639149,0.07250614662443339,0.8056238513825932
RF,Wine,label_noise,imbalance,0.15,0.6,mcc,0.35254113896743056,0.3283843202547092,0.02415681871272135,0.268409096808015
RF,Wine,label_noise,imbalance,0.15,0.6,accuracy,0.180407804755631,0.13542997504188956,0.04497782971374145,0.49975366348601613
RF,Wine,label_noise,imbalance,0.15,0.6,balanced_accuracy,0.24691493691493682,0.1790031102124467,0.06791182670249013,0.7545758522498903
RF,Wine,label_noise,imbalance,0.15,0.6,macro_f1,0.2454307505665806,0.1789933127639149,0.0664374378026657,0.7381937533629522
RF,Wine,label_noise,imbalance,0.15,0.6,mcc,0.3373714752692486,0.3283843202547092,0.008987155014539394,0.09985727793932661
XGB,Wine,label_noise,imbalance,0.15,0.6,accuracy,0.1925572495137713,0.137331951550911,0.0552252979628603,0.6136144218095589
XGB,Wine,label_noise,imbalance,0.15,0.6,balanced_accuracy,0.28184358851025526,0.1891729428754816,0.09267064563477367,1.029673840386374
XGB,Wine,label_noise,imbalance,0.15,0.6,macro_f1,0.2850201227466259,0.1868918394835281,0.0981282832630978,1.0903142584788645
XGB,Wine,label_noise,imbalance,0.15,0.6,mcc,0.3835815288504645,0.3340563602603027,0.04952516859016176,0.5502796510017973
XGB,Wine,label_noise,imbalance,0.15,0.6,accuracy,0.15382207164815853,0.137331951550911,0.01649012009724754,0.18322355663608378
XGB,Wine,label_noise,imbalance,0.15,0.6,balanced_accuracy,0.2118435885102553,0.1891729428754816,0.022670645634773723,0.2518960626085969
XGB,Wine,label_noise,imbalance,0.15,0.6,macro_f1,0.21934160713707584,0.1868918394835281,0.032449767653547734,0.36055297392830815
XGB,Wine,label_noise,imbalance,0.15,0.6,mcc,0.29710070021148394,0.3340563602603027,-0.036955660048818784,-0.4106184449868754
SVM,Wine,label_noise,imbalance,0.15,0.6,accuracy,0.17289792333270604,0.12847492258036042,0.04442300075234562,0.4935888972482847
SVM,Wine,label_noise,imbalance,0.15,0.6,balanced_accuracy,0.21667197000530336,0.17010559519685592,0.04656637480844744,0.517404164538305
SVM,Wine,label_noise,imbalance,0.15,0.6,macro_f1,0.22350644239512796,0.17062179546004377,0.052884646935084184,0.587607188167602
SVM,Wine,label_noise,imbalance,0.15,0.6,mcc,0.3188594796099894,0.3146514631351659,0.004208016474823495,0.046755738609149944
SVM,Wine,label_noise,imbalance,0.15,0.6,accuracy,0.11795721187025532,0.12847492258036042,-0.0105177107101051,-0.11686345233450111
SVM,Wine,label_noise,imbalance,0.15,0.6,balanced_accuracy,0.14832032165365494,0.17010559519685592,-0.021785273543200978,-0.24205859492445533
SVM,Wine,label_noise,imbalance,0.15,0.6,macro_f1,0.15675124697326603,0.17062179546004377,-0.01387054848677774,-0.15411720540864154
SVM,Wine,label_noise,imbalance,0.15,0.6,mcc,0.21648316664674427,0.3146514631351659,-0.09816829648842162,-1.0907588498713514
MLP,Wine,label_noise,imbalance,0.15,0.6,accuracy,0.33607168998473347,0.1691005364166271,0.16697115356810638,1.8552350396456265
MLP,Wine,label_noise,imbalance,0.15,0.6,balanced_accuracy,0.33631109631109635,0.22519936401567284,0.11111173229542351,1.2345748032824835
MLP,Wine,label_noise,imbalance,0.15,0.6,macro_f1,0.3744332731937843,0.23802455238184025,0.13640872081194402,1.5156524534660447
MLP,Wine,label_noise,imbalance,0.15,0.6,mcc,0.5220893869468528,0.4136846654410089,0.1084047215058439,1.204496905620488
MLP,Wine,label_noise,imbalance,0.15,0.6,accuracy,0.24200054373967428,0.1691005364166271,0.07290000732304719,0.810000081367191
MLP,Wine,label_noise,imbalance,0.15,0.6,balanced_accuracy,0.2529777629777631,0.22519936401567284,0.02777839896209025,0.3086488773565583
MLP,Wine,label_noise,imbalance,0.15,0.6,macro_f1,0.273268619201544,0.23802455238184025,0.03524406681970374,0.39160074244115267
MLP,Wine,label_noise,imbalance,0.15,0.6,mcc,0.42486033981681626,0.4136846654410089,0.011175674375807354,0.12417415973119282
GB,Wine,label_noise,imbalance,0.15,0.6,accuracy,0.1473944413074848,0.1337699151301732,0.013624526177311608,0.1513836241923512
GB,Wine,label_noise,imbalance,0.15,0.6,balanced_accuracy,0.21214575547908876,0.18618909240050635,0.02595666307858241,0.28840736753980456
GB,Wine,label_noise,imbalance,0.15,0.6,macro_f1,0.2218386608360271,0.18532786016035796,0.03651080067566914,0.40567556306299046
GB,Wine,label_noise,imbalance,0.15,0.6,mcc,0.29044470345627404,0.3341213926159819,-0.04367668915970785,-0.4852965462189761
GB,Wine,label_noise,imbalance,0.15,0.6,accuracy,0.19996361126795914,0.1337699151301732,0.06619369613778595,0.7354855126420661
GB,Wine,label_noise,imbalance,0.15,0.6,balanced_accuracy,0.25484416817750144,0.18618909240050635,0.06865507577699509,0.7628341752999455
GB,Wine,label_noise,imbalance,0.15,0.6,macro_f1,0.27160426543700456,0.18532786016035796,0.0862764052766466,0.9586267252960733
GB,Wine,label_noise,imbalance,0.15,0.6,mcc,0.37674388732787667,0.3341213926159819,0.042622494711894776,0.47358327457660865
LR,BreastCancer,label_noise,imbalance,0.15,0.6,accuracy,0.14795385070547773,0.12295348389289987,0.025000366812577862,0.27778185347308737
LR,BreastCancer,label_noise,imbalance,0.15,0.6,balanced_accuracy,0.28164204895776546,0.16749071525963954,0.11415133369812591,1.268348152201399
LR,BreastCancer,label_noise,imbalance,0.15,0.6,macro_f1,0.26334236540140465,0.16914368917067518,0.09419867623072947,1.0466519581192164
LR,BreastCancer,label_noise,imbalance,0.15,0.6,mcc,0.5100322866627427,0.30826366885322254,0.20176861780952016,2.241873531216891
LR,BreastCancer,label_noise,imbalance,0.15,0.6,accuracy,0.14519051281218076,0.12295348389289987,0.022237028919280893,0.24707809910312103
LR,BreastCancer,label_noise,imbalance,0.15,0.6,balanced_accuracy,0.2808950101579565,0.16749071525963954,0.11340429489831694,1.2600477210924104
LR,BreastCancer,label_noise,imbalance,0.15,0.6,macro_f1,0.2649552650151239,0.16914368917067518,0.09581157584444872,1.0645730649383192
LR,BreastCancer,label_noise,imbalance,0.15,0.6,mcc,0.5037749002424192,0.30826366885322254,0.19551123138919668,2.172347015435519
RF,BreastCancer,label_noise,imbalance,0.15,0.6,accuracy,0.12217255040720754,0.13542997504188956,-0.013257424634682019,-0.14730471816313356
RF,BreastCancer,label_noise,imbalance,0.15,0.6,balanced_accuracy,0.21721760411628,0.1790031102124467,0.0382144939038333,0.42460548782037005
RF,BreastCancer,label_noise,imbalance,0.15,0.6,macro_f1,0.20752168495694834,0.1789933127639149,0.028528372193033447,0.3169819132559272
RF,BreastCancer,label_noise,imbalance,0.15,0.6,mcc,0.414082290774196,0.3283843202547092,0.0856979705194868,0.9521996724387423
RF,BreastCancer,label_noise,imbalance,0.15,0.6,accuracy,0.12646803604332224,0.13542997504188956,-0.008961938998567315,-0.09957709998408128
RF,BreastCancer,label_noise,imbalance,0.15,0.6,balanced_accuracy,0.2254642963516973,0.1790031102124467,0.0464611861392506,0.5162354015472289
RF,BreastCancer,label_noise,imbalance,0.15,0.6,macro_f1,0.21813391323460352,0.1789933127639149,0.039140600470688625,0.4348955607854292
RF,BreastCancer,label_noise,imbalance,0.15,0.6,mcc,0.4257861778284991,0.3283843202547092,0.09740185757378989,1.0822428619309987
XGB,BreastCancer,label_noise,imbalance,0.15,0.6,accuracy,0.1490328155250863,0.137331951550911,0.011700863974175302,0.13000959971305892
XGB,BreastCancer,label_noise,imbalance,0.15,0.6,balanced_accuracy,0.2556076544650703,0.1891729428754816,0.06643471158958869,0.738163462106541
XGB,BreastCancer,label_noise,imbalance,0.15,0.6,macro_f1,0.24749899482949922,0.1868918394835281,0.06060715534597111,0.6734128371774568
XGB,BreastCancer,label_noise,imbalance,0.15,0.6,mcc,0.49292878889445413,0.3340563602603027,0.1588724286341514,1.7652492070461268
XGB,BreastCancer,label_noise,imbalance,0.15,0.6,accuracy,0.13231598925969656,0.137331951550911,-0.005015962291214426,-0.055732914346826964
XGB,BreastCancer,label_noise,imbalance,0.15,0.6,balanced_accuracy,0.25750965118939506,0.1891729428754816,0.06833670831391347,0.759296759043483
XGB,BreastCancer,label_noise,imbalance,0.15,0.6,macro_f1,0.24363692261607173,0.1868918394835281,0.05674508313254362,0.630500923694929
XGB,BreastCancer,label_noise,imbalance,0.15,0.6,mcc,0.4631575321998277,0.3340563602603027,0.12910117193952497,1.434457465994722
SVM,BreastCancer,label_noise,imbalance,0.15,0.6,accuracy,0.14096675615975618,0.12847492258036042,0.012491833579395761,0.13879815088217512
SVM,BreastCancer,label_noise,imbalance,0.15,0.6,balanced_accuracy,0.2426449642788875,0.17010559519685592,0.07253936908203157,0.8059929898003508
SVM,BreastCancer,label_noise,imbalance,0.15,0.6,macro_f1,0.2322659953986722,0.17062179546004377,0.061644199938628436,0.6849355548736493
SVM,BreastCancer,label_noise,imbalance,0.15,0.6,mcc,0.4591885348760172,0.3146514631351659,0.1445370717408513,1.6059674637872365
SVM,BreastCancer,label_noise,imbalance,0.15,0.6,accuracy,0.13587783687111055,0.12847492258036042,0.007402914290750129,0.08225460323055699
SVM,BreastCancer,label_noise,imbalance,0.15,0.6,balanced_accuracy,0.24500930357312833,0.17010559519685592,0.07490370837627242,0.8322634264030269
SVM,BreastCancer,label_noise,imbalance,0.15,0.6,macro_f1,0.2351357479506636,0.17062179546004377,0.06451395249061984,0.7168216943402205
SVM,BreastCancer,label_noise,imbalance,0.15,0.6,mcc,0.45420402596063325,0.3146514631351659,0.13955256282546735,1.5505840313940817
MLP,BreastCancer,label_noise,imbalance,0.15,0.6,accuracy,0.12382804583581009,0.1691005364166271,-0.045272490580817004,-0.5030276731201889
MLP,BreastCancer,label_noise,imbalance,0.15,0.6,balanced_accuracy,0.2397801678733551,0.22519936401567284,0.014580803857682262,0.16200893175202513
MLP,BreastCancer,label_noise,imbalance,0.15,0.6,macro_f1,0.2287186443678979,0.23802455238184025,-0.009305908013942349,-0.10339897793269277
MLP,BreastCancer,label_noise,imbalance,0.15,0.6,mcc,0.4462826091039154,0.4136846654410089,0.03259794366290647,0.36219937403229413
MLP,BreastCancer,label_noise,imbalance,0.15,0.6,accuracy,0.15135198564429175,0.1691005364166271,-0.017748550772335336,-0.19720611969261487
MLP,BreastCancer,label_noise,imbalance,0.15,0.6,balanced_accuracy,0.27094657525851407,0.22519936401567284,0.04574721124284123,0.5083023471426803
MLP,BreastCancer,label_noise,imbalance,0.15,0.6,macro_f1,0.2612983084824738,0.23802455238184025,0.023273756100633564,0.2585972900070396
MLP,BreastCancer,label_noise,imbalance,0.15,0.6,mcc,0.5172192132384666,0.4136846654410089,0.10353454779745774,1.1503838644161972
GB,BreastCancer,label_noise,imbalance,0.15,0.6,accuracy,0.13787364391350354,0.1337699151301732,0.004103728783330346,0.04559698648144829
GB,BreastCancer,label_noise,imbalance,0.15,0.6,balanced_accuracy,0.2397812204380848,0.18618909240050635,0.05359212803757846,0.5954680893064274
GB,BreastCancer,label_noise,imbalance,0.15,0.6,macro_f1,0.23348576729736414,0.18532786016035796,0.048157907137006184,0.5350878570778466
GB,BreastCancer,label_noise,imbalance,0.15,0.6,mcc,0.46255488363060365,0.3341213926159819,0.12843349101462176,1.427038789051353
GB,BreastCancer,label_noise,imbalance,0.15,0.6,accuracy,0.15374231696411922,0.1337699151301732,0.019972401833946024,0.22191557593273362
GB,BreastCancer,label_noise,imbalance,0.15,0.6,balanced_accuracy,0.28249168770957067,0.18618909240050635,0.09630259530906432,1.0700288367673814
GB,BreastCancer,label_noise,imbalance,0.15,0.6,macro_f1,0.27311412870354723,0.18532786016035796,0.08778626854318927,0.9754029838132142
GB,BreastCancer,label_noise,imbalance,0.15,0.6,mcc,0.5212910198730178,0.3341213926159819,0.18716962725703595,2.0796625250781773
LR,Digits,label_noise,imbalance,0.15,0.6,accuracy,0.14201190898829352,0.12295348389289987,0.019058425095393655,0.2117602788377073
LR,Digits,label_noise,imbalance,0.15,0.6,balanced_accuracy,0.2554365417611322,0.16749071525963954,0.08794582650149263,0.9771758500165848
LR,Digits,label_noise,imbalance,0.15,0.6,macro_f1,0.2450897565068042,0.16914368917067518,0.07594606733612902,0.8438451926236558
LR,Digits,label_noise,imbalance,0.15,0.6,mcc,0.4730399193245388,0.30826366885322254,0.16477625047131628,1.83084722745907
LR,Digits,label_noise,imbalance,0.15,0.6,accuracy,0.0870667476817305,0.12295348389289987,-0.03588673621116936,-0.39874151345743736
LR,Digits,label_noise,imbalance,0.15,0.6,balanced_accuracy,0.16240205076315806,0.16749071525963954,-0.0050886644964814876,-0.05654071662757209
LR,Digits,label_noise,imbalance,0.15,0.6,macro_f1,0.14924612437145168,0.16914368917067518,-0.0198975647992235,-0.22108405332470557
LR,Digits,label_noise,imbalance,0.15,0.6,mcc,0.29114406560423156,0.30826366885322254,-0.017119603248990978,-0.19021781387767753
RF,Digits,label_noise,imbalance,0.15,0.6,accuracy,0.19797860778093368,0.13542997504188956,0.06254863273904412,0.6949848082116014
RF,Digits,label_noise,imbalance,0.15,0.6,balanced_accuracy,0.3031525415156838,0.1790031102124467,0.12414943130323713,1.3794381255915238
RF,Digits,label_noise,imbalance,0.15,0.6,macro_f1,0.2878884937633196,0.1789933127639149,0.1088951809994047,1.2099464555489412
RF,Digits,label_noise,imbalance,0.15,0.6,mcc,0.5569223836685014,0.3283843202547092,0.22853806341379224,2.539311815708803
RF,Digits,label_noise,imbalance,0.15,0.6,accuracy,0.16965705154530875,0.13542997504188956,0.03422707650341919,0.380300850037991
RF,Digits,label_noise,imbalance,0.15,0.6,balanced_accuracy,0.23617079111051387,0.1790031102124467,0.057167680898067175,0.6351964544229687
RF,Digits,label_noise,imbalance,0.15,0.6,macro_f1,0.2261204082308762,0.1789933127639149,0.04712709546696131,0.5236343940773479
RF,Digits,label_noise,imbalance,0.15,0.6,mcc,0.44742647634934285,0.3283843202547092,0.11904215609463364,1.3226906232737072
XGB,Digits,label_noise,imbalance,0.15,0.6,accuracy,0.1989867365624678,0.137331951550911,0.0616547850115568,0.6850531667950756
XGB,Digits,label_noise,imbalance,0.15,0.6,balanced_accuracy,0.2996694792862643,0.1891729428754816,0.11049653641078272,1.2277392934531415
XGB,Digits,label_noise,imbalance,0.15,0.6,macro_f1,0.2868171930710013,0.1868918394835281,0.09992535358747318,1.1102817065274797
XGB,Digits,label_noise,imbalance,0.15,0.6,mcc,0.5609687697250056,0.3340563602603027,0.22691240946470292,2.5212489940522547
XGB,Digits,label_noise,imbalance,0.15,0.6,accuracy,0.16205936955967715,0.137331951550911,0.024727418008766155,0.27474908898629063
XGB,Digits,label_noise,imbalance,0.15,0.6,balanced_accuracy,0.22865613171805899,0.1891729428754816,0.0394831888425774,0.43870209825086
XGB,Digits,label_noise,imbalance,0.15,0.6,macro_f1,0.21862927029667467,0.1868918394835281,0.03173743081314656,0.35263812014607293
XGB,Digits,label_noise,imbalance,0.15,0.6,mcc,0.43320432479172866,0.3340563602603027,0.09914796453142594,1.1016440503491771
SVM,Digits,label_noise,imbalance,0.15,0.6,accuracy,0.18996278867860983,0.12847492258036042,0.06148786609824941,0.6831985122027713
SVM,Digits,label_noise,imbalance,0.15,0.6,balanced_accuracy,0.2680093957948285,0.17010559519685592,0.0979038005979726,1.0878200066441401
SVM,Digits,label_noise,imbalance,0.15,0.6,macro_f1,0.2582950921065721,0.17062179546004377,0.08767329664652831,0.9741477405169813
SVM,Digits,label_noise,imbalance,0.15,0.6,mcc,0.5129498821076646,0.3146514631351659,0.19829841897249867,2.2033157663610963
SVM,Digits,label_noise,imbalance,0.15,0.6,accuracy,0.1473562074365926,0.12847492258036042,0.018881284856232194,0.2097920539581355
SVM,Digits,label_noise,imbalance,0.15,0.6,balanced_accuracy,0.18276906027194806,0.17010559519685592,0.01266346507509214,0.14070516750102377
SVM,Digits,label_noise,imbalance,0.15,0.6,macro_f1,0.18529130624807866,0.17062179546004377,0.014669510788034884,0.16299456431149872
SVM,Digits,label_noise,imbalance,0.15,0.6,mcc,0.36955210040021824,0.3146514631351659,0.05490063726505234,0.6100070807228039
MLP,Digits,label_noise,imbalance,0.15,0.6,accuracy,0.22303624868006633,0.1691005364166271,0.05393571226343924,0.5992856918159916
MLP,Digits,label_noise,imbalance,0.15,0.6,balanced_accuracy,0.38448918234187224,0.22519936401567284,0.1592898183261994,1.7698868702911046
MLP,Digits,label_noise,imbalance,0.15,0.6,macro_f1,0.38873678378685084,0.23802455238184025,0.15071223140501058,1.674580348944562
MLP,Digits,label_noise,imbalance,0.15,0.6,mcc,0.7051953995373361,0.4136846654410089,0.2915107340963272,3.239008156625858
MLP,Digits,label_noise,imbalance,0.15,0.6,accuracy,0.14926106808131023,0.1691005364166271,-0.019839468335316857,-0.2204385370590762
MLP,Digits,label_noise,imbalance,0.15,0.6,balanced_accuracy,0.22724397585938827,0.22519936401567284,0.0020446118437154326,0.02271790937461592
MLP,Digits,label_noise,imbalance,0.15,0.6,macro_f1,0.2123310662331499,0.23802455238184025,-0.025693486148690353,-0.2854831794298928
MLP,Digits,label_noise,imbalance,0.15,0.6,mcc,0.41228682670212313,0.4136846654410089,-0.0013978387388857705,-0.015531541543175228
GB,Digits,label_noise,imbalance,0.15,0.6,accuracy,0.19287216915936922,0.1337699151301732,0.05910225402919603,0.6566917114355114
GB,Digits,label_noise,imbalance,0.15,0.6,balanced_accuracy,0.28288870362416796,0.18618909240050635,0.09669961122366161,1.0744401247073512
GB,Digits,label_noise,imbalance,0.15,0.6,macro_f1,0.2719472344886762,0.18532786016035796,0.08661937432831823,0.9624374925368693
GB,Digits,label_noise,imbalance,0.15,0.6,mcc,0.537165072504491,0.3341213926159819,0.20304367988850908,2.256040887650101
GB,Digits,label_noise,imbalance,0.15,0.6,accuracy,0.15987242529143508,0.1337699151301732,0.026102510161261888,0.2900278906806877
GB,Digits,label_noise,imbalance,0.15,0.6,balanced_accuracy,0.2235880626170358,0.18618909240050635,0.03739897021652944,0.4155441135169938
GB,Digits,label_noise,imbalance,0.15,0.6,macro_f1,0.21496507322766256,0.18532786016035796,0.029637213067304602,0.3293023674144956
GB,Digits,label_noise,imbalance,0.15,0.6,mcc,0.426064049545834,0.3341213926159819,0.0919426569298521,1.0215850769983568
LR,Spambase,label_noise,imbalance,0.35,0.3,accuracy,0.284847339959034,0.3145962346636026,-0.029748894704568596,-0.2833228067101771
LR,Spambase,label_noise,imbalance,0.35,0.3,balanced_accuracy,0.35747351076361045,0.3131470169190724,0.04432649384453807,0.42215708423369597
LR,Spambase,label_noise,imbalance,0.35,0.3,macro_f1,0.3803508987889148,0.3242992139540511,0.056051684834863724,0.5338255698558451
LR,Spambase,label_noise,imbalance,0.35,0.3,mcc,0.6799827258607316,0.5904858879976739,0.08949683786305773,0.8523508367910261
LR,Spambase,label_noise,imbalance,0.35,0.3,accuracy,0.28827151503923687,0.3145962346636026,-0.026324719624365722,-0.25071161547014975
LR,Spambase,label_noise,imbalance,0.35,0.3,balanced_accuracy,0.3589723927092223,0.3131470169190724,0.04582537579014995,0.4364321503823805
LR,Spambase,label_noise,imbalance,0.35,0.3,macro_f1,0.3780417731066079,0.3242992139540511,0.053742559152556824,0.5118338966910174
LR,Spambase,label_noise,imbalance,0.35,0.3,mcc,0.6899344702908595,0.5904858879976739,0.09944858229318565,0.9471293551731967
RF,Spambase,label_noise,imbalance,0.35,0.3,accuracy,0.30845262688781183,0.33082749203347833,-0.0223748651456665,-0.21309395376825238
RF,Spambase,label_noise,imbalance,0.35,0.3,balanced_accuracy,0.37223738278694285,0.3231528714212322,0.049084511365710626,0.46747153681629167
RF,Spambase,label_noise,imbalance,0.35,0.3,macro_f1,0.38869038952204205,0.33360312091129213,0.05508726861074992,0.5246406534357135
RF,Spambase,label_noise,imbalance,0.35,0.3,mcc,0.7229973008800528,0.6155858209160064,0.10741147996404632,1.0229664758480603
RF,Spambase,label_noise,imbalance,0.35,0.3,accuracy,0.29899991427972417,0.33082749203347833,-0.031827577753754166,-0.30311978813099205
RF,Spambase,label_noise,imbalance,0.35,0.3,balanced_accuracy,0.35924496542657613,0.3231528714212322,0.03609209400534391,0.343734228622323
RF,Spambase,label_noise,imbalance,0.35,0.3,macro_f1,0.3706440105176596,0.33360312091129213,0.03704088960636748,0.3527703772034998
RF,Spambase,label_noise,imbalance,0.35,0.3,mcc,0.6962240108822142,0.6155858209160064,0.08063818996620775,0.767982761582931
XGB,Spambase,label_noise,imbalance,0.35,0.3,accuracy,0.316809730473956,0.3378364641761258,-0.021026733702169786,-0.2002546066873313
XGB,Spambase,label_noise,imbalance,0.35,0.3,balanced_accuracy,0.37463104099921585,0.34199018934625064,0.03264085165296521,0.3108652538377639
XGB,Spambase,label_noise,imbalance,0.35,0.3,macro_f1,0.3822654997888555,0.34881625674788513,0.033449243040970356,0.31856421943781293
XGB,Spambase,label_noise,imbalance,0.35,0.3,mcc,0.7296720434442606,0.6378237561761301,0.09184828726813055,0.8747455930298148
XGB,Spambase,label_noise,imbalance,0.35,0.3,accuracy,0.31265590680032973,0.3378364641761258,-0.025180557375796053,-0.2398148321504386
XGB,Spambase,label_noise,imbalance,0.35,0.3,balanced_accuracy,0.37058315922648244,0.34199018934625064,0.0285929698802318,0.2723139988593505
XGB,Spambase,label_noise,imbalance,0.35,0.3,macro_f1,0.3770899464282669,0.34881625674788513,0.02827368968038174,0.26927323505125467
XGB,Spambase,label_noise,imbalance,0.35,0.3,mcc,0.7216023142736067,0.6378237561761301,0.08377855809747659,0.7978910294997771
SVM,Spambase,label_noise,imbalance,0.35,0.3,accuracy,0.2983453798968284,0.3215482992494063,-0.0232029193525779,-0.22098018431026573
SVM,Spambase,label_noise,imbalance,0.35,0.3,balanced_accuracy,0.3687485310661147,0.31168302916614354,0.05706550189997117,0.5434809704759159
SVM,Spambase,label_noise,imbalance,0.35,0.3,macro_f1,0.3901356633321331,0.32266789581541433,0.06746776751671879,0.6425501668258933
SVM,Spambase,label_noise,imbalance,0.35,0.3,mcc,0.7095512207130592,0.5936530085112216,0.1158982122018376,1.103792497160358
SVM,Spambase,label_noise,imbalance,0.35,0.3,accuracy,0.28484587909136516,0.3215482992494063,-0.03670242015804115,-0.34954685864801094
SVM,Spambase,label_noise,imbalance,0.35,0.3,balanced_accuracy,0.35174195044868495,0.31168302916614354,0.040058921282541404,0.38151353602420385
SVM,Spambase,label_noise,imbalance,0.35,0.3,macro_f1,0.3660194075415395,0.32266789581541433,0.04335151172612517,0.4128715402488112
SVM,Spambase,label_noise,imbalance,0.35,0.3,mcc,0.6722542753969724,0.5936530085112216,0.07860126688575075,0.7485834941500072
MLP,Spambase,label_noise,imbalance,0.35,0.3,accuracy,0.3060105433095671,0.3460355102959022,-0.040024966986335064,-0.3811901617746197
MLP,Spambase,label_noise,imbalance,0.35,0.3,balanced_accuracy,0.37896263653993245,0.3463921958614646,0.03257044067846787,0.31019467312826543
MLP,Spambase,label_noise,imbalance,0.35,0.3,macro_f1,0.4005315908238207,0.36689841728187533,0.033633173541945394,0.32031593849471807
MLP,Spambase,label_noise,imbalance,0.35,0.3,mcc,0.7287943401179754,0.6519232900056214,0.07687105011235396,0.7321052391652758
MLP,Spambase,label_noise,imbalance,0.35,0.3,accuracy,0.2993231731012337,0.3460355102959022,-0.046712337194668496,-0.44487940185398567
MLP,Spambase,label_noise,imbalance,0.35,0.3,balanced_accuracy,0.3607324616554054,0.3463921958614646,0.01434026579394082,0.13657395994229354
MLP,Spambase,label_noise,imbalance,0.35,0.3,macro_f1,0.37040100302603873,0.36689841728187533,0.0035025857441634,0.033357959468222856
MLP,Spambase,label_noise,imbalance,0.35,0.3,mcc,0.6992754308094066,0.6519232900056214,0.04735214080378514,0.45097276955985843
GB,Spambase,label_noise,imbalance,0.35,0.3,accuracy,0.3108473435417025,0.33099790875668494,-0.02015056521498243,-0.19191014490459457
GB,Spambase,label_noise,imbalance,0.35,0.3,balanced_accuracy,0.3687553849079801,0.3352280266874619,0.03352735822051822,0.31930817352874497
GB,Spambase,label_noise,imbalance,0.35,0.3,macro_f1,0.37657485428810455,0.3433847433907135,0.033190110897391045,0.3160962942608671
GB,Spambase,label_noise,imbalance,0.35,0.3,mcc,0.7168648473680443,0.6288898643568681,0.08797498301117623,0.8378569810588213
GB,Spambase,label_noise,imbalance,0.35,0.3,accuracy,0.3031594352734953,0.33099790875668494,-0.02783847348318963,-0.2651283188875203
GB,Spambase,label_noise,imbalance,0.35,0.3,balanced_accuracy,0.3601505714072625,0.3352280266874619,0.0249225447198006,0.23735756876000572
GB,Spambase,label_noise,imbalance,0.35,0.3,macro_f1,0.3658620581689943,0.3433847433907135,0.0224773147782808,0.21406966455505524
GB,Spambase,label_noise,imbalance,0.35,0.3,mcc,0.698817473764694,0.6288898643568681,0.06992760940782594,0.6659772324554852
LR,Bank,label_noise,imbalance,0.35,0.3,accuracy,0.21479873365918434,0.3145962346636026,-0.09979750100441825,-0.9504523905182691
LR,Bank,label_noise,imbalance,0.35,0.3,balanced_accuracy,0.13703928813058786,0.3131470169190724,-0.17610772878848452,-1.6772164646522336
LR,Bank,label_noise,imbalance,0.35,0.3,macro_f1,0.24262389827296743,0.3242992139540511,-0.08167531568108366,-0.7778601493436539
LR,Bank,label_noise,imbalance,0.35,0.3,mcc,0.3603388040214583,0.5904858879976739,-0.23014708397621558,-2.191876990249672
LR,Bank,label_noise,imbalance,0.35,0.3,accuracy,0.20406901347240303,0.3145962346636026,-0.11052722119119957,-1.0526402018209482
LR,Bank,label_noise,imbalance,0.35,0.3,balanced_accuracy,0.13492333825672154,0.3131470169190724,-0.17822367866235084,-1.697368368212865
LR,Bank,label_noise,imbalance,0.35,0.3,macro_f1,0.2372723579158677,0.3242992139540511,-0.08702685603818339,-0.8288272003636513
LR,Bank,label_noise,imbalance,0.35,0.3,mcc,0.3450277966254616,0.5904858879976739,-0.24545809137221225,-2.3376961083067833
RF,Bank,label_noise,imbalance,0.35,0.3,accuracy,0.206207681438069,0.33082749203347833,-0.12461981059540933,-1.1868553390038985
RF,Bank,label_noise,imbalance,0.35,0.3,balanced_accuracy,0.09295923533059147,0.3231528714212322,-0.23019363609064075,-2.192320343720388
RF,Bank,label_noise,imbalance,0.35,0.3,macro_f1,0.20040707048653078,0.33360312091129213,-0.13319605042476135,-1.2685338135691557
RF,Bank,label_noise,imbalance,0.35,0.3,mcc,0.27104877891036544,0.6155858209160064,-0.344537042005641,-3.281305161958486
RF,Bank,label_noise,imbalance,0.35,0.3,accuracy,0.20251282562568707,0.33082749203347833,-0.12831466640779127,-1.2220444419789644
RF,Bank,label_noise,imbalance,0.35,0.3,balanced_accuracy,0.0985026086032097,0.3231528714212322,-0.22465026281802253,-2.1395263125525954
RF,Bank,label_noise,imbalance,0.35,0.3,macro_f1,0.20572593282930912,0.33360312091129213,-0.127877188081983,-1.2178779817331715
RF,Bank,label_noise,imbalance,0.35,0.3,mcc,0.3101990659863584,0.6155858209160064,-0.30538675492964806,-2.9084452850442672
XGB,Bank,label_noise,imbalance,0.35,0.3,accuracy,0.22460487438259435,0.3378364641761258,-0.11323158979353143,-1.078396093271728
XGB,Bank,label_noise,imbalance,0.35,0.3,balanced_accuracy,0.15793843022022502,0.34199018934625064,-0.18405175912602562,-1.7528738964383392
XGB,Bank,label_noise,imbalance,0.35,0.3,macro_f1,0.2402937982106682,0.34881625674788513,-0.10852245853721693,-1.0335472241639707
XGB,Bank,label_noise,imbalance,0.35,0.3,mcc,0.384544828929795,0.6378237561761301,-0.25327892724633505,-2.4121802594889052
XGB,Bank,label_noise,imbalance,0.35,0.3,accuracy,0.21248640744433356,0.3378364641761258,-0.12535005673179223,-1.193810064112307
XGB,Bank,label_noise,imbalance,0.35,0.3,balanced_accuracy,0.15562694451237336,0.34199018934625064,-0.18636324483387728,-1.7748880460369265
XGB,Bank,label_noise,imbalance,0.35,0.3,macro_f1,0.2369923068758445,0.34881625674788513,-0.11182394987204064,-1.0649899987813394
XGB,Bank,label_noise,imbalance,0.35,0.3,mcc,0.37257052643613076,0.6378237561761301,-0.2652532297399993,-2.526221235619041
SVM,Bank,label_noise,imbalance,0.35,0.3,accuracy,0.20705159875527968,0.3215482992494063,-0.11449670049412664,-1.09044476661073
SVM,Bank,label_noise,imbalance,0.35,0.3,balanced_accuracy,0.0855971667470301,0.31168302916614354,-0.22608586241911344,-2.1531986897058424
SVM,Bank,label_noise,imbalance,0.35,0.3,macro_f1,0.19107154351772315,0.32266789581541433,-0.13159635229769118,-1.2532985933113445
SVM,Bank,label_noise,imbalance,0.35,0.3,mcc,0.27604478912856567,0.5936530085112216,-0.31760821938265593,-3.0248401845967234
SVM,Bank,label_noise,imbalance,0.35,0.3,accuracy,0.1994931462024182,0.3215482992494063,-0.12205515304698811,-1.1624300290189344
SVM,Bank,label_noise,imbalance,0.35,0.3,balanced_accuracy,0.08366315662407675,0.31168302916614354,-0.2280198725420668,-2.1716178337339693
SVM,Bank,label_noise,imbalance,0.35,0.3,macro_f1,0.18039367039566157,0.32266789581541433,-0.14227422541975276,-1.3549926230452645
SVM,Bank,label_noise,imbalance,0.35,0.3,mcc,0.26906148452208484,0.5936530085112216,-0.32459152398913677,-3.091347847515588
MLP,Bank,label_noise,imbalance,0.35,0.3,accuracy,0.20535546598510757,0.3460355102959022,-0.14068004431079462,-1.3398099458170916
MLP,Bank,label_noise,imbalance,0.35,0.3,balanced_accuracy,0.11225233897518427,0.3463921958614646,-0.2341398568862803,-2.229903398916955
MLP,Bank,label_noise,imbalance,0.35,0.3,macro_f1,0.2134044292223502,0.36689841728187533,-0.15349398805952513,-1.461847505328811
MLP,Bank,label_noise,imbalance,0.35,0.3,mcc,0.2950162322632802,0.6519232900056214,-0.3569070577423412,-3.399114835641345
MLP,Bank,label_noise,imbalance,0.35,0.3,accuracy,0.20074410103024254,0.3460355102959022,-0.14529140926565964,-1.3837277072919967
MLP,Bank,label_noise,imbalance,0.35,0.3,balanced_accuracy,0.112949937507824,0.3463921958614646,-0.23344225835364057,-2.2232596033680054
MLP,Bank,label_noise,imbalance,0.35,0.3,macro_f1,0.20612414182168232,0.36689841728187533,-0.16077427546019302,-1.531183575811362
MLP,Bank,label_noise,imbalance,0.35,0.3,mcc,0.30370347656959557,0.6519232900056214,-0.34821981343602587,-3.316379175581199
GB,Bank,label_noise,imbalance,0.35,0.3,accuracy,0.21510724619776023,0.33099790875668494,-0.11589066255892472,-1.103720595799283
GB,Bank,label_noise,imbalance,0.35,0.3,balanced_accuracy,0.1526792941553783,0.3352280266874619,-0.1825487325320836,-1.7385593574484153
GB,Bank,label_noise,imbalance,0.35,0.3,macro_f1,0.23335665109091397,0.3433847433907135,-0.11002809229979954,-1.0478865933314243
GB,Bank,label_noise,imbalance,0.35,0.3,mcc,0.3511037996671166,0.6288898643568681,-0.27778606468975153,-2.6455815684738244
GB,Bank,label_noise,imbalance,0.35,0.3,accuracy,0.21115384104097956,0.33099790875668494,-0.11984406771570538,-1.1413720734829085
GB,Bank,label_noise,imbalance,0.35,0.3,balanced_accuracy,0.15898870775896545,0.3352280266874619,-0.17623931892849642,-1.6784697040809184
GB,Bank,label_noise,imbalance,0.35,0.3,macro_f1,0.24179647944609545,0.3433847433907135,-0.10158826394461806,-0.9675072756630292
GB,Bank,label_noise,imbalance,0.35,0.3,mcc,0.37649346191298366,0.6288898643568681,-0.25239640244388445,-2.403775261370328
LR,Wine,label_noise,imbalance,0.35,0.3,accuracy,0.44769385148695473,0.3145962346636026,0.13309761682335214,1.267596350698592
LR,Wine,label_noise,imbalance,0.35,0.3,balanced_accuracy,0.47131596798263464,0.3131470169190724,0.15816895106356227,1.506370962510117
LR,Wine,label_noise,imbalance,0.35,0.3,macro_f1,0.4747223356134248,0.3242992139540511,0.15042312165937372,1.4326011586607021
LR,Wine,label_noise,imbalance,0.35,0.3,mcc,0.707802192259616,0.5904858879976739,0.11731630426194217,1.1172981358280207
LR,Wine,label_noise,imbalance,0.35,0.3,accuracy,0.4112406495165114,0.3145962346636026,0.09664441485290881,0.9204229985991316
LR,Wine,label_noise,imbalance,0.35,0.3,balanced_accuracy,0.43863383530050204,0.3131470169190724,0.12548681838142967,1.195112556013616
LR,Wine,label_noise,imbalance,0.35,0.3,macro_f1,0.43378421054514427,0.3242992139540511,0.10948499659109318,1.0427142532485065
LR,Wine,label_noise,imbalance,0.35,0.3,mcc,0.6317154658285657,0.5904858879976739,0.04122957783089187,0.39266264600849404
RF,Wine,label_noise,imbalance,0.35,0.3,accuracy,0.46544061302682005,0.33082749203347833,0.13461312099334172,1.2820297237461116
RF,Wine,label_noise,imbalance,0.35,0.3,balanced_accuracy,0.5023911273911275,0.3231528714212322,0.17923825596989523,1.7070310092370975
RF,Wine,label_noise,imbalance,0.35,0.3,macro_f1,0.5106480468440365,0.33360312091129213,0.1770449259327444,1.686142151740423
RF,Wine,label_noise,imbalance,0.35,0.3,mcc,0.7325719033545004,0.6155858209160064,0.11698608243849395,1.1141531660808948
RF,Wine,label_noise,imbalance,0.35,0.3,accuracy,0.4437657361795294,0.33082749203347833,0.11293824414605108,1.0756023252004865
RF,Wine,label_noise,imbalance,0.35,0.3,balanced_accuracy,0.47127594627594627,0.3231528714212322,0.14812307485471404,1.4106959509972767
RF,Wine,label_noise,imbalance,0.35,0.3,macro_f1,0.47279874996623494,0.33360312091129213,0.13919562905494282,1.3256726576661222
RF,Wine,label_noise,imbalance,0.35,0.3,mcc,0.6943690326867233,0.6155858209160064,0.0787832117707169,0.7503163025782562
XGB,Wine,label_noise,imbalance,0.35,0.3,accuracy,0.46732895457033385,0.3378364641761258,0.12949249039420807,1.233261813278172
XGB,Wine,label_noise,imbalance,0.35,0.3,balanced_accuracy,0.4928325994992663,0.34199018934625064,0.15084241015301564,1.4365943824096727
XGB,Wine,label_noise,imbalance,0.35,0.3,macro_f1,0.4937328701716026,0.34881625674788513,0.14491661342371748,1.3801582230830236
XGB,Wine,label_noise,imbalance,0.35,0.3,mcc,0.7355786643006197,0.6378237561761301,0.09775490812448961,0.9309991249951393
XGB,Wine,label_noise,imbalance,0.35,0.3,accuracy,0.4040284619594964,0.3378364641761258,0.06619199778337059,0.6303999788892438
XGB,Wine,label_noise,imbalance,0.35,0.3,balanced_accuracy,0.4280076096742764,0.34199018934625064,0.08601742032802578,0.819213526933579
XGB,Wine,label_noise,imbalance,0.35,0.3,macro_f1,0.4268519270812794,0.34881625674788513,0.07803567033339426,0.7431968603180406
XGB,Wine,label_noise,imbalance,0.35,0.3,mcc,0.6291688213188289,0.6378237561761301,-0.008654934857301178,-0.08242795102191598
SVM,Wine,label_noise,imbalance,0.35,0.3,accuracy,0.4238149972632731,0.3215482992494063,0.10226669801386679,0.9739685525130171
SVM,Wine,label_noise,imbalance,0.35,0.3,balanced_accuracy,0.4469100652433985,0.31168302916614354,0.13522703607725495,1.2878765340690947
SVM,Wine,label_noise,imbalance,0.35,0.3,macro_f1,0.45624961232964345,0.32266789581541433,0.13358171651422912,1.2722068239450393
SVM,Wine,label_noise,imbalance,0.35,0.3,mcc,0.6662959430328543,0.5936530085112216,0.07264293452163273,0.6918374716345974
SVM,Wine,label_noise,imbalance,0.35,0.3,accuracy,0.3533716475095785,0.3215482992494063,0.03182334826017219,0.30307950723973515
SVM,Wine,label_noise,imbalance,0.35,0.3,balanced_accuracy,0.3743825927159261,0.31168302916614354,0.06269956354978257,0.5971387004741197
SVM,Wine,label_noise,imbalance,0.35,0.3,macro_f1,0.38069720769891735,0.32266789581541433,0.05802931188350302,0.5526601131762192
SVM,Wine,label_noise,imbalance,0.35,0.3,mcc,0.544354354607463,0.5936530085112216,-0.04929865390375865,-0.4695109895596062
MLP,Wine,label_noise,imbalance,0.35,0.3,accuracy,0.4505053822295201,0.3460355102959022,0.1044698719336179,0.9949511612725515
MLP,Wine,label_noise,imbalance,0.35,0.3,balanced_accuracy,0.45021219521219535,0.3463921958614646,0.10381999935073077,0.9887618985783884
MLP,Wine,label_noise,imbalance,0.35,0.3,macro_f1,0.4846743730624063,0.36689841728187533,0.11777595578053096,1.12167576933839
MLP,Wine,label_noise,imbalance,0.35,0.3,mcc,0.6742207015579201,0.6519232900056214,0.022297411552298696,0.21235630049808282
MLP,Wine,label_noise,imbalance,0.35,0.3,accuracy,0.4229191753329684,0.3460355102959022,0.07688366503706623,0.7322253813053927
MLP,Wine,label_noise,imbalance,0.35,0.3,balanced_accuracy,0.4499476449476451,0.3463921958614646,0.10355544908618053,0.9862423722493384
MLP,Wine,label_noise,imbalance,0.35,0.3,macro_f1,0.4834644753945952,0.36689841728187533,0.11656605811271986,1.110152934406856
MLP,Wine,label_noise,imbalance,0.35,0.3,mcc,0.6494629625891075,0.6519232900056214,-0.002460327416513919,-0.02343168968108494
GB,Wine,label_noise,imbalance,0.35,0.3,accuracy,0.46158182813355236,0.33099790875668494,0.13058391937686742,1.243656375017785
GB,Wine,label_noise,imbalance,0.35,0.3,balanced_accuracy,0.5025120558453893,0.3352280266874619,0.1672840291579274,1.593181230075499
GB,Wine,label_noise,imbalance,0.35,0.3,macro_f1,0.5195314246494807,0.3433847433907135,0.17614668125876715,1.6775874405596871
GB,Wine,label_noise,imbalance,0.35,0.3,mcc,0.7313650628706924,0.6288898643568681,0.10247519851382425,0.975954271560231
GB,Wine,label_noise,imbalance,0.35,0.3,accuracy,0.38522714833059657,0.33099790875668494,0.054229239573911625,0.5164689483229679
GB,Wine,label_noise,imbalance,0.35,0.3,balanced_accuracy,0.4081286614619948,0.3352280266874619,0.0729006347745329,0.6942917597574563
GB,Wine,label_noise,imbalance,0.35,0.3,macro_f1,0.4164145308241215,0.3433847433907135,0.07302978743340799,0.6955217850800761
GB,Wine,label_noise,imbalance,0.35,0.3,mcc,0.5940307336484962,0.6288898643568681,-0.03485913070837188,-0.3319917210321131
LR,BreastCancer,label_noise,imbalance,0.35,0.3,accuracy,0.3214230709517155,0.3145962346636026,0.006826836288112925,0.06501748845821834
LR,BreastCancer,label_noise,imbalance,0.35,0.3,balanced_accuracy,0.4202791593995522,0.3131470169190724,0.10713214248047981,1.0203061188617124
LR,BreastCancer,label_noise,imbalance,0.35,0.3,macro_f1,0.435962990238954,0.3242992139540511,0.11166377628490293,1.0634645360466946
LR,BreastCancer,label_noise,imbalance,0.35,0.3,mcc,0.8244143119451321,0.5904858879976739,0.23392842394745827,2.227889751880555
LR,BreastCancer,label_noise,imbalance,0.35,0.3,accuracy,0.3025308837738142,0.3145962346636026,-0.012065350889788384,-0.11490810371227034
LR,BreastCancer,label_noise,imbalance,0.35,0.3,balanced_accuracy,0.3713792357937462,0.3131470169190724,0.058232218874673836,0.5545925607111795
LR,BreastCancer,label_noise,imbalance,0.35,0.3,macro_f1,0.37486234795714113,0.3242992139540511,0.05056313400309004,0.4815536571722861
LR,BreastCancer,label_noise,imbalance,0.35,0.3,mcc,0.7070731130371859,0.5904858879976739,0.11658722503951202,1.1103545241858288
RF,BreastCancer,label_noise,imbalance,0.35,0.3,accuracy,0.32145276707456505,0.33082749203347833,-0.009374724958913283,-0.08928309484679317
RF,BreastCancer,label_noise,imbalance,0.35,0.3,balanced_accuracy,0.4011588604016977,0.3231528714212322,0.07800598898046546,0.7429141807663378
RF,BreastCancer,label_noise,imbalance,0.35,0.3,macro_f1,0.40916587176354313,0.33360312091129213,0.075562750852251,0.7196452462119144
RF,BreastCancer,label_noise,imbalance,0.35,0.3,mcc,0.7967482786526914,0.6155858209160064,0.18116245773668493,1.7253567403493804
RF,BreastCancer,label_noise,imbalance,0.35,0.3,accuracy,0.2886244842462822,0.33082749203347833,-0.042203007787196156,-0.40193340749710627
RF,BreastCancer,label_noise,imbalance,0.35,0.3,balanced_accuracy,0.35685192550652756,0.3231528714212322,0.03369905408529533,0.32094337224090796
RF,BreastCancer,label_noise,imbalance,0.35,0.3,macro_f1,0.3609870626448819,0.33360312091129213,0.027383941733589767,0.2607994450818073
RF,BreastCancer,label_noise,imbalance,0.35,0.3,mcc,0.6875518983315523,0.6155858209160064,0.07196607741554584,0.685391213481389
XGB,BreastCancer,label_noise,imbalance,0.35,0.3,accuracy,0.3193209223111412,0.3378364641761258,-0.018515541864984608,-0.17633849395223436
XGB,BreastCancer,label_noise,imbalance,0.35,0.3,balanced_accuracy,0.3991195606439051,0.34199018934625064,0.05712937129765444,0.5440892504538518
XGB,BreastCancer,label_noise,imbalance,0.35,0.3,macro_f1,0.4033618323346738,0.34881625674788513,0.054545575586788686,0.5194816722551303
XGB,BreastCancer,label_noise,imbalance,0.35,0.3,mcc,0.779635123201948,0.6378237561761301,0.14181136702581798,1.3505844478649331
XGB,BreastCancer,label_noise,imbalance,0.35,0.3,accuracy,0.3371440515628418,0.3378364641761258,-0.0006924126132840103,-0.006594405840800098
XGB,BreastCancer,label_noise,imbalance,0.35,0.3,balanced_accuracy,0.398907354549346,0.34199018934625064,0.056917165203095366,0.5420682400294797
XGB,BreastCancer,label_noise,imbalance,0.35,0.3,macro_f1,0.4068923940947998,0.34881625674788513,0.05807613734691469,0.5531060699706162
XGB,BreastCancer,label_noise,imbalance,0.35,0.3,mcc,0.7917498937678273,0.6378237561761301,0.15392613759169727,1.4659632151590216
SVM,BreastCancer,label_noise,imbalance,0.35,0.3,accuracy,0.2992713064506265,0.3215482992494063,-0.022276992798779816,-0.2121618361788554
SVM,BreastCancer,label_noise,imbalance,0.35,0.3,balanced_accuracy,0.39455538590189176,0.31168302916614354,0.08287235673574822,0.7892605403404592
SVM,BreastCancer,label_noise,imbalance,0.35,0.3,macro_f1,0.40187542402509935,0.32266789581541433,0.07920752820968502,0.7543574115208097
SVM,BreastCancer,label_noise,imbalance,0.35,0.3,mcc,0.7557593579656698,0.5936530085112216,0.16210634945444824,1.543869994804269
SVM,BreastCancer,label_noise,imbalance,0.35,0.3,accuracy,0.2945840254776313,0.3215482992494063,-0.026964273771775016,-0.25680260735023824
SVM,BreastCancer,label_noise,imbalance,0.35,0.3,balanced_accuracy,0.37146057221884277,0.31168302916614354,0.05977754305269922,0.5693099338352308
SVM,BreastCancer,label_noise,imbalance,0.35,0.3,macro_f1,0.3781810025160557,0.32266789581541433,0.05551310670064136,0.5286962542918224
SVM,BreastCancer,label_noise,imbalance,0.35,0.3,mcc,0.7033155609584665,0.5936530085112216,0.10966255244724488,1.0444052614023323
MLP,BreastCancer,label_noise,imbalance,0.35,0.3,accuracy,0.2908220349748062,0.3460355102959022,-0.055213475321095995,-0.5258426221056761
MLP,BreastCancer,label_noise,imbalance,0.35,0.3,balanced_accuracy,0.37295620531444507,0.3463921958614646,0.026564009452980486,0.2529905662188618
MLP,BreastCancer,label_noise,imbalance,0.35,0.3,macro_f1,0.38235629909485847,0.36689841728187533,0.015457881812983132,0.14721792202841077
MLP,BreastCancer,label_noise,imbalance,0.35,0.3,mcc,0.7275128853861189,0.6519232900056214,0.07558959538049748,0.7199009083856903
MLP,BreastCancer,label_noise,imbalance,0.35,0.3,accuracy,0.2738704785946784,0.3460355102959022,-0.07216503170122379,-0.6872860162021314
MLP,BreastCancer,label_noise,imbalance,0.35,0.3,balanced_accuracy,0.322542403430055,0.3463921958614646,-0.023849792431409556,-0.22714088029913862
MLP,BreastCancer,label_noise,imbalance,0.35,0.3,macro_f1,0.3248985993747404,0.36689841728187533,-0.04199981790713492,-0.39999826578223735
MLP,BreastCancer,label_noise,imbalance,0.35,0.3,mcc,0.632561104031275,0.6519232900056214,-0.01936218597434647,-0.18440177118425208
GB,BreastCancer,label_noise,imbalance,0.35,0.3,accuracy,0.31414870644027615,0.33099790875668494,-0.016849202316408796,-0.16046859348960757
GB,BreastCancer,label_noise,imbalance,0.35,0.3,balanced_accuracy,0.3789128094206513,0.3352280266874619,0.04368478273318943,0.4160455498398994
GB,BreastCancer,label_noise,imbalance,0.35,0.3,macro_f1,0.3809194465513228,0.3433847433907135,0.037534703160609306,0.35747336343437436
GB,BreastCancer,label_noise,imbalance,0.35,0.3,mcc,0.7482849863111027,0.6288898643568681,0.11939512195423463,1.1370963995641394
GB,BreastCancer,label_noise,imbalance,0.35,0.3,accuracy,0.30356326014054413,0.33099790875668494,-0.02743464861614081,-0.26128236777276964
GB,BreastCancer,label_noise,imbalance,0.35,0.3,balanced_accuracy,0.36855587876960294,0.3352280266874619,0.03332785208214106,0.31740811506801014
GB,BreastCancer,label_noise,imbalance,0.35,0.3,macro_f1,0.37324680373857055,0.3433847433907135,0.029862060347857045,0.28440057474149566
GB,BreastCancer,label_noise,imbalance,0.35,0.3,mcc,0.7163463862749129,0.6288898643568681,0.08745652191804476,0.8329192563623311
LR,Digits,label_noise,imbalance,0.35,0.3,accuracy,0.2741062054447402,0.3145962346636026,-0.04049002921886241,-0.3856193258939277
LR,Digits,label_noise,imbalance,0.35,0.3,balanced_accuracy,0.33564062537867956,0.3131470169190724,0.022493608459607184,0.21422484247244938
LR,Digits,label_noise,imbalance,0.35,0.3,macro_f1,0.3445281035085087,0.3242992139540511,0.02022888955445762,0.19265609099483447
LR,Digits,label_noise,imbalance,0.35,0.3,mcc,0.6517443850070281,0.5904858879976739,0.06125849700935426,0.5834142572319454
LR,Digits,label_noise,imbalance,0.35,0.3,accuracy,0.27079961122765916,0.3145962346636026,-0.04379662343594343,-0.4171106993899374
LR,Digits,label_noise,imbalance,0.35,0.3,balanced_accuracy,0.3039648578029256,0.3131470169190724,-0.009182159116146782,-0.08744913443949316
LR,Digits,label_noise,imbalance,0.35,0.3,macro_f1,0.30565747438683377,0.3242992139540511,-0.01864173956721732,-0.17754037683064114
LR,Digits,label_noise,imbalance,0.35,0.3,mcc,0.5953140464860194,0.5904858879976739,0.004828158488345502,0.04598246179376669
RF,Digits,label_noise,imbalance,0.35,0.3,accuracy,0.3636019872629117,0.33082749203347833,0.032774495229433376,0.3121380498041274
RF,Digits,label_noise,imbalance,0.35,0.3,balanced_accuracy,0.42713633271579543,0.3231528714212322,0.1039834612945632,0.9903186789958401
RF,Digits,label_noise,imbalance,0.35,0.3,macro_f1,0.4379854315610713,0.33360312091129213,0.10438231064977915,0.994117244283611
RF,Digits,label_noise,imbalance,0.35,0.3,mcc,0.835929184683674,0.6155858209160064,0.2203433637676676,2.098508226358739
RF,Digits,label_noise,imbalance,0.35,0.3,accuracy,0.3387863096184993,0.33082749203347833,0.007958817585020983,0.07579826271448556
RF,Digits,label_noise,imbalance,0.35,0.3,balanced_accuracy,0.3725362148403254,0.3231528714212322,0.04938334341909317,0.4703175563723159
RF,Digits,label_noise,imbalance,0.35,0.3,macro_f1,0.37449597960670433,0.33360312091129213,0.040892858695412204,0.38945579709916384
RF,Digits,label_noise,imbalance,0.35,0.3,mcc,0.7287638530839478,0.6155858209160064,0.11317803216794131,1.0778860206470602
XGB,Digits,label_noise,imbalance,0.35,0.3,accuracy,0.35665801855717205,0.3378364641761258,0.018821554381046268,0.17925289886710732
XGB,Digits,label_noise,imbalance,0.35,0.3,balanced_accuracy,0.4022373608689417,0.34199018934625064,0.060247171522691045,0.5737825859303909
XGB,Digits,label_noise,imbalance,0.35,0.3,macro_f1,0.4038202204803655,0.34881625674788513,0.05500396373248034,0.5238472736426699
XGB,Digits,label_noise,imbalance,0.35,0.3,mcc,0.7950578155529024,0.6378237561761301,0.15723405937677237,1.4974672321597369
XGB,Digits,label_noise,imbalance,0.35,0.3,accuracy,0.3534026866856864,0.3378364641761258,0.015566222509560634,0.14824973818629175
XGB,Digits,label_noise,imbalance,0.35,0.3,balanced_accuracy,0.38022393646602415,0.34199018934625064,0.03823374711977351,0.3641309249502239
XGB,Digits,label_noise,imbalance,0.35,0.3,macro_f1,0.3809450965925043,0.34881625674788513,0.03212883984461917,0.305988950901135
XGB,Digits,label_noise,imbalance,0.35,0.3,mcc,0.7536057967565357,0.6378237561761301,0.11578204058040564,1.102686100765768
SVM,Digits,label_noise,imbalance,0.35,0.3,accuracy,0.3620524507239222,0.3215482992494063,0.040504151474515915,0.38575382356681825
SVM,Digits,label_noise,imbalance,0.35,0.3,balanced_accuracy,0.4356643343507962,0.31168302916614354,0.12398130518465267,1.1807743350919302
SVM,Digits,label_noise,imbalance,0.35,0.3,macro_f1,0.455702359363368,0.32266789581541433,0.13303446354795367,1.266994890932892
SVM,Digits,label_noise,imbalance,0.35,0.3,mcc,0.8450761978226685,0.5936530085112216,0.2514231893114469,2.394506564870923
SVM,Digits,label_noise,imbalance,0.35,0.3,accuracy,0.341084128949691,0.3215482992494063,0.019535829700284668,0.1860555209550921
SVM,Digits,label_noise,imbalance,0.35,0.3,balanced_accuracy,0.3712032954687635,0.31168302916614354,0.05952026630261997,0.5668596790725712
SVM,Digits,label_noise,imbalance,0.35,0.3,macro_f1,0.3717382859119933,0.32266789581541433,0.049070390096578986,0.4673370485388475
SVM,Digits,label_noise,imbalance,0.35,0.3,mcc,0.7294335147936927,0.5936530085112216,0.13578050628247107,1.2931476788806768
MLP,Digits,label_noise,imbalance,0.35,0.3,accuracy,0.35403175781708385,0.3460355102959022,0.007996247521181665,0.07615473829696824
MLP,Digits,label_noise,imbalance,0.35,0.3,balanced_accuracy,0.4170254814954988,0.3463921958614646,0.0706332856340342,0.6726979584193734
MLP,Digits,label_noise,imbalance,0.35,0.3,macro_f1,0.4303581210125442,0.36689841728187533,0.06345970373066889,0.6043781307682752
MLP,Digits,label_noise,imbalance,0.35,0.3,mcc,0.8211200497789487,0.6519232900056214,0.16919675977332727,1.6113977121269265
MLP,Digits,label_noise,imbalance,0.35,0.3,accuracy,0.32925398748323786,0.3460355102959022,-0.016781522812664318,-0.15982402678727922
MLP,Digits,label_noise,imbalance,0.35,0.3,balanced_accuracy,0.36825623203335756,0.3463921958614646,0.021864036171892975,0.20822891592279025
MLP,Digits,label_noise,imbalance,0.35,0.3,macro_f1,0.3731622229491752,0.36689841728187533,0.006263805667299893,0.059655292069522796
MLP,Digits,label_noise,imbalance,0.35,0.3,mcc,0.7171523075895059,0.6519232900056214,0.06522901758388444,0.6212287388941375
GB,Digits,label_noise,imbalance,0.35,0.3,accuracy,0.35628099545467096,0.33099790875668494,0.025283086697986012,0.2407913018855811
GB,Digits,label_noise,imbalance,0.35,0.3,balanced_accuracy,0.4051783284648861,0.3352280266874619,0.06995030177742423,0.6661933502611832
GB,Digits,label_noise,imbalance,0.35,0.3,macro_f1,0.408105149095776,0.3433847433907135,0.06472040570506249,0.6163848162386903
GB,Digits,label_noise,imbalance,0.35,0.3,mcc,0.8001243903800951,0.6288898643568681,0.17123452602322697,1.6308050097450189
GB,Digits,label_noise,imbalance,0.35,0.3,accuracy,0.3451886637216749,0.33099790875668494,0.014190754964989949,0.13515004728561858
GB,Digits,label_noise,imbalance,0.35,0.3,balanced_accuracy,0.37580606554408236,0.3352280266874619,0.04057803885662048,0.38645751292019503
GB,Digits,label_noise,imbalance,0.35,0.3,macro_f1,0.3775397709163927,0.3433847433907135,0.03415502752567917,0.32528597643503976
GB,Digits,label_noise,imbalance,0.35,0.3,mcc,0.7424772176548915,0.6288898643568681,0.11358735329802339,1.0817843171240322
LR,Spambase,label_noise,imbalance,0.35,0.6,accuracy,0.19477632138621226,0.3070403876871927,-0.11226406630098046,-0.5345907919094308
LR,Spambase,label_noise,imbalance,0.35,0.6,balanced_accuracy,0.41137873990001406,0.33432828565182326,0.07705045424819079,0.3669069249913847
LR,Spambase,label_noise,imbalance,0.35,0.6,macro_f1,0.46187917601625383,0.3434908668933759,0.11838830912287795,0.5637538529660855
LR,Spambase,label_noise,imbalance,0.35,0.6,mcc,0.8067768259190705,0.625612071450359,0.1811647544687115,0.8626893069938643
LR,Spambase,label_noise,imbalance,0.35,0.6,accuracy,0.19744557754105396,0.3070403876871927,-0.10959481014613875,-0.5218800483149465
LR,Spambase,label_noise,imbalance,0.35,0.6,balanced_accuracy,0.41902432828762004,0.33432828565182326,0.08469604263579678,0.4033144887418894
LR,Spambase,label_noise,imbalance,0.35,0.6,macro_f1,0.47441961230698615,0.3434908668933759,0.13092874541361027,0.623470216255287
LR,Spambase,label_noise,imbalance,0.35,0.6,mcc,0.8451843966192805,0.625612071450359,0.21957232516892145,1.045582500804388
RF,Spambase,label_noise,imbalance,0.35,0.6,accuracy,0.21886513067608282,0.3267845237782776,-0.10791939310219478,-0.5139018719152133
RF,Spambase,label_noise,imbalance,0.35,0.6,balanced_accuracy,0.4168869869517622,0.3489313402597259,0.0679556466920363,0.3235983175811252
RF,Spambase,label_noise,imbalance,0.35,0.6,macro_f1,0.4476390164249739,0.35652528696706737,0.09111372945790652,0.4338749021805073
RF,Spambase,label_noise,imbalance,0.35,0.6,mcc,0.8108429482128506,0.6566706190100924,0.15417232920275825,0.7341539485845632
RF,Spambase,label_noise,imbalance,0.35,0.6,accuracy,0.20646912386469618,0.3267845237782776,-0.12031539991358142,-0.5729304757789592
RF,Spambase,label_noise,imbalance,0.35,0.6,balanced_accuracy,0.39807884509299796,0.3489313402597259,0.04914750483327207,0.2340357373012956
RF,Spambase,label_noise,imbalance,0.35,0.6,macro_f1,0.417961519371039,0.35652528696706737,0.06143623240397161,0.2925534876379601
RF,Spambase,label_noise,imbalance,0.35,0.6,mcc,0.7494948888603346,0.6566706190100924,0.09282426985024217,0.4420203326202008
XGB,Spambase,label_noise,imbalance,0.35,0.6,accuracy,0.23017989815118622,0.3330923067513985,-0.10291240860021228,-0.49005908857243946
XGB,Spambase,label_noise,imbalance,0.35,0.6,balanced_accuracy,0.4222599968334405,0.369102919536216,0.05315707729722452,0.25312893951059295
XGB,Spambase,label_noise,imbalance,0.35,0.6,macro_f1,0.44355035749123506,0.3726157209425252,0.07093463654870985,0.337783983565285
XGB,Spambase,label_noise,imbalance,0.35,0.6,mcc,0.8194709537866602,0.6764531428391963,0.1430178109474639,0.6810371949879234
XGB,Spambase,label_noise,imbalance,0.35,0.6,accuracy,0.22047429908336214,0.3330923067513985,-0.11261800766803637,-0.5362762269906494
XGB,Spambase,label_noise,imbalance,0.35,0.6,balanced_accuracy,0.40824612388129855,0.369102919536216,0.03914320434508256,0.18639621116705982
XGB,Spambase,label_noise,imbalance,0.35,0.6,macro_f1,0.4233893700859447,0.3726157209425252,0.050773649143419475,0.24177928163533083
XGB,Spambase,label_noise,imbalance,0.35,0.6,mcc,0.7789590974599763,0.6764531428391963,0.10250595462077994,0.48812359343228545
SVM,Spambase,label_noise,imbalance,0.35,0.6,accuracy,0.1949123080546088,0.3156100774597976,-0.12069776940518878,-0.5747512828818514
SVM,Spambase,label_noise,imbalance,0.35,0.6,balanced_accuracy,0.42226602022151716,0.3349275817915582,0.08733843842995898,0.4158973258569475
SVM,Spambase,label_noise,imbalance,0.35,0.6,macro_f1,0.4875943915941171,0.34324506679487465,0.14434932479924245,0.6873777371392498
SVM,Spambase,label_noise,imbalance,0.35,0.6,mcc,0.8339185044246263,0.6319803918214486,0.20193811260317773,0.961610060015132
SVM,Spambase,label_noise,imbalance,0.35,0.6,accuracy,0.1918741204414668,0.3156100774597976,-0.12373595701833079,-0.5892188429444324
SVM,Spambase,label_noise,imbalance,0.35,0.6,balanced_accuracy,0.4208142233932073,0.3349275817915582,0.0858866416016491,0.4089840076269005
SVM,Spambase,label_noise,imbalance,0.35,0.6,macro_f1,0.48413116023118496,0.34324506679487465,0.1408860934363103,0.6708861592205253
SVM,Spambase,label_noise,imbalance,0.35,0.6,mcc,0.8114555945125579,0.6319803918214486,0.17947520269110928,0.8546438223386157
MLP,Spambase,label_noise,imbalance,0.35,0.6,accuracy,0.19632504384344285,0.359271621571237,-0.16294657772779414,-0.7759360844180674
MLP,Spambase,label_noise,imbalance,0.35,0.6,balanced_accuracy,0.4253494559068265,0.39523028318194786,0.03011917272487863,0.14342463202323158
MLP,Spambase,label_noise,imbalance,0.35,0.6,macro_f1,0.48725893177884955,0.4183053822661713,0.06895354951267824,0.3283502357746583
MLP,Spambase,label_noise,imbalance,0.35,0.6,mcc,0.8275726346911274,0.7373799071029121,0.09019272758821528,0.42948917899150135
MLP,Spambase,label_noise,imbalance,0.35,0.6,accuracy,0.19660420895098785,0.359271621571237,-0.16266741262024914,-0.7746067267630912
MLP,Spambase,label_noise,imbalance,0.35,0.6,balanced_accuracy,0.4249962138398091,0.39523028318194786,0.02976593065786126,0.1417425269421965
MLP,Spambase,label_noise,imbalance,0.35,0.6,macro_f1,0.48712017220118636,0.4183053822661713,0.06881478993501505,0.3276894758810241
MLP,Spambase,label_noise,imbalance,0.35,0.6,mcc,0.8528169092851106,0.7373799071029121,0.11543700218219843,0.5497000103914211
GB,Spambase,label_noise,imbalance,0.35,0.6,accuracy,0.22508742940379567,0.32585206145133566,-0.10076463204753999,-0.4798315811787619
GB,Spambase,label_noise,imbalance,0.35,0.6,balanced_accuracy,0.4205522689303475,0.36228616911847633,0.05826609981187114,0.27745761815176734
GB,Spambase,label_noise,imbalance,0.35,0.6,macro_f1,0.44548356771088404,0.3676702698407467,0.07781329787013735,0.37053951366732074
GB,Spambase,label_noise,imbalance,0.35,0.6,mcc,0.8168433422439544,0.6699971511969836,0.14684619104697083,0.6992675764141468
GB,Spambase,label_noise,imbalance,0.35,0.6,accuracy,0.22019974586204538,0.32585206145133566,-0.10565231558929028,-0.5031062647109061
GB,Spambase,label_noise,imbalance,0.35,0.6,balanced_accuracy,0.40945236530940854,0.36228616911847633,0.04716619619093221,0.22460093424253433
GB,Spambase,label_noise,imbalance,0.35,0.6,macro_f1,0.4275757411154564,0.3676702698407467,0.05990547127470969,0.285264148927189
GB,Spambase,label_noise,imbalance,0.35,0.6,mcc,0.7883333006239508,0.6699971511969836,0.11833614942696724,0.5635054734617488
LR,Bank,label_noise,imbalance,0.35,0.6,accuracy,0.10304734731781162,0.3070403876871927,-0.2039930403693811,-0.9713954303303862
LR,Bank,label_noise,imbalance,0.35,0.6,balanced_accuracy,0.1400897129217954,0.33432828565182326,-0.19423857273002787,-0.9249455844287042
LR,Bank,label_noise,imbalance,0.35,0.6,macro_f1,0.22946050087373387,0.3434908668933759,-0.114030366019642,-0.5430017429506763
LR,Bank,label_noise,imbalance,0.35,0.6,mcc,0.359907836280554,0.625612071450359,-0.265704235169805,-1.2652582627133573
LR,Bank,label_noise,imbalance,0.35,0.6,accuracy,0.0968085229031912,0.3070403876871927,-0.21023186478400152,-1.001104118019055
LR,Bank,label_noise,imbalance,0.35,0.6,balanced_accuracy,0.138384344520166,0.33432828565182326,-0.19594394113165725,-0.9330663863412251
LR,Bank,label_noise,imbalance,0.35,0.6,macro_f1,0.22252372632279516,0.3434908668933759,-0.12096714057058072,-0.5760340027170511
LR,Bank,label_noise,imbalance,0.35,0.6,mcc,0.3543731525620051,0.625612071450359,-0.27123891888835394,-1.2916138994683521
RF,Bank,label_noise,imbalance,0.35,0.6,accuracy,0.10258556721309986,0.3267845237782776,-0.22419895656517774,-1.0676140788817987
RF,Bank,label_noise,imbalance,0.35,0.6,balanced_accuracy,0.10362995892468996,0.3489313402597259,-0.24530138133503593,-1.1681018158811236
RF,Bank,label_noise,imbalance,0.35,0.6,macro_f1,0.19505691101546585,0.35652528696706737,-0.16146837595160152,-0.7688970283409596
RF,Bank,label_noise,imbalance,0.35,0.6,mcc,0.34652239787864597,0.6566706190100924,-0.3101482211314464,-1.4768962911021257
RF,Bank,label_noise,imbalance,0.35,0.6,accuracy,0.09764917276048624,0.3267845237782776,-0.22913535101779137,-1.09112071913234
RF,Bank,label_noise,imbalance,0.35,0.6,balanced_accuracy,0.10476417164909824,0.3489313402597259,-0.24416716861062765,-1.1627008029077508
RF,Bank,label_noise,imbalance,0.35,0.6,macro_f1,0.19352638248850845,0.35652528696706737,-0.16299890447855891,-0.7761852594217091
RF,Bank,label_noise,imbalance,0.35,0.6,mcc,0.36287349772135,0.6566706190100924,-0.29379712128874236,-1.3990339108987733
XGB,Bank,label_noise,imbalance,0.35,0.6,accuracy,0.10972055654290147,0.3330923067513985,-0.22337175020849703,-1.063675000992843
XGB,Bank,label_noise,imbalance,0.35,0.6,balanced_accuracy,0.1612129294736061,0.369102919536216,-0.2078899900626099,-0.9899523336314757
XGB,Bank,label_noise,imbalance,0.35,0.6,macro_f1,0.23559739543813818,0.3726157209425252,-0.13701832550438703,-0.6524682166875573
XGB,Bank,label_noise,imbalance,0.35,0.6,mcc,0.38728141266989446,0.6764531428391963,-0.28917173016930187,-1.3770082389014375
XGB,Bank,label_noise,imbalance,0.35,0.6,accuracy,0.09692631460433798,0.3330923067513985,-0.23616599214706052,-1.1245999626050502
XGB,Bank,label_noise,imbalance,0.35,0.6,balanced_accuracy,0.1560978757382817,0.369102919536216,-0.21300504379793428,-1.0143097323711157
XGB,Bank,label_noise,imbalance,0.35,0.6,macro_f1,0.22829164138949765,0.3726157209425252,-0.14432407955302756,-0.6872575216810837
XGB,Bank,label_noise,imbalance,0.35,0.6,mcc,0.3493416312680512,0.6764531428391963,-0.32711151157114515,-1.5576738646245007
SVM,Bank,label_noise,imbalance,0.35,0.6,accuracy,0.0986853807991328,0.3156100774597976,-0.21692469666066477,-1.0329747460031655
SVM,Bank,label_noise,imbalance,0.35,0.6,balanced_accuracy,0.08967535717476843,0.3349275817915582,-0.24525222461678975,-1.1678677362704275
SVM,Bank,label_noise,imbalance,0.35,0.6,macro_f1,0.1743145440031762,0.34324506679487465,-0.16893052279169846,-0.8044310609128498
SVM,Bank,label_noise,imbalance,0.35,0.6,mcc,0.319145268026232,0.6319803918214486,-0.3128351237952166,-1.4896910656915077
SVM,Bank,label_noise,imbalance,0.35,0.6,accuracy,0.09087552733352477,0.3156100774597976,-0.2247345501262728,-1.0701645244108229
SVM,Bank,label_noise,imbalance,0.35,0.6,balanced_accuracy,0.08851358266569226,0.3349275817915582,-0.24641399912586592,-1.1733999958374568
SVM,Bank,label_noise,imbalance,0.35,0.6,macro_f1,0.17060907840985184,0.34324506679487465,-0.1726359883850228,-0.8220761351667754
SVM,Bank,label_noise,imbalance,0.35,0.6,mcc,0.29750650968893844,0.6319803918214486,-0.33447388213251017,-1.5927327720595723
MLP,Bank,label_noise,imbalance,0.35,0.6,accuracy,0.09869935429861465,0.359271621571237,-0.26057226727262234,-1.2408203203458208
MLP,Bank,label_noise,imbalance,0.35,0.6,balanced_accuracy,0.11722138160961826,0.39523028318194786,-0.2780089015723296,-1.3238519122491887
MLP,Bank,label_noise,imbalance,0.35,0.6,macro_f1,0.19747739914282036,0.4183053822661713,-0.22082798312335095,-1.0515618243969094
MLP,Bank,label_noise,imbalance,0.35,0.6,mcc,0.31681154520462496,0.7373799071029121,-0.42056836189828717,-2.0027064852299388
MLP,Bank,label_noise,imbalance,0.35,0.6,accuracy,0.09219467008933846,0.359271621571237,-0.26707695148189853,-1.2717950070566597
MLP,Bank,label_noise,imbalance,0.35,0.6,balanced_accuracy,0.11969497667934254,0.39523028318194786,-0.2755353065026053,-1.3120728881076444
MLP,Bank,label_noise,imbalance,0.35,0.6,macro_f1,0.20134658012024675,0.4183053822661713,-0.21695880214592456,-1.0331371530758313
MLP,Bank,label_noise,imbalance,0.35,0.6,mcc,0.3382162729138507,0.7373799071029121,-0.3991636341890614,-1.9007792104241021
GB,Bank,label_noise,imbalance,0.35,0.6,accuracy,0.10786469227971696,0.32585206145133566,-0.2179873691716187,-1.0380350912934224
GB,Bank,label_noise,imbalance,0.35,0.6,balanced_accuracy,0.1586010246059789,0.36228616911847633,-0.20368514451249742,-0.9699292595833211
GB,Bank,label_noise,imbalance,0.35,0.6,macro_f1,0.22632663848030027,0.3676702698407467,-0.14134363136044642,-0.673064911240221
GB,Bank,label_noise,imbalance,0.35,0.6,mcc,0.36471863563359785,0.6699971511969836,-0.3052785155633857,-1.4537072169685035
GB,Bank,label_noise,imbalance,0.35,0.6,accuracy,0.10053513924307167,0.32585206145133566,-0.225316922208264,-1.072937724801257
GB,Bank,label_noise,imbalance,0.35,0.6,balanced_accuracy,0.15772743081537766,0.36228616911847633,-0.20455873830309868,-0.9740892300147557
GB,Bank,label_noise,imbalance,0.35,0.6,macro_f1,0.223315249211134,0.3676702698407467,-0.1443550206296127,-0.6874048601410129
GB,Bank,label_noise,imbalance,0.35,0.6,mcc,0.3593369963353827,0.6699971511969836,-0.31066015486160087,-1.479334070769528
LR,Wine,label_noise,imbalance,0.35,0.6,accuracy,0.4305868205868204,0.3070403876871927,0.12354643289962769,0.5883163471410843
LR,Wine,label_noise,imbalance,0.35,0.6,balanced_accuracy,0.5574331840998508,0.33432828565182326,0.2231048984480275,1.0624042783239405
LR,Wine,label_noise,imbalance,0.35,0.6,macro_f1,0.5478248857940683,0.3434908668933759,0.20433401890069242,0.9730191376223448
LR,Wine,label_noise,imbalance,0.35,0.6,mcc,0.8037052364442009,0.625612071450359,0.17809316499384187,0.8480626904468661
LR,Wine,label_noise,imbalance,0.35,0.6,accuracy,0.3989850889850888,0.3070403876871927,0.09194470129789606,0.4378319109423622
LR,Wine,label_noise,imbalance,0.35,0.6,balanced_accuracy,0.49911816578483253,0.33432828565182326,0.16478988013300927,0.7847137149190918
LR,Wine,label_noise,imbalance,0.35,0.6,macro_f1,0.5083578606948593,0.3434908668933759,0.16486699380148345,0.7850809228642069
LR,Wine,label_noise,imbalance,0.35,0.6,mcc,0.7180210334763801,0.625612071450359,0.09240896202602111,0.44004267631438626
RF,Wine,label_noise,imbalance,0.35,0.6,accuracy,0.45590187590187603,0.3267845237782776,0.12911735212359843,0.6148445339218973
RF,Wine,label_noise,imbalance,0.35,0.6,balanced_accuracy,0.6238746438746439,0.3489313402597259,0.274943303614918,1.3092538267377047
RF,Wine,label_noise,imbalance,0.35,0.6,macro_f1,0.6426503200219675,0.35652528696706737,0.28612503305490017,1.3625001574042865
RF,Wine,label_noise,imbalance,0.35,0.6,mcc,0.9135206347300852,0.6566706190100924,0.2568500157199928,1.2230953129523465
RF,Wine,label_noise,imbalance,0.35,0.6,accuracy,0.387936507936508,0.3267845237782776,0.06115198415823042,0.29119992456300203
RF,Wine,label_noise,imbalance,0.35,0.6,balanced_accuracy,0.5007488807488808,0.3489313402597259,0.1518175404891549,0.7229406689959758
RF,Wine,label_noise,imbalance,0.35,0.6,macro_f1,0.4975469304358193,0.35652528696706737,0.14102164346875196,0.6715316355654856
RF,Wine,label_noise,imbalance,0.35,0.6,mcc,0.7125254606457747,0.6566706190100924,0.05585484163568233,0.26597543636039206
XGB,Wine,label_noise,imbalance,0.35,0.6,accuracy,0.42062049062049056,0.3330923067513985,0.08752818386909206,0.41680087556710504
XGB,Wine,label_noise,imbalance,0.35,0.6,balanced_accuracy,0.5378875445542113,0.369102919536216,0.1687846250179953,0.8037363096095014
XGB,Wine,label_noise,imbalance,0.35,0.6,macro_f1,0.5302759680973914,0.3726157209425252,0.1576602471548662,0.7507630816898391
XGB,Wine,label_noise,imbalance,0.35,0.6,mcc,0.8435980785914259,0.6764531428391963,0.16714493575222955,0.7959282654868074
XGB,Wine,label_noise,imbalance,0.35,0.6,accuracy,0.37170274170274165,0.3330923067513985,0.03861043495134314,0.18385921405401498
XGB,Wine,label_noise,imbalance,0.35,0.6,balanced_accuracy,0.503565200231867,0.369102919536216,0.13446228069565103,0.6402965747411954
XGB,Wine,label_noise,imbalance,0.35,0.6,macro_f1,0.49158000373958066,0.3726157209425252,0.11896428279705545,0.5664965847478831
XGB,Wine,label_noise,imbalance,0.35,0.6,mcc,0.7124489427780352,0.6764531428391963,0.035995799938838835,0.1714085711373278
SVM,Wine,label_noise,imbalance,0.35,0.6,accuracy,0.40135642135642136,0.3156100774597976,0.08574634389662378,0.4083159233172561
SVM,Wine,label_noise,imbalance,0.35,0.6,balanced_accuracy,0.6190529223862558,0.3349275817915582,0.2841253405946976,1.3529778123557028
SVM,Wine,label_noise,imbalance,0.35,0.6,macro_f1,0.6773450114443234,0.34324506679487465,0.3340999446494487,1.5909521173783272
SVM,Wine,label_noise,imbalance,0.35,0.6,mcc,0.8946851141192753,0.6319803918214486,0.2627047222978267,1.2509748680848891
SVM,Wine,label_noise,imbalance,0.35,0.6,accuracy,0.3697546897546897,0.3156100774597976,0.05414461229489215,0.25783148711853404
SVM,Wine,label_noise,imbalance,0.35,0.6,balanced_accuracy,0.5174534107867441,0.3349275817915582,0.18252582899518593,0.8691706142627902
SVM,Wine,label_noise,imbalance,0.35,0.6,macro_f1,0.5435441593027004,0.34324506679487465,0.20029909250782574,0.9538052024182179
SVM,Wine,label_noise,imbalance,0.35,0.6,mcc,0.6994418176507005,0.6319803918214486,0.06746142582925185,0.3212448849011993
MLP,Wine,label_noise,imbalance,0.35,0.6,accuracy,0.4831072631072631,0.359271621571237,0.12383564153602611,0.5896935311239339
MLP,Wine,label_noise,imbalance,0.35,0.6,balanced_accuracy,0.6335638435638438,0.39523028318194786,0.2383335603818959,1.1349217161042662
MLP,Wine,label_noise,imbalance,0.35,0.6,macro_f1,0.6812618952382195,0.4183053822661713,0.26295651297204814,1.2521738712954673
MLP,Wine,label_noise,imbalance,0.35,0.6,mcc,0.9223941260368695,0.7373799071029121,0.18501421893395742,0.881020090161702
MLP,Wine,label_noise,imbalance,0.35,0.6,accuracy,0.41427609427609424,0.359271621571237,0.055004472704857255,0.26192606049932027
MLP,Wine,label_noise,imbalance,0.35,0.6,balanced_accuracy,0.48759314759314776,0.39523028318194786,0.0923628644111999,0.4398231638628567
MLP,Wine,label_noise,imbalance,0.35,0.6,macro_f1,0.5640233212895795,0.4183053822661713,0.14571793902340824,0.6938949477305154
MLP,Wine,label_noise,imbalance,0.35,0.6,mcc,0.6874670454287698,0.7373799071029121,-0.04991286167414233,-0.23768029368639204
GB,Wine,label_noise,imbalance,0.35,0.6,accuracy,0.448975468975469,0.32585206145133566,0.12312340752413337,0.5863019405911113
GB,Wine,label_noise,imbalance,0.35,0.6,balanced_accuracy,0.6011567444900778,0.36228616911847633,0.2388705753716015,1.1374789303409596
GB,Wine,label_noise,imbalance,0.35,0.6,macro_f1,0.6095170042040257,0.3676702698407467,0.24184673436327897,1.1516511160156142
GB,Wine,label_noise,imbalance,0.35,0.6,mcc,0.9214941627406167,0.6699971511969836,0.25149701154363313,1.1976048168744435
GB,Wine,label_noise,imbalance,0.35,0.6,accuracy,0.26282828282828297,0.32585206145133566,-0.0630237786230527,-0.3001132315383462
GB,Wine,label_noise,imbalance,0.35,0.6,balanced_accuracy,0.3204241437574772,0.36228616911847633,-0.041862025360999144,-0.19934297790951974
GB,Wine,label_noise,imbalance,0.35,0.6,macro_f1,0.3250259856440417,0.3676702698407467,-0.04264428419670496,-0.20306801998430934
GB,Wine,label_noise,imbalance,0.35,0.6,mcc,0.4721112564183807,0.6699971511969836,-0.19788589477860286,-0.9423137846600136
LR,BreastCancer,label_noise,imbalance,0.35,0.6,accuracy,0.2177760121281863,0.3070403876871927,-0.0892643755590064,-0.42506845504288765
LR,BreastCancer,label_noise,imbalance,0.35,0.6,balanced_accuracy,0.46053621916125576,0.33432828565182326,0.1262079335094325,0.6009901595687261
LR,BreastCancer,label_noise,imbalance,0.35,0.6,macro_f1,0.4920056396613598,0.3434908668933759,0.14851477276798392,0.7072132036570663
LR,BreastCancer,label_noise,imbalance,0.35,0.6,mcc,0.9092923232504861,0.625612071450359,0.2836802518001271,1.3508583419053672
LR,BreastCancer,label_noise,imbalance,0.35,0.6,accuracy,0.22786139567919694,0.3070403876871927,-0.07917899200799577,-0.3770428190856942
LR,BreastCancer,label_noise,imbalance,0.35,0.6,balanced_accuracy,0.4162998707143811,0.33432828565182326,0.08197158506255786,0.39034088125027555
LR,BreastCancer,label_noise,imbalance,0.35,0.6,macro_f1,0.425286214775047,0.3434908668933759,0.08179534788167114,0.3895016565793864
LR,BreastCancer,label_noise,imbalance,0.35,0.6,mcc,0.7855248795409431,0.625612071450359,0.15991280809058406,0.7614895623361145
RF,BreastCancer,label_noise,imbalance,0.35,0.6,accuracy,0.20841058050296668,0.3267845237782776,-0.11837394327531092,-0.5636854441681473
RF,BreastCancer,label_noise,imbalance,0.35,0.6,balanced_accuracy,0.42391427835835416,0.3489313402597259,0.07498293809862827,0.357061609993468
RF,BreastCancer,label_noise,imbalance,0.35,0.6,macro_f1,0.43569112630061413,0.35652528696706737,0.07916583933354676,0.37698018730260363
RF,BreastCancer,label_noise,imbalance,0.35,0.6,mcc,0.8308869293719671,0.6566706190100924,0.17421631036187468,0.829601477913689
RF,BreastCancer,label_noise,imbalance,0.35,0.6,accuracy,0.23065755158055423,0.3267845237782776,-0.09612697219772337,-0.4577474866558256
RF,BreastCancer,label_noise,imbalance,0.35,0.6,balanced_accuracy,0.4276455763001784,0.3489313402597259,0.07871423604045252,0.3748296954307263
RF,BreastCancer,label_noise,imbalance,0.35,0.6,macro_f1,0.4447105033561629,0.35652528696706737,0.08818521638909554,0.41992960185283595
RF,BreastCancer,label_noise,imbalance,0.35,0.6,mcc,0.8200288070801112,0.6566706190100924,0.16335818807001878,0.7778961336667561
XGB,BreastCancer,label_noise,imbalance,0.35,0.6,accuracy,0.20955265136639967,0.3330923067513985,-0.12353965538499884,-0.5882840732618992
XGB,BreastCancer,label_noise,imbalance,0.35,0.6,balanced_accuracy,0.41455252808925636,0.369102919536216,0.045449608553040366,0.21642670739543032
XGB,BreastCancer,label_noise,imbalance,0.35,0.6,macro_f1,0.4209235875202133,0.3726157209425252,0.0483078665776881,0.23003745989375285
XGB,BreastCancer,label_noise,imbalance,0.35,0.6,mcc,0.7981699751251782,0.6764531428391963,0.12171683228598185,0.5796039632665803
XGB,BreastCancer,label_noise,imbalance,0.35,0.6,accuracy,0.253286916156653,0.3330923067513985,-0.0798053905947455,-0.38002566949878813
XGB,BreastCancer,label_noise,imbalance,0.35,0.6,balanced_accuracy,0.4200184656604571,0.369102919536216,0.050915546124241096,0.24245498154400522
XGB,BreastCancer,label_noise,imbalance,0.35,0.6,macro_f1,0.4255410939478613,0.3726157209425252,0.05292537300533612,0.2520255857396958
XGB,BreastCancer,label_noise,imbalance,0.35,0.6,mcc,0.8217089785545404,0.6764531428391963,0.14525583571534406,0.6916944557873527
SVM,BreastCancer,label_noise,imbalance,0.35,0.6,accuracy,0.19894213235674663,0.3156100774597976,-0.11666794510305095,-0.5555616433478617
SVM,BreastCancer,label_noise,imbalance,0.35,0.6,balanced_accuracy,0.4683474864741781,0.3349275817915582,0.13341990468261994,0.6353328794410473
SVM,BreastCancer,label_noise,imbalance,0.35,0.6,macro_f1,0.526653326483456,0.34324506679487465,0.18340825968858132,0.8733726651837206
SVM,BreastCancer,label_noise,imbalance,0.35,0.6,mcc,0.9187396327676836,0.6319803918214486,0.28675924094623495,1.3655201949820712
SVM,BreastCancer,label_noise,imbalance,0.35,0.6,accuracy,0.2277936729729929,0.3156100774597976,-0.08781640448680467,-0.41817335469906985
SVM,BreastCancer,label_noise,imbalance,0.35,0.6,balanced_accuracy,0.4579685087267793,0.3349275817915582,0.12304092693522112,0.5859091758820053
SVM,BreastCancer,label_noise,imbalance,0.35,0.6,macro_f1,0.5031653170870263,0.34324506679487465,0.15992025029215162,0.7615250013911983
SVM,BreastCancer,label_noise,imbalance,0.35,0.6,mcc,0.8998832672233478,0.6319803918214486,0.26790287540189917,1.2757279781042818
MLP,BreastCancer,label_noise,imbalance,0.35,0.6,accuracy,0.18905376403006469,0.359271621571237,-0.1702178575411723,-0.8105612263865348
MLP,BreastCancer,label_noise,imbalance,0.35,0.6,balanced_accuracy,0.4126597422316043,0.39523028318194786,0.017429459049656426,0.08299742404598298
MLP,BreastCancer,label_noise,imbalance,0.35,0.6,macro_f1,0.4426611620868832,0.4183053822661713,0.02435577982071191,0.11597990390815195
MLP,BreastCancer,label_noise,imbalance,0.35,0.6,mcc,0.8151016940183105,0.7373799071029121,0.07772178691539833,0.3701037472161825
MLP,BreastCancer,label_noise,imbalance,0.35,0.6,accuracy,0.22802612405841327,0.359271621571237,-0.13124549751282372,-0.6249785595848749
MLP,BreastCancer,label_noise,imbalance,0.35,0.6,balanced_accuracy,0.4263519272395788,0.39523028318194786,0.03112164405763096,0.1481983050363379
MLP,BreastCancer,label_noise,imbalance,0.35,0.6,macro_f1,0.44819974648261063,0.4183053822661713,0.029894364216439318,0.1423541153163777
MLP,BreastCancer,label_noise,imbalance,0.35,0.6,mcc,0.8313351738487458,0.7373799071029121,0.09395526674583365,0.44740603212301744
GB,BreastCancer,label_noise,imbalance,0.35,0.6,accuracy,0.20783260424182093,0.32585206145133566,-0.11801945720951473,-0.5619974152834035
GB,BreastCancer,label_noise,imbalance,0.35,0.6,balanced_accuracy,0.40922991233837336,0.36228616911847633,0.04694374321989703,0.22354163438046204
GB,BreastCancer,label_noise,imbalance,0.35,0.6,macro_f1,0.4150017675235549,0.3676702698407467,0.0473314976828082,0.22538808420384857
GB,BreastCancer,label_noise,imbalance,0.35,0.6,mcc,0.797892432683307,0.6699971511969836,0.12789528148632345,0.6090251499348736
GB,BreastCancer,label_noise,imbalance,0.35,0.6,accuracy,0.23010691155510765,0.32585206145133566,-0.09574514989622801,-0.4559292852201334
GB,BreastCancer,label_noise,imbalance,0.35,0.6,balanced_accuracy,0.39728603749976166,0.36228616911847633,0.034999868381285326,0.16666603991088252
GB,BreastCancer,label_noise,imbalance,0.35,0.6,macro_f1,0.4011122786879213,0.3676702698407467,0.03344200884717463,0.15924766117702205
GB,BreastCancer,label_noise,imbalance,0.35,0.6,mcc,0.7703265170018943,0.6699971511969836,0.1003293658049107,0.47775888478528905
LR,Digits,label_noise,imbalance,0.35,0.6,accuracy,0.17537679500694858,0.3070403876871927,-0.13166359268024413,-0.6269694889535435
LR,Digits,label_noise,imbalance,0.35,0.6,balanced_accuracy,0.3741424294715071,0.33432828565182326,0.039814143819683845,0.18959116104611357
LR,Digits,label_noise,imbalance,0.35,0.6,macro_f1,0.39909320075044763,0.3434908668933759,0.05560233385707175,0.26477301836700834
LR,Digits,label_noise,imbalance,0.35,0.6,mcc,0.7174346936989903,0.625612071450359,0.09182262224863125,0.43725058213633927
LR,Digits,label_noise,imbalance,0.35,0.6,accuracy,0.1838091262282856,0.3070403876871927,-0.12323126145890712,-0.5868155307567006
LR,Digits,label_noise,imbalance,0.35,0.6,balanced_accuracy,0.3426233537318647,0.33432828565182326,0.008295068080041434,0.0395003241906735
LR,Digits,label_noise,imbalance,0.35,0.6,macro_f1,0.3513460478069106,0.3434908668933759,0.00785518091353471,0.03740562339778433
LR,Digits,label_noise,imbalance,0.35,0.6,mcc,0.643513718889029,0.625612071450359,0.017901647438669954,0.08524594018414264
RF,Digits,label_noise,imbalance,0.35,0.6,accuracy,0.2456068459427715,0.3267845237782776,-0.08117767783550611,-0.3865603706452672
RF,Digits,label_noise,imbalance,0.35,0.6,balanced_accuracy,0.4614412308370527,0.3489313402597259,0.1125098905773268,0.5357613837015562
RF,Digits,label_noise,imbalance,0.35,0.6,macro_f1,0.5027258687129921,0.35652528696706737,0.1462005817459247,0.6961932464091652
RF,Digits,label_noise,imbalance,0.35,0.6,mcc,0.8771446389573853,0.6566706190100924,0.22047401994729288,1.0498762854632995
RF,Digits,label_noise,imbalance,0.35,0.6,accuracy,0.2695803318862542,0.3267845237782776,-0.057204191892023415,-0.2724009137715401
RF,Digits,label_noise,imbalance,0.35,0.6,balanced_accuracy,0.4528364650753741,0.3489313402597259,0.10390512481564823,0.494786308645944
RF,Digits,label_noise,imbalance,0.35,0.6,macro_f1,0.4823316166690385,0.35652528696706737,0.12580632970197114,0.5990777604855769
RF,Digits,label_noise,imbalance,0.35,0.6,mcc,0.8639772903701338,0.6566706190100924,0.20730667136004144,0.9871746255240069
XGB,Digits,label_noise,imbalance,0.35,0.6,accuracy,0.26672111391896647,0.3330923067513985,-0.06637119283243204,-0.3160532992020573
XGB,Digits,label_noise,imbalance,0.35,0.6,balanced_accuracy,0.449608047037347,0.369102919536216,0.08050512750113104,0.3833577500053859
XGB,Digits,label_noise,imbalance,0.35,0.6,macro_f1,0.46779801768828,0.3726157209425252,0.09518229674575479,0.4532490321226419
XGB,Digits,label_noise,imbalance,0.35,0.6,mcc,0.8897574130080848,0.6764531428391963,0.21330427016888842,1.0157346198518498
XGB,Digits,label_noise,imbalance,0.35,0.6,accuracy,0.2722751133426923,0.3330923067513985,-0.06081719340870623,-0.2896056828986011
XGB,Digits,label_noise,imbalance,0.35,0.6,balanced_accuracy,0.4208336469358174,0.369102919536216,0.051730727399601384,0.246336797140959
XGB,Digits,label_noise,imbalance,0.35,0.6,macro_f1,0.4261300459654008,0.3726157209425252,0.05351432502287562,0.25483011915655057
XGB,Digits,label_noise,imbalance,0.35,0.6,mcc,0.8108256900906625,0.6764531428391963,0.1343725472514662,0.6398692726260296
SVM,Digits,label_noise,imbalance,0.35,0.6,accuracy,0.2439082857479018,0.3156100774597976,-0.07170179171189578,-0.3414371033899799
SVM,Digits,label_noise,imbalance,0.35,0.6,balanced_accuracy,0.48029986385251666,0.3349275817915582,0.14537228206095848,0.6922489621950404
SVM,Digits,label_noise,imbalance,0.35,0.6,macro_f1,0.553694086840246,0.34324506679487465,0.21044902004537136,1.0021381906922446
SVM,Digits,label_noise,imbalance,0.35,0.6,mcc,0.9594856527759877,0.6319803918214486,0.32750526095453913,1.5595488616882816
SVM,Digits,label_noise,imbalance,0.35,0.6,accuracy,0.2701700800108212,0.3156100774597976,-0.045439997448976366,-0.2163809402332208
SVM,Digits,label_noise,imbalance,0.35,0.6,balanced_accuracy,0.47884248006843066,0.3349275817915582,0.14391489827687248,0.6853090394136785
SVM,Digits,label_noise,imbalance,0.35,0.6,macro_f1,0.5462247386944356,0.34324506679487465,0.2029796718995609,0.9665698661883853
SVM,Digits,label_noise,imbalance,0.35,0.6,mcc,0.9453804884110818,0.6319803918214486,0.3134000965896332,1.4923814123315866
MLP,Digits,label_noise,imbalance,0.35,0.6,accuracy,0.240040223178426,0.359271621571237,-0.119231398392811,-0.5677685637752905
MLP,Digits,label_noise,imbalance,0.35,0.6,balanced_accuracy,0.46546242685960837,0.39523028318194786,0.07023214367766051,0.334438779417431
MLP,Digits,label_noise,imbalance,0.35,0.6,macro_f1,0.5233855711234512,0.4183053822661713,0.10508018885727988,0.5003818517013328
MLP,Digits,label_noise,imbalance,0.35,0.6,mcc,0.9410299779826742,0.7373799071029121,0.20365007087976206,0.9697622422845813
MLP,Digits,label_noise,imbalance,0.35,0.6,accuracy,0.25389625943337946,0.359271621571237,-0.10537536213785753,-0.5017874387517025
MLP,Digits,label_noise,imbalance,0.35,0.6,balanced_accuracy,0.45293376548890774,0.39523028318194786,0.057703482306959875,0.2747784871759994
MLP,Digits,label_noise,imbalance,0.35,0.6,macro_f1,0.5055321936260154,0.4183053822661713,0.08722681135984411,0.4153657683802101
MLP,Digits,label_noise,imbalance,0.35,0.6,mcc,0.8833274345297042,0.7373799071029121,0.14594752742679207,0.694988225841867
GB,Digits,label_noise,imbalance,0.35,0.6,accuracy,0.2676500758145206,0.32585206145133566,-0.05820198563681506,-0.27715231255626216
GB,Digits,label_noise,imbalance,0.35,0.6,balanced_accuracy,0.44639476332594097,0.36228616911847633,0.08410859420746464,0.40051711527364114
GB,Digits,label_noise,imbalance,0.35,0.6,macro_f1,0.4621879972285775,0.3676702698407467,0.09451772738783082,0.4500844161325277
GB,Digits,label_noise,imbalance,0.35,0.6,mcc,0.8839255270860107,0.6699971511969836,0.21392837588902713,1.0187065518525102
GB,Digits,label_noise,imbalance,0.35,0.6,accuracy,0.27168480743931867,0.32585206145133566,-0.054167254012016997,-0.2579393048191286
GB,Digits,label_noise,imbalance,0.35,0.6,balanced_accuracy,0.42376365728554466,0.36228616911847633,0.06147748816706833,0.29274994365270635
GB,Digits,label_noise,imbalance,0.35,0.6,macro_f1,0.4317703447565844,0.3676702698407467,0.06410007491583769,0.3052384519801795
GB,Digits,label_noise,imbalance,0.35,0.6,mcc,0.818569891661271,0.6699971511969836,0.14857274046428748,0.7074892403061309
LR,Spambase,missing,feature_noise,0.1,0.2,accuracy,0.0330367905081117,0.025907402922719695,0.007129387585392007,0.35646937926960026
LR,Spambase,missing,feature_noise,0.1,0.2,balanced_accuracy,0.03607609557709557,0.030206810314354546,0.005869285262741022,0.29346426313705104
LR,Spambase,missing,feature_noise,0.1,0.2,macro_f1,0.03523500803700552,0.030472832182920087,0.004762175854085435,0.23810879270427168
LR,Spambase,missing,feature_noise,0.1,0.2,mcc,0.0700174676038603,0.05575413491306186,0.014263332690798436,0.7131666345399217
LR,Spambase,missing,feature_noise,0.1,0.2,accuracy,0.02890729987883367,0.025907402922719695,0.0029998969561139746,0.1499948478056987
LR,Spambase,missing,feature_noise,0.1,0.2,balanced_accuracy,0.03091095871633709,0.030206810314354546,0.0007041484019825427,0.035207420099127126
LR,Spambase,missing,feature_noise,0.1,0.2,macro_f1,0.03065744868015141,0.030472832182920087,0.00018461649723132412,0.009230824861566204
LR,Spambase,missing,feature_noise,0.1,0.2,mcc,0.060961369775274,0.05575413491306186,0.00520723486221214,0.26036174311060695
RF,Spambase,missing,feature_noise,0.1,0.2,accuracy,0.03368684007616163,0.023422073531641236,0.010264766544520392,0.5132383272260195
RF,Spambase,missing,feature_noise,0.1,0.2,balanced_accuracy,0.03777313312733854,0.030601589764638087,0.0071715433627004554,0.3585771681350227
RF,Spambase,missing,feature_noise,0.1,0.2,macro_f1,0.03617374532617146,0.03254022783848019,0.003633517487691265,0.18167587438456323
RF,Spambase,missing,feature_noise,0.1,0.2,mcc,0.07097750393442948,0.057449118469209755,0.01352838546521972,0.6764192732609859
RF,Spambase,missing,feature_noise,0.1,0.2,accuracy,0.03347062896347697,0.023422073531641236,0.010048555431835731,0.5024277715917864
RF,Spambase,missing,feature_noise,0.1,0.2,balanced_accuracy,0.036995781698042185,0.030601589764638087,0.0063941919334040975,0.3197095966702048
RF,Spambase,missing,feature_noise,0.1,0.2,macro_f1,0.035828650526414374,0.03254022783848019,0.003288422687934181,0.16442113439670902
RF,Spambase,missing,feature_noise,0.1,0.2,mcc,0.07073630669510156,0.057449118469209755,0.013287188225891804,0.6643594112945901
XGB,Spambase,missing,feature_noise,0.1,0.2,accuracy,0.035353900140049355,0.02171946328883936,0.013634436851209995,0.6817218425604996
XGB,Spambase,missing,feature_noise,0.1,0.2,balanced_accuracy,0.039177684841303795,0.030900756152503227,0.008276928688800568,0.41384643444002833
XGB,Spambase,missing,feature_noise,0.1,0.2,macro_f1,0.03757060327982431,0.03077307456296013,0.00679752871686418,0.3398764358432089
XGB,Spambase,missing,feature_noise,0.1,0.2,mcc,0.0746136764201234,0.0561081598181824,0.018505516601940997,0.9252758300970496
XGB,Spambase,missing,feature_noise,0.1,0.2,accuracy,0.03340115501424101,0.02171946328883936,0.011681691725401653,0.5840845862700825
XGB,Spambase,missing,feature_noise,0.1,0.2,balanced_accuracy,0.037074970771966975,0.030900756152503227,0.0061742146194637484,0.30871073097318735
XGB,Spambase,missing,feature_noise,0.1,0.2,macro_f1,0.03551318136475723,0.03077307456296013,0.004740106801797098,0.23700534008985488
XGB,Spambase,missing,feature_noise,0.1,0.2,mcc,0.07055324773536076,0.0561081598181824,0.014445087917178356,0.7222543958589177
SVM,Spambase,missing,feature_noise,0.1,0.2,accuracy,0.02202347794615178,0.018086109865565074,0.0039373680805867076,0.19686840402933534
SVM,Spambase,missing,feature_noise,0.1,0.2,balanced_accuracy,0.025857927938082614,0.021824921587382667,0.004033006350699947,0.20165031753499732
SVM,Spambase,missing,feature_noise,0.1,0.2,macro_f1,0.023817838892216336,0.022714564732659613,0.0011032741595567233,0.05516370797783615
SVM,Spambase,missing,feature_noise,0.1,0.2,mcc,0.04648653212808396,0.04051636466295619,0.005970167465127768,0.29850837325638835
SVM,Spambase,missing,feature_noise,0.1,0.2,accuracy,0.01833018615556492,0.018086109865565074,0.00024407628999984637,0.012203814499992317
SVM,Spambase,missing,feature_noise,0.1,0.2,balanced_accuracy,0.0208762317021155,0.021824921587382667,-0.0009486898852671677,-0.04743449426335838
SVM,Spambase,missing,feature_noise,0.1,0.2,macro_f1,0.019670387835905245,0.022714564732659613,-0.003044176896754368,-0.15220884483771835
SVM,Spambase,missing,feature_noise,0.1,0.2,mcc,0.038731738615462086,0.04051636466295619,-0.0017846260474941034,-0.08923130237470515
MLP,Spambase,missing,feature_noise,0.1,0.2,accuracy,0.03158397457080364,0.025252627174243474,0.006331347396560168,0.3165673698280083
MLP,Spambase,missing,feature_noise,0.1,0.2,balanced_accuracy,0.0350462435979233,0.028859887285417895,0.006186356312505404,0.30931781562527016
MLP,Spambase,missing,feature_noise,0.1,0.2,macro_f1,0.0336383096291214,0.0297022319077773,0.003936077721344099,0.1968038860672049
MLP,Spambase,missing,feature_noise,0.1,0.2,mcc,0.06670664163561735,0.051465654006813105,0.015240987628804242,0.762049381440212
MLP,Spambase,missing,feature_noise,0.1,0.2,accuracy,0.023984720451934782,0.025252627174243474,-0.0012679067223086912,-0.06339533611543455
MLP,Spambase,missing,feature_noise,0.1,0.2,balanced_accuracy,0.02760003971635583,0.028859887285417895,-0.0012598475690620663,-0.0629923784531033
MLP,Spambase,missing,feature_noise,0.1,0.2,macro_f1,0.025633316119217597,0.0297022319077773,-0.004068915788559703,-0.2034457894279851
MLP,Spambase,missing,feature_noise,0.1,0.2,mcc,0.05077503048881249,0.051465654006813105,-0.0006906235180006159,-0.03453117590003079
GB,Spambase,missing,feature_noise,0.1,0.2,accuracy,0.03158570551857631,0.02176933728368769,0.009816368234888621,0.49081841174443097
GB,Spambase,missing,feature_noise,0.1,0.2,balanced_accuracy,0.03623092711595799,0.028549766115549748,0.007681161000408242,0.384058050020412
GB,Spambase,missing,feature_noise,0.1,0.2,macro_f1,0.03381765339280296,0.028758332250048244,0.005059321142754716,0.2529660571377358
GB,Spambase,missing,feature_noise,0.1,0.2,mcc,0.06658851697018708,0.0521078912233195,0.014480625746867586,0.7240312873433792
GB,Spambase,missing,feature_noise,0.1,0.2,accuracy,0.03006727092479833,0.02176933728368769,0.008297933641110637,0.41489668205553176
GB,Spambase,missing,feature_noise,0.1,0.2,balanced_accuracy,0.03400408260863297,0.028549766115549748,0.005454316493083221,0.272715824654161
GB,Spambase,missing,feature_noise,0.1,0.2,macro_f1,0.03208877932595955,0.028758332250048244,0.0033304470759113053,0.16652235379556524
GB,Spambase,missing,feature_noise,0.1,0.2,mcc,0.0635783425794102,0.0521078912233195,0.011470451356090698,0.5735225678045348
LR,Bank,missing,feature_noise,0.1,0.2,accuracy,0.0041333333333331,0.025907402922719695,-0.021774069589386595,-1.0887034794693295
LR,Bank,missing,feature_noise,0.1,0.2,balanced_accuracy,0.026808374713244376,0.030206810314354546,-0.0033984356011101703,-0.16992178005550848
LR,Bank,missing,feature_noise,0.1,0.2,macro_f1,0.02911620405944948,0.030472832182920087,-0.0013566281234706073,-0.06783140617353035
LR,Bank,missing,feature_noise,0.1,0.2,mcc,0.04685593199374283,0.05575413491306186,-0.008898202919319032,-0.44491014596595146
LR,Bank,missing,feature_noise,0.1,0.2,accuracy,0.0011333333333330975,0.025907402922719695,-0.024774069589386598,-1.2387034794693297
LR,Bank,missing,feature_noise,0.1,0.2,balanced_accuracy,0.016953664179032102,0.030206810314354546,-0.013253146135322445,-0.6626573067661221
LR,Bank,missing,feature_noise,0.1,0.2,macro_f1,0.017605310958773268,0.030472832182920087,-0.012867521224146819,-0.6433760612073408
LR,Bank,missing,feature_noise,0.1,0.2,mcc,0.024730637710174364,0.05575413491306186,-0.031023497202887496,-1.5511748601443744
RF,Bank,missing,feature_noise,0.1,0.2,accuracy,0.007933333333333237,0.023422073531641236,-0.015488740198308,-0.7744370099153998
RF,Bank,missing,feature_noise,0.1,0.2,balanced_accuracy,0.050215046477787184,0.030601589764638087,0.019613456713149097,0.9806728356574547
RF,Bank,missing,feature_noise,0.1,0.2,macro_f1,0.07028880653697367,0.03254022783848019,0.037748578698493476,1.8874289349246733
RF,Bank,missing,feature_noise,0.1,0.2,mcc,0.11330254415120183,0.057449118469209755,0.05585342568199208,2.7926712840996033
RF,Bank,missing,feature_noise,0.1,0.2,accuracy,0.008133333333333326,0.023422073531641236,-0.01528874019830791,-0.7644370099153953
RF,Bank,missing,feature_noise,0.1,0.2,balanced_accuracy,0.05181119790406308,0.030601589764638087,0.02120960813942499,1.0604804069712492
RF,Bank,missing,feature_noise,0.1,0.2,macro_f1,0.07289418668221648,0.03254022783848019,0.040353958843736285,2.017697942186814
RF,Bank,missing,feature_noise,0.1,0.2,mcc,0.11462272303299692,0.057449118469209755,0.057173604563787166,2.8586802281893577
XGB,Bank,missing,feature_noise,0.1,0.2,accuracy,0.009733333333333372,0.02171946328883936,-0.011986129955505988,-0.5993064977752993
XGB,Bank,missing,feature_noise,0.1,0.2,balanced_accuracy,0.06556901007637139,0.030900756152503227,0.034668253923868166,1.733412696193408
XGB,Bank,missing,feature_noise,0.1,0.2,macro_f1,0.0692478907774765,0.03077307456296013,0.03847481621451637,1.9237408107258183
XGB,Bank,missing,feature_noise,0.1,0.2,mcc,0.1160665323858075,0.0561081598181824,0.059958372567625096,2.997918628381254
XGB,Bank,missing,feature_noise,0.1,0.2,accuracy,0.008933333333333238,0.02171946328883936,-0.012786129955506122,-0.639306497775306
XGB,Bank,missing,feature_noise,0.1,0.2,balanced_accuracy,0.06140875608599283,0.030900756152503227,0.030507999933489606,1.52539999667448
XGB,Bank,missing,feature_noise,0.1,0.2,macro_f1,0.06471859883481423,0.03077307456296013,0.0339455242718541,1.6972762135927046
XGB,Bank,missing,feature_noise,0.1,0.2,mcc,0.10717055372050505,0.0561081598181824,0.051062393902322645,2.553119695116132
SVM,Bank,missing,feature_noise,0.1,0.2,accuracy,0.0016000000000000458,0.018086109865565074,-0.016486109865565028,-0.8243054932782512
SVM,Bank,missing,feature_noise,0.1,0.2,balanced_accuracy,0.014004962362833107,0.021824921587382667,-0.00781995922454956,-0.390997961227478
SVM,Bank,missing,feature_noise,0.1,0.2,macro_f1,0.018751852904151156,0.022714564732659613,-0.003962711828508457,-0.1981355914254228
SVM,Bank,missing,feature_noise,0.1,0.2,mcc,0.028253036867306514,0.04051636466295619,-0.012263327795649676,-0.6131663897824836
SVM,Bank,missing,feature_noise,0.1,0.2,accuracy,0.005199999999999982,0.018086109865565074,-0.012886109865565092,-0.6443054932782545
SVM,Bank,missing,feature_noise,0.1,0.2,balanced_accuracy,0.021233621460121976,0.021824921587382667,-0.000591300127260691,-0.029565006363034545
SVM,Bank,missing,feature_noise,0.1,0.2,macro_f1,0.029786788176474066,0.022714564732659613,0.007072223443814453,0.3536111721907226
SVM,Bank,missing,feature_noise,0.1,0.2,mcc,0.05815117237344228,0.04051636466295619,0.01763480771048609,0.8817403855243042
MLP,Bank,missing,feature_noise,0.1,0.2,accuracy,0.0028000000000000247,0.025252627174243474,-0.02245262717424345,-1.1226313587121721
MLP,Bank,missing,feature_noise,0.1,0.2,balanced_accuracy,0.02209896977733894,0.028859887285417895,-0.006760917508078956,-0.3380458754039477
MLP,Bank,missing,feature_noise,0.1,0.2,macro_f1,0.021095551046758643,0.0297022319077773,-0.008606680861018658,-0.4303340430509328
MLP,Bank,missing,feature_noise,0.1,0.2,mcc,0.032336596015613506,0.051465654006813105,-0.0191290579911996,-0.9564528995599798
MLP,Bank,missing,feature_noise,0.1,0.2,accuracy,0.0020000000000000018,0.025252627174243474,-0.023252627174243472,-1.1626313587121733
MLP,Bank,missing,feature_noise,0.1,0.2,balanced_accuracy,0.01274856178593431,0.028859887285417895,-0.016111325499483586,-0.8055662749741791
MLP,Bank,missing,feature_noise,0.1,0.2,macro_f1,0.012123199905806348,0.0297022319077773,-0.017579032001970953,-0.8789516000985474
MLP,Bank,missing,feature_noise,0.1,0.2,mcc,0.01574543965597419,0.051465654006813105,-0.035720214350838914,-1.7860107175419453
GB,Bank,missing,feature_noise,0.1,0.2,accuracy,0.007999999999999896,0.02176933728368769,-0.013769337283687795,-0.6884668641843896
GB,Bank,missing,feature_noise,0.1,0.2,balanced_accuracy,0.04827559504796197,0.028549766115549748,0.019725828932412225,0.9862914466206111
GB,Bank,missing,feature_noise,0.1,0.2,macro_f1,0.048997897732598106,0.028758332250048244,0.020239565482549862,1.011978274127493
GB,Bank,missing,feature_noise,0.1,0.2,mcc,0.084593560491732,0.0521078912233195,0.0324856692684125,1.624283463420625
GB,Bank,missing,feature_noise,0.1,0.2,accuracy,0.00759999999999994,0.02176933728368769,-0.014169337283687751,-0.7084668641843874
GB,Bank,missing,feature_noise,0.1,0.2,balanced_accuracy,0.045824742766985116,0.028549766115549748,0.01727497665143537,0.8637488325717683
GB,Bank,missing,feature_noise,0.1,0.2,macro_f1,0.04702068747105981,0.028758332250048244,0.018262355221011564,0.9131177610505781
GB,Bank,missing,feature_noise,0.1,0.2,mcc,0.08148158032534958,0.0521078912233195,0.02937368910203008,1.4686844551015037
LR,Wine,missing,feature_noise,0.1,0.2,accuracy,0.02417989417989408,0.025907402922719695,-0.0017275087428256161,-0.08637543714128079
LR,Wine,missing,feature_noise,0.1,0.2,balanced_accuracy,0.023721340388007106,0.030206810314354546,-0.00648546992634744,-0.32427349631737196
LR,Wine,missing,feature_noise,0.1,0.2,macro_f1,0.022666009717489666,0.030472832182920087,-0.007806822465430421,-0.390341123271521
LR,Wine,missing,feature_noise,0.1,0.2,mcc,0.034641139169033885,0.05575413491306186,-0.021112995744027974,-1.0556497872013986
LR,Wine,missing,feature_noise,0.1,0.2,accuracy,0.00751322751322725,0.025907402922719695,-0.018394175409492446,-0.9197087704746221
LR,Wine,missing,feature_noise,0.1,0.2,balanced_accuracy,0.0075308641975307955,0.030206810314354546,-0.02267594611682375,-1.1337973058411874
LR,Wine,missing,feature_noise,0.1,0.2,macro_f1,0.006650970614419216,0.030472832182920087,-0.02382186156850087,-1.1910930784250433
LR,Wine,missing,feature_noise,0.1,0.2,mcc,0.01140011361604698,0.05575413491306186,-0.04435402129701488,-2.2177010648507434
RF,Wine,missing,feature_noise,0.1,0.2,accuracy,0.028095238095238173,0.023422073531641236,0.004673164563596937,0.2336582281798468
RF,Wine,missing,feature_noise,0.1,0.2,balanced_accuracy,0.027542087542087423,0.030601589764638087,-0.003059502222550664,-0.15297511112753318
RF,Wine,missing,feature_noise,0.1,0.2,macro_f1,0.027415133121226343,0.03254022783848019,-0.00512509471725385,-0.2562547358626925
RF,Wine,missing,feature_noise,0.1,0.2,mcc,0.04209613831066916,0.057449118469209755,-0.015352980158540593,-0.7676490079270295
RF,Wine,missing,feature_noise,0.1,0.2,accuracy,0.033809523809523845,0.023422073531641236,0.010387450277882609,0.5193725138941303
RF,Wine,missing,feature_noise,0.1,0.2,balanced_accuracy,0.03412698412698423,0.030601589764638087,0.0035253943623461403,0.176269718117307
RF,Wine,missing,feature_noise,0.1,0.2,macro_f1,0.03151551592188129,0.03254022783848019,-0.0010247119165989055,-0.05123559582994527
RF,Wine,missing,feature_noise,0.1,0.2,mcc,0.051366025630459555,0.057449118469209755,-0.0060830928387501995,-0.3041546419375099
XGB,Wine,missing,feature_noise,0.1,0.2,accuracy,-0.0036507936507936822,0.02171946328883936,-0.025370256939633042,-1.2685128469816518
XGB,Wine,missing,feature_noise,0.1,0.2,balanced_accuracy,-0.003719737053070382,0.030900756152503227,-0.03462049320557361,-1.73102466027868
XGB,Wine,missing,feature_noise,0.1,0.2,macro_f1,-0.0054994224656971236,0.03077307456296013,-0.03627249702865726,-1.8136248514328626
XGB,Wine,missing,feature_noise,0.1,0.2,mcc,-0.005008953852927656,0.0561081598181824,-0.06111711367111006,-3.055855683555502
XGB,Wine,missing,feature_noise,0.1,0.2,accuracy,0.030000000000000027,0.02171946328883936,0.008280536711160667,0.41402683555803327
XGB,Wine,missing,feature_noise,0.1,0.2,balanced_accuracy,0.02826198492865173,0.030900756152503227,-0.002638771223851498,-0.13193856119257488
XGB,Wine,missing,feature_noise,0.1,0.2,macro_f1,0.027826957836817656,0.03077307456296013,-0.0029461167261424746,-0.1473058363071237
XGB,Wine,missing,feature_noise,0.1,0.2,mcc,0.04565148488665394,0.0561081598181824,-0.010456674931528465,-0.5228337465764231
SVM,Wine,missing,feature_noise,0.1,0.2,accuracy,0.02206349206349212,0.018086109865565074,0.003977382197927044,0.19886910989635218
SVM,Wine,missing,feature_noise,0.1,0.2,balanced_accuracy,0.020713484046817388,0.021824921587382667,-0.0011114375405652799,-0.05557187702826398
SVM,Wine,missing,feature_noise,0.1,0.2,macro_f1,0.020863019362738267,0.022714564732659613,-0.0018515453699213466,-0.09257726849606732
SVM,Wine,missing,feature_noise,0.1,0.2,mcc,0.03214880709364443,0.04051636466295619,-0.008367557569311762,-0.41837787846558805
SVM,Wine,missing,feature_noise,0.1,0.2,accuracy,0.00015873015873002494,0.018086109865565074,-0.01792737970683505,-0.8963689853417522
SVM,Wine,missing,feature_noise,0.1,0.2,balanced_accuracy,0.0016129549462883253,0.021824921587382667,-0.020211966641094342,-1.010598332054717
SVM,Wine,missing,feature_noise,0.1,0.2,macro_f1,-9.573397816431406e-05,0.022714564732659613,-0.022810298710823927,-1.140514935541196
SVM,Wine,missing,feature_noise,0.1,0.2,mcc,0.0001134872888580718,0.04051636466295619,-0.04040287737409812,-2.0201438687049054
MLP,Wine,missing,feature_noise,0.1,0.2,accuracy,0.14391534391534389,0.025252627174243474,0.1186627167411004,5.933135837055019
MLP,Wine,missing,feature_noise,0.1,0.2,balanced_accuracy,0.12676286676286685,0.028859887285417895,0.09790297947744896,4.8951489738724465
MLP,Wine,missing,feature_noise,0.1,0.2,macro_f1,0.1605936607855568,0.0297022319077773,0.13089142887777952,6.544571443888975
MLP,Wine,missing,feature_noise,0.1,0.2,mcc,0.19150333689285703,0.051465654006813105,0.14003768288604393,7.0018841443021955
MLP,Wine,missing,feature_noise,0.1,0.2,accuracy,0.02597883597883588,0.025252627174243474,0.0007262088045924056,0.036310440229620274
MLP,Wine,missing,feature_noise,0.1,0.2,balanced_accuracy,0.026685906685906757,0.028859887285417895,-0.0021739805995111376,-0.10869902997555686
MLP,Wine,missing,feature_noise,0.1,0.2,macro_f1,0.0245976602700525,0.0297022319077773,-0.005104571637724799,-0.25522858188623987
MLP,Wine,missing,feature_noise,0.1,0.2,mcc,0.04151944458256962,0.051465654006813105,-0.009946209424243485,-0.49731047121217414
GB,Wine,missing,feature_noise,0.1,0.2,accuracy,0.037936507936507935,0.02176933728368769,0.016167170652820244,0.808358532641012
GB,Wine,missing,feature_noise,0.1,0.2,balanced_accuracy,0.03873657206990555,0.028549766115549748,0.010186805954355803,0.50934029771779
GB,Wine,missing,feature_noise,0.1,0.2,macro_f1,0.038413498534063395,0.028758332250048244,0.009655166284015151,0.4827583142007575
GB,Wine,missing,feature_noise,0.1,0.2,mcc,0.05304312801385491,0.0521078912233195,0.0009352367905354139,0.04676183952677069
GB,Wine,missing,feature_noise,0.1,0.2,accuracy,0.003809523809523929,0.02176933728368769,-0.017959813474163762,-0.897990673708188
GB,Wine,missing,feature_noise,0.1,0.2,balanced_accuracy,0.00010261343594675232,0.028549766115549748,-0.028447152679602995,-1.4223576339801496
GB,Wine,missing,feature_noise,0.1,0.2,macro_f1,0.0028783203227247256,0.028758332250048244,-0.025880011927323518,-1.2940005963661756
GB,Wine,missing,feature_noise,0.1,0.2,mcc,0.007881343021831078,0.0521078912233195,-0.04422654820148842,-2.2113274100744205
LR,BreastCancer,missing,feature_noise,0.1,0.2,accuracy,0.014081664337835864,0.025907402922719695,-0.011825738584883831,-0.5912869292441915
LR,BreastCancer,missing,feature_noise,0.1,0.2,balanced_accuracy,0.01692777249197175,0.030206810314354546,-0.013279037822382798,-0.6639518911191398
LR,BreastCancer,missing,feature_noise,0.1,0.2,macro_f1,0.015326208476463155,0.030472832182920087,-0.015146623706456933,-0.7573311853228465
LR,BreastCancer,missing,feature_noise,0.1,0.2,mcc,0.029857930184077897,0.05575413491306186,-0.025896204728983963,-1.2948102364491978
LR,BreastCancer,missing,feature_noise,0.1,0.2,accuracy,0.0070485949386741575,0.025907402922719695,-0.018858807984045538,-0.9429403992022767
LR,BreastCancer,missing,feature_noise,0.1,0.2,balanced_accuracy,0.008581701232372674,0.030206810314354546,-0.021625109081981873,-1.0812554540990935
LR,BreastCancer,missing,feature_noise,0.1,0.2,macro_f1,0.00758722510258536,0.030472832182920087,-0.022885607080334727,-1.1442803540167361
LR,BreastCancer,missing,feature_noise,0.1,0.2,mcc,0.015690055855695606,0.05575413491306186,-0.04006407905736625,-2.0032039528683123
RF,BreastCancer,missing,feature_noise,0.1,0.2,accuracy,0.014014386999948392,0.023422073531641236,-0.009407686531692844,-0.47038432658464213
RF,BreastCancer,missing,feature_noise,0.1,0.2,balanced_accuracy,0.012905793936747179,0.030601589764638087,-0.01769579582789091,-0.8847897913945453
RF,BreastCancer,missing,feature_noise,0.1,0.2,macro_f1,0.014786885423891283,0.03254022783848019,-0.01775334241458891,-0.8876671207294453
RF,BreastCancer,missing,feature_noise,0.1,0.2,mcc,0.029316378601108584,0.057449118469209755,-0.02813273986810117,-1.4066369934050582
RF,BreastCancer,missing,feature_noise,0.1,0.2,accuracy,0.012291052114061007,0.023422073531641236,-0.011131021417580229,-0.5565510708790113
RF,BreastCancer,missing,feature_noise,0.1,0.2,balanced_accuracy,0.011422410431581653,0.030601589764638087,-0.019179179333056434,-0.9589589666528215
RF,BreastCancer,missing,feature_noise,0.1,0.2,macro_f1,0.01304255648975261,0.03254022783848019,-0.019497671348727583,-0.9748835674363789
RF,BreastCancer,missing,feature_noise,0.1,0.2,mcc,0.026980191088036287,0.057449118469209755,-0.030468927381173468,-1.523446369058673
XGB,BreastCancer,missing,feature_noise,0.1,0.2,accuracy,0.011105935931273514,0.02171946328883936,-0.010613527357565846,-0.5306763678782922
XGB,BreastCancer,missing,feature_noise,0.1,0.2,balanced_accuracy,0.008850670777464265,0.030900756152503227,-0.022050085375038962,-1.102504268751948
XGB,BreastCancer,missing,feature_noise,0.1,0.2,macro_f1,0.011543808689705837,0.03077307456296013,-0.019229265873254294,-0.9614632936627145
XGB,BreastCancer,missing,feature_noise,0.1,0.2,mcc,0.02318100640549403,0.0561081598181824,-0.03292715341268837,-1.6463576706344183
XGB,BreastCancer,missing,feature_noise,0.1,0.2,accuracy,0.011105935931273514,0.02171946328883936,-0.010613527357565846,-0.5306763678782922
XGB,BreastCancer,missing,feature_noise,0.1,0.2,balanced_accuracy,0.010776112315581732,0.030900756152503227,-0.020124643836921495,-1.0062321918460746
XGB,BreastCancer,missing,feature_noise,0.1,0.2,macro_f1,0.011833259933937024,0.03077307456296013,-0.018939814629023107,-0.9469907314511552
XGB,BreastCancer,missing,feature_noise,0.1,0.2,mcc,0.024621659932211215,0.0561081598181824,-0.031486499885971186,-1.574324994298559
SVM,BreastCancer,missing,feature_noise,0.1,0.2,accuracy,0.01407131397816086,0.018086109865565074,-0.004014795887404214,-0.20073979437021067
SVM,BreastCancer,missing,feature_noise,0.1,0.2,balanced_accuracy,0.01725846032265954,0.021824921587382667,-0.004566461264723126,-0.22832306323615625
SVM,BreastCancer,missing,feature_noise,0.1,0.2,macro_f1,0.015225842214285912,0.022714564732659613,-0.007488722518373701,-0.37443612591868497
SVM,BreastCancer,missing,feature_noise,0.1,0.2,mcc,0.029400656857919816,0.04051636466295619,-0.011115707805036373,-0.5557853902518186
SVM,BreastCancer,missing,feature_noise,0.1,0.2,accuracy,0.007038244578999153,0.018086109865565074,-0.01104786528656592,-0.5523932643282959
SVM,BreastCancer,missing,feature_noise,0.1,0.2,balanced_accuracy,0.008782085276517027,0.021824921587382667,-0.013042836310865641,-0.6521418155432819
SVM,BreastCancer,missing,feature_noise,0.1,0.2,macro_f1,0.007629604385106403,0.022714564732659613,-0.01508496034755321,-0.7542480173776603
SVM,BreastCancer,missing,feature_noise,0.1,0.2,mcc,0.015262954856139044,0.04051636466295619,-0.025253409806817145,-1.262670490340857
MLP,BreastCancer,missing,feature_noise,0.1,0.2,accuracy,0.01169073125291098,0.025252627174243474,-0.013561895921332494,-0.6780947960666246
MLP,BreastCancer,missing,feature_noise,0.1,0.2,balanced_accuracy,0.014618243483294324,0.028859887285417895,-0.01424164380212357,-0.7120821901061783
MLP,BreastCancer,missing,feature_noise,0.1,0.2,macro_f1,0.012915650863368877,0.0297022319077773,-0.016786581044408423,-0.839329052220421
MLP,BreastCancer,missing,feature_noise,0.1,0.2,mcc,0.02448663606996493,0.051465654006813105,-0.026979017936848176,-1.3489508968424087
MLP,BreastCancer,missing,feature_noise,0.1,0.2,accuracy,0.004719764011799299,0.025252627174243474,-0.020532863162444175,-1.0266431581222086
MLP,BreastCancer,missing,feature_noise,0.1,0.2,balanced_accuracy,0.006343790564229512,0.028859887285417895,-0.022516096721188383,-1.1258048360594188
MLP,BreastCancer,missing,feature_noise,0.1,0.2,macro_f1,0.005163751267623473,0.0297022319077773,-0.024538480640153827,-1.226924032007691
MLP,BreastCancer,missing,feature_noise,0.1,0.2,mcc,0.010157543805661806,0.051465654006813105,-0.0413081102011513,-2.0654055100575643
GB,BreastCancer,missing,feature_noise,0.1,0.2,accuracy,0.005237281995549403,0.02176933728368769,-0.016532055288138288,-0.8266027644069143
GB,BreastCancer,missing,feature_noise,0.1,0.2,balanced_accuracy,0.0017090484335817724,0.028549766115549748,-0.026840717681967975,-1.3420358840983986
GB,BreastCancer,missing,feature_noise,0.1,0.2,macro_f1,0.0052202186033036835,0.028758332250048244,-0.02353811364674456,-1.1769056823372277
GB,BreastCancer,missing,feature_noise,0.1,0.2,mcc,0.010760457579821803,0.0521078912233195,-0.041347433643497696,-2.067371682174884
GB,BreastCancer,missing,feature_noise,0.1,0.2,accuracy,0.008746053925373976,0.02176933728368769,-0.013023283358313716,-0.6511641679156857
GB,BreastCancer,missing,feature_noise,0.1,0.2,balanced_accuracy,0.010119914144643971,0.028549766115549748,-0.018429851970905776,-0.9214925985452886
GB,BreastCancer,missing,feature_noise,0.1,0.2,macro_f1,0.009525026610130438,0.028758332250048244,-0.019233305639917805,-0.9616652819958901
GB,BreastCancer,missing,feature_noise,0.1,0.2,mcc,0.01876323113051126,0.0521078912233195,-0.03334466009280824,-1.6672330046404116
LR,Digits,missing,feature_noise,0.1,0.2,accuracy,0.03915506035283178,0.025907402922719695,0.013247657430112088,0.6623828715056043
LR,Digits,missing,feature_noise,0.1,0.2,balanced_accuracy,0.0391716651062618,0.030206810314354546,0.008964854791907253,0.44824273959536254
LR,Digits,missing,feature_noise,0.1,0.2,macro_f1,0.039215649657934004,0.030472832182920087,0.008742817475013917,0.43714087375069577
LR,Digits,missing,feature_noise,0.1,0.2,mcc,0.07787496216287093,0.05575413491306186,0.022120827249809072,1.1060413624904535
LR,Digits,missing,feature_noise,0.1,0.2,accuracy,0.02691581553698552,0.025907402922719695,0.001008412614265826,0.05042063071329129
LR,Digits,missing,feature_noise,0.1,0.2,balanced_accuracy,0.026945927686382598,0.030206810314354546,-0.0032608826279719484,-0.1630441313985974
LR,Digits,missing,feature_noise,0.1,0.2,macro_f1,0.02692649540708847,0.030472832182920087,-0.0035463367758316183,-0.1773168387915809
LR,Digits,missing,feature_noise,0.1,0.2,mcc,0.053903034737506794,0.05575413491306186,-0.001851100175555065,-0.09255500877775323
RF,Digits,missing,feature_noise,0.1,0.2,accuracy,0.03728154338182199,0.023422073531641236,0.013859469850180755,0.6929734925090376
RF,Digits,missing,feature_noise,0.1,0.2,balanced_accuracy,0.03728148902629602,0.030601589764638087,0.0066798992616579345,0.33399496308289667
RF,Digits,missing,feature_noise,0.1,0.2,macro_f1,0.037287156578756475,0.03254022783848019,0.004746928740276282,0.23734643701381405
RF,Digits,missing,feature_noise,0.1,0.2,mcc,0.07444145430337357,0.057449118469209755,0.01699233583416381,0.8496167917081904
RF,Digits,missing,feature_noise,0.1,0.2,accuracy,0.03562725678324574,0.023422073531641236,0.012205183251604506,0.6102591625802252
RF,Digits,missing,feature_noise,0.1,0.2,balanced_accuracy,0.03564265243668918,0.030601589764638087,0.005041062672051094,0.25205313360255466
RF,Digits,missing,feature_noise,0.1,0.2,macro_f1,0.035638210755462696,0.03254022783848019,0.003097982916982503,0.15489914584912512
RF,Digits,missing,feature_noise,0.1,0.2,mcc,0.07107167795969427,0.057449118469209755,0.013622559490484513,0.6811279745242256
XGB,Digits,missing,feature_noise,0.1,0.2,accuracy,0.026888992056123162,0.02171946328883936,0.005169528767283802,0.25847643836419004
XGB,Digits,missing,feature_noise,0.1,0.2,balanced_accuracy,0.02688520907709757,0.030900756152503227,-0.004015547075405655,-0.20077735377028272
XGB,Digits,missing,feature_noise,0.1,0.2,macro_f1,0.02689054361065646,0.03077307456296013,-0.003882530952303672,-0.19412654761518355
XGB,Digits,missing,feature_noise,0.1,0.2,mcc,0.05376078310732402,0.0561081598181824,-0.0023473767108583843,-0.11736883554291919
XGB,Digits,missing,feature_noise,0.1,0.2,accuracy,0.030242443000103147,0.02171946328883936,0.008522979711263787,0.4261489855631893
XGB,Digits,missing,feature_noise,0.1,0.2,balanced_accuracy,0.0302495104444237,0.030900756152503227,-0.0006512457080795273,-0.032562285403976356
XGB,Digits,missing,feature_noise,0.1,0.2,macro_f1,0.030260285757929828,0.03077307456296013,-0.000512788805030303,-0.025639440251515145
XGB,Digits,missing,feature_noise,0.1,0.2,mcc,0.06008754897365043,0.0561081598181824,0.003979389155468027,0.19896945777340133
SVM,Digits,missing,feature_noise,0.1,0.2,accuracy,0.01465645311049213,0.018086109865565074,-0.003429656755072945,-0.1714828377536472
SVM,Digits,missing,feature_noise,0.1,0.2,balanced_accuracy,0.014659608835663529,0.021824921587382667,-0.007165312751719138,-0.35826563758595686
SVM,Digits,missing,feature_noise,0.1,0.2,macro_f1,0.014657614452237788,0.022714564732659613,-0.008056950280421825,-0.40284751402109115
SVM,Digits,missing,feature_noise,0.1,0.2,mcc,0.029296028688846953,0.04051636466295619,-0.011220335974109236,-0.5610167987054617
SVM,Digits,missing,feature_noise,0.1,0.2,accuracy,0.01244042092231512,0.018086109865565074,-0.005645688943249953,-0.2822844471624976
SVM,Digits,missing,feature_noise,0.1,0.2,balanced_accuracy,0.012449801262727545,0.021824921587382667,-0.009375120324655123,-0.46875601623275603
SVM,Digits,missing,feature_noise,0.1,0.2,macro_f1,0.012445120039132007,0.022714564732659613,-0.010269444693527606,-0.5134722346763801
SVM,Digits,missing,feature_noise,0.1,0.2,mcc,0.024751420323443796,0.04051636466295619,-0.015764944339512393,-0.7882472169756195
MLP,Digits,missing,feature_noise,0.1,0.2,accuracy,0.011494893221912661,0.025252627174243474,-0.013757733952330813,-0.6878866976165405
MLP,Digits,missing,feature_noise,0.1,0.2,balanced_accuracy,0.011483619178918603,0.028859887285417895,-0.017376268106499292,-0.8688134053249644
MLP,Digits,missing,feature_noise,0.1,0.2,macro_f1,0.01149433566607505,0.0297022319077773,-0.01820789624170225,-0.9103948120851123
MLP,Digits,missing,feature_noise,0.1,0.2,mcc,0.022982029628356937,0.051465654006813105,-0.028483624378456168,-1.4241812189228082
MLP,Digits,missing,feature_noise,0.1,0.2,accuracy,0.012624574435159408,0.025252627174243474,-0.012628052739084066,-0.6314026369542032
MLP,Digits,missing,feature_noise,0.1,0.2,balanced_accuracy,0.01262252607247849,0.028859887285417895,-0.016237361212939404,-0.81186806064697
MLP,Digits,missing,feature_noise,0.1,0.2,macro_f1,0.012626204968727572,0.0297022319077773,-0.017076026939049728,-0.8538013469524862
MLP,Digits,missing,feature_noise,0.1,0.2,mcc,0.025222656563625878,0.051465654006813105,-0.026242997443187227,-1.3121498721593612
GB,Digits,missing,feature_noise,0.1,0.2,accuracy,0.0328298772309914,0.02176933728368769,0.011060539947303709,0.5530269973651853
GB,Digits,missing,feature_noise,0.1,0.2,balanced_accuracy,0.032827676437201414,0.028549766115549748,0.0042779103216516665,0.21389551608258328
GB,Digits,missing,feature_noise,0.1,0.2,macro_f1,0.03283126782234591,0.028758332250048244,0.004072935572297667,0.20364677861488334
GB,Digits,missing,feature_noise,0.1,0.2,mcc,0.06565825671008096,0.0521078912233195,0.013550365486761466,0.6775182743380732
GB,Digits,missing,feature_noise,0.1,0.2,accuracy,0.02560765500876927,0.02176933728368769,0.003838317725081579,0.1919158862540789
GB,Digits,missing,feature_noise,0.1,0.2,balanced_accuracy,0.025614662318109938,0.028549766115549748,-0.00293510379743981,-0.14675518987199046
GB,Digits,missing,feature_noise,0.1,0.2,macro_f1,0.02561939675684155,0.028758332250048244,-0.003138935493206693,-0.15694677466033463
GB,Digits,missing,feature_noise,0.1,0.2,mcc,0.05098200636795114,0.0521078912233195,-0.00112588485536836,-0.05629424276841799
LR,Spambase,missing,feature_noise,0.1,0.45,accuracy,0.06107318761900249,0.04312596412908897,0.017947223489913518,0.3988271886647448
LR,Spambase,missing,feature_noise,0.1,0.45,balanced_accuracy,0.06663800009547649,0.04927884835003217,0.01735915174544432,0.3857589276765404
LR,Spambase,missing,feature_noise,0.1,0.45,macro_f1,0.06531172791420448,0.049523049393226826,0.01578867852097765,0.3508595226883922
LR,Spambase,missing,feature_noise,0.1,0.45,mcc,0.129608788344574,0.0917162331720354,0.03789255517253862,0.8420567816119692
LR,Spambase,missing,feature_noise,0.1,0.45,accuracy,0.05933476529921777,0.04312596412908897,0.016208801170128802,0.3601955815584178
LR,Spambase,missing,feature_noise,0.1,0.45,balanced_accuracy,0.063732562015834,0.04927884835003217,0.014453713665801823,0.3211936370178183
LR,Spambase,missing,feature_noise,0.1,0.45,macro_f1,0.06312994587092702,0.049523049393226826,0.013606896477700192,0.30237547728222647
LR,Spambase,missing,feature_noise,0.1,0.45,mcc,0.12534735962964028,0.0917162331720354,0.03363112645760488,0.7473583657245528
RF,Spambase,missing,feature_noise,0.1,0.45,accuracy,0.06585319989299587,0.040065839034645674,0.0257873608583502,0.5730524635188933
RF,Spambase,missing,feature_noise,0.1,0.45,balanced_accuracy,0.0765614933840284,0.052951753546952904,0.023609739837075497,0.5246608852683443
RF,Spambase,missing,feature_noise,0.1,0.45,macro_f1,0.07203480168627852,0.05575187291412486,0.016282928772153656,0.3618428616034145
RF,Spambase,missing,feature_noise,0.1,0.45,mcc,0.13867776839323542,0.0981051472200591,0.040572621173176324,0.9016138038483626
RF,Spambase,missing,feature_noise,0.1,0.45,accuracy,0.06585650442965263,0.040065839034645674,0.025790665395006955,0.5731258976668212
RF,Spambase,missing,feature_noise,0.1,0.45,balanced_accuracy,0.07480816186273964,0.052951753546952904,0.021856408315786738,0.48569796257303854
RF,Spambase,missing,feature_noise,0.1,0.45,macro_f1,0.07146969709406903,0.05575187291412486,0.01571782417994417,0.34928498177653705
RF,Spambase,missing,feature_noise,0.1,0.45,mcc,0.13916438624433725,0.0981051472200591,0.041059239024278146,0.9124275338728476
XGB,Spambase,missing,feature_noise,0.1,0.45,accuracy,0.06382366362963998,0.03750255516894704,0.026321108460692945,0.5849135213487321
XGB,Spambase,missing,feature_noise,0.1,0.45,balanced_accuracy,0.07192753748533653,0.05329356777748355,0.018633969707852985,0.41408821573006627
XGB,Spambase,missing,feature_noise,0.1,0.45,macro_f1,0.06849111650979955,0.052724956998633124,0.01576615951116643,0.3503591002481429
XGB,Spambase,missing,feature_noise,0.1,0.45,mcc,0.13509830834353787,0.09637878525111088,0.03871952309242699,0.8604338464983774
XGB,Spambase,missing,feature_noise,0.1,0.45,accuracy,0.062089253961509994,0.03750255516894704,0.024586698792562957,0.5463710842791768
XGB,Spambase,missing,feature_noise,0.1,0.45,balanced_accuracy,0.0705816894223158,0.05329356777748355,0.017288121644832247,0.3841804809962721
XGB,Spambase,missing,feature_noise,0.1,0.45,macro_f1,0.06670646047107798,0.052724956998633124,0.013981503472444853,0.3107000771654411
XGB,Spambase,missing,feature_noise,0.1,0.45,mcc,0.13126018345985735,0.09637878525111088,0.03488139820874647,0.7751421824165882
SVM,Spambase,missing,feature_noise,0.1,0.45,accuracy,0.04853884404160569,0.028721648894642113,0.019817195146963576,0.4403821143769683
SVM,Spambase,missing,feature_noise,0.1,0.45,balanced_accuracy,0.055459286811853414,0.03415753942257153,0.021301747389281887,0.4733721642062641
SVM,Spambase,missing,feature_noise,0.1,0.45,macro_f1,0.05251510532435866,0.034861285312582466,0.017653820011776192,0.3923071113728042
SVM,Spambase,missing,feature_noise,0.1,0.45,mcc,0.1027420355349451,0.06251883771481168,0.04022319782013342,0.8938488404474093
SVM,Spambase,missing,feature_noise,0.1,0.45,accuracy,0.04419503060630392,0.028721648894642113,0.015473381711661807,0.34385292692581787
SVM,Spambase,missing,feature_noise,0.1,0.45,balanced_accuracy,0.04847947654375451,0.03415753942257153,0.01432193712118298,0.31826526935962174
SVM,Spambase,missing,feature_noise,0.1,0.45,macro_f1,0.0472044819058024,0.034861285312582466,0.012343196593219932,0.2742932576271096
SVM,Spambase,missing,feature_noise,0.1,0.45,mcc,0.09330112978343563,0.06251883771481168,0.030782292068623957,0.68405093485831
MLP,Spambase,missing,feature_noise,0.1,0.45,accuracy,0.06831838423893388,0.040859574805646504,0.02745880943328738,0.6101957651841639
MLP,Spambase,missing,feature_noise,0.1,0.45,balanced_accuracy,0.0749913572288361,0.045878057394397286,0.029113299834438812,0.6469622185430847
MLP,Spambase,missing,feature_noise,0.1,0.45,macro_f1,0.07276282713680804,0.04652665795665115,0.026236169180156886,0.5830259817812641
MLP,Spambase,missing,feature_noise,0.1,0.45,mcc,0.1447928262115611,0.082752581266471,0.062040244945090084,1.3786721098908905
MLP,Spambase,missing,feature_noise,0.1,0.45,accuracy,0.06766762655588587,0.040859574805646504,0.02680805175023937,0.5957344833386526
MLP,Spambase,missing,feature_noise,0.1,0.45,balanced_accuracy,0.07608002196293273,0.045878057394397286,0.030201964568535446,0.6711547681896765
MLP,Spambase,missing,feature_noise,0.1,0.45,macro_f1,0.07266874650707833,0.04652665795665115,0.026142088550427177,0.5809353011206039
MLP,Spambase,missing,feature_noise,0.1,0.45,mcc,0.1432574705990437,0.082752581266471,0.0605048893325727,1.3445530962793932
GB,Spambase,missing,feature_noise,0.1,0.45,accuracy,0.0659259783788888,0.03792989392456916,0.02799608445431965,0.6221352100959922
GB,Spambase,missing,feature_noise,0.1,0.45,balanced_accuracy,0.07449897096823499,0.049381547825443246,0.025117423142791744,0.5581649587287053
GB,Spambase,missing,feature_noise,0.1,0.45,macro_f1,0.07094542650123548,0.04920030938507889,0.021745117116156586,0.4832248248034796
GB,Spambase,missing,feature_noise,0.1,0.45,mcc,0.1395067736652963,0.08963960619722214,0.04986716746807415,1.1081592770683144
GB,Spambase,missing,feature_noise,0.1,0.45,accuracy,0.06462493508945866,0.03792989392456916,0.0266950411648895,0.5932231369975444
GB,Spambase,missing,feature_noise,0.1,0.45,balanced_accuracy,0.07437713374115762,0.049381547825443246,0.024995585915714373,0.5554574647936527
GB,Spambase,missing,feature_noise,0.1,0.45,macro_f1,0.06984931323089116,0.04920030938507889,0.020649003845812273,0.45886675212916156
GB,Spambase,missing,feature_noise,0.1,0.45,mcc,0.1367037242130641,0.08963960619722214,0.047064118015841955,1.0458692892409323
LR,Bank,missing,feature_noise,0.1,0.45,accuracy,0.004333333333333078,0.04312596412908897,-0.03879263079575589,-0.8620584621279086
LR,Bank,missing,feature_noise,0.1,0.45,balanced_accuracy,0.03581903185527191,0.04927884835003217,-0.01345981649476026,-0.29910703321689464
LR,Bank,missing,feature_noise,0.1,0.45,macro_f1,0.039434169014310294,0.049523049393226826,-0.010088880378916532,-0.22419734175370068
LR,Bank,missing,feature_noise,0.1,0.45,mcc,0.06026126903794676,0.0917162331720354,-0.03145496413408863,-0.6989992029797473
LR,Bank,missing,feature_noise,0.1,0.45,accuracy,0.003733333333333144,0.04312596412908897,-0.03939263079575583,-0.8753917954612405
LR,Bank,missing,feature_noise,0.1,0.45,balanced_accuracy,0.028064775290143174,0.04927884835003217,-0.021214073059888996,-0.471423845775311
LR,Bank,missing,feature_noise,0.1,0.45,macro_f1,0.030798267691714343,0.049523049393226826,-0.018724781701512483,-0.4161062600336107
LR,Bank,missing,feature_noise,0.1,0.45,mcc,0.04903832645466499,0.0917162331720354,-0.0426779067173704,-0.9483979270526754
RF,Bank,missing,feature_noise,0.1,0.45,accuracy,0.007333333333333414,0.040065839034645674,-0.03273250570131226,-0.7273890155847168
RF,Bank,missing,feature_noise,0.1,0.45,balanced_accuracy,0.05061674619998513,0.052951753546952904,-0.002335007346967774,-0.05188905215483942
RF,Bank,missing,feature_noise,0.1,0.45,macro_f1,0.07044378246002214,0.05575187291412486,0.014691909545897282,0.3264868787977173
RF,Bank,missing,feature_noise,0.1,0.45,mcc,0.10699326588649682,0.0981051472200591,0.008888118666437725,0.19751374814306052
RF,Bank,missing,feature_noise,0.1,0.45,accuracy,0.009333333333333194,0.040065839034645674,-0.03073250570131248,-0.6829445711402773
RF,Bank,missing,feature_noise,0.1,0.45,balanced_accuracy,0.05693940303226841,0.052951753546952904,0.003987649485315506,0.08861443300701123
RF,Bank,missing,feature_noise,0.1,0.45,macro_f1,0.0810816318469364,0.05575187291412486,0.025329758932811537,0.5628835318402563
RF,Bank,missing,feature_noise,0.1,0.45,mcc,0.13357914564604195,0.0981051472200591,0.03547399842598285,0.7883110761329521
XGB,Bank,missing,feature_noise,0.1,0.45,accuracy,0.009333333333333194,0.03750255516894704,-0.028169221835613843,-0.6259827074580854
XGB,Bank,missing,feature_noise,0.1,0.45,balanced_accuracy,0.07423991636902172,0.05329356777748355,0.02094634859153817,0.4654744131452926
XGB,Bank,missing,feature_noise,0.1,0.45,macro_f1,0.0786399469402509,0.052724956998633124,0.02591498994161777,0.5758886653692837
XGB,Bank,missing,feature_noise,0.1,0.45,mcc,0.12520359720043245,0.09637878525111088,0.02882481194932157,0.6405513766515905
XGB,Bank,missing,feature_noise,0.1,0.45,accuracy,0.011533333333333173,0.03750255516894704,-0.025969221835613863,-0.577093818569197
XGB,Bank,missing,feature_noise,0.1,0.45,balanced_accuracy,0.07845147176970502,0.05329356777748355,0.025157903992221467,0.559064533160477
XGB,Bank,missing,feature_noise,0.1,0.45,macro_f1,0.08590964261946432,0.052724956998633124,0.0331846856208312,0.7374374582406932
XGB,Bank,missing,feature_noise,0.1,0.45,mcc,0.14403560799191112,0.09637878525111088,0.04765682274080024,1.0590405053511163
SVM,Bank,missing,feature_noise,0.1,0.45,accuracy,0.0015999999999999348,0.028721648894642113,-0.027121648894642178,-0.6027033087698261
SVM,Bank,missing,feature_noise,0.1,0.45,balanced_accuracy,0.01993656693543433,0.03415753942257153,-0.014220972487137197,-0.316021610825271
SVM,Bank,missing,feature_noise,0.1,0.45,macro_f1,0.02623102009782685,0.034861285312582466,-0.008630265214755614,-0.19178367143901362
SVM,Bank,missing,feature_noise,0.1,0.45,mcc,0.036140030138251844,0.06251883771481168,-0.026378807576559832,-0.5861957239235518
SVM,Bank,missing,feature_noise,0.1,0.45,accuracy,0.005599999999999938,0.028721648894642113,-0.023121648894642174,-0.5138144198809371
SVM,Bank,missing,feature_noise,0.1,0.45,balanced_accuracy,0.03332333117157582,0.03415753942257153,-0.0008342082509957063,-0.018537961133237916
SVM,Bank,missing,feature_noise,0.1,0.45,macro_f1,0.046620707436515585,0.034861285312582466,0.01175942212393312,0.2613204916429582
SVM,Bank,missing,feature_noise,0.1,0.45,mcc,0.08052232415318938,0.06251883771481168,0.018003486438377708,0.4000774764083935
MLP,Bank,missing,feature_noise,0.1,0.45,accuracy,0.0038000000000000256,0.040859574805646504,-0.03705957480564648,-0.8235461067921439
MLP,Bank,missing,feature_noise,0.1,0.45,balanced_accuracy,0.030821177480294004,0.045878057394397286,-0.015056879914103281,-0.3345973314245173
MLP,Bank,missing,feature_noise,0.1,0.45,macro_f1,0.03252236674492248,0.04652665795665115,-0.014004291211728671,-0.31120647137174823
MLP,Bank,missing,feature_noise,0.1,0.45,mcc,0.049378223960567014,0.082752581266471,-0.03337435730590399,-0.7416523845756441
MLP,Bank,missing,feature_noise,0.1,0.45,accuracy,0.0031999999999999806,0.040859574805646504,-0.03765957480564652,-0.8368794401254782
MLP,Bank,missing,feature_noise,0.1,0.45,balanced_accuracy,0.03863738291824359,0.045878057394397286,-0.007240674476153695,-0.16090387724785987
MLP,Bank,missing,feature_noise,0.1,0.45,macro_f1,0.043736983962012976,0.04652665795665115,-0.002789673994638177,-0.061992755436403923
MLP,Bank,missing,feature_noise,0.1,0.45,mcc,0.05818216928880454,0.082752581266471,-0.024570411977666462,-0.5460091550592546
GB,Bank,missing,feature_noise,0.1,0.45,accuracy,0.008999999999999897,0.03792989392456916,-0.02892989392456926,-0.6428865316570945
GB,Bank,missing,feature_noise,0.1,0.45,balanced_accuracy,0.054032000464616536,0.049381547825443246,0.00465045263917329,0.10334339198162866
GB,Bank,missing,feature_noise,0.1,0.45,macro_f1,0.0552851056584035,0.04920030938507889,0.006084796273324609,0.13521769496276909
GB,Bank,missing,feature_noise,0.1,0.45,mcc,0.09594917060580316,0.08963960619722214,0.00630956440858102,0.14021254241291153
GB,Bank,missing,feature_noise,0.1,0.45,accuracy,0.010199999999999876,0.03792989392456916,-0.02772989392456928,-0.6162198649904284
GB,Bank,missing,feature_noise,0.1,0.45,balanced_accuracy,0.05471150216337073,0.049381547825443246,0.0053299543379274825,0.11844342973172182
GB,Bank,missing,feature_noise,0.1,0.45,macro_f1,0.056952153648504256,0.04920030938507889,0.007751844263425366,0.17226320585389698
GB,Bank,missing,feature_noise,0.1,0.45,mcc,0.10022382376117317,0.08963960619722214,0.010584217563951032,0.23520483475446735
LR,Wine,missing,feature_noise,0.1,0.45,accuracy,0.06354497354497346,0.04312596412908897,0.02041900941588449,0.453755764797433
LR,Wine,missing,feature_noise,0.1,0.45,balanced_accuracy,0.06528459195125869,0.04927884835003217,0.016005743601226516,0.355683191138367
LR,Wine,missing,feature_noise,0.1,0.45,macro_f1,0.061418406908416046,0.049523049393226826,0.01189535751518922,0.264341278115316
LR,Wine,missing,feature_noise,0.1,0.45,mcc,0.09406205900658693,0.0917162331720354,0.002345825834551535,0.0521294629900341
LR,Wine,missing,feature_noise,0.1,0.45,accuracy,0.046719576719576494,0.04312596412908897,0.003593612590487523,0.07985805756638939
LR,Wine,missing,feature_noise,0.1,0.45,balanced_accuracy,0.04295654962321638,0.04927884835003217,-0.006322298726815792,-0.14049552726257314
LR,Wine,missing,feature_noise,0.1,0.45,macro_f1,0.04309492801924575,0.049523049393226826,-0.006428121373981077,-0.14284714164402393
LR,Wine,missing,feature_noise,0.1,0.45,mcc,0.06989219514539047,0.0917162331720354,-0.021824038026644926,-0.48497862281433163
RF,Wine,missing,feature_noise,0.1,0.45,accuracy,0.04507936507936516,0.040065839034645674,0.005013526044719489,0.1114116898826553
RF,Wine,missing,feature_noise,0.1,0.45,balanced_accuracy,0.046854256854256704,0.052951753546952904,-0.0060974966926962,-0.13549992650436
RF,Wine,missing,feature_noise,0.1,0.45,macro_f1,0.044016074049464615,0.05575187291412486,-0.011735798864660245,-0.2607955303257832
RF,Wine,missing,feature_noise,0.1,0.45,mcc,0.06883671069182107,0.0981051472200591,-0.02926843652823803,-0.6504097006275117
RF,Wine,missing,feature_noise,0.1,0.45,accuracy,0.050476190476190674,0.040065839034645674,0.010410351441545,0.23134114314544443
RF,Wine,missing,feature_noise,0.1,0.45,balanced_accuracy,0.04976430976430979,0.052951753546952904,-0.003187443782643115,-0.07083208405873588
RF,Wine,missing,feature_noise,0.1,0.45,macro_f1,0.046762491659252725,0.05575187291412486,-0.008989381254872135,-0.1997640278860474
RF,Wine,missing,feature_noise,0.1,0.45,mcc,0.0762176274596923,0.0981051472200591,-0.021887519760366805,-0.48638932800815116
XGB,Wine,missing,feature_noise,0.1,0.45,accuracy,0.02984126984126967,0.03750255516894704,-0.007661285327677368,-0.17025078505949706
XGB,Wine,missing,feature_noise,0.1,0.45,balanced_accuracy,0.032658329324996016,0.05329356777748355,-0.020635238452487534,-0.4585608544997229
XGB,Wine,missing,feature_noise,0.1,0.45,macro_f1,0.029072333458546318,0.052724956998633124,-0.023652623540086806,-0.5256138564463734
XGB,Wine,missing,feature_noise,0.1,0.45,mcc,0.043960209270037964,0.09637878525111088,-0.05241857598107291,-1.1648572440238423
XGB,Wine,missing,feature_noise,0.1,0.45,accuracy,0.04634920634920636,0.03750255516894704,0.008846651180259325,0.1965922484502072
XGB,Wine,missing,feature_noise,0.1,0.45,balanced_accuracy,0.04482283148949817,0.05329356777748355,-0.008470736287985378,-0.18823858417745282
XGB,Wine,missing,feature_noise,0.1,0.45,macro_f1,0.04416824441501377,0.052724956998633124,-0.008556712583619355,-0.19014916852487454
XGB,Wine,missing,feature_noise,0.1,0.45,mcc,0.07092796164646042,0.09637878525111088,-0.025450823604650452,-0.5655738578811211
SVM,Wine,missing,feature_noise,0.1,0.45,accuracy,0.0614285714285715,0.028721648894642113,0.032706922533929386,0.7268205007539863
SVM,Wine,missing,feature_noise,0.1,0.45,balanced_accuracy,0.05693282026615354,0.03415753942257153,0.02277528084358201,0.5061173520796002
SVM,Wine,missing,feature_noise,0.1,0.45,macro_f1,0.05711444848700509,0.034861285312582466,0.02225316317442262,0.49451473720939154
SVM,Wine,missing,feature_noise,0.1,0.45,mcc,0.08871296040057108,0.06251883771481168,0.026194122685759408,0.5820916152390979
SVM,Wine,missing,feature_noise,0.1,0.45,accuracy,0.017142857142857126,0.028721648894642113,-0.011578791751784986,-0.25730648337299966
SVM,Wine,missing,feature_noise,0.1,0.45,balanced_accuracy,0.018784672118005385,0.03415753942257153,-0.015372867304566142,-0.3416192734348031
SVM,Wine,missing,feature_noise,0.1,0.45,macro_f1,0.015596031924947407,0.034861285312582466,-0.01926525338763506,-0.4281167419474457
SVM,Wine,missing,feature_noise,0.1,0.45,mcc,0.024864794036018933,0.06251883771481168,-0.03765404367879274,-0.8367565261953942
MLP,Wine,missing,feature_noise,0.1,0.45,accuracy,0.10486772486772467,0.040859574805646504,0.06400815006207816,1.422403334712848
MLP,Wine,missing,feature_noise,0.1,0.45,balanced_accuracy,0.10123617123617146,0.045878057394397286,0.05535811384177417,1.2301803075949815
MLP,Wine,missing,feature_noise,0.1,0.45,macro_f1,0.10444933208287333,0.04652665795665115,0.05792267412622217,1.2871705361382704
MLP,Wine,missing,feature_noise,0.1,0.45,mcc,0.15058836051534208,0.082752581266471,0.06783577924887108,1.5074617610860237
MLP,Wine,missing,feature_noise,0.1,0.45,accuracy,0.07661375661375658,0.040859574805646504,0.035754181808110075,0.7945373735135571
MLP,Wine,missing,feature_noise,0.1,0.45,balanced_accuracy,0.07541606541606571,0.045878057394397286,0.02953800802166843,0.6564001782592983
MLP,Wine,missing,feature_noise,0.1,0.45,macro_f1,0.07659067582400303,0.04652665795665115,0.030064017867351876,0.6680892859411527
MLP,Wine,missing,feature_noise,0.1,0.45,mcc,0.11493742385070593,0.082752581266471,0.03218484258423493,0.7152187240941095
GB,Wine,missing,feature_noise,0.1,0.45,accuracy,0.06603174603174611,0.03792989392456916,0.02810185210717695,0.6244856023817099
GB,Wine,missing,feature_noise,0.1,0.45,balanced_accuracy,0.06224787558120903,0.049381547825443246,0.012866327755765787,0.285918394572573
GB,Wine,missing,feature_noise,0.1,0.45,macro_f1,0.06464421041444035,0.04920030938507889,0.01544390102936146,0.34319780065247685
GB,Wine,missing,feature_noise,0.1,0.45,mcc,0.10248807743229005,0.08963960619722214,0.01284847123506791,0.2855215830015091
GB,Wine,missing,feature_noise,0.1,0.45,accuracy,0.05396825396825389,0.03792989392456916,0.01603836004368473,0.35640800097077174
GB,Wine,missing,feature_noise,0.1,0.45,balanced_accuracy,0.05508096841430177,0.049381547825443246,0.005699420588858521,0.12665379086352269
GB,Wine,missing,feature_noise,0.1,0.45,macro_f1,0.054936633271168156,0.04920030938507889,0.005736323886089266,0.127473864135317
GB,Wine,missing,feature_noise,0.1,0.45,mcc,0.0848075440816135,0.08963960619722214,-0.004832062115608632,-0.10737915812463625
LR,BreastCancer,missing,feature_noise,0.1,0.45,accuracy,0.02988666356155878,0.04312596412908897,-0.013239300567530192,-0.2942066792784487
LR,BreastCancer,missing,feature_noise,0.1,0.45,balanced_accuracy,0.02960051436959399,0.04927884835003217,-0.01967833398043818,-0.43729631067640395
LR,BreastCancer,missing,feature_noise,0.1,0.45,macro_f1,0.03170432335137796,0.049523049393226826,-0.017818726041848865,-0.3959716898188636
LR,BreastCancer,missing,feature_noise,0.1,0.45,mcc,0.0635031110869676,0.0917162331720354,-0.028213122085067793,-0.626958268557062
LR,BreastCancer,missing,feature_noise,0.1,0.45,accuracy,0.02111473373699746,0.04312596412908897,-0.02201123039209151,-0.4891384531575891
LR,BreastCancer,missing,feature_noise,0.1,0.45,balanced_accuracy,0.02272768826568372,0.04927884835003217,-0.02655116008434845,-0.5900257796521877
LR,BreastCancer,missing,feature_noise,0.1,0.45,macro_f1,0.02271698662527233,0.049523049393226826,-0.026806062767954497,-0.5956902837323221
LR,BreastCancer,missing,feature_noise,0.1,0.45,mcc,0.04589054534741843,0.0917162331720354,-0.04582568782461696,-1.0183486183248212
RF,BreastCancer,missing,feature_noise,0.1,0.45,accuracy,0.031604823267608606,0.040065839034645674,-0.008461015767037068,-0.18802257260082372
RF,BreastCancer,missing,feature_noise,0.1,0.45,balanced_accuracy,0.03262007445187931,0.052951753546952904,-0.020331679095073593,-0.45181509100163536
RF,BreastCancer,missing,feature_noise,0.1,0.45,macro_f1,0.03382222111001454,0.05575187291412486,-0.02192965180411032,-0.487325595646896
RF,BreastCancer,missing,feature_noise,0.1,0.45,mcc,0.06734212388953054,0.0981051472200591,-0.030763023330528563,-0.6836227406784124
RF,BreastCancer,missing,feature_noise,0.1,0.45,accuracy,0.021078507478135,0.040065839034645674,-0.018987331556510674,-0.4219407012557927
RF,BreastCancer,missing,feature_noise,0.1,0.45,balanced_accuracy,0.025366670306074313,0.052951753546952904,-0.02758508324087859,-0.613001849797302
RF,BreastCancer,missing,feature_noise,0.1,0.45,macro_f1,0.02329390866681802,0.05575187291412486,-0.03245796424730684,-0.7212880943845964
RF,BreastCancer,missing,feature_noise,0.1,0.45,mcc,0.046430824506443424,0.0981051472200591,-0.051674322713615675,-1.1483182825247926
XGB,BreastCancer,missing,feature_noise,0.1,0.45,accuracy,0.039207162448895105,0.03750255516894704,0.0017046072799480685,0.03788016177662374
XGB,BreastCancer,missing,feature_noise,0.1,0.45,balanced_accuracy,0.03994940790306001,0.05329356777748355,-0.013344159874423542,-0.29653688609830087
XGB,BreastCancer,missing,feature_noise,0.1,0.45,macro_f1,0.04176977158039541,0.052724956998633124,-0.010955185418237715,-0.24344856484972696
XGB,BreastCancer,missing,feature_noise,0.1,0.45,mcc,0.08323000343529385,0.09637878525111088,-0.013148781815817023,-0.2921951514626005
XGB,BreastCancer,missing,feature_noise,0.1,0.45,accuracy,0.028665321119908826,0.03750255516894704,-0.00883723404903821,-0.19638297886751577
XGB,BreastCancer,missing,feature_noise,0.1,0.45,balanced_accuracy,0.030435021845110266,0.05329356777748355,-0.022858545932373284,-0.5079676873860729
XGB,BreastCancer,missing,feature_noise,0.1,0.45,macro_f1,0.030974606767198654,0.052724956998633124,-0.02175035023143447,-0.4833411162540993
XGB,BreastCancer,missing,feature_noise,0.1,0.45,mcc,0.061418579565690856,0.09637878525111088,-0.03496020568542002,-0.7768934596760003
SVM,BreastCancer,missing,feature_noise,0.1,0.45,accuracy,0.02810640169745915,0.028721648894642113,-0.0006152471971829637,-0.013672159937399193
SVM,BreastCancer,missing,feature_noise,0.1,0.45,balanced_accuracy,0.034194963060013794,0.03415753942257153,3.7423637442267343e-05,0.0008316363876059409
SVM,BreastCancer,missing,feature_noise,0.1,0.45,macro_f1,0.03051831260085558,0.034861285312582466,-0.004342972711726886,-0.09651050470504191
SVM,BreastCancer,missing,feature_noise,0.1,0.45,mcc,0.05976433002272852,0.06251883771481168,-0.002754507692083158,-0.06121128204629239
SVM,BreastCancer,missing,feature_noise,0.1,0.45,accuracy,0.021104383377322455,0.028721648894642113,-0.007617265517319657,-0.16927256705154792
SVM,BreastCancer,missing,feature_noise,0.1,0.45,balanced_accuracy,0.023809393830684367,0.03415753942257153,-0.01034814559188716,-0.22995879093082575
SVM,BreastCancer,missing,feature_noise,0.1,0.45,macro_f1,0.022763473502541487,0.034861285312582466,-0.012097811810040979,-0.268840262445355
SVM,BreastCancer,missing,feature_noise,0.1,0.45,mcc,0.04499705560884448,0.06251883771481168,-0.017521782105967193,-0.3893729356881598
MLP,BreastCancer,missing,feature_noise,0.1,0.45,accuracy,0.02575687005123406,0.040859574805646504,-0.015102704754412444,-0.33561566120916536
MLP,BreastCancer,missing,feature_noise,0.1,0.45,balanced_accuracy,0.027680986868671043,0.045878057394397286,-0.018197070525726243,-0.4043793450161387
MLP,BreastCancer,missing,feature_noise,0.1,0.45,macro_f1,0.027870420978956867,0.04652665795665115,-0.018656236977694286,-0.4145830439487619
MLP,BreastCancer,missing,feature_noise,0.1,0.45,mcc,0.05460922132308377,0.082752581266471,-0.028143359943387236,-0.6254079987419385
MLP,BreastCancer,missing,feature_noise,0.1,0.45,accuracy,0.0011488899239248118,0.040859574805646504,-0.03971068488172169,-0.8824596640382597
MLP,BreastCancer,missing,feature_noise,0.1,0.45,balanced_accuracy,0.0035073273404423455,0.045878057394397286,-0.04237073005395494,-0.9415717789767764
MLP,BreastCancer,missing,feature_noise,0.1,0.45,macro_f1,0.001572140772709174,0.04652665795665115,-0.04495451718394198,-0.9989892707542661
MLP,BreastCancer,missing,feature_noise,0.1,0.45,mcc,0.00242019052968101,0.082752581266471,-0.08033239073679,-1.785164238595333
GB,BreastCancer,missing,feature_noise,0.1,0.45,accuracy,0.021026755679759757,0.03792989392456916,-0.0169031382448094,-0.37562529432909775
GB,BreastCancer,missing,feature_noise,0.1,0.45,balanced_accuracy,0.023944008582069465,0.049381547825443246,-0.02543753924337378,-0.5652786498527507
GB,BreastCancer,missing,feature_noise,0.1,0.45,macro_f1,0.023039862497780006,0.04920030938507889,-0.026160446887298884,-0.5813432641621974
GB,BreastCancer,missing,feature_noise,0.1,0.45,mcc,0.044922784300656105,0.08963960619722214,-0.044716821896566034,-0.9937071532570229
GB,BreastCancer,missing,feature_noise,0.1,0.45,accuracy,0.015779123324535682,0.03792989392456916,-0.022150770600033474,-0.4922393466674105
GB,BreastCancer,missing,feature_noise,0.1,0.45,balanced_accuracy,0.019627476313522907,0.049381547825443246,-0.02975407151192034,-0.6612015891537852
GB,BreastCancer,missing,feature_noise,0.1,0.45,macro_f1,0.017471840828445218,0.04920030938507889,-0.03172846855663367,-0.7050770790363038
GB,BreastCancer,missing,feature_noise,0.1,0.45,mcc,0.033762755770141206,0.08963960619722214,-0.05587685042708093,-1.241707787268465
LR,Digits,missing,feature_noise,0.1,0.45,accuracy,0.08312906220984217,0.04312596412908897,0.040003098080753204,0.8889577351278488
LR,Digits,missing,feature_noise,0.1,0.45,balanced_accuracy,0.08315683611634095,0.04927884835003217,0.03387798776630878,0.7528441725846394
LR,Digits,missing,feature_noise,0.1,0.45,macro_f1,0.08324144596079097,0.049523049393226826,0.033718396567564146,0.7492977015014254
LR,Digits,missing,feature_noise,0.1,0.45,mcc,0.16580894551278802,0.0917162331720354,0.07409271234075263,1.6465047186833914
LR,Digits,missing,feature_noise,0.1,0.45,accuracy,0.05917982048901271,0.04312596412908897,0.016053856359923742,0.35675236355386086
LR,Digits,missing,feature_noise,0.1,0.45,balanced_accuracy,0.059177803841682364,0.04927884835003217,0.009898955491650194,0.21997678870333762
LR,Digits,missing,feature_noise,0.1,0.45,macro_f1,0.059226471913515266,0.049523049393226826,0.00970342252028844,0.2156316115619653
LR,Digits,missing,feature_noise,0.1,0.45,mcc,0.11809289522480104,0.0917162331720354,0.026376662052765648,0.5861480456170143
RF,Digits,missing,feature_noise,0.1,0.45,accuracy,0.06065046941091512,0.040065839034645674,0.020584630376269446,0.4574362305837654
RF,Digits,missing,feature_noise,0.1,0.45,balanced_accuracy,0.06065527285364303,0.052951753546952904,0.007703519306690124,0.17118931792644718
RF,Digits,missing,feature_noise,0.1,0.45,macro_f1,0.06065281046070459,0.05575187291412486,0.004900937546579727,0.10890972325732726
RF,Digits,missing,feature_noise,0.1,0.45,mcc,0.12133128965617335,0.0981051472200591,0.023226142436114247,0.5161364985803165
RF,Digits,missing,feature_noise,0.1,0.45,accuracy,0.057329516145672166,0.040065839034645674,0.01726367711102649,0.383637269133922
RF,Digits,missing,feature_noise,0.1,0.45,balanced_accuracy,0.057337389242694825,0.052951753546952904,0.004385635695741921,0.09745857101648712
RF,Digits,missing,feature_noise,0.1,0.45,macro_f1,0.05735268497829571,0.05575187291412486,0.0016008120641708493,0.03557360142601887
RF,Digits,missing,feature_noise,0.1,0.45,mcc,0.11432315479769228,0.0981051472200591,0.016218007577633184,0.36040016839184846
XGB,Digits,missing,feature_noise,0.1,0.45,accuracy,0.0502641081192613,0.03750255516894704,0.01276155295031426,0.2835900655625391
XGB,Digits,missing,feature_noise,0.1,0.45,balanced_accuracy,0.05026202797754353,0.05329356777748355,-0.0030315397999400168,-0.06736755110977814
XGB,Digits,missing,feature_noise,0.1,0.45,macro_f1,0.05026710874063467,0.052724956998633124,-0.0024578482579984545,-0.05461885017774343
XGB,Digits,missing,feature_noise,0.1,0.45,mcc,0.10053482340378717,0.09637878525111088,0.004156038152676289,0.09235640339280642
XGB,Digits,missing,feature_noise,0.1,0.45,accuracy,0.054731765191375126,0.03750255516894704,0.01722921002242809,0.38287133383173527
XGB,Digits,missing,feature_noise,0.1,0.45,balanced_accuracy,0.05473130172056051,0.05329356777748355,0.0014377339430769603,0.031949643179488
XGB,Digits,missing,feature_noise,0.1,0.45,macro_f1,0.05474791400274892,0.052724956998633124,0.002022957004115797,0.04495460009146215
XGB,Digits,missing,feature_noise,0.1,0.45,mcc,0.10923534615600838,0.09637878525111088,0.012856560904897507,0.2857013534421668
SVM,Digits,missing,feature_noise,0.1,0.45,accuracy,0.02689415041782728,0.028721648894642113,-0.0018274984768148345,-0.04061107726255187
SVM,Digits,missing,feature_noise,0.1,0.45,balanced_accuracy,0.026894417180228447,0.03415753942257153,-0.00726312224234308,-0.16140271649651286
SVM,Digits,missing,feature_noise,0.1,0.45,macro_f1,0.026895486162835547,0.034861285312582466,-0.007965799149746919,-0.17701775888326485
SVM,Digits,missing,feature_noise,0.1,0.45,mcc,0.053760311500896996,0.06251883771481168,-0.00875852621391468,-0.19463391586477066
SVM,Digits,missing,feature_noise,0.1,0.45,accuracy,0.022460538532961927,0.028721648894642113,-0.006261110361680186,-0.13913578581511524
SVM,Digits,missing,feature_noise,0.1,0.45,balanced_accuracy,0.02248397584287587,0.03415753942257153,-0.011673563579695657,-0.2594125239932368
SVM,Digits,missing,feature_noise,0.1,0.45,macro_f1,0.02247816531545621,0.034861285312582466,-0.012383119997126255,-0.2751804443805834
SVM,Digits,missing,feature_noise,0.1,0.45,mcc,0.04446622317917748,0.06251883771481168,-0.0180526145356342,-0.40116921190298216
MLP,Digits,missing,feature_noise,0.1,0.45,accuracy,0.03319870009285053,0.040859574805646504,-0.007660874712795973,-0.17024166028435495
MLP,Digits,missing,feature_noise,0.1,0.45,balanced_accuracy,0.033200047326563675,0.045878057394397286,-0.01267801006783361,-0.2817335570629691
MLP,Digits,missing,feature_noise,0.1,0.45,macro_f1,0.033204172935935694,0.04652665795665115,-0.013322485020715459,-0.29605522268256573
MLP,Digits,missing,feature_noise,0.1,0.45,mcc,0.06631504159967205,0.082752581266471,-0.01643753966679895,-0.3652786592621989
MLP,Digits,missing,feature_noise,0.1,0.45,accuracy,0.03488393686165292,0.040859574805646504,-0.005975637943993584,-0.13279195431096852
MLP,Digits,missing,feature_noise,0.1,0.45,balanced_accuracy,0.03489754484877794,0.045878057394397286,-0.010980512545619346,-0.24401138990265211
MLP,Digits,missing,feature_noise,0.1,0.45,macro_f1,0.034897621164136305,0.04652665795665115,-0.011629036792514848,-0.25842303983366327
MLP,Digits,missing,feature_noise,0.1,0.45,mcc,0.069501140708502,0.082752581266471,-0.013251440557969008,-0.2944764568437557
GB,Digits,missing,feature_noise,0.1,0.45,accuracy,0.06510626225110905,0.03792989392456916,0.02717636832653989,0.6039192961453309
GB,Digits,missing,feature_noise,0.1,0.45,balanced_accuracy,0.06509976302423603,0.049381547825443246,0.01571821519879279,0.34929367108428416
GB,Digits,missing,feature_noise,0.1,0.45,macro_f1,0.06513290332822264,0.04920030938507889,0.015932593943143745,0.3540576431809721
GB,Digits,missing,feature_noise,0.1,0.45,mcc,0.1298241468183161,0.08963960619722214,0.04018454062109397,0.8929897915798659
GB,Digits,missing,feature_noise,0.1,0.45,accuracy,0.06233776952439918,0.03792989392456916,0.02440787559983002,0.5423972355517782
GB,Digits,missing,feature_noise,0.1,0.45,balanced_accuracy,0.06234671166119665,0.049381547825443246,0.012965163835753406,0.2881147519056312
GB,Digits,missing,feature_noise,0.1,0.45,macro_f1,0.06237457715790351,0.04920030938507889,0.01317426777282462,0.2927615060627693
GB,Digits,missing,feature_noise,0.1,0.45,mcc,0.12417367070724628,0.08963960619722214,0.03453406451002414,0.7674236557783141
LR,Spambase,missing,feature_noise,0.25,0.2,accuracy,0.04672961022203326,0.044106233859156095,0.0026233763628771625,0.05246752725754325
LR,Spambase,missing,feature_noise,0.25,0.2,balanced_accuracy,0.05171194171212856,0.052630580143073216,-0.0009186384309446544,-0.018372768618893087
LR,Spambase,missing,feature_noise,0.25,0.2,macro_f1,0.0500741809496168,0.053321819804932134,-0.0032476388553153365,-0.06495277710630673
LR,Spambase,missing,feature_noise,0.25,0.2,mcc,0.09914744507497075,0.09623081937188642,0.002916625703084333,0.05833251406168666
LR,Spambase,missing,feature_noise,0.25,0.2,accuracy,0.04564241766196153,0.044106233859156095,0.0015361838028054367,0.030723676056108734
LR,Spambase,missing,feature_noise,0.25,0.2,balanced_accuracy,0.05031597628549145,0.052630580143073216,-0.002314603857581768,-0.04629207715163536
LR,Spambase,missing,feature_noise,0.25,0.2,macro_f1,0.04887347233354178,0.053321819804932134,-0.004448347471390356,-0.08896694942780711
LR,Spambase,missing,feature_noise,0.25,0.2,mcc,0.0966523326485158,0.09623081937188642,0.0004215132766293844,0.008430265532587689
RF,Spambase,missing,feature_noise,0.25,0.2,accuracy,0.04694511321972017,0.038582665225497755,0.008362447994222415,0.1672489598844483
RF,Spambase,missing,feature_noise,0.25,0.2,balanced_accuracy,0.05159841691061673,0.04968377787281744,0.0019146390377992872,0.038292780755985745
RF,Spambase,missing,feature_noise,0.25,0.2,macro_f1,0.05023599136703438,0.053496595505426875,-0.003260604138392492,-0.06521208276784984
RF,Spambase,missing,feature_noise,0.25,0.2,mcc,0.09928600503626817,0.09483556167200516,0.004450443364263007,0.08900886728526014
RF,Spambase,missing,feature_noise,0.25,0.2,accuracy,0.04781491447544417,0.038582665225497755,0.009232249249946416,0.1846449849989283
RF,Spambase,missing,feature_noise,0.25,0.2,balanced_accuracy,0.05337052702889644,0.04968377787281744,0.003686749156079,0.07373498312158
RF,Spambase,missing,feature_noise,0.25,0.2,macro_f1,0.05137655901068994,0.053496595505426875,-0.0021200364947369377,-0.04240072989473875
RF,Spambase,missing,feature_noise,0.25,0.2,mcc,0.1010481556338092,0.09483556167200516,0.0062125939618040416,0.12425187923608083
XGB,Spambase,missing,feature_noise,0.25,0.2,accuracy,0.046872570772160116,0.03535894796596919,0.011513622806190928,0.23027245612381855
XGB,Spambase,missing,feature_noise,0.25,0.2,balanced_accuracy,0.052344360399014134,0.05038051643128166,0.0019638439677324704,0.03927687935464941
XGB,Spambase,missing,feature_noise,0.25,0.2,macro_f1,0.04998670950859585,0.050590427484592734,-0.0006037179759968841,-0.012074359519937683
XGB,Spambase,missing,feature_noise,0.25,0.2,mcc,0.09897391749403317,0.09194564902594182,0.007028268468091348,0.14056536936182695
XGB,Spambase,missing,feature_noise,0.25,0.2,accuracy,0.0486147697052669,0.03535894796596919,0.013255821739297714,0.26511643478595426
XGB,Spambase,missing,feature_noise,0.25,0.2,balanced_accuracy,0.054349005993780786,0.05038051643128166,0.003968489562499122,0.07936979124998245
XGB,Spambase,missing,feature_noise,0.25,0.2,macro_f1,0.05187409709589008,0.050590427484592734,0.0012836696112973472,0.025673392225946945
XGB,Spambase,missing,feature_noise,0.25,0.2,mcc,0.10261423664916913,0.09194564902594182,0.01066858762322731,0.2133717524645462
SVM,Spambase,missing,feature_noise,0.25,0.2,accuracy,0.039846968481014766,0.03245262782902024,0.007394340651994527,0.14788681303989054
SVM,Spambase,missing,feature_noise,0.25,0.2,balanced_accuracy,0.04519433535694295,0.03976316256623004,0.00543117279071291,0.1086234558142582
SVM,Spambase,missing,feature_noise,0.25,0.2,macro_f1,0.04289778832999891,0.0422103471357416,0.0006874411942573086,0.013748823885146172
SVM,Spambase,missing,feature_noise,0.25,0.2,mcc,0.08439971223672604,0.07488794399516388,0.009511768241562163,0.19023536483124326
SVM,Spambase,missing,feature_noise,0.25,0.2,accuracy,0.033978347416953936,0.03245262782902024,0.0015257195879336966,0.03051439175867393
SVM,Spambase,missing,feature_noise,0.25,0.2,balanced_accuracy,0.03909248832988166,0.03976316256623004,-0.0006706742363483814,-0.013413484726967628
SVM,Spambase,missing,feature_noise,0.25,0.2,macro_f1,0.03668073000141181,0.0422103471357416,-0.005529617134329791,-0.11059234268659582
SVM,Spambase,missing,feature_noise,0.25,0.2,mcc,0.07187432236302582,0.07488794399516388,-0.0030136216321380582,-0.060272432642761165
MLP,Spambase,missing,feature_noise,0.25,0.2,accuracy,0.04527868259138634,0.04440323077792504,0.0008754518134613046,0.01750903626922609
MLP,Spambase,missing,feature_noise,0.25,0.2,balanced_accuracy,0.051545190396982354,0.051727914082769465,-0.00018272368578711035,-0.003654473715742207
MLP,Spambase,missing,feature_noise,0.25,0.2,macro_f1,0.048565451653525216,0.054066268510794616,-0.0055008168572694,-0.110016337145388
MLP,Spambase,missing,feature_noise,0.25,0.2,mcc,0.09594154426934576,0.0911198223054433,0.004821721963902459,0.09643443927804918
MLP,Spambase,missing,feature_noise,0.25,0.2,accuracy,0.03962863302333641,0.04440323077792504,-0.004774597754588626,-0.09549195509177252
MLP,Spambase,missing,feature_noise,0.25,0.2,balanced_accuracy,0.04523407580578731,0.051727914082769465,-0.006493838276982154,-0.12987676553964309
MLP,Spambase,missing,feature_noise,0.25,0.2,macro_f1,0.04246902710738765,0.054066268510794616,-0.011597241403406969,-0.23194482806813937
MLP,Spambase,missing,feature_noise,0.25,0.2,mcc,0.08386723803818708,0.0911198223054433,-0.0072525842672562235,-0.14505168534512447
GB,Spambase,missing,feature_noise,0.25,0.2,accuracy,0.04701647547561738,0.03503067524016147,0.01198580023545591,0.2397160047091182
GB,Spambase,missing,feature_noise,0.25,0.2,balanced_accuracy,0.053587841599170294,0.04637627723700217,0.0072115643621681255,0.1442312872433625
GB,Spambase,missing,feature_noise,0.25,0.2,macro_f1,0.050473984937695726,0.047365458063083836,0.00310852687461189,0.062170537492237804
GB,Spambase,missing,feature_noise,0.25,0.2,mcc,0.09930550708464903,0.08523167008961557,0.01407383699503345,0.281476739900669
GB,Spambase,missing,feature_noise,0.25,0.2,accuracy,0.05158405325024795,0.03503067524016147,0.01655337801008648,0.3310675602017296
GB,Spambase,missing,feature_noise,0.25,0.2,balanced_accuracy,0.05831445874883523,0.04637627723700217,0.011938181511833061,0.23876363023666122
GB,Spambase,missing,feature_noise,0.25,0.2,macro_f1,0.05529213191148086,0.047365458063083836,0.007926673848397021,0.15853347696794043
GB,Spambase,missing,feature_noise,0.25,0.2,mcc,0.10912160851745423,0.08523167008961557,0.023889938427838653,0.47779876855677306
LR,Bank,missing,feature_noise,0.25,0.2,accuracy,0.009133333333333105,0.044106233859156095,-0.03497290052582299,-0.6994580105164597
LR,Bank,missing,feature_noise,0.25,0.2,balanced_accuracy,0.05633185236809246,0.052630580143073216,0.003701272225019245,0.0740254445003849
LR,Bank,missing,feature_noise,0.25,0.2,macro_f1,0.06580240524226766,0.053321819804932134,0.012480585437335524,0.2496117087467105
LR,Bank,missing,feature_noise,0.25,0.2,mcc,0.10816684786432607,0.09623081937188642,0.011936028492439646,0.23872056984879292
LR,Bank,missing,feature_noise,0.25,0.2,accuracy,0.0005333333333332746,0.044106233859156095,-0.04357290052582282,-0.8714580105164563
LR,Bank,missing,feature_noise,0.25,0.2,balanced_accuracy,0.02551132018855684,0.052630580143073216,-0.027119259954516375,-0.5423851990903275
LR,Bank,missing,feature_noise,0.25,0.2,macro_f1,0.025481106516640706,0.053321819804932134,-0.02784071328829143,-0.5568142657658285
LR,Bank,missing,feature_noise,0.25,0.2,mcc,0.030374213794620242,0.09623081937188642,-0.06585660557726618,-1.3171321115453234
RF,Bank,missing,feature_noise,0.25,0.2,accuracy,0.010333333333333417,0.038582665225497755,-0.028249331892164338,-0.5649866378432867
RF,Bank,missing,feature_noise,0.25,0.2,balanced_accuracy,0.06417870959207317,0.04968377787281744,0.014494931719255727,0.28989863438511454
RF,Bank,missing,feature_noise,0.25,0.2,macro_f1,0.09248670711917084,0.053496595505426875,0.038990111613743966,0.7798022322748793
RF,Bank,missing,feature_noise,0.25,0.2,mcc,0.14980755731197404,0.09483556167200516,0.05497199563996888,1.0994399127993775
RF,Bank,missing,feature_noise,0.25,0.2,accuracy,0.009733333333333372,0.038582665225497755,-0.028849331892164383,-0.5769866378432876
RF,Bank,missing,feature_noise,0.25,0.2,balanced_accuracy,0.05864880474167011,0.04968377787281744,0.008965026868852671,0.17930053737705343
RF,Bank,missing,feature_noise,0.25,0.2,macro_f1,0.08339724605646293,0.053496595505426875,0.02990065055103605,0.598013011020721
RF,Bank,missing,feature_noise,0.25,0.2,mcc,0.13470388417158805,0.09483556167200516,0.03986832249958289,0.7973664499916577
XGB,Bank,missing,feature_noise,0.25,0.2,accuracy,0.013933333333333353,0.03535894796596919,-0.021425614632635835,-0.4285122926527167
XGB,Bank,missing,feature_noise,0.25,0.2,balanced_accuracy,0.09241513488399111,0.05038051643128166,0.04203461845270945,0.840692369054189
XGB,Bank,missing,feature_noise,0.25,0.2,macro_f1,0.10286399085045106,0.050590427484592734,0.052273563365858325,1.0454712673171664
XGB,Bank,missing,feature_noise,0.25,0.2,mcc,0.17390781110802064,0.09194564902594182,0.08196216208207882,1.6392432416415763
XGB,Bank,missing,feature_noise,0.25,0.2,accuracy,0.01093333333333335,0.03535894796596919,-0.024425614632635838,-0.48851229265271673
XGB,Bank,missing,feature_noise,0.25,0.2,balanced_accuracy,0.08923347949395521,0.05038051643128166,0.03885296306267355,0.777059261253471
XGB,Bank,missing,feature_noise,0.25,0.2,macro_f1,0.09846348933463789,0.050590427484592734,0.047873061850045154,0.957461237000903
XGB,Bank,missing,feature_noise,0.25,0.2,mcc,0.1573478039448964,0.09194564902594182,0.06540215491895457,1.3080430983790914
SVM,Bank,missing,feature_noise,0.25,0.2,accuracy,0.005199999999999871,0.03245262782902024,-0.027252627829020368,-0.5450525565804073
SVM,Bank,missing,feature_noise,0.25,0.2,balanced_accuracy,0.03754553403477512,0.03976316256623004,-0.002217628531454921,-0.04435257062909842
SVM,Bank,missing,feature_noise,0.25,0.2,macro_f1,0.052684762232453775,0.0422103471357416,0.010474415096712174,0.20948830193424348
SVM,Bank,missing,feature_noise,0.25,0.2,mcc,0.08334922916532328,0.07488794399516388,0.0084612851701594,0.169225703403188
SVM,Bank,missing,feature_noise,0.25,0.2,accuracy,0.0042000000000000925,0.03245262782902024,-0.028252627829020147,-0.5650525565804029
SVM,Bank,missing,feature_noise,0.25,0.2,balanced_accuracy,0.023633172330794094,0.03976316256623004,-0.016129990235435945,-0.3225998047087189
SVM,Bank,missing,feature_noise,0.25,0.2,macro_f1,0.03246509855519697,0.0422103471357416,-0.009745248580544631,-0.19490497161089262
SVM,Bank,missing,feature_noise,0.25,0.2,mcc,0.056660401889232576,0.07488794399516388,-0.018227542105931305,-0.3645508421186261
MLP,Bank,missing,feature_noise,0.25,0.2,accuracy,0.005800000000000027,0.04440323077792504,-0.03860323077792501,-0.7720646155585001
MLP,Bank,missing,feature_noise,0.25,0.2,balanced_accuracy,0.05419719745880547,0.051727914082769465,0.0024692833760360036,0.04938566752072007
MLP,Bank,missing,feature_noise,0.25,0.2,macro_f1,0.06465109481750764,0.054066268510794616,0.010584826306713022,0.21169652613426043
MLP,Bank,missing,feature_noise,0.25,0.2,mcc,0.09379041955766804,0.0911198223054433,0.002670597252224738,0.05341194504449476
MLP,Bank,missing,feature_noise,0.25,0.2,accuracy,0.0006000000000000449,0.04440323077792504,-0.043803230777924994,-0.8760646155584998
MLP,Bank,missing,feature_noise,0.25,0.2,balanced_accuracy,0.029750623521857866,0.051727914082769465,-0.0219772905609116,-0.43954581121823194
MLP,Bank,missing,feature_noise,0.25,0.2,macro_f1,0.03106304689791861,0.054066268510794616,-0.023003221612876004,-0.4600644322575201
MLP,Bank,missing,feature_noise,0.25,0.2,mcc,0.04144196308941295,0.0911198223054433,-0.04967785921603035,-0.993557184320607
GB,Bank,missing,feature_noise,0.25,0.2,accuracy,0.014599999999999946,0.03503067524016147,-0.020430675240161525,-0.4086135048032305
GB,Bank,missing,feature_noise,0.25,0.2,balanced_accuracy,0.08167087725411615,0.04637627723700217,0.03529460001711398,0.7058920003422795
GB,Bank,missing,feature_noise,0.25,0.2,macro_f1,0.08847970217734435,0.047365458063083836,0.04111424411426052,0.8222848822852104
GB,Bank,missing,feature_noise,0.25,0.2,mcc,0.15631281237572958,0.08523167008961557,0.07108114228611401,1.4216228457222801
GB,Bank,missing,feature_noise,0.25,0.2,accuracy,0.0040000000000000036,0.03503067524016147,-0.031030675240161468,-0.6206135048032293
GB,Bank,missing,feature_noise,0.25,0.2,balanced_accuracy,0.053425095101199305,0.04637627723700217,0.007048817864197136,0.14097635728394273
GB,Bank,missing,feature_noise,0.25,0.2,macro_f1,0.05168055986015174,0.047365458063083836,0.0043151017970679065,0.08630203594135813
GB,Bank,missing,feature_noise,0.25,0.2,mcc,0.07862032445919914,0.08523167008961557,-0.006611345630416432,-0.13222691260832864
LR,Wine,missing,feature_noise,0.25,0.2,accuracy,0.06894179894179886,0.044106233859156095,0.024835565082642765,0.49671130165285526
LR,Wine,missing,feature_noise,0.25,0.2,balanced_accuracy,0.06610229276895951,0.052630580143073216,0.013471712625886298,0.26943425251772596
LR,Wine,missing,feature_noise,0.25,0.2,macro_f1,0.06610765887111913,0.053321819804932134,0.012785839066187,0.25571678132374
LR,Wine,missing,feature_noise,0.25,0.2,mcc,0.09701269406758328,0.09623081937188642,0.0007818746956968631,0.01563749391393726
LR,Wine,missing,feature_noise,0.25,0.2,accuracy,0.06894179894179886,0.044106233859156095,0.024835565082642765,0.49671130165285526
LR,Wine,missing,feature_noise,0.25,0.2,balanced_accuracy,0.06721340388007047,0.052630580143073216,0.01458282373699725,0.291656474739945
LR,Wine,missing,feature_noise,0.25,0.2,macro_f1,0.06918262235143724,0.053321819804932134,0.015860802546505105,0.3172160509301021
LR,Wine,missing,feature_noise,0.25,0.2,mcc,0.10255719452233447,0.09623081937188642,0.006326375150448052,0.12652750300896104
RF,Wine,missing,feature_noise,0.25,0.2,accuracy,0.05603174603174599,0.038582665225497755,0.017449080806248234,0.34898161612496464
RF,Wine,missing,feature_noise,0.25,0.2,balanced_accuracy,0.05293891293891295,0.04968377787281744,0.0032551350660955103,0.0651027013219102
RF,Wine,missing,feature_noise,0.25,0.2,macro_f1,0.054937524247465896,0.053496595505426875,0.0014409287420390215,0.02881857484078043
RF,Wine,missing,feature_noise,0.25,0.2,mcc,0.08350707766404286,0.09483556167200516,-0.011328484007962297,-0.22656968015924595
RF,Wine,missing,feature_noise,0.25,0.2,accuracy,0.0676190476190478,0.038582665225497755,0.029036382393550046,0.5807276478710008
RF,Wine,missing,feature_noise,0.25,0.2,balanced_accuracy,0.06999999999999995,0.04968377787281744,0.02031622212718251,0.4063244425436502
RF,Wine,missing,feature_noise,0.25,0.2,macro_f1,0.06725264436294887,0.053496595505426875,0.01375604885752199,0.2751209771504398
RF,Wine,missing,feature_noise,0.25,0.2,mcc,0.1017710565426091,0.09483556167200516,0.0069354948706039365,0.13870989741207873
XGB,Wine,missing,feature_noise,0.25,0.2,accuracy,0.06365079365079362,0.03535894796596919,0.028291845684824436,0.5658369136964887
XGB,Wine,missing,feature_noise,0.25,0.2,balanced_accuracy,0.061388488055154844,0.05038051643128166,0.01100797162387318,0.2201594324774636
XGB,Wine,missing,feature_noise,0.25,0.2,macro_f1,0.060294070716590875,0.050590427484592734,0.00970364323199814,0.19407286463996282
XGB,Wine,missing,feature_noise,0.25,0.2,mcc,0.09614209694947518,0.09194564902594182,0.004196447923533353,0.08392895847066706
XGB,Wine,missing,feature_noise,0.25,0.2,accuracy,0.06349206349206338,0.03535894796596919,0.02813311552609419,0.5626623105218838
XGB,Wine,missing,feature_noise,0.25,0.2,balanced_accuracy,0.06254769921436587,0.05038051643128166,0.012167182783084207,0.24334365566168414
XGB,Wine,missing,feature_noise,0.25,0.2,macro_f1,0.061876251090362766,0.050590427484592734,0.011285823605770032,0.22571647211540063
XGB,Wine,missing,feature_noise,0.25,0.2,mcc,0.09434397111192361,0.09194564902594182,0.0023983220859817855,0.04796644171963571
SVM,Wine,missing,feature_noise,0.25,0.2,accuracy,0.06142857142857128,0.03245262782902024,0.028975943599551038,0.5795188719910207
SVM,Wine,missing,feature_noise,0.25,0.2,balanced_accuracy,0.058649991983325434,0.03976316256623004,0.018886829417095394,0.3777365883419079
SVM,Wine,missing,feature_noise,0.25,0.2,macro_f1,0.05991685873669583,0.0422103471357416,0.017706511600954232,0.3541302320190846
SVM,Wine,missing,feature_noise,0.25,0.2,mcc,0.09023976624503705,0.07488794399516388,0.015351822249873165,0.3070364449974633
SVM,Wine,missing,feature_noise,0.25,0.2,accuracy,0.05587301587301574,0.03245262782902024,0.023420388043995502,0.46840776087991004
SVM,Wine,missing,feature_noise,0.25,0.2,balanced_accuracy,0.05579284912618243,0.03976316256623004,0.01602968655995239,0.3205937311990478
SVM,Wine,missing,feature_noise,0.25,0.2,macro_f1,0.056714086728314794,0.0422103471357416,0.014503739592573194,0.29007479185146384
SVM,Wine,missing,feature_noise,0.25,0.2,mcc,0.08391386022554059,0.07488794399516388,0.009025916230376713,0.18051832460753425
MLP,Wine,missing,feature_noise,0.25,0.2,accuracy,0.11074074074074058,0.04440323077792504,0.06633750996281554,1.3267501992563107
MLP,Wine,missing,feature_noise,0.25,0.2,balanced_accuracy,0.0970803270803271,0.051727914082769465,0.045352412997557635,0.9070482599511527
MLP,Wine,missing,feature_noise,0.25,0.2,macro_f1,0.1157382483569318,0.054066268510794616,0.06167197984613719,1.2334395969227436
MLP,Wine,missing,feature_noise,0.25,0.2,mcc,0.14751614356708787,0.0911198223054433,0.056396321261644566,1.1279264252328913
MLP,Wine,missing,feature_noise,0.25,0.2,accuracy,0.0929629629629628,0.04440323077792504,0.048559732185037764,0.9711946437007553
MLP,Wine,missing,feature_noise,0.25,0.2,balanced_accuracy,0.09493987493987499,0.051727914082769465,0.043211960857105526,0.8642392171421105
MLP,Wine,missing,feature_noise,0.25,0.2,macro_f1,0.0949569819691567,0.054066268510794616,0.04089071345836208,0.8178142691672415
MLP,Wine,missing,feature_noise,0.25,0.2,mcc,0.14106172931345673,0.0911198223054433,0.04994190700801343,0.9988381401602686
GB,Wine,missing,feature_noise,0.25,0.2,accuracy,0.048412698412698574,0.03503067524016147,0.013382023172537102,0.26764046345074205
GB,Wine,missing,feature_noise,0.25,0.2,balanced_accuracy,0.044364277697610977,0.04637627723700217,-0.002011999539391192,-0.04023999078782384
GB,Wine,missing,feature_noise,0.25,0.2,macro_f1,0.04907708674261435,0.047365458063083836,0.001711628679530515,0.0342325735906103
GB,Wine,missing,feature_noise,0.25,0.2,mcc,0.07443494963909847,0.08523167008961557,-0.010796720450517105,-0.2159344090103421
GB,Wine,missing,feature_noise,0.25,0.2,accuracy,0.042857142857142816,0.03503067524016147,0.007826467616981345,0.1565293523396269
GB,Wine,missing,feature_noise,0.25,0.2,balanced_accuracy,0.041848645181978505,0.04637627723700217,-0.004527632055023663,-0.09055264110047326
GB,Wine,missing,feature_noise,0.25,0.2,macro_f1,0.042715437882488216,0.047365458063083836,-0.0046500201805956196,-0.09300040361191239
GB,Wine,missing,feature_noise,0.25,0.2,mcc,0.06513795739654715,0.08523167008961557,-0.020093712693068422,-0.40187425386136844
LR,BreastCancer,missing,feature_noise,0.25,0.2,accuracy,0.012311752833411016,0.044106233859156095,-0.03179448102574508,-0.6358896205149015
LR,BreastCancer,missing,feature_noise,0.25,0.2,balanced_accuracy,0.011775866222312303,0.052630580143073216,-0.04085471392076091,-0.8170942784152182
LR,BreastCancer,missing,feature_noise,0.25,0.2,macro_f1,0.013150167547252511,0.053321819804932134,-0.04017165225767962,-0.8034330451535924
LR,BreastCancer,missing,feature_noise,0.25,0.2,mcc,0.026589712229549867,0.09623081937188642,-0.06964110714233655,-1.392822142846731
LR,BreastCancer,missing,feature_noise,0.25,0.2,accuracy,0.017559385188635313,0.044106233859156095,-0.026546848670520783,-0.5309369734104156
LR,BreastCancer,missing,feature_noise,0.25,0.2,balanced_accuracy,0.019894539502302355,0.052630580143073216,-0.03273604064077086,-0.6547208128154172
LR,BreastCancer,missing,feature_noise,0.25,0.2,macro_f1,0.01918102913262687,0.053321819804932134,-0.034140790672305264,-0.6828158134461052
LR,BreastCancer,missing,feature_noise,0.25,0.2,mcc,0.03737431712655859,0.09623081937188642,-0.05885650224532783,-1.1771300449065565
RF,BreastCancer,missing,feature_noise,0.25,0.2,accuracy,0.01052114060963627,0.038582665225497755,-0.028061524615861484,-0.5612304923172297
RF,BreastCancer,missing,feature_noise,0.25,0.2,balanced_accuracy,0.008085203728833035,0.04968377787281744,-0.04159857414398441,-0.8319714828796881
RF,BreastCancer,missing,feature_noise,0.25,0.2,macro_f1,0.01081498632410638,0.053496595505426875,-0.042681609181320496,-0.8536321836264099
RF,BreastCancer,missing,feature_noise,0.25,0.2,mcc,0.02187052997364458,0.09483556167200516,-0.07296503169836058,-1.4593006339672114
RF,BreastCancer,missing,feature_noise,0.25,0.2,accuracy,0.021062981938622327,0.038582665225497755,-0.017519683286875427,-0.3503936657375085
RF,BreastCancer,missing,feature_noise,0.25,0.2,balanced_accuracy,0.018461349492302714,0.04968377787281744,-0.031222428380514727,-0.6244485676102945
RF,BreastCancer,missing,feature_noise,0.25,0.2,macro_f1,0.022216383643917537,0.053496595505426875,-0.03128021186150934,-0.6256042372301868
RF,BreastCancer,missing,feature_noise,0.25,0.2,mcc,0.045239244433588066,0.09483556167200516,-0.04959631723841709,-0.9919263447683418
XGB,BreastCancer,missing,feature_noise,0.25,0.2,accuracy,0.019893391295347507,0.03535894796596919,-0.015465556670621682,-0.3093111334124336
XGB,BreastCancer,missing,feature_noise,0.25,0.2,balanced_accuracy,0.016862111514912126,0.05038051643128166,-0.03351840491636954,-0.6703680983273907
XGB,BreastCancer,missing,feature_noise,0.25,0.2,macro_f1,0.020918672883018852,0.050590427484592734,-0.029671754601573883,-0.5934350920314776
XGB,BreastCancer,missing,feature_noise,0.25,0.2,mcc,0.040385678643488854,0.09194564902594182,-0.05155997038245297,-1.0311994076490594
XGB,BreastCancer,missing,feature_noise,0.25,0.2,accuracy,0.033912953475133234,0.03535894796596919,-0.0014459944908359543,-0.028919889816719085
XGB,BreastCancer,missing,feature_noise,0.25,0.2,balanced_accuracy,0.0347711159289934,0.05038051643128166,-0.015609400502288262,-0.31218801004576524
XGB,BreastCancer,missing,feature_noise,0.25,0.2,macro_f1,0.03640254437509449,0.050590427484592734,-0.014187883109498242,-0.28375766218996484
XGB,BreastCancer,missing,feature_noise,0.25,0.2,mcc,0.07291467613642388,0.09194564902594182,-0.01903097288951794,-0.3806194577903588
SVM,BreastCancer,missing,feature_noise,0.25,0.2,accuracy,0.01754903482896053,0.03245262782902024,-0.014903593000059709,-0.2980718600011942
SVM,BreastCancer,missing,feature_noise,0.25,0.2,balanced_accuracy,0.017099171254919776,0.03976316256623004,-0.022663991311310264,-0.4532798262262053
SVM,BreastCancer,missing,feature_noise,0.25,0.2,macro_f1,0.018622276836872786,0.0422103471357416,-0.023588070298868814,-0.47176140597737626
SVM,BreastCancer,missing,feature_noise,0.25,0.2,mcc,0.036680363890996825,0.07488794399516388,-0.038207580104167055,-0.7641516020833411
SVM,BreastCancer,missing,feature_noise,0.25,0.2,accuracy,0.015794648864048133,0.03245262782902024,-0.016657978964972106,-0.3331595792994421
SVM,BreastCancer,missing,feature_noise,0.25,0.2,balanced_accuracy,0.01776934215109771,0.03976316256623004,-0.02199382041513233,-0.43987640830264657
SVM,BreastCancer,missing,feature_noise,0.25,0.2,macro_f1,0.01710484963911907,0.0422103471357416,-0.025105497496622532,-0.5021099499324506
SVM,BreastCancer,missing,feature_noise,0.25,0.2,mcc,0.03353720125653381,0.07488794399516388,-0.04135074273863007,-0.8270148547726014
MLP,BreastCancer,missing,feature_noise,0.25,0.2,accuracy,0.008197484862598747,0.04440323077792504,-0.03620574591532629,-0.7241149183065257
MLP,BreastCancer,missing,feature_noise,0.25,0.2,balanced_accuracy,0.009196501142947344,0.051727914082769465,-0.04253141293982212,-0.8506282587964423
MLP,BreastCancer,missing,feature_noise,0.25,0.2,macro_f1,0.009097454844584019,0.054066268510794616,-0.0449688136662106,-0.8993762733242119
MLP,BreastCancer,missing,feature_noise,0.25,0.2,mcc,0.016387792431800552,0.0911198223054433,-0.07473202987364275,-1.494640597472855
MLP,BreastCancer,missing,feature_noise,0.25,0.2,accuracy,-0.0006210215805000363,0.04440323077792504,-0.045024252358425075,-0.9004850471685014
MLP,BreastCancer,missing,feature_noise,0.25,0.2,balanced_accuracy,0.003257053085091055,0.051727914082769465,-0.04847086099767841,-0.9694172199535681
MLP,BreastCancer,missing,feature_noise,0.25,0.2,macro_f1,0.00023674755789915292,0.054066268510794616,-0.05382952095289546,-1.0765904190579092
MLP,BreastCancer,missing,feature_noise,0.25,0.2,mcc,-0.0013165481580968974,0.0911198223054433,-0.0924363704635402,-1.848727409270804
GB,BreastCancer,missing,feature_noise,0.25,0.2,accuracy,0.013978160741085821,0.03503067524016147,-0.02105251449907565,-0.421050289981513
GB,BreastCancer,missing,feature_noise,0.25,0.2,balanced_accuracy,0.011554750553276483,0.04637627723700217,-0.034821526683725686,-0.6964305336745137
GB,BreastCancer,missing,feature_noise,0.25,0.2,macro_f1,0.014483902809246496,0.047365458063083836,-0.03288155525383734,-0.6576311050767467
GB,BreastCancer,missing,feature_noise,0.25,0.2,mcc,0.027303584215521925,0.08523167008961557,-0.05792808587409365,-1.158561717481873
GB,BreastCancer,missing,feature_noise,0.25,0.2,accuracy,0.019287895254360143,0.03503067524016147,-0.015742779985801328,-0.31485559971602656
GB,BreastCancer,missing,feature_noise,0.25,0.2,balanced_accuracy,0.0206263636946572,0.04637627723700217,-0.025749913542344967,-0.5149982708468993
GB,BreastCancer,missing,feature_noise,0.25,0.2,macro_f1,0.02088026458282055,0.047365458063083836,-0.026485193480263285,-0.5297038696052656
GB,BreastCancer,missing,feature_noise,0.25,0.2,mcc,0.0420618632591262,0.08523167008961557,-0.04316980683048938,-0.8633961366097875
LR,Digits,missing,feature_noise,0.25,0.2,accuracy,0.07643299288146077,0.044106233859156095,0.032326759022304676,0.6465351804460935
LR,Digits,missing,feature_noise,0.25,0.2,balanced_accuracy,0.07640961140775937,0.052630580143073216,0.023779031264686154,0.4755806252937231
LR,Digits,missing,feature_noise,0.25,0.2,macro_f1,0.07649841717848538,0.053321819804932134,0.023176597373553244,0.46353194747106485
LR,Digits,missing,feature_noise,0.25,0.2,mcc,0.1524242266401734,0.09623081937188642,0.05619340726828699,1.1238681453657398
LR,Digits,missing,feature_noise,0.25,0.2,accuracy,0.07421077065923853,0.044106233859156095,0.03010453680008244,0.6020907360016488
LR,Digits,missing,feature_noise,0.25,0.2,balanced_accuracy,0.07419963236176685,0.052630580143073216,0.021569052218693638,0.43138104437387276
LR,Digits,missing,feature_noise,0.25,0.2,macro_f1,0.07424535104531294,0.053321819804932134,0.0209235312403808,0.418470624807616
LR,Digits,missing,feature_noise,0.25,0.2,mcc,0.14830873273411738,0.09623081937188642,0.05207791336223096,1.041558267244619
RF,Digits,missing,feature_noise,0.25,0.2,accuracy,0.07068141958114116,0.038582665225497755,0.032098754355643404,0.641975087112868
RF,Digits,missing,feature_noise,0.25,0.2,balanced_accuracy,0.07065537573747704,0.04968377787281744,0.020971597864659602,0.41943195729319205
RF,Digits,missing,feature_noise,0.25,0.2,macro_f1,0.07069733356473007,0.053496595505426875,0.017200738059303194,0.3440147611860639
RF,Digits,missing,feature_noise,0.25,0.2,mcc,0.14107525818763322,0.09483556167200516,0.046239696515628065,0.9247939303125613
RF,Digits,missing,feature_noise,0.25,0.2,accuracy,0.06511812648302917,0.038582665225497755,0.026535461257531416,0.5307092251506282
RF,Digits,missing,feature_noise,0.25,0.2,balanced_accuracy,0.06508123250260345,0.04968377787281744,0.015397454629786006,0.3079490925957201
RF,Digits,missing,feature_noise,0.25,0.2,macro_f1,0.06513706162734245,0.053496595505426875,0.011640466121915577,0.23280932243831154
RF,Digits,missing,feature_noise,0.25,0.2,mcc,0.12978910076980643,0.09483556167200516,0.03495353909780127,0.6990707819560255
XGB,Digits,missing,feature_noise,0.25,0.2,accuracy,0.06752037552873191,0.03535894796596919,0.032161427562762725,0.6432285512552545
XGB,Digits,missing,feature_noise,0.25,0.2,balanced_accuracy,0.06750304364675164,0.05038051643128166,0.017122527215469974,0.3424505443093995
XGB,Digits,missing,feature_noise,0.25,0.2,macro_f1,0.06754312729004386,0.050590427484592734,0.016952699805451124,0.3390539961090225
XGB,Digits,missing,feature_noise,0.25,0.2,mcc,0.1346629561420153,0.09194564902594182,0.042717307116073466,0.8543461423214693
XGB,Digits,missing,feature_noise,0.25,0.2,accuracy,0.06196636748168782,0.03535894796596919,0.026607419515718635,0.5321483903143727
XGB,Digits,missing,feature_noise,0.25,0.2,balanced_accuracy,0.061947385207362204,0.05038051643128166,0.011566868776080541,0.23133737552161082
XGB,Digits,missing,feature_noise,0.25,0.2,macro_f1,0.06197794689300762,0.050590427484592734,0.011387519408414884,0.22775038816829768
XGB,Digits,missing,feature_noise,0.25,0.2,mcc,0.12376591469446008,0.09194564902594182,0.031820265668518255,0.6364053133703651
SVM,Digits,missing,feature_noise,0.25,0.2,accuracy,0.04470287836583098,0.03245262782902024,0.012250250536810739,0.24500501073621478
SVM,Digits,missing,feature_noise,0.25,0.2,balanced_accuracy,0.044703300170444105,0.03976316256623004,0.004940137604214065,0.0988027520842813
SVM,Digits,missing,feature_noise,0.25,0.2,macro_f1,0.04470485164823168,0.0422103471357416,0.0024945045124900797,0.049890090249801594
SVM,Digits,missing,feature_noise,0.25,0.2,mcc,0.0893926100036333,0.07488794399516388,0.014504666008469419,0.2900933201693884
SVM,Digits,missing,feature_noise,0.25,0.2,accuracy,0.03860259981429903,0.03245262782902024,0.006149971985278793,0.12299943970557586
SVM,Digits,missing,feature_noise,0.25,0.2,balanced_accuracy,0.03858587885085618,0.03976316256623004,-0.0011772837153738586,-0.02354567430747717
SVM,Digits,missing,feature_noise,0.25,0.2,macro_f1,0.03860333365706803,0.0422103471357416,-0.003607013478673572,-0.07214026957347144
SVM,Digits,missing,feature_noise,0.25,0.2,mcc,0.07715604285822741,0.07488794399516388,0.0022680988630635335,0.04536197726127067
MLP,Digits,missing,feature_noise,0.25,0.2,accuracy,0.04265707211389669,0.04440323077792504,-0.0017461586640283508,-0.034923173280567016
MLP,Digits,missing,feature_noise,0.25,0.2,balanced_accuracy,0.04264769831716353,0.051727914082769465,-0.009080215765605935,-0.1816043153121187
MLP,Digits,missing,feature_noise,0.25,0.2,macro_f1,0.04267665660179143,0.054066268510794616,-0.011389611909003186,-0.22779223818006372
MLP,Digits,missing,feature_noise,0.25,0.2,mcc,0.08487880518828239,0.0911198223054433,-0.0062410171171609075,-0.12482034234321815
MLP,Digits,missing,feature_noise,0.25,0.2,accuracy,0.03990095945527705,0.04440323077792504,-0.004502271322647987,-0.09004542645295974
MLP,Digits,missing,feature_noise,0.25,0.2,balanced_accuracy,0.03987599068558367,0.051727914082769465,-0.011851923397185792,-0.23703846794371583
MLP,Digits,missing,feature_noise,0.25,0.2,macro_f1,0.03992981142749508,0.054066268510794616,-0.014136457083299539,-0.2827291416659908
MLP,Digits,missing,feature_noise,0.25,0.2,mcc,0.0791069786243479,0.0911198223054433,-0.012012843681095398,-0.24025687362190795
GB,Digits,missing,feature_noise,0.25,0.2,accuracy,0.06621892087073156,0.03503067524016147,0.031188245630570086,0.6237649126114017
GB,Digits,missing,feature_noise,0.25,0.2,balanced_accuracy,0.06617380166054498,0.04637627723700217,0.019797524423542816,0.3959504884708563
GB,Digits,missing,feature_noise,0.25,0.2,macro_f1,0.06625339228830507,0.047365458063083836,0.018887934225221233,0.3777586845044246
GB,Digits,missing,feature_noise,0.25,0.2,mcc,0.13181613654156488,0.08523167008961557,0.0465844664519493,0.931689329038986
GB,Digits,missing,feature_noise,0.25,0.2,accuracy,0.0634473331269989,0.03503067524016147,0.028416657886837435,0.5683331577367486
GB,Digits,missing,feature_noise,0.25,0.2,balanced_accuracy,0.06343299347373532,0.04637627723700217,0.017056716236733153,0.34113432473466304
GB,Digits,missing,feature_noise,0.25,0.2,macro_f1,0.06346720029315867,0.047365458063083836,0.01610174223007483,0.32203484460149656
GB,Digits,missing,feature_noise,0.25,0.2,mcc,0.1265971787415222,0.08523167008961557,0.041365508651906635,0.8273101730381327
LR,Spambase,missing,feature_noise,0.25,0.45,accuracy,0.07846236762183512,0.06132479506552538,0.017137572556309738,0.15233397827830877
LR,Spambase,missing,feature_noise,0.25,0.45,balanced_accuracy,0.08570344494040405,0.07170261817875084,0.014000826761653207,0.1244517934369174
LR,Spambase,missing,feature_noise,0.25,0.45,macro_f1,0.08404771398963451,0.07237203701523887,0.011675676974395643,0.10378379532796127
LR,Spambase,missing,feature_noise,0.25,0.45,mcc,0.16681556397242991,0.13219291763085994,0.034622646341569974,0.3077568563695109
LR,Spambase,missing,feature_noise,0.25,0.45,accuracy,0.07672040472706088,0.06132479506552538,0.015395609661535498,0.13684986365809332
LR,Spambase,missing,feature_noise,0.25,0.45,balanced_accuracy,0.0841500706480246,0.07170261817875084,0.012447452469273756,0.11064402194910006
LR,Spambase,missing,feature_noise,0.25,0.45,macro_f1,0.08239754054731774,0.07237203701523887,0.010025503532078872,0.0891155869518122
LR,Spambase,missing,feature_noise,0.25,0.45,mcc,0.1626486729976575,0.13219291763085994,0.030455755366797566,0.270717825482645
RF,Spambase,missing,feature_noise,0.25,0.45,accuracy,0.08302475255314778,0.055226430728502196,0.02779832182464559,0.24709619399684968
RF,Spambase,missing,feature_noise,0.25,0.45,balanced_accuracy,0.09506328775112327,0.07203394165513226,0.023029346095991013,0.2047052986310312
RF,Spambase,missing,feature_noise,0.25,0.45,macro_f1,0.09076919550324625,0.07670824058107154,0.014060954922174712,0.12498626597488632
RF,Spambase,missing,feature_noise,0.25,0.45,mcc,0.1757692705575875,0.1354915904228545,0.04027768013473301,0.358023823419849
RF,Spambase,missing,feature_noise,0.25,0.45,accuracy,0.07759020598278499,0.055226430728502196,0.02236377525428279,0.1987891133714026
RF,Spambase,missing,feature_noise,0.25,0.45,balanced_accuracy,0.08902118957937977,0.07203394165513226,0.01698724792424751,0.15099775932664453
RF,Spambase,missing,feature_noise,0.25,0.45,macro_f1,0.08479274613524201,0.07670824058107154,0.008084505554170479,0.07186227159262648
RF,Spambase,missing,feature_noise,0.25,0.45,mcc,0.1639197491673241,0.1354915904228545,0.028428158744469606,0.2526947443952854
XGB,Spambase,missing,feature_noise,0.25,0.45,accuracy,0.0779543344505812,0.05114203984607686,0.026812294604504336,0.2383315075955941
XGB,Spambase,missing,feature_noise,0.25,0.45,balanced_accuracy,0.08792678102513529,0.072773328056262,0.015153452968873299,0.1346973597233182
XGB,Spambase,missing,feature_noise,0.25,0.45,macro_f1,0.08385749907177331,0.07254230992026572,0.011315189151507588,0.10057945912451188
XGB,Spambase,missing,feature_noise,0.25,0.45,mcc,0.16519730088999585,0.1322162744588703,0.03298102643112555,0.2931646793877826
XGB,Spambase,missing,feature_noise,0.25,0.45,accuracy,0.08012730334072915,0.05114203984607686,0.02898526349465229,0.25764678661913143
XGB,Spambase,missing,feature_noise,0.25,0.45,balanced_accuracy,0.09144345753597294,0.072773328056262,0.018670129479710945,0.16595670648631952
XGB,Spambase,missing,feature_noise,0.25,0.45,macro_f1,0.08657065309435397,0.07254230992026572,0.014028343174088242,0.12469638376967326
XGB,Spambase,missing,feature_noise,0.25,0.45,mcc,0.16959312390853398,0.1322162744588703,0.037376849449663685,0.3322386617747883
SVM,Spambase,missing,feature_noise,0.25,0.45,accuracy,0.0652767942847251,0.04308816685809728,0.022188627426627826,0.19723224379224732
SVM,Spambase,missing,feature_noise,0.25,0.45,balanced_accuracy,0.07456887853036498,0.05209578040141889,0.022473098128946087,0.19976087225729855
SVM,Spambase,missing,feature_noise,0.25,0.45,macro_f1,0.07086905043810088,0.05435706771566445,0.016511982722436425,0.14677317975499043
SVM,Spambase,missing,feature_noise,0.25,0.45,mcc,0.13855653089980446,0.09689041704701937,0.0416661138527851,0.3703654564692009
SVM,Spambase,missing,feature_noise,0.25,0.45,accuracy,0.06005916694204472,0.04308816685809728,0.01697100008394744,0.1508533340795328
SVM,Spambase,missing,feature_noise,0.25,0.45,balanced_accuracy,0.0676469533787214,0.05209578040141889,0.015551172977302505,0.13823264868713336
SVM,Spambase,missing,feature_noise,0.25,0.45,macro_f1,0.06482994070780546,0.05435706771566445,0.010472872992141002,0.09309220437458669
SVM,Spambase,missing,feature_noise,0.25,0.45,mcc,0.12720016505437481,0.09689041704701937,0.030309748007355447,0.26941998228760394
MLP,Spambase,missing,feature_noise,0.25,0.45,accuracy,0.09027136540307479,0.06001017840932807,0.03026118699374672,0.26898832883330415
MLP,Spambase,missing,feature_noise,0.25,0.45,balanced_accuracy,0.09879945615689423,0.06874608419174885,0.030053371965145376,0.26714108413462556
MLP,Spambase,missing,feature_noise,0.25,0.45,macro_f1,0.0963113907200045,0.07089069455966847,0.02542069616033603,0.22596174364743135
MLP,Spambase,missing,feature_noise,0.25,0.45,mcc,0.19153809628271135,0.12240674956510118,0.06913134671761016,0.6145008597120903
MLP,Spambase,missing,feature_noise,0.25,0.45,accuracy,0.07962084375835965,0.06001017840932807,0.01961066534903158,0.17431702532472515
MLP,Spambase,missing,feature_noise,0.25,0.45,balanced_accuracy,0.08912909434087346,0.06874608419174885,0.02038301014912461,0.1811823124366632
MLP,Spambase,missing,feature_noise,0.25,0.45,macro_f1,0.08552310282295406,0.07089069455966847,0.014632408263285587,0.13006585122920522
MLP,Spambase,missing,feature_noise,0.25,0.45,mcc,0.16866044819927228,0.12240674956510118,0.0462536986341711,0.4111439878592987
GB,Spambase,missing,feature_noise,0.25,0.45,accuracy,0.076791294906293,0.05119123188104294,0.02560006302525006,0.2275561157800005
GB,Spambase,missing,feature_noise,0.25,0.45,balanced_accuracy,0.08693137491568248,0.06720805894689566,0.01972331596878682,0.17531836416699395
GB,Spambase,missing,feature_noise,0.25,0.45,macro_f1,0.08281170443448116,0.06780743519811448,0.015004269236366677,0.13337128210103713
GB,Spambase,missing,feature_noise,0.25,0.45,mcc,0.1627939590865618,0.12276338506351822,0.04003057402304358,0.35582732464927624
GB,Spambase,missing,feature_noise,0.25,0.45,accuracy,0.07983595335882554,0.05119123188104294,0.028644721477782603,0.2546197464691787
GB,Spambase,missing,feature_noise,0.25,0.45,balanced_accuracy,0.09241176269675722,0.06720805894689566,0.025203703749861556,0.2240329222209916
GB,Spambase,missing,feature_noise,0.25,0.45,macro_f1,0.08693900969057933,0.06780743519811448,0.019131574492464845,0.17005843993302083
GB,Spambase,missing,feature_noise,0.25,0.45,mcc,0.16872954629473658,0.12276338506351822,0.045966161231218355,0.40858809983305205
LR,Bank,missing,feature_noise,0.25,0.45,accuracy,0.010533333333333061,0.06132479506552538,-0.05079146173219232,-0.45147965984170946
LR,Bank,missing,feature_noise,0.25,0.45,balanced_accuracy,0.06528056063729892,0.07170261817875084,-0.00642205754145192,-0.057084955924017064
LR,Bank,missing,feature_noise,0.25,0.45,macro_f1,0.07769973320467238,0.07237203701523887,0.005327696189433517,0.047357299461631266
LR,Bank,missing,feature_noise,0.25,0.45,mcc,0.12754861177821242,0.13219291763085994,-0.004644305852647523,-0.041282718690200206
LR,Bank,missing,feature_noise,0.25,0.45,accuracy,0.0019333333333332314,0.06132479506552538,-0.05939146173219215,-0.5279241042861524
LR,Bank,missing,feature_noise,0.25,0.45,balanced_accuracy,0.03520147902933857,0.07170261817875084,-0.036501139149412276,-0.32445457021699803
LR,Bank,missing,feature_noise,0.25,0.45,macro_f1,0.036885844456970185,0.07237203701523887,-0.03548619255826868,-0.31543282274016604
LR,Bank,missing,feature_noise,0.25,0.45,mcc,0.04803476326390427,0.13219291763085994,-0.08415815436695567,-0.7480724832618282
RF,Bank,missing,feature_noise,0.25,0.45,accuracy,0.010133333333333328,0.055226430728502196,-0.04509309739516887,-0.40082753240150104
RF,Bank,missing,feature_noise,0.25,0.45,balanced_accuracy,0.06554836045209766,0.07203394165513226,-0.006485581203034593,-0.05764961069364083
RF,Bank,missing,feature_noise,0.25,0.45,macro_f1,0.09513148756000744,0.07670824058107154,0.01842324697893591,0.16376219536831918
RF,Bank,missing,feature_noise,0.25,0.45,mcc,0.15261804201086634,0.1354915904228545,0.01712645158801185,0.152235125226772
RF,Bank,missing,feature_noise,0.25,0.45,accuracy,0.007533333333333281,0.055226430728502196,-0.047693097395168915,-0.42393864351261257
RF,Bank,missing,feature_noise,0.25,0.45,balanced_accuracy,0.0559201504841369,0.07203394165513226,-0.01611379117099536,-0.14323369929773652
RF,Bank,missing,feature_noise,0.25,0.45,macro_f1,0.0790853488761526,0.07670824058107154,0.0023771082950810596,0.02112985151183164
RF,Bank,missing,feature_noise,0.25,0.45,mcc,0.11673565055823312,0.1354915904228545,-0.018755939864621374,-0.1667194654633011
XGB,Bank,missing,feature_noise,0.25,0.45,accuracy,0.012333333333333307,0.05114203984607686,-0.038808706512743554,-0.344966280113276
XGB,Bank,missing,feature_noise,0.25,0.45,balanced_accuracy,0.09744073719158663,0.072773328056262,0.02466740913532464,0.21926585898066348
XGB,Bank,missing,feature_noise,0.25,0.45,macro_f1,0.10891886386520999,0.07254230992026572,0.03637655394494427,0.3233471461772824
XGB,Bank,missing,feature_noise,0.25,0.45,mcc,0.17422823808749077,0.1322162744588703,0.042011963628620475,0.37343967669884864
XGB,Bank,missing,feature_noise,0.25,0.45,accuracy,0.007933333333333237,0.05114203984607686,-0.043208706512743625,-0.3840773912243878
XGB,Bank,missing,feature_noise,0.25,0.45,balanced_accuracy,0.08531037353234405,0.072773328056262,0.01253704547608206,0.11144040423184053
XGB,Bank,missing,feature_noise,0.25,0.45,macro_f1,0.09183439478005473,0.07254230992026572,0.019292084859789005,0.17148519875368004
XGB,Bank,missing,feature_noise,0.25,0.45,mcc,0.13766804237776215,0.1322162744588703,0.005451767918891848,0.04846015927903864
SVM,Bank,missing,feature_noise,0.25,0.45,accuracy,0.0047999999999999154,0.04308816685809728,-0.03828816685809736,-0.3403392609608654
SVM,Bank,missing,feature_noise,0.25,0.45,balanced_accuracy,0.04176773689797464,0.05209578040141889,-0.010328043503444254,-0.0918048311417267
SVM,Bank,missing,feature_noise,0.25,0.45,macro_f1,0.05900224935609599,0.05435706771566445,0.004645181640431539,0.041290503470502574
SVM,Bank,missing,feature_noise,0.25,0.45,mcc,0.08876576827594329,0.09689041704701937,-0.008124648771076076,-0.0722191001873429
SVM,Bank,missing,feature_noise,0.25,0.45,accuracy,0.0050000000000000044,0.04308816685809728,-0.038088166858097273,-0.3385614831830869
SVM,Bank,missing,feature_noise,0.25,0.45,balanced_accuracy,0.03520793203692407,0.05209578040141889,-0.01688784836449482,-0.1501142076843984
SVM,Bank,missing,feature_noise,0.25,0.45,macro_f1,0.04954239612004341,0.05435706771566445,-0.004814671595621045,-0.04279708084996484
SVM,Bank,missing,feature_noise,0.25,0.45,mcc,0.08146929266328942,0.09689041704701937,-0.015421124383729945,-0.13707666118871062
MLP,Bank,missing,feature_noise,0.25,0.45,accuracy,0.006599999999999939,0.06001017840932807,-0.05341017840932813,-0.47475714141625003
MLP,Bank,missing,feature_noise,0.25,0.45,balanced_accuracy,0.0650305065933604,0.06874608419174885,-0.0037155775983884476,-0.03302735643011953
MLP,Bank,missing,feature_noise,0.25,0.45,macro_f1,0.08465500247000524,0.07089069455966847,0.013764307910336768,0.12234940364743793
MLP,Bank,missing,feature_noise,0.25,0.45,mcc,0.13892302491110475,0.12240674956510118,0.01651627534600357,0.1468113364089206
MLP,Bank,missing,feature_noise,0.25,0.45,accuracy,0.005400000000000071,0.06001017840932807,-0.054610178409328,-0.4854238080829155
MLP,Bank,missing,feature_noise,0.25,0.45,balanced_accuracy,0.06657535660933167,0.06874608419174885,-0.0021707275824171812,-0.01929535628815272
MLP,Bank,missing,feature_noise,0.25,0.45,macro_f1,0.08586783469859427,0.07089069455966847,0.014977140138925801,0.13313013456822934
MLP,Bank,missing,feature_noise,0.25,0.45,mcc,0.1423527056448869,0.12240674956510118,0.019945956079785707,0.17729738737587294
GB,Bank,missing,feature_noise,0.25,0.45,accuracy,0.008200000000000096,0.05119123188104294,-0.04299123188104284,-0.3821442833870475
GB,Bank,missing,feature_noise,0.25,0.45,balanced_accuracy,0.06618365904889123,0.06720805894689566,-0.00102439989800443,-0.009105776871150488
GB,Bank,missing,feature_noise,0.25,0.45,macro_f1,0.06797056207128849,0.06780743519811448,0.00016312687317400487,0.0014500166504355988
GB,Bank,missing,feature_noise,0.25,0.45,mcc,0.11188871438888842,0.12276338506351822,-0.0108746706746298,-0.09666373933004266
GB,Bank,missing,feature_noise,0.25,0.45,accuracy,0.006599999999999939,0.05119123188104294,-0.044591231881043,-0.39636650560927106
GB,Bank,missing,feature_noise,0.25,0.45,balanced_accuracy,0.06527765678388553,0.06720805894689566,-0.001930402163010131,-0.01715913033786783
GB,Bank,missing,feature_noise,0.25,0.45,macro_f1,0.06601848355800899,0.06780743519811448,-0.0017889516401054933,-0.015901792356493274
GB,Bank,missing,feature_noise,0.25,0.45,mcc,0.10418581256920767,0.12276338506351822,-0.01857757249431055,-0.1651339777272049
LR,Wine,missing,feature_noise,0.25,0.45,accuracy,0.09132275132275114,0.06132479506552538,0.02999795625722576,0.26664850006422897
LR,Wine,missing,feature_noise,0.25,0.45,balanced_accuracy,0.09239858906525578,0.07170261817875084,0.020695970886504933,0.18396418565782163
LR,Wine,missing,feature_noise,0.25,0.45,macro_f1,0.08951376301599623,0.07237203701523887,0.017141726000757362,0.15237089778450988
LR,Wine,missing,feature_noise,0.25,0.45,mcc,0.13263122170705854,0.13219291763085994,0.00043830407619860345,0.003896036232876475
LR,Wine,missing,feature_noise,0.25,0.45,accuracy,0.08592592592592574,0.06132479506552538,0.02460113086040036,0.21867671875911432
LR,Wine,missing,feature_noise,0.25,0.45,balanced_accuracy,0.08359147025813696,0.07170261817875084,0.011888852079386114,0.10567868515009879
LR,Wine,missing,feature_noise,0.25,0.45,macro_f1,0.08446056945846991,0.07237203701523887,0.012088532443231048,0.10745362171760932
LR,Wine,missing,feature_noise,0.25,0.45,mcc,0.12902182234918436,0.13219291763085994,-0.0031710952816755844,-0.028187513614894084
RF,Wine,missing,feature_noise,0.25,0.45,accuracy,0.11777777777777787,0.055226430728502196,0.06255134704927567,0.5560119737713393
RF,Wine,missing,feature_noise,0.25,0.45,balanced_accuracy,0.11468494468494483,0.07203394165513226,0.042651003029812576,0.37912002693166735
RF,Wine,missing,feature_noise,0.25,0.45,macro_f1,0.11574316472392976,0.07670824058107154,0.039034924142858224,0.3469771034920731
RF,Wine,missing,feature_noise,0.25,0.45,mcc,0.17681080093008805,0.1354915904228545,0.041319210507233556,0.3672818711754094
RF,Wine,missing,feature_noise,0.25,0.45,accuracy,0.0950793650793651,0.055226430728502196,0.0398529343508629,0.35424830534100354
RF,Wine,missing,feature_noise,0.25,0.45,balanced_accuracy,0.09246272246272247,0.07203394165513226,0.02042878080759021,0.1815891627341352
RF,Wine,missing,feature_noise,0.25,0.45,macro_f1,0.09370845909715086,0.07670824058107154,0.01700021851607933,0.1511130534762607
RF,Wine,missing,feature_noise,0.25,0.45,mcc,0.13949590490925512,0.1354915904228545,0.004004314486400623,0.035593906545783316
XGB,Wine,missing,feature_noise,0.25,0.45,accuracy,0.09698412698412695,0.05114203984607686,0.04584208713805009,0.40748521900488965
XGB,Wine,missing,feature_noise,0.25,0.45,balanced_accuracy,0.09400513067179739,0.072773328056262,0.021231802615535394,0.1887271343603146
XGB,Wine,missing,feature_noise,0.25,0.45,macro_f1,0.09295953307496851,0.07254230992026572,0.02041722315470279,0.18148642804180257
XGB,Wine,missing,feature_noise,0.25,0.45,mcc,0.14631581675308014,0.1322162744588703,0.014099542294209844,0.12532926483742082
XGB,Wine,missing,feature_noise,0.25,0.45,accuracy,0.0747619047619047,0.05114203984607686,0.023619864915827835,0.20995435480735852
XGB,Wine,missing,feature_noise,0.25,0.45,balanced_accuracy,0.07040724707391388,0.072773328056262,-0.002366080982348112,-0.02103183095420544
XGB,Wine,missing,feature_noise,0.25,0.45,macro_f1,0.07246542217619634,0.07254230992026572,-7.688774406938714e-05,-0.000683446613950108
XGB,Wine,missing,feature_noise,0.25,0.45,mcc,0.11130456815593714,0.1322162744588703,-0.020911706302933153,-0.18588183380385023
SVM,Wine,missing,feature_noise,0.25,0.45,accuracy,0.08936507936507954,0.04308816685809728,0.04627691250698226,0.41135033339539784
SVM,Wine,missing,feature_noise,0.25,0.45,balanced_accuracy,0.08563411896745243,0.05209578040141889,0.03353833856603354,0.29811856503140927
SVM,Wine,missing,feature_noise,0.25,0.45,macro_f1,0.08669786893308562,0.05435706771566445,0.03234080121742117,0.28747378859929923
SVM,Wine,missing,feature_noise,0.25,0.45,mcc,0.1296788882404396,0.09689041704701937,0.03278847119342024,0.29145307727484654
SVM,Wine,missing,feature_noise,0.25,0.45,accuracy,0.050317460317460205,0.04308816685809728,0.007229293459362927,0.06426038630544824
SVM,Wine,missing,feature_noise,0.25,0.45,balanced_accuracy,0.04991983325316651,0.05209578040141889,-0.00217594714825238,-0.019341752428910047
SVM,Wine,missing,feature_noise,0.25,0.45,macro_f1,0.05094848574230493,0.05435706771566445,-0.0034085819733595257,-0.03029850642986245
SVM,Wine,missing,feature_noise,0.25,0.45,mcc,0.0748141583410673,0.09689041704701937,-0.022076258705952062,-0.19623341071957387
MLP,Wine,missing,feature_noise,0.25,0.45,accuracy,0.13851851851851837,0.06001017840932807,0.0785083401091903,0.6978519120816916
MLP,Wine,missing,feature_noise,0.25,0.45,balanced_accuracy,0.12904280904280918,0.06874608419174885,0.06029672485106033,0.5359708875649807
MLP,Wine,missing,feature_noise,0.25,0.45,macro_f1,0.13255034582162784,0.07089069455966847,0.06165965126195937,0.5480857889951943
MLP,Wine,missing,feature_noise,0.25,0.45,mcc,0.2078968976646629,0.12240674956510118,0.08549014809956172,0.7599124275516598
MLP,Wine,missing,feature_noise,0.25,0.45,accuracy,0.10455026455026462,0.06001017840932807,0.04454008614093655,0.39591187680832485
MLP,Wine,missing,feature_noise,0.25,0.45,balanced_accuracy,0.10817219817219836,0.06874608419174885,0.03942611398044951,0.35045434649288454
MLP,Wine,missing,feature_noise,0.25,0.45,macro_f1,0.10576504370254536,0.07089069455966847,0.03487434914287689,0.30999421460335014
MLP,Wine,missing,feature_noise,0.25,0.45,mcc,0.15771414410721885,0.12240674956510118,0.03530739454211766,0.31384350704104585
GB,Wine,missing,feature_noise,0.25,0.45,accuracy,0.09873015873015867,0.05119123188104294,0.04753892684911573,0.4225682386588065
GB,Wine,missing,feature_noise,0.25,0.45,balanced_accuracy,0.09179573512906858,0.06720805894689566,0.02458767618217292,0.21855712161931481
GB,Wine,missing,feature_noise,0.25,0.45,macro_f1,0.09954902119853049,0.06780743519811448,0.031741586000416,0.2821474311148089
GB,Wine,missing,feature_noise,0.25,0.45,mcc,0.14921040616079495,0.12276338506351822,0.02644702109727673,0.23508463197579316
GB,Wine,missing,feature_noise,0.25,0.45,accuracy,0.060000000000000164,0.05119123188104294,0.008808768118957228,0.07830016105739758
GB,Wine,missing,feature_noise,0.25,0.45,balanced_accuracy,0.056033349366682694,0.06720805894689566,-0.011174709580212966,-0.09933075182411524
GB,Wine,missing,feature_noise,0.25,0.45,macro_f1,0.05915693469517724,0.06780743519811448,-0.008650500502937239,-0.07689333780388656
GB,Wine,missing,feature_noise,0.25,0.45,mcc,0.08930083063015548,0.12276338506351822,-0.03346255443336274,-0.29744492829655766
LR,BreastCancer,missing,feature_noise,0.25,0.45,accuracy,0.022869119701909635,0.06132479506552538,-0.03845567536361574,-0.34182822545436214
LR,BreastCancer,missing,feature_noise,0.25,0.45,balanced_accuracy,0.023049580861569163,0.07170261817875084,-0.04865303731718168,-0.4324714428193927
LR,BreastCancer,missing,feature_noise,0.25,0.45,macro_f1,0.024467763208578353,0.07237203701523887,-0.04790427380666051,-0.42581576717031566
LR,BreastCancer,missing,feature_noise,0.25,0.45,mcc,0.04902880323660885,0.13219291763085994,-0.08316411439425109,-0.739236572393343
LR,BreastCancer,missing,feature_noise,0.25,0.45,accuracy,0.03864306784660776,0.06132479506552538,-0.02268172721891762,-0.2016153530570455
LR,BreastCancer,missing,feature_noise,0.25,0.45,balanced_accuracy,0.04047740361202523,0.07170261817875084,-0.031225214566725612,-0.2775574628153388
LR,BreastCancer,missing,feature_noise,0.25,0.45,macro_f1,0.0418089920333814,0.07237203701523887,-0.030563044981857468,-0.27167151094984415
LR,BreastCancer,missing,feature_noise,0.25,0.45,mcc,0.08275671340951818,0.13219291763085994,-0.04943620422134176,-0.43943292641192677
RF,BreastCancer,missing,feature_noise,0.25,0.45,accuracy,0.022817367903534724,0.055226430728502196,-0.03240906282496747,-0.2880805584441553
RF,BreastCancer,missing,feature_noise,0.25,0.45,balanced_accuracy,0.02368818856290189,0.07203394165513226,-0.04834575309223037,-0.42974002748649215
RF,BreastCancer,missing,feature_noise,0.25,0.45,macro_f1,0.02440001256812463,0.07670824058107154,-0.052308228012946906,-0.46496202678175025
RF,BreastCancer,missing,feature_noise,0.25,0.45,mcc,0.04774342694113509,0.1354915904228545,-0.0877481634817194,-0.7799836753930613
RF,BreastCancer,missing,feature_noise,0.25,0.45,accuracy,0.031589297728096155,0.055226430728502196,-0.02363713300040604,-0.21010784889249814
RF,BreastCancer,missing,feature_noise,0.25,0.45,balanced_accuracy,0.03452595417466031,0.07203394165513226,-0.037507987480471947,-0.33340433315975065
RF,BreastCancer,missing,feature_noise,0.25,0.45,macro_f1,0.03403706344896806,0.07670824058107154,-0.04267117713210347,-0.37929935228536416
RF,BreastCancer,missing,feature_noise,0.25,0.45,mcc,0.06893709048327645,0.1354915904228545,-0.06655449993957804,-0.5915955550184715
XGB,BreastCancer,missing,feature_noise,0.25,0.45,accuracy,0.030419707084821113,0.05114203984607686,-0.02072233276125575,-0.18419851343338442
XGB,BreastCancer,missing,feature_noise,0.25,0.45,balanced_accuracy,0.03193796716561215,0.072773328056262,-0.04083536089064985,-0.3629809856946653
XGB,BreastCancer,missing,feature_noise,0.25,0.45,macro_f1,0.03264062801608014,0.07254230992026572,-0.03990168190418558,-0.35468161692609407
XGB,BreastCancer,missing,feature_noise,0.25,0.45,mcc,0.0628310741062924,0.1322162744588703,-0.06938520035257789,-0.616757336467359
XGB,BreastCancer,missing,feature_noise,0.25,0.45,accuracy,0.04096154841380739,0.05114203984607686,-0.01018049143226947,-0.09049325717572862
XGB,BreastCancer,missing,feature_noise,0.25,0.45,balanced_accuracy,0.045117561527649785,0.072773328056262,-0.027655766528612208,-0.2458290358098863
XGB,BreastCancer,missing,feature_noise,0.25,0.45,macro_f1,0.04448316717703271,0.07254230992026572,-0.028059142743233012,-0.2494146021620712
XGB,BreastCancer,missing,feature_noise,0.25,0.45,mcc,0.08820058393956742,0.1322162744588703,-0.044015690519302875,-0.39125058239380334
SVM,BreastCancer,missing,feature_noise,0.25,0.45,accuracy,0.024582104228122015,0.04308816685809728,-0.018506062629975263,-0.164498334488669
SVM,BreastCancer,missing,feature_noise,0.25,0.45,balanced_accuracy,0.027579235100525623,0.05209578040141889,-0.02451654530089327,-0.21792484711905127
SVM,BreastCancer,missing,feature_noise,0.25,0.45,macro_f1,0.02648008188354145,0.05435706771566445,-0.027876985832123002,-0.24779542961887113
SVM,BreastCancer,missing,feature_noise,0.25,0.45,mcc,0.05276080611963241,0.09689041704701937,-0.04412961092738696,-0.39226320824343963
SVM,BreastCancer,missing,feature_noise,0.25,0.45,accuracy,0.035139471096620745,0.04308816685809728,-0.007948695761476533,-0.07065507343534697
SVM,BreastCancer,missing,feature_noise,0.25,0.45,balanced_accuracy,0.03891163518579177,0.05209578040141889,-0.013184145215627122,-0.11719240191668552
SVM,BreastCancer,missing,feature_noise,0.25,0.45,macro_f1,0.03799165458291154,0.05435706771566445,-0.016365413132752915,-0.14547033895780367
SVM,BreastCancer,missing,feature_noise,0.25,0.45,mcc,0.07510852839805116,0.09689041704701937,-0.021781888648968212,-0.19361678799082854
MLP,BreastCancer,missing,feature_noise,0.25,0.45,accuracy,0.041546343735444635,0.06001017840932807,-0.018463834673883434,-0.16412297487896385
MLP,BreastCancer,missing,feature_noise,0.25,0.45,balanced_accuracy,0.04883270336922474,0.06874608419174885,-0.019913380822524113,-0.17700782953354766
MLP,BreastCancer,missing,feature_noise,0.25,0.45,macro_f1,0.046047005531254515,0.07089069455966847,-0.024843689028413954,-0.2208327913636796
MLP,BreastCancer,missing,feature_noise,0.25,0.45,mcc,0.0873814550500931,0.12240674956510118,-0.03502529451500809,-0.31133595124451635
MLP,BreastCancer,missing,feature_noise,0.25,0.45,accuracy,0.015215028722247892,0.06001017840932807,-0.04479514968708018,-0.39817910832960157
MLP,BreastCancer,missing,feature_noise,0.25,0.45,balanced_accuracy,0.01860956869554975,0.06874608419174885,-0.0501365154961991,-0.4456579155217698
MLP,BreastCancer,missing,feature_noise,0.25,0.45,macro_f1,0.017009506248923945,0.07089069455966847,-0.053881188310744524,-0.47894389609550686
MLP,BreastCancer,missing,feature_noise,0.25,0.45,mcc,0.032295661969765854,0.12240674956510118,-0.09011108759533533,-0.8009874452918696
GB,BreastCancer,missing,feature_noise,0.25,0.45,accuracy,0.019272369714847692,0.05119123188104294,-0.031918862166195244,-0.2837232192550688
GB,BreastCancer,missing,feature_noise,0.25,0.45,balanced_accuracy,0.020535183538786583,0.06720805894689566,-0.04667287540810908,-0.4148700036276362
GB,BreastCancer,missing,feature_noise,0.25,0.45,macro_f1,0.02085627821910685,0.06780743519811448,-0.04695115697900763,-0.41734361759117894
GB,BreastCancer,missing,feature_noise,0.25,0.45,mcc,0.03943250487072125,0.12276338506351822,-0.08333088019279697,-0.7407189350470842
GB,BreastCancer,missing,feature_noise,0.25,0.45,accuracy,0.028059825078921574,0.05119123188104294,-0.023131406802121363,-0.20561250490774544
GB,BreastCancer,missing,feature_noise,0.25,0.45,balanced_accuracy,0.032309641657004895,0.06720805894689566,-0.034898417289890765,-0.31020815368791793
GB,BreastCancer,missing,feature_noise,0.25,0.45,macro_f1,0.03068527319431813,0.06780743519811448,-0.03712216200379635,-0.3299747733670787
GB,BreastCancer,missing,feature_noise,0.25,0.45,mcc,0.06125043373325656,0.12276338506351822,-0.06151295133026166,-0.5467817896023258
LR,Digits,missing,feature_noise,0.25,0.45,accuracy,0.11093624264933455,0.06132479506552538,0.04961144758380917,0.44099064518941483
LR,Digits,missing,feature_noise,0.25,0.45,balanced_accuracy,0.11093175029407631,0.07170261817875084,0.03922913211532547,0.34870339658067084
LR,Digits,missing,feature_noise,0.25,0.45,macro_f1,0.11096912320690777,0.07237203701523887,0.038597086191668906,0.3430852105926125
LR,Digits,missing,feature_noise,0.25,0.45,mcc,0.2218268615665272,0.13219291763085994,0.08963394393566726,0.7967461683170423
LR,Digits,missing,feature_noise,0.25,0.45,accuracy,0.0981352522438872,0.06132479506552538,0.036810457178361816,0.3272040638076606
LR,Digits,missing,feature_noise,0.25,0.45,balanced_accuracy,0.0981320754069912,0.07170261817875084,0.02642945722824036,0.23492850869546986
LR,Digits,missing,feature_noise,0.25,0.45,macro_f1,0.09819461047356448,0.07237203701523887,0.025822573458325615,0.22953398629622768
LR,Digits,missing,feature_noise,0.25,0.45,mcc,0.1960704444447534,0.13219291763085994,0.06387752681389347,0.5678002383457197
RF,Digits,missing,feature_noise,0.25,0.45,accuracy,0.10407201072939254,0.055226430728502196,0.04884558000089034,0.43418293334124747
RF,Digits,missing,feature_noise,0.25,0.45,balanced_accuracy,0.1040724736588805,0.07203394165513226,0.032038532003748246,0.28478695114442887
RF,Digits,missing,feature_noise,0.25,0.45,macro_f1,0.10409293707781009,0.07670824058107154,0.027384696496738553,0.2434195244154538
RF,Digits,missing,feature_noise,0.25,0.45,mcc,0.20799074898923908,0.1354915904228545,0.07249915856638459,0.6444369650345296
RF,Digits,missing,feature_noise,0.25,0.45,accuracy,0.0979531620757248,0.055226430728502196,0.0427267313472226,0.37979316753086756
RF,Digits,missing,feature_noise,0.25,0.45,balanced_accuracy,0.09792125499986848,0.07203394165513226,0.02588731334473622,0.23010945195321084
RF,Digits,missing,feature_noise,0.25,0.45,macro_f1,0.0979705196916707,0.07670824058107154,0.021262279110599164,0.18899803653865924
RF,Digits,missing,feature_noise,0.25,0.45,mcc,0.1956501914233426,0.1354915904228545,0.060158601000488116,0.5347431200043388
XGB,Digits,missing,feature_noise,0.25,0.45,accuracy,0.08867326936964826,0.05114203984607686,0.037531229523571394,0.3336109290984124
XGB,Digits,missing,feature_noise,0.25,0.45,balanced_accuracy,0.08865774320880948,0.072773328056262,0.015884415152547487,0.14119480135597767
XGB,Digits,missing,feature_noise,0.25,0.45,macro_f1,0.08867536093187478,0.07254230992026572,0.016133051011609056,0.14340489788096938
XGB,Digits,missing,feature_noise,0.25,0.45,mcc,0.17735757275196795,0.1322162744588703,0.045141298293097654,0.40125598482753466
XGB,Digits,missing,feature_noise,0.25,0.45,accuracy,0.09033838852780363,0.05114203984607686,0.039196348681726764,0.3484119882820157
XGB,Digits,missing,feature_noise,0.25,0.45,balanced_accuracy,0.09030899444770224,0.072773328056262,0.017535666391440247,0.15587259014613553
XGB,Digits,missing,feature_noise,0.25,0.45,macro_f1,0.09037178528925394,0.07254230992026572,0.017829475368988212,0.15848422550211744
XGB,Digits,missing,feature_noise,0.25,0.45,mcc,0.18026924054075122,0.1322162744588703,0.04805296608188092,0.42713747628338594
SVM,Digits,missing,feature_noise,0.25,0.45,accuracy,0.06419065304859173,0.04308816685809728,0.02110248619049445,0.18757765502661733
SVM,Digits,missing,feature_noise,0.25,0.45,balanced_accuracy,0.06418198778425943,0.05209578040141889,0.012086207382840539,0.10743295451413812
SVM,Digits,missing,feature_noise,0.25,0.45,macro_f1,0.06419500849992055,0.05435706771566445,0.009837940784256094,0.08744836252672084
SVM,Digits,missing,feature_noise,0.25,0.45,mcc,0.12831595793055417,0.09689041704701937,0.0314255408835348,0.27933814118697603
SVM,Digits,missing,feature_noise,0.25,0.45,accuracy,0.06753481894150437,0.04308816685809728,0.024446652083407093,0.21730357407472972
SVM,Digits,missing,feature_noise,0.25,0.45,balanced_accuracy,0.06754011612155364,0.05209578040141889,0.015444335720134747,0.13728298417897553
SVM,Digits,missing,feature_noise,0.25,0.45,macro_f1,0.06754167018592783,0.05435706771566445,0.013184602470263374,0.11719646640234109
SVM,Digits,missing,feature_noise,0.25,0.45,mcc,0.13500857154677148,0.09689041704701937,0.038118154499752116,0.3388280399977966
MLP,Digits,missing,feature_noise,0.25,0.45,accuracy,0.06770968740328076,0.06001017840932807,0.007699508993952692,0.06844007994624615
MLP,Digits,missing,feature_noise,0.25,0.45,balanced_accuracy,0.06769752838736465,0.06874608419174885,-0.0010485558043842047,-0.009320496038970708
MLP,Digits,missing,feature_noise,0.25,0.45,macro_f1,0.06774225787438815,0.07089069455966847,-0.003148436685280323,-0.027986103869158428
MLP,Digits,missing,feature_noise,0.25,0.45,mcc,0.1349538066659205,0.12240674956510118,0.012547057100819312,0.11152939645172721
MLP,Digits,missing,feature_noise,0.25,0.45,accuracy,0.07608635097493044,0.06001017840932807,0.01607617256560237,0.14289931169424328
MLP,Digits,missing,feature_noise,0.25,0.45,balanced_accuracy,0.0760803488447862,0.06874608419174885,0.007334264653037353,0.06519346358255425
MLP,Digits,missing,feature_noise,0.25,0.45,macro_f1,0.07614376419572899,0.07089069455966847,0.005253069636060523,0.04669395232053798
MLP,Digits,missing,feature_noise,0.25,0.45,mcc,0.15154531762191226,0.12240674956510118,0.029138568056811073,0.25900949383832067
GB,Digits,missing,feature_noise,0.25,0.45,accuracy,0.09570979057051476,0.05119123188104294,0.04451855868947183,0.395720521684194
GB,Digits,missing,feature_noise,0.25,0.45,balanced_accuracy,0.09565879948283718,0.06720805894689566,0.028450740535941516,0.25289547143059127
GB,Digits,missing,feature_noise,0.25,0.45,macro_f1,0.09574207584260752,0.06780743519811448,0.02793464064449304,0.2483079168399381
GB,Digits,missing,feature_noise,0.25,0.45,mcc,0.19097951909923794,0.12276338506351822,0.06821613403571972,0.6063656358730641
GB,Digits,missing,feature_noise,0.25,0.45,accuracy,0.10129165377076244,0.05119123188104294,0.0501004218897195,0.44533708346417333
GB,Digits,missing,feature_noise,0.25,0.45,balanced_accuracy,0.10127618822254458,0.06720805894689566,0.03406812927564892,0.30282781578354595
GB,Digits,missing,feature_noise,0.25,0.45,macro_f1,0.101345931826754,0.06780743519811448,0.033538496628639516,0.29811997003235124
GB,Digits,missing,feature_noise,0.25,0.45,mcc,0.20203915703440345,0.12276338506351822,0.07927577197088523,0.7046735286300909
LR,Spambase,missing,imbalance,0.1,0.3,accuracy,0.013974886244483509,0.004576706981214394,0.009398179263269114,0.3132726421089705
LR,Spambase,missing,imbalance,0.1,0.3,balanced_accuracy,0.03179942760632559,0.03613044861856333,-0.004331021012237736,-0.14436736707459122
LR,Spambase,missing,imbalance,0.1,0.3,macro_f1,0.026695408290972944,0.03442431135399952,-0.007728903063026579,-0.257630102100886
LR,Spambase,missing,imbalance,0.1,0.3,mcc,0.05232108531271562,0.06211063975856816,-0.009789554445852541,-0.3263184815284181
LR,Spambase,missing,imbalance,0.1,0.3,accuracy,0.0021385593841335426,0.004576706981214394,-0.0024381475970808517,-0.08127158656936173
LR,Spambase,missing,imbalance,0.1,0.3,balanced_accuracy,0.017608000585463968,0.03613044861856333,-0.01852244803309936,-0.6174149344366454
LR,Spambase,missing,imbalance,0.1,0.3,macro_f1,0.01244675485794211,0.03442431135399952,-0.021977556496057413,-0.7325852165352471
LR,Spambase,missing,imbalance,0.1,0.3,mcc,0.02398829608937647,0.06211063975856816,-0.03812234366919169,-1.2707447889730563
RF,Spambase,missing,imbalance,0.1,0.3,accuracy,0.0029691468149957156,0.00606409287403695,-0.003094946059041234,-0.10316486863470781
RF,Spambase,missing,imbalance,0.1,0.3,balanced_accuracy,0.016455120839163118,0.038499927577279894,-0.022044806738116776,-0.7348268912705592
RF,Spambase,missing,imbalance,0.1,0.3,macro_f1,0.01088419344456193,0.036893077833739726,-0.026008884389177797,-0.8669628129725933
RF,Spambase,missing,imbalance,0.1,0.3,mcc,0.020993566072449066,0.0660090935626162,-0.04501552749016713,-1.500517583005571
RF,Spambase,missing,imbalance,0.1,0.3,accuracy,0.005676987891814922,0.00606409287403695,-0.00038710498222202776,-0.012903499407400926
RF,Spambase,missing,imbalance,0.1,0.3,balanced_accuracy,0.018201655676271966,0.038499927577279894,-0.020298271901007928,-0.6766090633669309
RF,Spambase,missing,imbalance,0.1,0.3,macro_f1,0.01390895099412881,0.036893077833739726,-0.022984126839610916,-0.7661375613203639
RF,Spambase,missing,imbalance,0.1,0.3,mcc,0.02750343318503412,0.0660090935626162,-0.038505660377582074,-1.2835220125860691
XGB,Spambase,missing,imbalance,0.1,0.3,accuracy,0.0031245593280498918,0.004348832360025898,-0.0012242730319760066,-0.04080910106586689
XGB,Spambase,missing,imbalance,0.1,0.3,balanced_accuracy,0.013034666621447477,0.04009923704248435,-0.027064570421036875,-0.9021523473678958
XGB,Spambase,missing,imbalance,0.1,0.3,macro_f1,0.009864398620289982,0.037011032809061845,-0.027146634188771862,-0.9048878062923954
XGB,Spambase,missing,imbalance,0.1,0.3,mcc,0.01952913776636811,0.06252104613490586,-0.04299190836853775,-1.4330636122845917
XGB,Spambase,missing,imbalance,0.1,0.3,accuracy,0.006820051726293408,0.004348832360025898,0.0024712193662675096,0.08237397887558366
XGB,Spambase,missing,imbalance,0.1,0.3,balanced_accuracy,0.01743279784217311,0.04009923704248435,-0.022666439200311243,-0.7555479733437082
XGB,Spambase,missing,imbalance,0.1,0.3,macro_f1,0.01426891567369637,0.037011032809061845,-0.022742117135365475,-0.7580705711788492
XGB,Spambase,missing,imbalance,0.1,0.3,mcc,0.028285663266766847,0.06252104613490586,-0.034235382868139014,-1.141179428937967
SVM,Spambase,missing,imbalance,0.1,0.3,accuracy,0.00809446834921157,0.0036394568526947136,0.004455011496516856,0.14850038321722855
SVM,Spambase,missing,imbalance,0.1,0.3,balanced_accuracy,0.023713007529246877,0.03520337994464621,-0.011490372415399332,-0.3830124138466444
SVM,Spambase,missing,imbalance,0.1,0.3,macro_f1,0.018525525503059526,0.03357435924818164,-0.015048833745122114,-0.5016277915040706
SVM,Spambase,missing,imbalance,0.1,0.3,mcc,0.036179607667239266,0.061241769531698735,-0.02506216186445947,-0.8354053954819823
SVM,Spambase,missing,imbalance,0.1,0.3,accuracy,0.0051327292082132825,0.0036394568526947136,0.001493272355518569,0.0497757451839523
SVM,Spambase,missing,imbalance,0.1,0.3,balanced_accuracy,0.02220738879611972,0.03520337994464621,-0.012995991148526488,-0.43319970495088295
SVM,Spambase,missing,imbalance,0.1,0.3,macro_f1,0.015337869190837017,0.03357435924818164,-0.018236490057344623,-0.6078830019114875
SVM,Spambase,missing,imbalance,0.1,0.3,mcc,0.02914184653867069,0.061241769531698735,-0.032099922993028045,-1.0699974331009348
MLP,Spambase,missing,imbalance,0.1,0.3,accuracy,0.00803342609626101,0.02600318034445588,-0.017969754248194872,-0.5989918082731625
MLP,Spambase,missing,imbalance,0.1,0.3,balanced_accuracy,0.020870528240795938,0.06408343851871766,-0.04321291027792172,-1.4404303425973908
MLP,Spambase,missing,imbalance,0.1,0.3,macro_f1,0.01740746833219242,0.06764965605297418,-0.05024218772078176,-1.6747395906927254
MLP,Spambase,missing,imbalance,0.1,0.3,mcc,0.03437077391845256,0.1118927292963775,-0.07752195537792494,-2.584065179264165
MLP,Spambase,missing,imbalance,0.1,0.3,accuracy,0.006057212335957685,0.02600318034445588,-0.019945968008498197,-0.6648656002832732
MLP,Spambase,missing,imbalance,0.1,0.3,balanced_accuracy,0.01921693010773573,0.06408343851871766,-0.04486650841098193,-1.4955502803660643
MLP,Spambase,missing,imbalance,0.1,0.3,macro_f1,0.01516202184132942,0.06764965605297418,-0.05248763421164476,-1.7495878070548254
MLP,Spambase,missing,imbalance,0.1,0.3,mcc,0.030014995050055226,0.1118927292963775,-0.08187773424632228,-2.729257808210743
GB,Spambase,missing,imbalance,0.1,0.3,accuracy,0.003649003808972151,0.003695044665633202,-4.604085666105092e-05,-0.0015346952220350308
GB,Spambase,missing,imbalance,0.1,0.3,balanced_accuracy,0.014610285185532312,0.038942483178649366,-0.024332197993117054,-0.8110732664372352
GB,Spambase,missing,imbalance,0.1,0.3,macro_f1,0.01091619803037136,0.03669027699205694,-0.025774078961685577,-0.8591359653895193
GB,Spambase,missing,imbalance,0.1,0.3,mcc,0.02151941062251672,0.06318980608431274,-0.04167039546179602,-1.3890131820598672
GB,Spambase,missing,imbalance,0.1,0.3,accuracy,0.0024114025990081833,0.003695044665633202,-0.0012836420666250186,-0.04278806888750062
GB,Spambase,missing,imbalance,0.1,0.3,balanced_accuracy,0.012632661033152304,0.038942483178649366,-0.026309822145497062,-0.8769940715165688
GB,Spambase,missing,imbalance,0.1,0.3,macro_f1,0.009411699719728439,0.03669027699205694,-0.0272785772723285,-0.9092859090776166
GB,Spambase,missing,imbalance,0.1,0.3,mcc,0.01864131582716655,0.06318980608431274,-0.04454849025714619,-1.4849496752382063
LR,Bank,missing,imbalance,0.1,0.3,accuracy,-0.02426547990167638,0.004576706981214394,-0.028842186882890773,-0.9614062294296924
LR,Bank,missing,imbalance,0.1,0.3,balanced_accuracy,0.04006469638507493,0.03613044861856333,0.003934247766511599,0.13114159221705332
LR,Bank,missing,imbalance,0.1,0.3,macro_f1,0.039945131779523635,0.03442431135399952,0.005520820425524112,0.1840273475174704
LR,Bank,missing,imbalance,0.1,0.3,mcc,0.0629672497238219,0.06211063975856816,0.0008566099652537323,0.028553665508457747
LR,Bank,missing,imbalance,0.1,0.3,accuracy,-0.02115559664323252,0.004576706981214394,-0.025732303624446916,-0.8577434541482306
LR,Bank,missing,imbalance,0.1,0.3,balanced_accuracy,0.051749919252152,0.03613044861856333,0.015619470633588671,0.5206490211196224
LR,Bank,missing,imbalance,0.1,0.3,macro_f1,0.05593278488059439,0.03442431135399952,0.021508473526594865,0.7169491175531622
LR,Bank,missing,imbalance,0.1,0.3,mcc,0.09761928598854996,0.06211063975856816,0.0355086462299818,1.1836215409993935
RF,Bank,missing,imbalance,0.1,0.3,accuracy,-0.02135559664323239,0.00606409287403695,-0.02741968951726934,-0.9139896505756446
RF,Bank,missing,imbalance,0.1,0.3,balanced_accuracy,0.06018909699313724,0.038499927577279894,0.021689169415857343,0.7229723138619114
RF,Bank,missing,imbalance,0.1,0.3,macro_f1,0.08019037481377767,0.036893077833739726,0.04329729698003794,1.4432432326679314
RF,Bank,missing,imbalance,0.1,0.3,mcc,0.1366375405291168,0.0660090935626162,0.07062844696650061,2.3542815655500204
RF,Bank,missing,imbalance,0.1,0.3,accuracy,-0.01949031166913906,0.00606409287403695,-0.02555440454317601,-0.8518134847725337
RF,Bank,missing,imbalance,0.1,0.3,balanced_accuracy,0.06337570624692324,0.038499927577279894,0.024875778669643342,0.8291926223214447
RF,Bank,missing,imbalance,0.1,0.3,macro_f1,0.08519461066592782,0.036893077833739726,0.04830153283218809,1.6100510944062698
RF,Bank,missing,imbalance,0.1,0.3,mcc,0.1595302823862613,0.0660090935626162,0.0935211888236451,3.1173729607881704
XGB,Bank,missing,imbalance,0.1,0.3,accuracy,-0.014509394506195483,0.004348832360025898,-0.01885822686622138,-0.6286075622073795
XGB,Bank,missing,imbalance,0.1,0.3,balanced_accuracy,0.09167920609329705,0.04009923704248435,0.0515799690508127,1.7193323016937567
XGB,Bank,missing,imbalance,0.1,0.3,macro_f1,0.09935881571419414,0.037011032809061845,0.06234778290513229,2.0782594301710766
XGB,Bank,missing,imbalance,0.1,0.3,mcc,0.1780923482007176,0.06252104613490586,0.11557130206581173,3.852376735527058
XGB,Bank,missing,imbalance,0.1,0.3,accuracy,-0.01927580389711847,0.004348832360025898,-0.02362463625714437,-0.7874878752381457
XGB,Bank,missing,imbalance,0.1,0.3,balanced_accuracy,0.07898259101842608,0.04009923704248435,0.03888335397594173,1.2961117991980577
XGB,Bank,missing,imbalance,0.1,0.3,macro_f1,0.08282366672536179,0.037011032809061845,0.045812633916299944,1.527087797209998
XGB,Bank,missing,imbalance,0.1,0.3,mcc,0.1425035555827045,0.06252104613490586,0.07998250944779864,2.6660836482599546
SVM,Bank,missing,imbalance,0.1,0.3,accuracy,-0.025015961129146613,0.0036394568526947136,-0.028655417981841326,-0.9551805993947109
SVM,Bank,missing,imbalance,0.1,0.3,balanced_accuracy,0.07060986745128939,0.03520337994464621,0.03540648750664318,1.1802162502214393
SVM,Bank,missing,imbalance,0.1,0.3,macro_f1,0.10238986214452872,0.03357435924818164,0.06881550289634708,2.2938500965449027
SVM,Bank,missing,imbalance,0.1,0.3,mcc,0.16969950069060116,0.061241769531698735,0.10845773115890242,3.6152577052967474
SVM,Bank,missing,imbalance,0.1,0.3,accuracy,-0.025844761679530648,0.0036394568526947136,-0.02948421853222536,-0.9828072844075121
SVM,Bank,missing,imbalance,0.1,0.3,balanced_accuracy,0.06458038964046753,0.03520337994464621,0.02937700969582132,0.9792336565273774
SVM,Bank,missing,imbalance,0.1,0.3,macro_f1,0.09131145980949851,0.03357435924818164,0.05773710056131687,1.9245700187105623
SVM,Bank,missing,imbalance,0.1,0.3,mcc,0.1419557689024935,0.061241769531698735,0.08071399937079476,2.6904666456931587
MLP,Bank,missing,imbalance,0.1,0.3,accuracy,-0.02504454668587286,0.02600318034445588,-0.05104772703032874,-1.701590901010958
MLP,Bank,missing,imbalance,0.1,0.3,balanced_accuracy,0.09331067462023446,0.06408343851871766,0.0292272361015168,0.9742412033838933
MLP,Bank,missing,imbalance,0.1,0.3,macro_f1,0.1237012275297863,0.06764965605297418,0.05605157147681211,1.8683857158937371
MLP,Bank,missing,imbalance,0.1,0.3,mcc,0.22620076539512898,0.1118927292963775,0.11430803609875148,3.8102678699583827
MLP,Bank,missing,imbalance,0.1,0.3,accuracy,-0.022764968933416396,0.02600318034445588,-0.04876814927787228,-1.625604975929076
MLP,Bank,missing,imbalance,0.1,0.3,balanced_accuracy,0.09898147538260227,0.06408343851871766,0.03489803686388461,1.1632678954628204
MLP,Bank,missing,imbalance,0.1,0.3,macro_f1,0.1316529418698289,0.06764965605297418,0.06400328581685472,2.133442860561824
MLP,Bank,missing,imbalance,0.1,0.3,mcc,0.24558820356014924,0.1118927292963775,0.13369547426377174,4.456515808792392
GB,Bank,missing,imbalance,0.1,0.3,accuracy,-0.01770758282630669,0.003695044665633202,-0.021402627491939892,-0.7134209163979964
GB,Bank,missing,imbalance,0.1,0.3,balanced_accuracy,0.06997395372023618,0.038942483178649366,0.031031470541586816,1.0343823513862271
GB,Bank,missing,imbalance,0.1,0.3,macro_f1,0.0716802487077074,0.03669027699205694,0.03498997171565046,1.166332390521682
GB,Bank,missing,imbalance,0.1,0.3,mcc,0.13007356534108966,0.06318980608431274,0.06688375925677692,2.229458641892564
GB,Bank,missing,imbalance,0.1,0.3,accuracy,-0.018741917313439327,0.003695044665633202,-0.02243696197907253,-0.747898732635751
GB,Bank,missing,imbalance,0.1,0.3,balanced_accuracy,0.07046879709826614,0.038942483178649366,0.03152631391961678,1.0508771306538927
GB,Bank,missing,imbalance,0.1,0.3,macro_f1,0.07166595770253459,0.03669027699205694,0.03497568071047765,1.1658560236825883
GB,Bank,missing,imbalance,0.1,0.3,mcc,0.1279720170679215,0.06318980608431274,0.06478221098360876,2.159407032786959
LR,Wine,missing,imbalance,0.1,0.3,accuracy,0.02651158547710253,0.004576706981214394,0.021934878495888134,0.7311626165296045
LR,Wine,missing,imbalance,0.1,0.3,balanced_accuracy,0.023880070546737353,0.03613044861856333,-0.012250378071825975,-0.4083459357275325
LR,Wine,missing,imbalance,0.1,0.3,macro_f1,0.026924567070896188,0.03442431135399952,-0.007499744283103335,-0.24999147610344452
LR,Wine,missing,imbalance,0.1,0.3,mcc,0.042342389731924945,0.06211063975856816,-0.019768250026643217,-0.6589416675547739
LR,Wine,missing,imbalance,0.1,0.3,accuracy,0.02651158547710253,0.004576706981214394,0.021934878495888134,0.7311626165296045
LR,Wine,missing,imbalance,0.1,0.3,balanced_accuracy,0.027213403880070652,0.03613044861856333,-0.008917044738492676,-0.29723482461642253
LR,Wine,missing,imbalance,0.1,0.3,macro_f1,0.027437710802430737,0.03442431135399952,-0.006986600551568786,-0.23288668505229287
LR,Wine,missing,imbalance,0.1,0.3,mcc,0.04169797978637124,0.06211063975856816,-0.02041265997219692,-0.6804219990732306
RF,Wine,missing,imbalance,0.1,0.3,accuracy,0.01765736179529298,0.00606409287403695,0.01159326892125603,0.386442297375201
RF,Wine,missing,imbalance,0.1,0.3,balanced_accuracy,0.012830687830687637,0.038499927577279894,-0.025669239746592257,-0.8556413248864085
RF,Wine,missing,imbalance,0.1,0.3,macro_f1,0.016830733052955238,0.036893077833739726,-0.02006234478078449,-0.6687448260261496
RF,Wine,missing,imbalance,0.1,0.3,mcc,0.02688358153696946,0.0660090935626162,-0.039125512025646736,-1.3041837341882245
RF,Wine,missing,imbalance,0.1,0.3,accuracy,0.024553913519430703,0.00606409287403695,0.018489820645393753,0.6163273548464584
RF,Wine,missing,imbalance,0.1,0.3,balanced_accuracy,0.022989417989418004,0.038499927577279894,-0.01551050958786189,-0.517016986262063
RF,Wine,missing,imbalance,0.1,0.3,macro_f1,0.025690098464044908,0.036893077833739726,-0.011202979369694818,-0.373432645656494
RF,Wine,missing,imbalance,0.1,0.3,mcc,0.036884412584079374,0.0660090935626162,-0.02912468097853682,-0.9708226992845608
XGB,Wine,missing,imbalance,0.1,0.3,accuracy,0.00525998905309244,0.004348832360025898,0.0009111566930665414,0.030371889768884715
XGB,Wine,missing,imbalance,0.1,0.3,balanced_accuracy,0.006568863235529854,0.04009923704248435,-0.0335303738069545,-1.1176791268984834
XGB,Wine,missing,imbalance,0.1,0.3,macro_f1,0.004751929041650449,0.037011032809061845,-0.032259103767411396,-1.0753034589137132
XGB,Wine,missing,imbalance,0.1,0.3,mcc,0.011319728637268156,0.06252104613490586,-0.051201317497637705,-1.7067105832545901
XGB,Wine,missing,imbalance,0.1,0.3,accuracy,0.03284619594964422,0.004348832360025898,0.02849736358961832,0.9499121196539441
XGB,Wine,missing,imbalance,0.1,0.3,balanced_accuracy,0.03339426006092694,0.04009923704248435,-0.006704976981557413,-0.22349923271858044
XGB,Wine,missing,imbalance,0.1,0.3,macro_f1,0.038213421972379424,0.037011032809061845,0.0012023891633175798,0.040079638777252666
XGB,Wine,missing,imbalance,0.1,0.3,mcc,0.05158860142988253,0.06252104613490586,-0.010932444705023331,-0.3644148235007777
SVM,Wine,missing,imbalance,0.1,0.3,accuracy,0.003864258347016869,0.0036394568526947136,0.00022480149432215542,0.0074933831440718475
SVM,Wine,missing,imbalance,0.1,0.3,balanced_accuracy,0.0010309443642776417,0.03520337994464621,-0.03417243558036857,-1.1390811860122856
SVM,Wine,missing,imbalance,0.1,0.3,macro_f1,0.0031506234028904068,0.03357435924818164,-0.030423735845291233,-1.0141245281763744
SVM,Wine,missing,imbalance,0.1,0.3,mcc,0.006612177786259776,0.061241769531698735,-0.05462959174543896,-1.820986391514632
SVM,Wine,missing,imbalance,0.1,0.3,accuracy,0.01765736179529287,0.0036394568526947136,0.014017904942598157,0.4672634980866052
SVM,Wine,missing,imbalance,0.1,0.3,balanced_accuracy,0.02491983325316649,0.03520337994464621,-0.010283546691479718,-0.34278488971599064
SVM,Wine,missing,imbalance,0.1,0.3,macro_f1,0.02091744263371431,0.03357435924818164,-0.012656916614467328,-0.4218972204822443
SVM,Wine,missing,imbalance,0.1,0.3,mcc,0.028007267523608603,0.061241769531698735,-0.03323450200809013,-1.1078167336030045
MLP,Wine,missing,imbalance,0.1,0.3,accuracy,0.08498814085020978,0.02600318034445588,0.0589849605057539,1.9661653501917968
MLP,Wine,missing,imbalance,0.1,0.3,balanced_accuracy,0.08110149110149112,0.06408343851871766,0.01701805258277346,0.567268419425782
MLP,Wine,missing,imbalance,0.1,0.3,macro_f1,0.08474505498995544,0.06764965605297418,0.017095398936981254,0.5698466312327085
MLP,Wine,missing,imbalance,0.1,0.3,mcc,0.12978379930068207,0.1118927292963775,0.017891070004304566,0.5963690001434856
MLP,Wine,missing,imbalance,0.1,0.3,accuracy,0.1194708994708994,0.02600318034445588,0.09346771912644351,3.115590637548117
MLP,Wine,missing,imbalance,0.1,0.3,balanced_accuracy,0.1014718614718616,0.06408343851871766,0.03738842295314394,1.2462807651047982
MLP,Wine,missing,imbalance,0.1,0.3,macro_f1,0.11867420182416522,0.06764965605297418,0.05102454577119103,1.7008181923730346
MLP,Wine,missing,imbalance,0.1,0.3,mcc,0.1695633272914685,0.1118927292963775,0.057670597995091,1.9223532665030334
GB,Wine,missing,imbalance,0.1,0.3,accuracy,0.027345374931581845,0.003695044665633202,0.023650330265948642,0.7883443421982881
GB,Wine,missing,imbalance,0.1,0.3,balanced_accuracy,0.03928250761584107,0.038942483178649366,0.0003400244371917008,0.011334147906390027
GB,Wine,missing,imbalance,0.1,0.3,macro_f1,0.035149960634818456,0.03669027699205694,-0.0015403163572384818,-0.05134387857461606
GB,Wine,missing,imbalance,0.1,0.3,mcc,0.0482496934708333,0.06318980608431274,-0.01494011261347944,-0.498003753782648
GB,Wine,missing,imbalance,0.1,0.3,accuracy,0.0066557197591679,0.003695044665633202,0.0029606750935346976,0.09868916978448992
GB,Wine,missing,imbalance,0.1,0.3,balanced_accuracy,0.014838063171396465,0.038942483178649366,-0.0241044200072529,-0.8034806669084301
GB,Wine,missing,imbalance,0.1,0.3,macro_f1,0.015005055339092133,0.03669027699205694,-0.021685221652964805,-0.7228407217654935
GB,Wine,missing,imbalance,0.1,0.3,mcc,0.01642401754384759,0.06318980608431274,-0.04676578854046515,-1.558859618015505
LR,BreastCancer,missing,imbalance,0.1,0.3,accuracy,0.005126041248745383,0.004576706981214394,0.000549334267530989,0.018311142251032968
LR,BreastCancer,missing,imbalance,0.1,0.3,balanced_accuracy,0.015588167545174447,0.03613044861856333,-0.02054228107338888,-0.6847427024462961
LR,BreastCancer,missing,imbalance,0.1,0.3,macro_f1,0.009975149698370767,0.03442431135399952,-0.024449161655628757,-0.8149720551876253
LR,BreastCancer,missing,imbalance,0.1,0.3,mcc,0.019814010216773315,0.06211063975856816,-0.04229662954179485,-1.4098876513931615
LR,BreastCancer,missing,imbalance,0.1,0.3,accuracy,-0.0047749488502645265,0.004576706981214394,-0.00935165583147892,-0.3117218610492974
LR,BreastCancer,missing,imbalance,0.1,0.3,balanced_accuracy,-0.0013670696249730163,0.03613044861856333,-0.037497518243536344,-1.2499172747845448
LR,BreastCancer,missing,imbalance,0.1,0.3,macro_f1,-0.002461396560864193,0.03442431135399952,-0.036885707914863716,-1.229523597162124
LR,BreastCancer,missing,imbalance,0.1,0.3,mcc,-0.004419886884094892,0.06211063975856816,-0.06653052664266305,-2.2176842214221018
RF,BreastCancer,missing,imbalance,0.1,0.3,accuracy,-0.0030046786700094197,0.00606409287403695,-0.00906877154404637,-0.3022923848015457
RF,BreastCancer,missing,imbalance,0.1,0.3,balanced_accuracy,0.0022002992740368654,0.038499927577279894,-0.03629962830324303,-1.209987610108101
RF,BreastCancer,missing,imbalance,0.1,0.3,macro_f1,0.0016242227618957772,0.036893077833739726,-0.03526885507184395,-1.1756285023947983
RF,BreastCancer,missing,imbalance,0.1,0.3,mcc,0.002822962043421473,0.0660090935626162,-0.06318613151919472,-2.1062043839731577
RF,BreastCancer,missing,imbalance,0.1,0.3,accuracy,0.004916113409198508,0.00606409287403695,-0.0011479794648384415,-0.03826598216128139
RF,BreastCancer,missing,imbalance,0.1,0.3,balanced_accuracy,0.009893489064118133,0.038499927577279894,-0.02860643851316176,-0.9535479504387254
RF,BreastCancer,missing,imbalance,0.1,0.3,macro_f1,0.01119745671397876,0.036893077833739726,-0.025695621119760967,-0.8565207039920323
RF,BreastCancer,missing,imbalance,0.1,0.3,mcc,0.023730959876905988,0.0660090935626162,-0.042278133685710206,-1.409271122857007
XGB,BreastCancer,missing,imbalance,0.1,0.3,accuracy,0.004823472566166664,0.004348832360025898,0.00047464020614076605,0.015821340204692204
XGB,BreastCancer,missing,imbalance,0.1,0.3,balanced_accuracy,0.013099865939526056,0.04009923704248435,-0.026999371102958296,-0.8999790367652766
XGB,BreastCancer,missing,imbalance,0.1,0.3,macro_f1,0.010988674916391328,0.037011032809061845,-0.026022357892670517,-0.8674119297556839
XGB,BreastCancer,missing,imbalance,0.1,0.3,mcc,0.022320306235205534,0.06252104613490586,-0.04020073989970033,-1.3400246633233444
XGB,BreastCancer,missing,imbalance,0.1,0.3,accuracy,0.006803670585968646,0.004348832360025898,0.002454838225942748,0.08182794086475827
XGB,BreastCancer,missing,imbalance,0.1,0.3,balanced_accuracy,0.009929772582448981,0.04009923704248435,-0.03016946446003537,-1.0056488153345124
XGB,BreastCancer,missing,imbalance,0.1,0.3,macro_f1,0.012358039280276123,0.037011032809061845,-0.02465299352878572,-0.821766450959524
XGB,BreastCancer,missing,imbalance,0.1,0.3,mcc,0.024958407324636722,0.06252104613490586,-0.03756263881026914,-1.2520879603423047
SVM,BreastCancer,missing,imbalance,0.1,0.3,accuracy,0.003135492869268397,0.0036394568526947136,-0.0005039639834263166,-0.016798799447543887
SVM,BreastCancer,missing,imbalance,0.1,0.3,balanced_accuracy,0.011387894774868568,0.03520337994464621,-0.02381548516977764,-0.7938495056592547
SVM,BreastCancer,missing,imbalance,0.1,0.3,macro_f1,0.0074938571726596015,0.03357435924818164,-0.02608050207552204,-0.869350069184068
SVM,BreastCancer,missing,imbalance,0.1,0.3,mcc,0.014986252975189407,0.061241769531698735,-0.04625551655650933,-1.5418505518836443
SVM,BreastCancer,missing,imbalance,0.1,0.3,accuracy,-0.0008249031703355669,0.0036394568526947136,-0.0044643600230302805,-0.14881200076767603
SVM,BreastCancer,missing,imbalance,0.1,0.3,balanced_accuracy,0.004586723764129719,0.03520337994464621,-0.03061665618051649,-1.0205552060172163
SVM,BreastCancer,missing,imbalance,0.1,0.3,macro_f1,0.0024516160676339993,0.03357435924818164,-0.03112274318054764,-1.0374247726849215
SVM,BreastCancer,missing,imbalance,0.1,0.3,mcc,0.004900233404062759,0.061241769531698735,-0.056341536127635976,-1.8780512042545325
MLP,BreastCancer,missing,imbalance,0.1,0.3,accuracy,0.01996814958626736,0.02600318034445588,-0.006035030758188523,-0.20116769193961742
MLP,BreastCancer,missing,imbalance,0.1,0.3,balanced_accuracy,0.039380770799019804,0.06408343851871766,-0.024702667719697854,-0.8234222573232618
MLP,BreastCancer,missing,imbalance,0.1,0.3,macro_f1,0.03316424870497703,0.06764965605297418,-0.034485407347997155,-1.149513578266572
MLP,BreastCancer,missing,imbalance,0.1,0.3,mcc,0.06557220531125929,0.1118927292963775,-0.04632052398511821,-1.5440174661706072
MLP,BreastCancer,missing,imbalance,0.1,0.3,accuracy,0.03382953572488123,0.02600318034445588,0.007826355380425351,0.26087851268084505
MLP,BreastCancer,missing,imbalance,0.1,0.3,balanced_accuracy,0.06071340260518232,0.06408343851871766,-0.003370035913535338,-0.11233453045117794
MLP,BreastCancer,missing,imbalance,0.1,0.3,macro_f1,0.051244762890340634,0.06764965605297418,-0.01640489316263355,-0.546829772087785
MLP,BreastCancer,missing,imbalance,0.1,0.3,mcc,0.09909783915151049,0.1118927292963775,-0.01279489014486701,-0.4264963381622337
GB,BreastCancer,missing,imbalance,0.1,0.3,accuracy,0.007553046874319569,0.003695044665633202,0.003858002208686367,0.1286000736228789
GB,BreastCancer,missing,imbalance,0.1,0.3,balanced_accuracy,0.019121263414637824,0.038942483178649366,-0.019821219764011543,-0.6607073254670515
GB,BreastCancer,missing,imbalance,0.1,0.3,macro_f1,0.01580293255068932,0.03669027699205694,-0.020887344441367618,-0.696244814712254
GB,BreastCancer,missing,imbalance,0.1,0.3,mcc,0.03037758799255441,0.06318980608431274,-0.03281221809175833,-1.093740603058611
GB,BreastCancer,missing,imbalance,0.1,0.3,accuracy,-0.004328141244492323,0.003695044665633202,-0.008023185910125526,-0.26743953033751755
GB,BreastCancer,missing,imbalance,0.1,0.3,balanced_accuracy,-0.0014338874137038715,0.038942483178649366,-0.04037637059235324,-1.345879019745108
GB,BreastCancer,missing,imbalance,0.1,0.3,macro_f1,0.0005029211317075788,0.03669027699205694,-0.03618735586034936,-1.2062451953449786
GB,BreastCancer,missing,imbalance,0.1,0.3,mcc,0.0015649729727809092,0.06318980608431274,-0.06162483311153183,-2.054161103717728
LR,Digits,missing,imbalance,0.1,0.3,accuracy,0.034134016027830505,0.004576706981214394,0.02955730904661611,0.9852436348872037
LR,Digits,missing,imbalance,0.1,0.3,balanced_accuracy,0.041762897933847576,0.03613044861856333,0.005632449315284248,0.18774831050947494
LR,Digits,missing,imbalance,0.1,0.3,macro_f1,0.03967670542783519,0.03442431135399952,0.005252394073835667,0.17507980246118893
LR,Digits,missing,imbalance,0.1,0.3,mcc,0.07879970304065775,0.06211063975856816,0.016689063282089592,0.5563021094029864
LR,Digits,missing,imbalance,0.1,0.3,accuracy,0.029560995562813885,0.004576706981214394,0.02498428858159949,0.8328096193866498
LR,Digits,missing,imbalance,0.1,0.3,balanced_accuracy,0.03548014778037911,0.03613044861856333,-0.000650300838184216,-0.021676694606140533
LR,Digits,missing,imbalance,0.1,0.3,macro_f1,0.0345283747820081,0.03442431135399952,0.00010406342800857449,0.0034687809336191497
LR,Digits,missing,imbalance,0.1,0.3,mcc,0.06921485059186117,0.06211063975856816,0.007104210833293004,0.23680702777643348
RF,Digits,missing,imbalance,0.1,0.3,accuracy,0.024850811922152993,0.00606409287403695,0.018786719048116043,0.6262239682705348
RF,Digits,missing,imbalance,0.1,0.3,balanced_accuracy,0.029531598058663566,0.038499927577279894,-0.008968329518616328,-0.29894431728721094
RF,Digits,missing,imbalance,0.1,0.3,macro_f1,0.02676209598103585,0.036893077833739726,-0.010130981852703877,-0.33769939509012925
RF,Digits,missing,imbalance,0.1,0.3,mcc,0.052777546927343044,0.0660090935626162,-0.01323154663527315,-0.44105155450910505
RF,Digits,missing,imbalance,0.1,0.3,accuracy,0.020292791992869708,0.00606409287403695,0.014228699118832757,0.4742899706277586
RF,Digits,missing,imbalance,0.1,0.3,balanced_accuracy,0.025718478704107928,0.038499927577279894,-0.012781448873171966,-0.4260482957723989
RF,Digits,missing,imbalance,0.1,0.3,macro_f1,0.02212241669188897,0.036893077833739726,-0.014770661141850758,-0.4923553713950253
RF,Digits,missing,imbalance,0.1,0.3,mcc,0.0431719644340417,0.0660090935626162,-0.022837129128574496,-0.7612376376191499
XGB,Digits,missing,imbalance,0.1,0.3,accuracy,0.015929205489929488,0.004348832360025898,0.01158037312990359,0.386012437663453
XGB,Digits,missing,imbalance,0.1,0.3,balanced_accuracy,0.019373305760465587,0.04009923704248435,-0.020725931282018766,-0.6908643760672922
XGB,Digits,missing,imbalance,0.1,0.3,macro_f1,0.017643583789949346,0.037011032809061845,-0.019367449019112498,-0.6455816339704167
XGB,Digits,missing,imbalance,0.1,0.3,mcc,0.03504838180211467,0.06252104613490586,-0.02747266433279119,-0.9157554777597064
XGB,Digits,missing,imbalance,0.1,0.3,accuracy,0.01724282383344178,0.004348832360025898,0.01289399147341588,0.42979971578052933
XGB,Digits,missing,imbalance,0.1,0.3,balanced_accuracy,0.02052251210967193,0.04009923704248435,-0.01957672493281242,-0.652557497760414
XGB,Digits,missing,imbalance,0.1,0.3,macro_f1,0.018951601350505776,0.037011032809061845,-0.01805943145855607,-0.6019810486185356
XGB,Digits,missing,imbalance,0.1,0.3,mcc,0.037625821705412954,0.06252104613490586,-0.024895224429492907,-0.8298408143164303
SVM,Digits,missing,imbalance,0.1,0.3,accuracy,0.014085307563212801,0.0036394568526947136,0.010445850710518088,0.3481950236839363
SVM,Digits,missing,imbalance,0.1,0.3,balanced_accuracy,0.016051574784054057,0.03520337994464621,-0.01915180516059215,-0.6383935053530717
SVM,Digits,missing,imbalance,0.1,0.3,macro_f1,0.015253479488782307,0.03357435924818164,-0.018320879759399333,-0.6106959919799778
SVM,Digits,missing,imbalance,0.1,0.3,mcc,0.030534152966002148,0.061241769531698735,-0.030707616565696587,-1.023587218856553
SVM,Digits,missing,imbalance,0.1,0.3,accuracy,0.009503715363491483,0.0036394568526947136,0.005864258510796769,0.19547528369322564
SVM,Digits,missing,imbalance,0.1,0.3,balanced_accuracy,0.011921310818430841,0.03520337994464621,-0.023282069126215367,-0.7760689708738456
SVM,Digits,missing,imbalance,0.1,0.3,macro_f1,0.010546629120690931,0.03357435924818164,-0.02302773012749071,-0.7675910042496903
SVM,Digits,missing,imbalance,0.1,0.3,mcc,0.021025886892207524,0.061241769531698735,-0.04021588263949121,-1.3405294213163739
MLP,Digits,missing,imbalance,0.1,0.3,accuracy,0.01730713223840763,0.02600318034445588,-0.008696048106048251,-0.2898682702016084
MLP,Digits,missing,imbalance,0.1,0.3,balanced_accuracy,0.019329910437173026,0.06408343851871766,-0.04475352808154463,-1.4917842693848211
MLP,Digits,missing,imbalance,0.1,0.3,macro_f1,0.019095362934852034,0.06764965605297418,-0.04855429311812215,-1.6184764372707383
MLP,Digits,missing,imbalance,0.1,0.3,mcc,0.038076334510344756,0.1118927292963775,-0.07381639478603275,-2.4605464928677585
MLP,Digits,missing,imbalance,0.1,0.3,accuracy,0.031030479500809838,0.02600318034445588,0.0050272991563539565,0.16757663854513188
MLP,Digits,missing,imbalance,0.1,0.3,balanced_accuracy,0.033654140902840024,0.06408343851871766,-0.030429297615877635,-1.0143099205292545
MLP,Digits,missing,imbalance,0.1,0.3,macro_f1,0.03345199665879517,0.06764965605297418,-0.034197659394179014,-1.1399219798059672
MLP,Digits,missing,imbalance,0.1,0.3,mcc,0.06668415597621768,0.1118927292963775,-0.04520857332015982,-1.5069524440053272
GB,Digits,missing,imbalance,0.1,0.3,accuracy,0.01623120095514763,0.003695044665633202,0.012536156289514426,0.41787187631714756
GB,Digits,missing,imbalance,0.1,0.3,balanced_accuracy,0.019166958121870303,0.038942483178649366,-0.019775525056779063,-0.6591841685593021
GB,Digits,missing,imbalance,0.1,0.3,macro_f1,0.018025482879829413,0.03669027699205694,-0.018664794112227524,-0.6221598037409175
GB,Digits,missing,imbalance,0.1,0.3,mcc,0.035808210374510874,0.06318980608431274,-0.027381595709801865,-0.9127198569933955
GB,Digits,missing,imbalance,0.1,0.3,accuracy,0.019512032413413927,0.003695044665633202,0.015816987747780724,0.5272329249260241
GB,Digits,missing,imbalance,0.1,0.3,balanced_accuracy,0.022465581291211678,0.038942483178649366,-0.016476901887437688,-0.5492300629145896
GB,Digits,missing,imbalance,0.1,0.3,macro_f1,0.021353539880238026,0.03669027699205694,-0.015336737111818911,-0.5112245703939637
GB,Digits,missing,imbalance,0.1,0.3,mcc,0.04266427275243345,0.06318980608431274,-0.020525533331879287,-0.6841844443959763
LR,Spambase,missing,imbalance,0.1,0.6,accuracy,0.001239123886914828,-0.0029791399951954803,0.004218263882110308,0.07030439803517181
LR,Spambase,missing,imbalance,0.1,0.6,balanced_accuracy,0.05801961492719532,0.05731171735131421,0.0007078975758811057,0.011798292931351761
LR,Spambase,missing,imbalance,0.1,0.6,macro_f1,0.043089308114501845,0.05361596429332435,-0.010526656178822508,-0.1754442696470418
LR,Spambase,missing,imbalance,0.1,0.6,mcc,0.0834239103459471,0.09723682321125329,-0.013812912865306198,-0.23021521442176998
LR,Spambase,missing,imbalance,0.1,0.6,accuracy,0.00436694806737048,-0.0029791399951954803,0.00734608806256596,0.12243480104276601
LR,Spambase,missing,imbalance,0.1,0.6,balanced_accuracy,0.06356115131523388,0.05731171735131421,0.006249433963919665,0.10415723273199443
LR,Spambase,missing,imbalance,0.1,0.6,macro_f1,0.04855304589763565,0.05361596429332435,-0.005062918395688704,-0.0843819732614784
LR,Spambase,missing,imbalance,0.1,0.6,mcc,0.09375682180176603,0.09723682321125329,-0.00348000140948726,-0.05800002349145433
RF,Spambase,missing,imbalance,0.1,0.6,accuracy,-0.0005506437479694259,0.0020211246188362175,-0.0025717683668056435,-0.042862806113427396
RF,Spambase,missing,imbalance,0.1,0.6,balanced_accuracy,0.04430936426424781,0.06427839641577354,-0.019969032151525734,-0.3328172025254289
RF,Spambase,missing,imbalance,0.1,0.6,macro_f1,0.029251533065542623,0.059815243889514993,-0.03056371082397237,-0.5093951803995396
RF,Spambase,missing,imbalance,0.1,0.6,mcc,0.0559966197527344,0.10709389165670212,-0.05109727190396772,-0.851621198399462
RF,Spambase,missing,imbalance,0.1,0.6,accuracy,0.002294306465401852,0.0020211246188362175,0.0002731818465656344,0.004553030776093907
RF,Spambase,missing,imbalance,0.1,0.6,balanced_accuracy,0.05171571620304427,0.06427839641577354,-0.012562680212729271,-0.20937800354548786
RF,Spambase,missing,imbalance,0.1,0.6,macro_f1,0.03459255340012535,0.059815243889514993,-0.025222690489389646,-0.42037817482316076
RF,Spambase,missing,imbalance,0.1,0.6,mcc,0.06590036767090113,0.10709389165670212,-0.04119352398580099,-0.6865587330966832
XGB,Spambase,missing,imbalance,0.1,0.6,accuracy,-0.002089600395565827,-0.0003953250647014215,-0.0016942753308644056,-0.02823792218107343
XGB,Spambase,missing,imbalance,0.1,0.6,balanced_accuracy,0.030141083374101263,0.06721196723244974,-0.037070883858348475,-0.617848064305808
XGB,Spambase,missing,imbalance,0.1,0.6,macro_f1,0.022063692576106853,0.060810497003701953,-0.0387468044275951,-0.6457800737932518
XGB,Spambase,missing,imbalance,0.1,0.6,mcc,0.04331430928324298,0.1011504327979721,-0.057836123514729124,-0.963935391912152
XGB,Spambase,missing,imbalance,0.1,0.6,accuracy,0.00132758196898497,-0.0003953250647014215,0.0017229070336863914,0.028715117228106525
XGB,Spambase,missing,imbalance,0.1,0.6,balanced_accuracy,0.03841823241950881,0.06721196723244974,-0.028793734812940924,-0.47989558021568207
XGB,Spambase,missing,imbalance,0.1,0.6,macro_f1,0.028034195656259087,0.060810497003701953,-0.03277630134744287,-0.5462716891240478
XGB,Spambase,missing,imbalance,0.1,0.6,mcc,0.054979204354144495,0.1011504327979721,-0.04617122844382761,-0.7695204740637935
SVM,Spambase,missing,imbalance,0.1,0.6,accuracy,0.0026530871272185674,-0.0022987649369140186,0.004951852064132586,0.0825308677355431
SVM,Spambase,missing,imbalance,0.1,0.6,balanced_accuracy,0.056470512898134095,0.05844793257006084,-0.0019774196719267445,-0.03295699453211241
SVM,Spambase,missing,imbalance,0.1,0.6,macro_f1,0.041359301564920514,0.05415153022764195,-0.012792228662721436,-0.21320381104535727
SVM,Spambase,missing,imbalance,0.1,0.6,mcc,0.07994455252505339,0.09956915284192568,-0.019624600316872284,-0.32707667194787143
SVM,Spambase,missing,imbalance,0.1,0.6,accuracy,-0.0004779791617425255,-0.0022987649369140186,0.001820785775171493,0.03034642958619155
SVM,Spambase,missing,imbalance,0.1,0.6,balanced_accuracy,0.051946002986529405,0.05844793257006084,-0.006501929583531435,-0.10836549305885726
SVM,Spambase,missing,imbalance,0.1,0.6,macro_f1,0.036188156288633366,0.05415153022764195,-0.017963373939008584,-0.2993895656501431
SVM,Spambase,missing,imbalance,0.1,0.6,mcc,0.06975741900494814,0.09956915284192568,-0.029811733836977536,-0.49686223061629226
MLP,Spambase,missing,imbalance,0.1,0.6,accuracy,-0.0003314188311838162,0.039239291619790714,-0.03957071045097453,-0.6595118408495755
MLP,Spambase,missing,imbalance,0.1,0.6,balanced_accuracy,0.04208870512465246,0.11292152583920094,-0.07083282071454848,-1.1805470119091415
MLP,Spambase,missing,imbalance,0.1,0.6,macro_f1,0.03226295873612728,0.11905662103727016,-0.08679366230114288,-1.4465610383523815
MLP,Spambase,missing,imbalance,0.1,0.6,mcc,0.06369623842932892,0.1973493463936682,-0.13365310796433927,-2.2275517994056546
MLP,Spambase,missing,imbalance,0.1,0.6,accuracy,-0.005172697356673028,0.039239291619790714,-0.04441198897646374,-0.7401998162743957
MLP,Spambase,missing,imbalance,0.1,0.6,balanced_accuracy,0.03495502133432049,0.11292152583920094,-0.07796650450488045,-1.2994417417480075
MLP,Spambase,missing,imbalance,0.1,0.6,macro_f1,0.024739403769960866,0.11905662103727016,-0.0943172172673093,-1.5719536211218217
MLP,Spambase,missing,imbalance,0.1,0.6,mcc,0.04836410326264218,0.1973493463936682,-0.148985243131026,-2.4830873855171003
GB,Spambase,missing,imbalance,0.1,0.6,accuracy,-0.0053388487856171896,-0.001450802639716118,-0.0038880461459010716,-0.0648007690983512
GB,Spambase,missing,imbalance,0.1,0.6,balanced_accuracy,0.034324194221276305,0.06600062560966378,-0.03167643138838748,-0.5279405231397913
GB,Spambase,missing,imbalance,0.1,0.6,macro_f1,0.019731436111454337,0.06097580344209015,-0.041244367330635814,-0.6874061221772636
GB,Spambase,missing,imbalance,0.1,0.6,mcc,0.03731770858406325,0.1042970929244281,-0.06697938434036485,-1.1163230723394142
GB,Spambase,missing,imbalance,0.1,0.6,accuracy,-0.0013559184868973118,-0.001450802639716118,9.488415281880616e-05,0.0015814025469801027
GB,Spambase,missing,imbalance,0.1,0.6,balanced_accuracy,0.03887525135038261,0.06600062560966378,-0.027125374259281174,-0.45208957098801955
GB,Spambase,missing,imbalance,0.1,0.6,macro_f1,0.025822786440406587,0.06097580344209015,-0.035153017001683565,-0.5858836166947261
GB,Spambase,missing,imbalance,0.1,0.6,mcc,0.05001516076092882,0.1042970929244281,-0.054281932163499275,-0.9046988693916546
LR,Bank,missing,imbalance,0.1,0.6,accuracy,-0.04858604349688078,-0.0029791399951954803,-0.0456069035016853,-0.7601150583614217
LR,Bank,missing,imbalance,0.1,0.6,balanced_accuracy,0.11791799736443287,0.05731171735131421,0.06060628001311866,1.010104666885311
LR,Bank,missing,imbalance,0.1,0.6,macro_f1,0.14507203981141203,0.05361596429332435,0.09145607551808768,1.5242679253014615
LR,Bank,missing,imbalance,0.1,0.6,mcc,0.28445138193383135,0.09723682321125329,0.18721455872257806,3.120242645376301
LR,Bank,missing,imbalance,0.1,0.6,accuracy,-0.05331861522969561,-0.0029791399951954803,-0.05033947523450013,-0.8389912539083355
LR,Bank,missing,imbalance,0.1,0.6,balanced_accuracy,0.07893585654645363,0.05731171735131421,0.02162413919513942,0.36040231991899035
LR,Bank,missing,imbalance,0.1,0.6,macro_f1,0.08778407261005872,0.05361596429332435,0.034168108316734364,0.5694684719455727
LR,Bank,missing,imbalance,0.1,0.6,mcc,0.15611483260779452,0.09723682321125329,0.058878009396541225,0.9813001566090205
RF,Bank,missing,imbalance,0.1,0.6,accuracy,-0.054163545030498694,0.0020211246188362175,-0.05618466964933491,-0.9364111608222485
RF,Bank,missing,imbalance,0.1,0.6,balanced_accuracy,0.09110573263972399,0.06427839641577354,0.02682733622395045,0.4471222703991742
RF,Bank,missing,imbalance,0.1,0.6,macro_f1,0.1257558587217239,0.059815243889514993,0.06594061483220891,1.0990102472034817
RF,Bank,missing,imbalance,0.1,0.6,mcc,0.22498939013911637,0.10709389165670212,0.11789549848241425,1.9649249747069042
RF,Bank,missing,imbalance,0.1,0.6,accuracy,-0.05566915286410412,0.0020211246188362175,-0.05769027748294034,-0.9615046247156723
RF,Bank,missing,imbalance,0.1,0.6,balanced_accuracy,0.0741977063271051,0.06427839641577354,0.009919309911331553,0.1653218318555259
RF,Bank,missing,imbalance,0.1,0.6,macro_f1,0.09595538344380827,0.059815243889514993,0.03614013955429328,0.6023356592382213
RF,Bank,missing,imbalance,0.1,0.6,mcc,0.1458111544179055,0.10709389165670212,0.038717262761203367,0.6452877126867228
XGB,Bank,missing,imbalance,0.1,0.6,accuracy,-0.04920063428128307,-0.0003953250647014215,-0.048805309216581653,-0.8134218202763609
XGB,Bank,missing,imbalance,0.1,0.6,balanced_accuracy,0.13245932359950574,0.06721196723244974,0.065247356367056,1.0874559394509333
XGB,Bank,missing,imbalance,0.1,0.6,macro_f1,0.1507269581198396,0.060810497003701953,0.08991646111613766,1.498607685268961
XGB,Bank,missing,imbalance,0.1,0.6,mcc,0.27797076329868303,0.1011504327979721,0.17682033050071094,2.9470055083451823
XGB,Bank,missing,imbalance,0.1,0.6,accuracy,-0.052427829670011805,-0.0003953250647014215,-0.052032504605310385,-0.8672084100885065
XGB,Bank,missing,imbalance,0.1,0.6,balanced_accuracy,0.11665970431322337,0.06721196723244974,0.04944773708077363,0.8241289513462272
XGB,Bank,missing,imbalance,0.1,0.6,macro_f1,0.12665701258237894,0.060810497003701953,0.06584651557867699,1.0974419263112831
XGB,Bank,missing,imbalance,0.1,0.6,mcc,0.21654230555275322,0.1011504327979721,0.11539187275478112,1.923197879246352
SVM,Bank,missing,imbalance,0.1,0.6,accuracy,-0.05968182460039129,-0.0022987649369140186,-0.057383059663477266,-0.9563843277246211
SVM,Bank,missing,imbalance,0.1,0.6,balanced_accuracy,0.08421315629575665,0.05844793257006084,0.025765223725695813,0.42942039542826355
SVM,Bank,missing,imbalance,0.1,0.6,macro_f1,0.12065136513584462,0.05415153022764195,0.06649983490820267,1.108330581803378
SVM,Bank,missing,imbalance,0.1,0.6,mcc,0.24070471774810231,0.09956915284192568,0.14113556490617662,2.3522594151029437
SVM,Bank,missing,imbalance,0.1,0.6,accuracy,-0.059897109853351505,-0.0022987649369140186,-0.057598344916437484,-0.9599724152739582
SVM,Bank,missing,imbalance,0.1,0.6,balanced_accuracy,0.08203924325227852,0.05844793257006084,0.023591310682217675,0.3931885113702946
SVM,Bank,missing,imbalance,0.1,0.6,macro_f1,0.11634222965965635,0.05415153022764195,0.0621906994320144,1.03651165720024
SVM,Bank,missing,imbalance,0.1,0.6,mcc,0.21194017706691465,0.09956915284192568,0.11237102422498897,1.8728504037498164
MLP,Bank,missing,imbalance,0.1,0.6,accuracy,-0.05673105547646329,0.039239291619790714,-0.095970347096254,-1.5995057849375667
MLP,Bank,missing,imbalance,0.1,0.6,balanced_accuracy,0.10804798959070772,0.11292152583920094,-0.004873536248493224,-0.08122560414155373
MLP,Bank,missing,imbalance,0.1,0.6,macro_f1,0.13682326238931597,0.11905662103727016,0.01776664135204581,0.2961106892007635
MLP,Bank,missing,imbalance,0.1,0.6,mcc,0.2509608533105254,0.1973493463936682,0.05361150691685723,0.8935251152809539
MLP,Bank,missing,imbalance,0.1,0.6,accuracy,-0.05888159311087193,0.039239291619790714,-0.09812088473066265,-1.6353480788443775
MLP,Bank,missing,imbalance,0.1,0.6,balanced_accuracy,0.10297917511478627,0.11292152583920094,-0.00994235072441467,-0.16570584540691116
MLP,Bank,missing,imbalance,0.1,0.6,macro_f1,0.12864088028330223,0.11905662103727016,0.009584259246032067,0.15973765410053448
MLP,Bank,missing,imbalance,0.1,0.6,mcc,0.23493463628111946,0.1973493463936682,0.03758528988745127,0.6264214981241879
GB,Bank,missing,imbalance,0.1,0.6,accuracy,-0.04795285947428729,-0.001450802639716118,-0.046502056834571176,-0.7750342805761863
GB,Bank,missing,imbalance,0.1,0.6,balanced_accuracy,0.11514358391081114,0.06600062560966378,0.04914295830114736,0.8190493050191227
GB,Bank,missing,imbalance,0.1,0.6,macro_f1,0.1261904624681034,0.06097580344209015,0.06521465902601324,1.0869109837668873
GB,Bank,missing,imbalance,0.1,0.6,mcc,0.24293005288285857,0.1042970929244281,0.13863295995843047,2.310549332640508
GB,Bank,missing,imbalance,0.1,0.6,accuracy,-0.04945893028693127,-0.001450802639716118,-0.048008127647215154,-0.8001354607869192
GB,Bank,missing,imbalance,0.1,0.6,balanced_accuracy,0.10830760405490403,0.06600062560966378,0.04230697844524024,0.7051163074206708
GB,Bank,missing,imbalance,0.1,0.6,macro_f1,0.11773238461026936,0.06097580344209015,0.05675658116817921,0.9459430194696535
GB,Bank,missing,imbalance,0.1,0.6,mcc,0.2235001601833972,0.1042970929244281,0.11920306725896909,1.986717787649485
LR,Wine,missing,imbalance,0.1,0.6,accuracy,0.02940104983583225,-0.0029791399951954803,0.03238018983102773,0.5396698305171288
LR,Wine,missing,imbalance,0.1,0.6,balanced_accuracy,0.03340388007054684,0.05731171735131421,-0.02390783728076737,-0.39846395467945617
LR,Wine,missing,imbalance,0.1,0.6,macro_f1,0.037876804926447294,0.05361596429332435,-0.01573915936687706,-0.26231932278128434
LR,Wine,missing,imbalance,0.1,0.6,mcc,0.056861135071304636,0.09723682321125329,-0.04037568813994866,-0.672928135665811
LR,Wine,missing,imbalance,0.1,0.6,accuracy,0.02031014074492321,-0.0029791399951954803,0.02328928074011869,0.3881546790019782
LR,Wine,missing,imbalance,0.1,0.6,balanced_accuracy,0.04578483245149911,0.05731171735131421,-0.011526884899815099,-0.19211474833025166
LR,Wine,missing,imbalance,0.1,0.6,macro_f1,0.02777706643590394,0.05361596429332435,-0.025838897857420412,-0.43064829762367357
LR,Wine,missing,imbalance,0.1,0.6,mcc,0.04185416720714097,0.09723682321125329,-0.055382656004112324,-0.9230442667352055
RF,Wine,missing,imbalance,0.1,0.6,accuracy,0.03613903005207353,0.0020211246188362175,0.03411790543323731,0.5686317572206219
RF,Wine,missing,imbalance,0.1,0.6,balanced_accuracy,0.049735449735449744,0.06427839641577354,-0.014542946680323798,-0.24238244467206332
RF,Wine,missing,imbalance,0.1,0.6,macro_f1,0.04631860575921898,0.059815243889514993,-0.013496638130296015,-0.22494396883826692
RF,Wine,missing,imbalance,0.1,0.6,mcc,0.06771407027667731,0.10709389165670212,-0.03937982138002481,-0.6563303563337469
RF,Wine,missing,imbalance,0.1,0.6,accuracy,0.045625196059978834,0.0020211246188362175,0.04360407144114262,0.7267345240190436
RF,Wine,missing,imbalance,0.1,0.6,balanced_accuracy,0.06497354497354502,0.06427839641577354,0.0006951485577714744,0.01158580929619124
RF,Wine,missing,imbalance,0.1,0.6,macro_f1,0.05994087110562207,0.059815243889514993,0.00012562721610707983,0.002093786935117997
RF,Wine,missing,imbalance,0.1,0.6,mcc,0.08862434227502625,0.10709389165670212,-0.018469549381675873,-0.3078258230279312
XGB,Wine,missing,imbalance,0.1,0.6,accuracy,0.0368260242173285,-0.0003953250647014215,0.03722134928202992,0.6203558213671654
XGB,Wine,missing,imbalance,0.1,0.6,balanced_accuracy,0.07847362514029199,0.06721196723244974,0.011261657907842254,0.18769429846403757
XGB,Wine,missing,imbalance,0.1,0.6,macro_f1,0.06439585046718121,0.060810497003701953,0.0035853534634792614,0.05975589105798769
XGB,Wine,missing,imbalance,0.1,0.6,mcc,0.08493161402484006,0.1011504327979721,-0.01621881877313204,-0.27031364621886733
XGB,Wine,missing,imbalance,0.1,0.6,accuracy,0.037221281134324546,-0.0003953250647014215,0.037616606199025966,0.6269434366504328
XGB,Wine,missing,imbalance,0.1,0.6,balanced_accuracy,0.05990219656886331,0.06721196723244974,-0.007309770663586429,-0.12182951105977383
XGB,Wine,missing,imbalance,0.1,0.6,macro_f1,0.05448464205022552,0.060810497003701953,-0.0063258549534764355,-0.10543091589127393
XGB,Wine,missing,imbalance,0.1,0.6,mcc,0.08569576413037805,0.1011504327979721,-0.015454668667594054,-0.2575778111265676
SVM,Wine,missing,imbalance,0.1,0.6,accuracy,0.02704812096116449,-0.0022987649369140186,0.02934688589807851,0.4891147649679752
SVM,Wine,missing,imbalance,0.1,0.6,balanced_accuracy,0.038173801507134786,0.05844793257006084,-0.020274131062926054,-0.3379021843821009
SVM,Wine,missing,imbalance,0.1,0.6,macro_f1,0.03550190882737614,0.05415153022764195,-0.01864962140026581,-0.3108270233377635
SVM,Wine,missing,imbalance,0.1,0.6,mcc,0.054653855767931026,0.09956915284192568,-0.04491529707399465,-0.7485882845665776
SVM,Wine,missing,imbalance,0.1,0.6,accuracy,0.03534851621808144,-0.0022987649369140186,0.03764728115499546,0.627454685916591
SVM,Wine,missing,imbalance,0.1,0.6,balanced_accuracy,0.06341189674522996,0.05844793257006084,0.004963964175169117,0.08273273625281861
SVM,Wine,missing,imbalance,0.1,0.6,macro_f1,0.04700102699316089,0.05415153022764195,-0.007150503234481062,-0.1191750539080177
SVM,Wine,missing,imbalance,0.1,0.6,mcc,0.06996839321627912,0.09956915284192568,-0.029600759625646553,-0.49334599376077587
MLP,Wine,missing,imbalance,0.1,0.6,accuracy,0.12184244097287567,0.039239291619790714,0.08260314935308495,1.3767191558847491
MLP,Wine,missing,imbalance,0.1,0.6,balanced_accuracy,0.19406445406445416,0.11292152583920094,0.08114292822525322,1.3523821370875537
MLP,Wine,missing,imbalance,0.1,0.6,macro_f1,0.1604851070765413,0.11905662103727016,0.04142848603927113,0.6904747673211855
MLP,Wine,missing,imbalance,0.1,0.6,mcc,0.2571004258409293,0.1973493463936682,0.0597510794472611,0.9958513241210184
MLP,Wine,missing,imbalance,0.1,0.6,accuracy,0.11314678879896267,0.039239291619790714,0.07390749717917196,1.231791619652866
MLP,Wine,missing,imbalance,0.1,0.6,balanced_accuracy,0.15136604136604148,0.11292152583920094,0.03844451552684054,0.6407419254473424
MLP,Wine,missing,imbalance,0.1,0.6,macro_f1,0.15508087146540916,0.11905662103727016,0.036024250428139004,0.6004041738023168
MLP,Wine,missing,imbalance,0.1,0.6,mcc,0.2202031607844981,0.1973493463936682,0.022853814390829896,0.3808969065138316
GB,Wine,missing,imbalance,0.1,0.6,accuracy,0.08217705000313702,-0.001450802639716118,0.08362785264285313,1.3937975440475523
GB,Wine,missing,imbalance,0.1,0.6,balanced_accuracy,0.1631713965047299,0.06600062560966378,0.09717077089506611,1.6195128482511019
GB,Wine,missing,imbalance,0.1,0.6,macro_f1,0.14238912549105254,0.06097580344209015,0.08141332204896239,1.3568887008160397
GB,Wine,missing,imbalance,0.1,0.6,mcc,0.1868527532945533,0.1042970929244281,0.08255566037012521,1.3759276728354202
GB,Wine,missing,imbalance,0.1,0.6,accuracy,0.045813413639500644,-0.001450802639716118,0.04726421627921676,0.787736937986946
GB,Wine,missing,imbalance,0.1,0.6,balanced_accuracy,0.08459996793330127,0.06600062560966378,0.018599342323637483,0.3099890387272914
GB,Wine,missing,imbalance,0.1,0.6,macro_f1,0.0752145378325938,0.06097580344209015,0.014238734390503646,0.23731223984172745
GB,Wine,missing,imbalance,0.1,0.6,mcc,0.1124600270822449,0.1042970929244281,0.008162934157816798,0.13604890263027997
LR,BreastCancer,missing,imbalance,0.1,0.6,accuracy,-0.0019007288439943926,-0.0029791399951954803,0.0010784111512010877,0.017973519186684796
LR,BreastCancer,missing,imbalance,0.1,0.6,balanced_accuracy,0.020778770255418078,0.05731171735131421,-0.036532947095896134,-0.6088824515982689
LR,BreastCancer,missing,imbalance,0.1,0.6,macro_f1,0.01172477503734326,0.05361596429332435,-0.04189118925598109,-0.6981864875996849
LR,BreastCancer,missing,imbalance,0.1,0.6,mcc,0.021654702377785995,0.09723682321125329,-0.0755821208334673,-1.2597020138911217
LR,BreastCancer,missing,imbalance,0.1,0.6,accuracy,-0.0019262651054855473,-0.0029791399951954803,0.001052874889709933,0.017547914828498885
LR,BreastCancer,missing,imbalance,0.1,0.6,balanced_accuracy,0.02112685549890514,0.05731171735131421,-0.03618486185240907,-0.6030810308734845
LR,BreastCancer,missing,imbalance,0.1,0.6,macro_f1,0.011466666206263132,0.05361596429332435,-0.04214929808706122,-0.7024883014510204
LR,BreastCancer,missing,imbalance,0.1,0.6,mcc,0.022046868225141347,0.09723682321125329,-0.07518995498611195,-1.2531659164351991
RF,BreastCancer,missing,imbalance,0.1,0.6,accuracy,-0.011477660799683043,0.0020211246188362175,-0.01349878541851926,-0.22497975697532102
RF,BreastCancer,missing,imbalance,0.1,0.6,balanced_accuracy,0.014633812909375932,0.06427839641577354,-0.04964458350639761,-0.8274097251066269
RF,BreastCancer,missing,imbalance,0.1,0.6,macro_f1,0.003965647152514795,0.059815243889514993,-0.0558495967370002,-0.9308266122833366
RF,BreastCancer,missing,imbalance,0.1,0.6,mcc,0.007997233179905638,0.10709389165670212,-0.09909665847679648,-1.6516109746132748
RF,BreastCancer,missing,imbalance,0.1,0.6,accuracy,-0.0023612154472827385,0.0020211246188362175,-0.004382340066118956,-0.07303900110198261
RF,BreastCancer,missing,imbalance,0.1,0.6,balanced_accuracy,0.02063526278510086,0.06427839641577354,-0.04364313363067268,-0.7273855605112114
RF,BreastCancer,missing,imbalance,0.1,0.6,macro_f1,0.017522501129945245,0.059815243889514993,-0.04229274275956975,-0.7048790459928291
RF,BreastCancer,missing,imbalance,0.1,0.6,mcc,0.03619051221953795,0.10709389165670212,-0.07090337943716417,-1.181722990619403
XGB,BreastCancer,missing,imbalance,0.1,0.6,accuracy,-0.0056297075833089405,-0.0003953250647014215,-0.005234382518607519,-0.08723970864345865
XGB,BreastCancer,missing,imbalance,0.1,0.6,balanced_accuracy,0.024387934105112086,0.06721196723244974,-0.04282403312733765,-0.7137338854556275
XGB,BreastCancer,missing,imbalance,0.1,0.6,macro_f1,0.011739693513510119,0.060810497003701953,-0.049070803490191835,-0.8178467248365306
XGB,BreastCancer,missing,imbalance,0.1,0.6,mcc,0.020182371786141906,0.1011504327979721,-0.0809680610118302,-1.3494676835305033
XGB,BreastCancer,missing,imbalance,0.1,0.6,accuracy,0.007981119791563351,-0.0003953250647014215,0.008376444856264773,0.13960741427107956
XGB,BreastCancer,missing,imbalance,0.1,0.6,balanced_accuracy,0.03276039106911821,0.06721196723244974,-0.034451576163331527,-0.5741929360555255
XGB,BreastCancer,missing,imbalance,0.1,0.6,macro_f1,0.0314429526795722,0.060810497003701953,-0.029367544324129753,-0.4894590720688292
XGB,BreastCancer,missing,imbalance,0.1,0.6,mcc,0.062421294880982914,0.1011504327979721,-0.03872913791698919,-0.6454856319498199
SVM,BreastCancer,missing,imbalance,0.1,0.6,accuracy,-0.004183806476396712,-0.0022987649369140186,-0.0018850415394826934,-0.03141735899137822
SVM,BreastCancer,missing,imbalance,0.1,0.6,balanced_accuracy,0.016069303035112892,0.05844793257006084,-0.04237862953494795,-0.7063104922491324
SVM,BreastCancer,missing,imbalance,0.1,0.6,macro_f1,0.007687907769649782,0.05415153022764195,-0.04646362245799217,-0.7743937076332028
SVM,BreastCancer,missing,imbalance,0.1,0.6,mcc,0.013840092796591708,0.09956915284192568,-0.08572906004533397,-1.4288176674222328
SVM,BreastCancer,missing,imbalance,0.1,0.6,accuracy,0.002557766557311325,-0.0022987649369140186,0.004856531494225344,0.0809421915704224
SVM,BreastCancer,missing,imbalance,0.1,0.6,balanced_accuracy,0.03408400891746599,0.05844793257006084,-0.02436392365259485,-0.40606539420991417
SVM,BreastCancer,missing,imbalance,0.1,0.6,macro_f1,0.019586084628750222,0.05415153022764195,-0.03456544559889173,-0.5760907599815288
SVM,BreastCancer,missing,imbalance,0.1,0.6,mcc,0.03728516385193226,0.09956915284192568,-0.06228398898999342,-1.038066483166557
MLP,BreastCancer,missing,imbalance,0.1,0.6,accuracy,0.005689586898537824,0.039239291619790714,-0.03354970472125289,-0.5591617453542148
MLP,BreastCancer,missing,imbalance,0.1,0.6,balanced_accuracy,0.08421784825587264,0.11292152583920094,-0.0287036775833283,-0.478394626388805
MLP,BreastCancer,missing,imbalance,0.1,0.6,macro_f1,0.05004922726643035,0.11905662103727016,-0.06900739377083981,-1.150123229513997
MLP,BreastCancer,missing,imbalance,0.1,0.6,mcc,0.08635838307645405,0.1973493463936682,-0.11099096331721414,-1.8498493886202358
MLP,BreastCancer,missing,imbalance,0.1,0.6,accuracy,0.028263642056862714,0.039239291619790714,-0.010975649562928,-0.18292749271546668
MLP,BreastCancer,missing,imbalance,0.1,0.6,balanced_accuracy,0.1239645802820164,0.11292152583920094,0.011043054442815461,0.1840509073802577
MLP,BreastCancer,missing,imbalance,0.1,0.6,macro_f1,0.09620891520558716,0.11905662103727016,-0.022847705831682996,-0.3807950971947166
MLP,BreastCancer,missing,imbalance,0.1,0.6,mcc,0.17085440663699258,0.1973493463936682,-0.026494939756675606,-0.4415823292779268
GB,BreastCancer,missing,imbalance,0.1,0.6,accuracy,0.010434599074483408,-0.001450802639716118,0.011885401714199526,0.1980900285699921
GB,BreastCancer,missing,imbalance,0.1,0.6,balanced_accuracy,0.03875611614154706,0.06600062560966378,-0.027244509468116726,-0.45407515780194546
GB,BreastCancer,missing,imbalance,0.1,0.6,macro_f1,0.041507273653083154,0.06097580344209015,-0.019468529789006997,-0.32447549648345
GB,BreastCancer,missing,imbalance,0.1,0.6,mcc,0.0748142650618896,0.1042970929244281,-0.029482827862538502,-0.4913804643756417
GB,BreastCancer,missing,imbalance,0.1,0.6,accuracy,0.010434599074483186,-0.001450802639716118,0.011885401714199304,0.19809002856998842
GB,BreastCancer,missing,imbalance,0.1,0.6,balanced_accuracy,0.04321045656316169,0.06600062560966378,-0.022790169046502093,-0.3798361507750349
GB,BreastCancer,missing,imbalance,0.1,0.6,macro_f1,0.04218007076009067,0.06097580344209015,-0.01879573268199948,-0.313262211366658
GB,BreastCancer,missing,imbalance,0.1,0.6,mcc,0.08250285641774047,0.1042970929244281,-0.02179423650668763,-0.36323727511146053
LR,Digits,missing,imbalance,0.1,0.6,accuracy,0.009542331183732045,-0.0029791399951954803,0.012521471178927525,0.20869118631545874
LR,Digits,missing,imbalance,0.1,0.6,balanced_accuracy,0.050916698823902484,0.05731171735131421,-0.006395018527411728,-0.1065836421235288
LR,Digits,missing,imbalance,0.1,0.6,macro_f1,0.04092130944853445,0.05361596429332435,-0.012694654844789904,-0.2115775807464984
LR,Digits,missing,imbalance,0.1,0.6,mcc,0.07969158793987652,0.09723682321125329,-0.017545235271376775,-0.2924205878562796
LR,Digits,missing,imbalance,0.1,0.6,accuracy,0.007948705685724144,-0.0029791399951954803,0.010927845680919625,0.1821307613486604
LR,Digits,missing,imbalance,0.1,0.6,balanced_accuracy,0.04400830864242078,0.05731171735131421,-0.013303408708893433,-0.2217234784815572
LR,Digits,missing,imbalance,0.1,0.6,macro_f1,0.037205711357329196,0.05361596429332435,-0.016410252935995157,-0.2735042155999193
LR,Digits,missing,imbalance,0.1,0.6,mcc,0.07272872591013646,0.09723682321125329,-0.024508097301116832,-0.4084682883519472
RF,Digits,missing,imbalance,0.1,0.6,accuracy,0.026990155544129202,0.0020211246188362175,0.024969030925292984,0.41615051542154974
RF,Digits,missing,imbalance,0.1,0.6,balanced_accuracy,0.05846194601503296,0.06427839641577354,-0.00581645040074058,-0.09694084001234302
RF,Digits,missing,imbalance,0.1,0.6,macro_f1,0.04110501811630296,0.059815243889514993,-0.018710225773212033,-0.31183709622020056
RF,Digits,missing,imbalance,0.1,0.6,mcc,0.07699221566268122,0.10709389165670212,-0.0301016759940209,-0.5016945999003484
RF,Digits,missing,imbalance,0.1,0.6,accuracy,0.030171082629438795,0.0020211246188362175,0.028149958010602577,0.4691659668433763
RF,Digits,missing,imbalance,0.1,0.6,balanced_accuracy,0.060703730052591554,0.06427839641577354,-0.0035746663631819886,-0.059577772719699815
RF,Digits,missing,imbalance,0.1,0.6,macro_f1,0.044799336451276095,0.059815243889514993,-0.015015907438238899,-0.2502651239706483
RF,Digits,missing,imbalance,0.1,0.6,mcc,0.08556954710675924,0.10709389165670212,-0.021524344549942884,-0.3587390758323814
XGB,Digits,missing,imbalance,0.1,0.6,accuracy,0.019373700611035383,-0.0003953250647014215,0.019769025675736802,0.3294837612622801
XGB,Digits,missing,imbalance,0.1,0.6,balanced_accuracy,0.04243196613276712,0.06721196723244974,-0.02478000109968262,-0.41300001832804367
XGB,Digits,missing,imbalance,0.1,0.6,macro_f1,0.03218974630752636,0.060810497003701953,-0.028620750696175597,-0.4770125116029266
XGB,Digits,missing,imbalance,0.1,0.6,mcc,0.06286395707973091,0.1011504327979721,-0.03828647571824119,-0.6381079286373532
XGB,Digits,missing,imbalance,0.1,0.6,accuracy,0.017011719962202188,-0.0003953250647014215,0.017407045026903607,0.2901174171150601
XGB,Digits,missing,imbalance,0.1,0.6,balanced_accuracy,0.039118194614770174,0.06721196723244974,-0.028093772617679563,-0.46822954362799274
XGB,Digits,missing,imbalance,0.1,0.6,macro_f1,0.02911771362362625,0.060810497003701953,-0.0316927833800757,-0.528213056334595
XGB,Digits,missing,imbalance,0.1,0.6,mcc,0.05693206336975842,0.1011504327979721,-0.04421836942821368,-0.7369728238035613
SVM,Digits,missing,imbalance,0.1,0.6,accuracy,0.013281541561569243,-0.0022987649369140186,0.015580306498483262,0.25967177497472105
SVM,Digits,missing,imbalance,0.1,0.6,balanced_accuracy,0.02790736044955111,0.05844793257006084,-0.03054057212050973,-0.5090095353418288
SVM,Digits,missing,imbalance,0.1,0.6,macro_f1,0.021325611462449268,0.05415153022764195,-0.03282591876519268,-0.5470986460865447
SVM,Digits,missing,imbalance,0.1,0.6,mcc,0.041922984250100215,0.09956915284192568,-0.05764616859182546,-0.9607694765304244
SVM,Digits,missing,imbalance,0.1,0.6,accuracy,0.014890976836343106,-0.0022987649369140186,0.017189741773257126,0.2864956962209521
SVM,Digits,missing,imbalance,0.1,0.6,balanced_accuracy,0.034138911820391304,0.05844793257006084,-0.024309020749669535,-0.4051503458278256
SVM,Digits,missing,imbalance,0.1,0.6,macro_f1,0.024055457309146155,0.05415153022764195,-0.030096072918495795,-0.5016012153082633
SVM,Digits,missing,imbalance,0.1,0.6,mcc,0.04623846461132308,0.09956915284192568,-0.053330688230602594,-0.8888448038433766
MLP,Digits,missing,imbalance,0.1,0.6,accuracy,0.01924259102776238,0.039239291619790714,-0.019996700592028335,-0.3332783432004723
MLP,Digits,missing,imbalance,0.1,0.6,balanced_accuracy,0.040391745412649116,0.11292152583920094,-0.07252978042655182,-1.2088296737758637
MLP,Digits,missing,imbalance,0.1,0.6,macro_f1,0.033266354210807925,0.11905662103727016,-0.08579026682646224,-1.4298377804410374
MLP,Digits,missing,imbalance,0.1,0.6,mcc,0.06565875457122994,0.1973493463936682,-0.13169059182243825,-2.1948431970406377
MLP,Digits,missing,imbalance,0.1,0.6,accuracy,0.026413905768798207,0.039239291619790714,-0.012825385850992507,-0.21375643084987514
MLP,Digits,missing,imbalance,0.1,0.6,balanced_accuracy,0.052290084495642986,0.11292152583920094,-0.060631441343557954,-1.0105240223926326
MLP,Digits,missing,imbalance,0.1,0.6,macro_f1,0.04333724821850837,0.11905662103727016,-0.07571937281876179,-1.2619895469793632
MLP,Digits,missing,imbalance,0.1,0.6,mcc,0.08321993114623749,0.1973493463936682,-0.1141294152474307,-1.9021569207905118
GB,Digits,missing,imbalance,0.1,0.6,accuracy,0.014021464950062623,-0.001450802639716118,0.015472267589778741,0.2578711264963124
GB,Digits,missing,imbalance,0.1,0.6,balanced_accuracy,0.0361304856343978,0.06600062560966378,-0.029870139975265983,-0.49783566625443304
GB,Digits,missing,imbalance,0.1,0.6,macro_f1,0.026155552988945674,0.06097580344209015,-0.03482025045314448,-0.580337507552408
GB,Digits,missing,imbalance,0.1,0.6,mcc,0.050991596631004055,0.1042970929244281,-0.05330549629342404,-0.888424938223734
GB,Digits,missing,imbalance,0.1,0.6,accuracy,0.016421389063134062,-0.001450802639716118,0.01787219170285018,0.2978698617141697
GB,Digits,missing,imbalance,0.1,0.6,balanced_accuracy,0.04117267863278096,0.06600062560966378,-0.024827946976882828,-0.4137991162813805
GB,Digits,missing,imbalance,0.1,0.6,macro_f1,0.029448347620785076,0.06097580344209015,-0.031527455821305075,-0.5254575970217513
GB,Digits,missing,imbalance,0.1,0.6,mcc,0.05665062935225795,0.1042970929244281,-0.047646463572170145,-0.7941077262028358
LR,Spambase,missing,imbalance,0.25,0.3,accuracy,0.023835303050348644,0.022775537917650798,0.0010597651326978465,0.01413020176930462
LR,Spambase,missing,imbalance,0.25,0.3,balanced_accuracy,0.046917083673762794,0.058554218447281994,-0.0116371347735192,-0.155161796980256
LR,Spambase,missing,imbalance,0.25,0.3,macro_f1,0.0393588679987783,0.057273298976011563,-0.01791443097723326,-0.2388590796964435
LR,Spambase,missing,imbalance,0.25,0.3,mcc,0.07648115261375421,0.10258732421739272,-0.02610617160363851,-0.3480822880485135
LR,Spambase,missing,imbalance,0.25,0.3,accuracy,0.0159401665953246,0.022775537917650798,-0.006835371322326197,-0.09113828429768263
LR,Spambase,missing,imbalance,0.25,0.3,balanced_accuracy,0.038593690997775765,0.058554218447281994,-0.01996052744950623,-0.2661403659934164
LR,Spambase,missing,imbalance,0.25,0.3,macro_f1,0.02999334026427769,0.057273298976011563,-0.027279958711733873,-0.36373278282311833
LR,Spambase,missing,imbalance,0.25,0.3,mcc,0.05746478620384754,0.10258732421739272,-0.04512253801354518,-0.6016338401806025
RF,Spambase,missing,imbalance,0.25,0.3,accuracy,0.019485580336829122,0.02122468456789347,-0.0017391042310643465,-0.023188056414191287
RF,Spambase,missing,imbalance,0.25,0.3,balanced_accuracy,0.03813094031217501,0.05758211568545924,-0.01945117537328423,-0.2593490049771231
RF,Spambase,missing,imbalance,0.25,0.3,macro_f1,0.031066816300824307,0.05784944550068641,-0.0267826291998621,-0.35710172266482804
RF,Spambase,missing,imbalance,0.25,0.3,mcc,0.060459059868814835,0.10339553676541159,-0.042936476896596756,-0.5724863586212902
RF,Spambase,missing,imbalance,0.25,0.3,accuracy,0.017509973988162675,0.02122468456789347,-0.003714710579730794,-0.04952947439641059
RF,Spambase,missing,imbalance,0.25,0.3,balanced_accuracy,0.03497441341540575,0.05758211568545924,-0.022607702270053494,-0.3014360302673799
RF,Spambase,missing,imbalance,0.25,0.3,macro_f1,0.02855587317434327,0.05784944550068641,-0.029293572326343137,-0.39058096435124184
RF,Spambase,missing,imbalance,0.25,0.3,mcc,0.05575743766633223,0.10339553676541159,-0.04763809909907936,-0.6351746546543915
XGB,Spambase,missing,imbalance,0.25,0.3,accuracy,0.018652734116822556,0.017988317037155727,0.0006644170796668292,0.008858894395557723
XGB,Spambase,missing,imbalance,0.25,0.3,balanced_accuracy,0.03227391733501528,0.05957899732126279,-0.02730507998624751,-0.3640677331499668
XGB,Spambase,missing,imbalance,0.25,0.3,macro_f1,0.02836392982454139,0.056828385730694445,-0.028464455906153055,-0.3795260787487074
XGB,Spambase,missing,imbalance,0.25,0.3,mcc,0.05622735428998815,0.09835853534266528,-0.04213118105267713,-0.5617490807023617
XGB,Spambase,missing,imbalance,0.25,0.3,accuracy,0.017668423559400792,0.017988317037155727,-0.0003198934777549345,-0.004265246370065793
XGB,Spambase,missing,imbalance,0.25,0.3,balanced_accuracy,0.032418140987537925,0.05957899732126279,-0.027160856333724864,-0.36214475111633154
XGB,Spambase,missing,imbalance,0.25,0.3,macro_f1,0.02744693706137369,0.056828385730694445,-0.029381448669320756,-0.39175264892427675
XGB,Spambase,missing,imbalance,0.25,0.3,mcc,0.05416020299007318,0.09835853534266528,-0.0441983323525921,-0.5893110980345614
SVM,Spambase,missing,imbalance,0.25,0.3,accuracy,0.02165311090568567,0.018005974816149878,0.0036471360895357907,0.048628481193810545
SVM,Spambase,missing,imbalance,0.25,0.3,balanced_accuracy,0.04345422963339629,0.05314162092349358,-0.00968739129009729,-0.1291652172012972
SVM,Spambase,missing,imbalance,0.25,0.3,macro_f1,0.035583933760496955,0.05307014165126363,-0.017486207890766672,-0.23314943854355563
SVM,Spambase,missing,imbalance,0.25,0.3,mcc,0.06895387550287824,0.09561334886390643,-0.026659473361028196,-0.3554596448137093
SVM,Spambase,missing,imbalance,0.25,0.3,accuracy,0.020661815114440873,0.018005974816149878,0.0026558402982909957,0.03541120397721328
SVM,Spambase,missing,imbalance,0.25,0.3,balanced_accuracy,0.04552590885877483,0.05314162092349358,-0.007615712064718748,-0.10154282752958331
SVM,Spambase,missing,imbalance,0.25,0.3,macro_f1,0.03511966263641819,0.05307014165126363,-0.017950479014845436,-0.23933972019793914
SVM,Spambase,missing,imbalance,0.25,0.3,mcc,0.06654246195257774,0.09561334886390643,-0.029070886911328697,-0.38761182548438267
MLP,Spambase,missing,imbalance,0.25,0.3,accuracy,0.021345763234015935,0.045153783948137446,-0.02380802071412151,-0.31744027618828685
MLP,Spambase,missing,imbalance,0.25,0.3,balanced_accuracy,0.0410684953341941,0.08695146531606923,-0.04588296998187513,-0.6117729330916685
MLP,Spambase,missing,imbalance,0.25,0.3,macro_f1,0.03407561454443131,0.0920136926559915,-0.057938078111560196,-0.7725077081541359
MLP,Spambase,missing,imbalance,0.25,0.3,mcc,0.06671235490120508,0.15154689759500767,-0.08483454269380258,-1.1311272359173679
MLP,Spambase,missing,imbalance,0.25,0.3,accuracy,0.01936590500389168,0.045153783948137446,-0.025787878944245765,-0.34383838592327687
MLP,Spambase,missing,imbalance,0.25,0.3,balanced_accuracy,0.038569388966419704,0.08695146531606923,-0.04838207634964953,-0.6450943513286604
MLP,Spambase,missing,imbalance,0.25,0.3,macro_f1,0.03169046625570604,0.0920136926559915,-0.060323226400285465,-0.8043096853371395
MLP,Spambase,missing,imbalance,0.25,0.3,mcc,0.061940319509777075,0.15154689759500767,-0.08960657808523059,-1.1947543744697413
GB,Spambase,missing,imbalance,0.25,0.3,accuracy,0.017452129549255346,0.016956382622106983,0.0004957469271483633,0.006609959028644845
GB,Spambase,missing,imbalance,0.25,0.3,balanced_accuracy,0.03152105289342977,0.05676899430010179,-0.02524794140667202,-0.3366392187556269
GB,Spambase,missing,imbalance,0.25,0.3,macro_f1,0.027398347144299562,0.05529740280509253,-0.027899055660792968,-0.3719874088105729
GB,Spambase,missing,imbalance,0.25,0.3,mcc,0.05416752650589429,0.09631358495060882,-0.04214605844471453,-0.5619474459295271
GB,Spambase,missing,imbalance,0.25,0.3,accuracy,0.014739429179341568,0.016956382622106983,-0.0022169534427654153,-0.029559379236872206
GB,Spambase,missing,imbalance,0.25,0.3,balanced_accuracy,0.03084626856647965,0.05676899430010179,-0.025922725733622136,-0.34563634311496183
GB,Spambase,missing,imbalance,0.25,0.3,macro_f1,0.02464191699655116,0.05529740280509253,-0.03065548580854137,-0.4087398107805516
GB,Spambase,missing,imbalance,0.25,0.3,mcc,0.04802867837178437,0.09631358495060882,-0.04828490657882445,-0.643798754384326
LR,Bank,missing,imbalance,0.25,0.3,accuracy,-0.01866897999842343,0.022775537917650798,-0.04144451791607423,-0.5525935722143231
LR,Bank,missing,imbalance,0.25,0.3,balanced_accuracy,0.0785680023316867,0.058554218447281994,0.02001378388440471,0.2668504517920628
LR,Bank,missing,imbalance,0.25,0.3,macro_f1,0.09126271302171829,0.057273298976011563,0.033989414045706726,0.4531921872760897
LR,Bank,missing,imbalance,0.25,0.3,mcc,0.1586018171905017,0.10258732421739272,0.05601449297310898,0.7468599063081198
LR,Bank,missing,imbalance,0.25,0.3,accuracy,-0.020533190004228374,0.022775537917650798,-0.043308727921879175,-0.5774497056250557
LR,Bank,missing,imbalance,0.25,0.3,balanced_accuracy,0.06986513922403215,0.058554218447281994,0.011310920776750152,0.15081227702333538
LR,Bank,missing,imbalance,0.25,0.3,macro_f1,0.07904861762970639,0.057273298976011563,0.021775318653694822,0.2903375820492643
LR,Bank,missing,imbalance,0.25,0.3,mcc,0.13135608331818116,0.10258732421739272,0.028768759100788438,0.3835834546771792
RF,Bank,missing,imbalance,0.25,0.3,accuracy,-0.01928284278947101,0.02122468456789347,-0.04050752735736448,-0.5401003647648598
RF,Bank,missing,imbalance,0.25,0.3,balanced_accuracy,0.08127948135866447,0.05758211568545924,0.023697365673205233,0.31596487564273645
RF,Bank,missing,imbalance,0.25,0.3,macro_f1,0.11570462752554411,0.05784944550068641,0.057855182024857704,0.7714024269981028
RF,Bank,missing,imbalance,0.25,0.3,mcc,0.20566682205386957,0.10339553676541159,0.10227128528845798,1.3636171371794399
RF,Bank,missing,imbalance,0.25,0.3,accuracy,-0.019281767821182627,0.02122468456789347,-0.040506452389076096,-0.540086031854348
RF,Bank,missing,imbalance,0.25,0.3,balanced_accuracy,0.08017321944666833,0.05758211568545924,0.02259110376120909,0.3012147168161212
RF,Bank,missing,imbalance,0.25,0.3,macro_f1,0.113214571905346,0.05784944550068641,0.0553651264046596,0.7382016853954614
RF,Bank,missing,imbalance,0.25,0.3,mcc,0.20141801186252864,0.10339553676541159,0.09802247509711705,1.3069663346282274
XGB,Bank,missing,imbalance,0.25,0.3,accuracy,-0.01720283504969955,0.017988317037155727,-0.035191152086855276,-0.4692153611580704
XGB,Bank,missing,imbalance,0.25,0.3,balanced_accuracy,0.09911727053308328,0.05957899732126279,0.03953827321182049,0.5271769761576066
XGB,Bank,missing,imbalance,0.25,0.3,macro_f1,0.10829855370944208,0.056828385730694445,0.051470167978747636,0.6862689063833018
XGB,Bank,missing,imbalance,0.25,0.3,mcc,0.18600111817504675,0.09835853534266528,0.08764258283238147,1.1685677710984197
XGB,Bank,missing,imbalance,0.25,0.3,accuracy,-0.016166350625989923,0.017988317037155727,-0.03415466766314565,-0.455395568841942
XGB,Bank,missing,imbalance,0.25,0.3,balanced_accuracy,0.10624581489012619,0.05957899732126279,0.0466668175688634,0.6222242342515121
XGB,Bank,missing,imbalance,0.25,0.3,macro_f1,0.11783645136452425,0.056828385730694445,0.06100806563382981,0.8134408751177308
XGB,Bank,missing,imbalance,0.25,0.3,mcc,0.20465223052393305,0.09835853534266528,0.10629369518126777,1.4172492690835703
SVM,Bank,missing,imbalance,0.25,0.3,accuracy,-0.024601453357126046,0.018005974816149878,-0.042607428173275924,-0.5680990423103457
SVM,Bank,missing,imbalance,0.25,0.3,balanced_accuracy,0.07971657472573601,0.05314162092349358,0.02657495380224243,0.3543327173632324
SVM,Bank,missing,imbalance,0.25,0.3,macro_f1,0.11995061828841158,0.05307014165126363,0.06688047663714795,0.891739688495306
SVM,Bank,missing,imbalance,0.25,0.3,mcc,0.21513414170935222,0.09561334886390643,0.11952079284544578,1.5936105712726105
SVM,Bank,missing,imbalance,0.25,0.3,accuracy,-0.023771362844796085,0.018005974816149878,-0.04177733766094596,-0.5570311688126128
SVM,Bank,missing,imbalance,0.25,0.3,balanced_accuracy,0.0757144167980286,0.05314162092349358,0.022572795874535014,0.30097061166046685
SVM,Bank,missing,imbalance,0.25,0.3,macro_f1,0.11140080324652213,0.05307014165126363,0.0583306615952585,0.7777421546034468
SVM,Bank,missing,imbalance,0.25,0.3,mcc,0.20408723548121854,0.09561334886390643,0.10847388661731211,1.4463184882308282
MLP,Bank,missing,imbalance,0.25,0.3,accuracy,-0.023801023369810714,0.045153783948137446,-0.06895480731794816,-0.9193974309059755
MLP,Bank,missing,imbalance,0.25,0.3,balanced_accuracy,0.10394653352695493,0.08695146531606923,0.0169950682108857,0.226600909478476
MLP,Bank,missing,imbalance,0.25,0.3,macro_f1,0.1395861524169163,0.0920136926559915,0.04757245976092479,0.6342994634789972
MLP,Bank,missing,imbalance,0.25,0.3,mcc,0.2552347299824348,0.15154689759500767,0.10368783238742713,1.3825044318323618
MLP,Bank,missing,imbalance,0.25,0.3,accuracy,-0.022350246167738064,0.045153783948137446,-0.06750403011587551,-0.9000537348783402
MLP,Bank,missing,imbalance,0.25,0.3,balanced_accuracy,0.10916433315681995,0.08695146531606923,0.022212867840750716,0.2961715712100096
MLP,Bank,missing,imbalance,0.25,0.3,macro_f1,0.1490491678239093,0.0920136926559915,0.05703547516791781,0.7604730022389041
MLP,Bank,missing,imbalance,0.25,0.3,mcc,0.28849191175847855,0.15154689759500767,0.13694501416347088,1.8259335221796118
GB,Bank,missing,imbalance,0.25,0.3,accuracy,-0.015219676219551448,0.016956382622106983,-0.03217605884165843,-0.4290141178887791
GB,Bank,missing,imbalance,0.25,0.3,balanced_accuracy,0.09238204485789858,0.05676899430010179,0.035613050557796795,0.4748406741039573
GB,Bank,missing,imbalance,0.25,0.3,macro_f1,0.09883287211201408,0.05529740280509253,0.04353546930692155,0.5804729240922873
GB,Bank,missing,imbalance,0.25,0.3,mcc,0.18028180771236965,0.09631358495060882,0.08396822276176083,1.1195763034901445
GB,Bank,missing,imbalance,0.25,0.3,accuracy,-0.013766964074559906,0.016956382622106983,-0.03072334669666689,-0.40964462262222523
GB,Bank,missing,imbalance,0.25,0.3,balanced_accuracy,0.10314620975385735,0.05676899430010179,0.04637721545375557,0.618362872716741
GB,Bank,missing,imbalance,0.25,0.3,macro_f1,0.11305474985791097,0.05529740280509253,0.057757347052818445,0.770097960704246
GB,Bank,missing,imbalance,0.25,0.3,mcc,0.2068888832744681,0.09631358495060882,0.11057529832385929,1.4743373109847906
LR,Wine,missing,imbalance,0.25,0.3,accuracy,0.05409779237365431,0.022775537917650798,0.03132225445600351,0.4176300594133801
LR,Wine,missing,imbalance,0.25,0.3,balanced_accuracy,0.052530864197530946,0.058554218447281994,-0.006023354249751048,-0.08031138999668064
LR,Wine,missing,imbalance,0.25,0.3,macro_f1,0.05403725743222554,0.057273298976011563,-0.003236041543786025,-0.04314722058381367
LR,Wine,missing,imbalance,0.25,0.3,mcc,0.0853284603464175,0.10258732421739272,-0.017258863870975222,-0.2301181849463363
LR,Wine,missing,imbalance,0.25,0.3,accuracy,0.05409779237365431,0.022775537917650798,0.03132225445600351,0.4176300594133801
LR,Wine,missing,imbalance,0.25,0.3,balanced_accuracy,0.05546737213403896,0.058554218447281994,-0.003086846313243033,-0.04115795084324044
LR,Wine,missing,imbalance,0.25,0.3,macro_f1,0.05747792113675876,0.057273298976011563,0.00020462216074719486,0.002728295476629265
LR,Wine,missing,imbalance,0.25,0.3,mcc,0.08427551158802249,0.10258732421739272,-0.018311812629370233,-0.24415750172493644
RF,Wine,missing,imbalance,0.25,0.3,accuracy,0.05903667214012054,0.02122468456789347,0.03781198757222707,0.5041598342963609
RF,Wine,missing,imbalance,0.25,0.3,balanced_accuracy,0.06798941798941804,0.05758211568545924,0.010407302303958803,0.1387640307194507
RF,Wine,missing,imbalance,0.25,0.3,macro_f1,0.06174818003816829,0.05784944550068641,0.0038987345374818794,0.05198312716642506
RF,Wine,missing,imbalance,0.25,0.3,mcc,0.0922769924079837,0.10339553676541159,-0.011118544357427887,-0.1482472580990385
RF,Wine,missing,imbalance,0.25,0.3,accuracy,0.04524356869184454,0.02122468456789347,0.02401888412395107,0.3202517883193476
RF,Wine,missing,imbalance,0.25,0.3,balanced_accuracy,0.04560846560846554,0.05758211568545924,-0.011973650076993698,-0.1596486676932493
RF,Wine,missing,imbalance,0.25,0.3,macro_f1,0.04778627026609894,0.05784944550068641,-0.010063175234587468,-0.13417566979449957
RF,Wine,missing,imbalance,0.25,0.3,mcc,0.06951309390444693,0.10339553676541159,-0.03388244286096466,-0.45176590481286216
XGB,Wine,missing,imbalance,0.25,0.3,accuracy,0.04663929939792,0.017988317037155727,0.02865098236076427,0.38201309814352363
XGB,Wine,missing,imbalance,0.25,0.3,balanced_accuracy,0.0518863235529905,0.05957899732126279,-0.00769267376827229,-0.10256898357696387
XGB,Wine,missing,imbalance,0.25,0.3,macro_f1,0.05281266841746779,0.056828385730694445,-0.004015717313226655,-0.053542897509688735
XGB,Wine,missing,imbalance,0.25,0.3,mcc,0.07716538072324164,0.09835853534266528,-0.021193154619423643,-0.2825753949256486
XGB,Wine,missing,imbalance,0.25,0.3,accuracy,0.03284619594964422,0.017988317037155727,0.014857878912488492,0.19810505216651325
XGB,Wine,missing,imbalance,0.25,0.3,balanced_accuracy,0.03339426006092672,0.05957899732126279,-0.026184737260336072,-0.3491298301378143
XGB,Wine,missing,imbalance,0.25,0.3,macro_f1,0.0338230048368644,0.056828385730694445,-0.023005380893830044,-0.30673841191773393
XGB,Wine,missing,imbalance,0.25,0.3,mcc,0.0515803016875388,0.09835853534266528,-0.04677823365512648,-0.6237097820683531
SVM,Wine,missing,imbalance,0.25,0.3,accuracy,0.06593322386425826,0.018005974816149878,0.047927249048108383,0.6390299873081118
SVM,Wine,missing,imbalance,0.25,0.3,balanced_accuracy,0.0618245951579286,0.05314162092349358,0.008682974234435016,0.11577298979246689
SVM,Wine,missing,imbalance,0.25,0.3,macro_f1,0.06480615140071933,0.05307014165126363,0.011736009749455698,0.15648012999274263
SVM,Wine,missing,imbalance,0.25,0.3,mcc,0.10285012986504771,0.09561334886390643,0.007236781001141279,0.0964904133485504
SVM,Wine,missing,imbalance,0.25,0.3,accuracy,0.04524356869184443,0.018005974816149878,0.02723759387569455,0.363167918342594
SVM,Wine,missing,imbalance,0.25,0.3,balanced_accuracy,0.05198332531665861,0.05314162092349358,-0.0011582956068349679,-0.01544394142446624
SVM,Wine,missing,imbalance,0.25,0.3,macro_f1,0.04680545477933318,0.05307014165126363,-0.00626468687193045,-0.08352915829240601
SVM,Wine,missing,imbalance,0.25,0.3,mcc,0.07123223528202172,0.09561334886390643,-0.024381113581884717,-0.32508151442512956
MLP,Wine,missing,imbalance,0.25,0.3,accuracy,0.20912607188469245,0.045153783948137446,0.163972287936555,2.1862971724874
MLP,Wine,missing,imbalance,0.25,0.3,balanced_accuracy,0.18726551226551236,0.08695146531606923,0.10031404694944313,1.3375206259925752
MLP,Wine,missing,imbalance,0.25,0.3,macro_f1,0.2025952979329616,0.0920136926559915,0.1105816052769701,1.4744214036929346
MLP,Wine,missing,imbalance,0.25,0.3,mcc,0.31406903688555565,0.15154689759500767,0.16252213929054798,2.1669618572073066
MLP,Wine,missing,imbalance,0.25,0.3,accuracy,0.360850209815727,0.045153783948137446,0.31569642586758956,4.209285678234528
MLP,Wine,missing,imbalance,0.25,0.3,balanced_accuracy,0.28459355459355473,0.08695146531606923,0.1976420892774855,2.63522785703314
MLP,Wine,missing,imbalance,0.25,0.3,macro_f1,0.3810696921269481,0.0920136926559915,0.28905599947095656,3.8540799929460876
MLP,Wine,missing,imbalance,0.25,0.3,mcc,0.46722646095624876,0.15154689759500767,0.3156795633612411,4.209060844816548
GB,Wine,missing,imbalance,0.25,0.3,accuracy,0.041138478379857735,0.016956382622106983,0.02418209575775075,0.3224279434366767
GB,Wine,missing,imbalance,0.25,0.3,balanced_accuracy,0.04959996793330135,0.05676899430010179,-0.007169026366800439,-0.09558701822400587
GB,Wine,missing,imbalance,0.25,0.3,macro_f1,0.05094759274752847,0.05529740280509253,-0.00434981005756406,-0.057997467434187475
GB,Wine,missing,imbalance,0.25,0.3,mcc,0.0715387624983137,0.09631358495060882,-0.02477482245229512,-0.33033096603060164
GB,Wine,missing,imbalance,0.25,0.3,accuracy,0.027345374931581956,0.016956382622106983,0.010388992309474973,0.1385198974596663
GB,Wine,missing,imbalance,0.25,0.3,balanced_accuracy,0.03110790444123801,0.05676899430010179,-0.025661089858863777,-0.3421478647848504
GB,Wine,missing,imbalance,0.25,0.3,macro_f1,0.03212878828301735,0.05529740280509253,-0.02316861452207518,-0.30891486029433574
GB,Wine,missing,imbalance,0.25,0.3,mcc,0.04916944760481534,0.09631358495060882,-0.04714413734579348,-0.6285884979439131
LR,BreastCancer,missing,imbalance,0.25,0.3,accuracy,0.011066635308151329,0.022775537917650798,-0.011708902609499468,-0.15611870145999293
LR,BreastCancer,missing,imbalance,0.25,0.3,balanced_accuracy,0.017984017742141534,0.058554218447281994,-0.04057020070514046,-0.5409360094018728
LR,BreastCancer,missing,imbalance,0.25,0.3,macro_f1,0.016686767103151534,0.057273298976011563,-0.04058653187286003,-0.5411537583048004
LR,BreastCancer,missing,imbalance,0.25,0.3,mcc,0.03374191859242759,0.10258732421739272,-0.06884540562496513,-0.9179387416662018
LR,BreastCancer,missing,imbalance,0.25,0.3,accuracy,0.005126041248745383,0.022775537917650798,-0.017649496668905414,-0.2353266222520722
LR,BreastCancer,missing,imbalance,0.25,0.3,balanced_accuracy,0.011564774312213255,0.058554218447281994,-0.04698944413506874,-0.6265259218009166
LR,BreastCancer,missing,imbalance,0.25,0.3,macro_f1,0.009655881738471317,0.057273298976011563,-0.04761741723754025,-0.6348988965005367
LR,BreastCancer,missing,imbalance,0.25,0.3,mcc,0.019877889028132034,0.10258732421739272,-0.08270943518926069,-1.1027924691901425
RF,BreastCancer,missing,imbalance,0.25,0.3,accuracy,0.00689631142900049,0.02122468456789347,-0.014328373138892979,-0.19104497518523972
RF,BreastCancer,missing,imbalance,0.25,0.3,balanced_accuracy,0.009203429164490684,0.05758211568545924,-0.04837868652096856,-0.6450491536129142
RF,BreastCancer,missing,imbalance,0.25,0.3,macro_f1,0.01309331659052615,0.05784944550068641,-0.04475612891016026,-0.5967483854688035
RF,BreastCancer,missing,imbalance,0.25,0.3,mcc,0.025832102012098845,0.10339553676541159,-0.07756343475331275,-1.03417913004417
RF,BreastCancer,missing,imbalance,0.25,0.3,accuracy,0.004916113409198508,0.02122468456789347,-0.01630857115869496,-0.21744761544926616
RF,BreastCancer,missing,imbalance,0.25,0.3,balanced_accuracy,0.013858196851069926,0.05758211568545924,-0.043723918834389315,-0.5829855844585242
RF,BreastCancer,missing,imbalance,0.25,0.3,macro_f1,0.011758963135427236,0.05784944550068641,-0.04609048236525917,-0.6145397648701223
RF,BreastCancer,missing,imbalance,0.25,0.3,mcc,0.023965178330035752,0.10339553676541159,-0.07943035843537584,-1.0590714458050112
XGB,BreastCancer,missing,imbalance,0.25,0.3,accuracy,0.012744264645374592,0.017988317037155727,-0.005244052391781134,-0.0699206985570818
XGB,BreastCancer,missing,imbalance,0.25,0.3,balanced_accuracy,0.018503783698956222,0.05957899732126279,-0.04107521362230657,-0.5476695149640876
XGB,BreastCancer,missing,imbalance,0.25,0.3,macro_f1,0.019622578692516157,0.056828385730694445,-0.03720580703817829,-0.4960774271757105
XGB,BreastCancer,missing,imbalance,0.25,0.3,mcc,0.04008844674883982,0.09835853534266528,-0.05827008859382546,-0.7769345145843395
XGB,BreastCancer,missing,imbalance,0.25,0.3,accuracy,0.006803670585968646,0.017988317037155727,-0.01118464645118708,-0.14912861934916108
XGB,BreastCancer,missing,imbalance,0.25,0.3,balanced_accuracy,0.01202828318630178,0.05957899732126279,-0.04755071413496101,-0.6340095217994801
XGB,BreastCancer,missing,imbalance,0.25,0.3,macro_f1,0.012540543505203838,0.056828385730694445,-0.044287842225490606,-0.5905045630065414
XGB,BreastCancer,missing,imbalance,0.25,0.3,mcc,0.02618940879021081,0.09835853534266528,-0.07216912655245447,-0.962255020699393
SVM,BreastCancer,missing,imbalance,0.25,0.3,accuracy,0.018977077027684253,0.018005974816149878,0.0009711022115343748,0.012948029487124998
SVM,BreastCancer,missing,imbalance,0.25,0.3,balanced_accuracy,0.024617078305169127,0.05314162092349358,-0.028524542618324454,-0.38032723491099274
SVM,BreastCancer,missing,imbalance,0.25,0.3,macro_f1,0.026002297116157425,0.05307014165126363,-0.027067844535106203,-0.36090459380141604
SVM,BreastCancer,missing,imbalance,0.25,0.3,mcc,0.05171054802254771,0.09561334886390643,-0.043902800841358725,-0.585370677884783
SVM,BreastCancer,missing,imbalance,0.25,0.3,accuracy,0.015016680988080289,0.018005974816149878,-0.002989293828069589,-0.039857251040927855
SVM,BreastCancer,missing,imbalance,0.25,0.3,balanced_accuracy,0.02776801457412381,0.05314162092349358,-0.02537360634936977,-0.3383147513249303
SVM,BreastCancer,missing,imbalance,0.25,0.3,macro_f1,0.022060745415820704,0.05307014165126363,-0.031009396235442924,-0.4134586164725723
SVM,BreastCancer,missing,imbalance,0.25,0.3,mcc,0.043891194782379794,0.09561334886390643,-0.05172215408152664,-0.6896287210870219
MLP,BreastCancer,missing,imbalance,0.25,0.3,accuracy,0.00016616938824753902,0.045153783948137446,-0.04498761455988991,-0.5998348607985321
MLP,BreastCancer,missing,imbalance,0.25,0.3,balanced_accuracy,0.021333984333097633,0.08695146531606923,-0.0656174809829716,-0.8748997464396213
MLP,BreastCancer,missing,imbalance,0.25,0.3,macro_f1,0.0092704796061015,0.0920136926559915,-0.08274321304989,-1.1032428406652002
MLP,BreastCancer,missing,imbalance,0.25,0.3,mcc,0.015847281515874445,0.15154689759500767,-0.13569961607913322,-1.809328214388443
MLP,BreastCancer,missing,imbalance,0.25,0.3,accuracy,0.045710723843693124,0.045153783948137446,0.0005569398955556776,0.007425865274075702
MLP,BreastCancer,missing,imbalance,0.25,0.3,balanced_accuracy,0.08346244475077613,0.08695146531606923,-0.0034890205652930995,-0.046520274203907995
MLP,BreastCancer,missing,imbalance,0.25,0.3,macro_f1,0.06902932464493439,0.0920136926559915,-0.02298436801105712,-0.3064582401474283
MLP,BreastCancer,missing,imbalance,0.25,0.3,mcc,0.13008935049360904,0.15154689759500767,-0.021457547101398633,-0.28610062801864844
GB,BreastCancer,missing,imbalance,0.25,0.3,accuracy,-0.004328141244492323,0.016956382622106983,-0.021284523866599306,-0.2837936515546574
GB,BreastCancer,missing,imbalance,0.25,0.3,balanced_accuracy,-0.0013385067003046647,0.05676899430010179,-0.05810750100040645,-0.7747666800054194
GB,BreastCancer,missing,imbalance,0.25,0.3,macro_f1,0.00036786480380401887,0.05529740280509253,-0.05492953800128851,-0.7323938400171802
GB,BreastCancer,missing,imbalance,0.25,0.3,mcc,0.0012249843021973073,0.09631358495060882,-0.09508860064841151,-1.2678480086454869
GB,BreastCancer,missing,imbalance,0.25,0.3,accuracy,0.001612452814913623,0.016956382622106983,-0.01534392980719336,-0.20458573076257813
GB,BreastCancer,missing,imbalance,0.25,0.3,balanced_accuracy,0.00868105511503181,0.05676899430010179,-0.048087939185069976,-0.6411725224675997
GB,BreastCancer,missing,imbalance,0.25,0.3,macro_f1,0.008123371363695897,0.05529740280509253,-0.04717403144139663,-0.6289870858852885
GB,BreastCancer,missing,imbalance,0.25,0.3,mcc,0.01652732089036657,0.09631358495060882,-0.07978626406024225,-1.0638168541365634
LR,Digits,missing,imbalance,0.25,0.3,accuracy,0.07144463426419623,0.022775537917650798,0.048669096346545426,0.6489212846206057
LR,Digits,missing,imbalance,0.25,0.3,balanced_accuracy,0.08017305315615764,0.058554218447281994,0.021618834708875642,0.28825112945167525
LR,Digits,missing,imbalance,0.25,0.3,macro_f1,0.07851996608378853,0.057273298976011563,0.021246667107776965,0.28328889477035957
LR,Digits,missing,imbalance,0.25,0.3,mcc,0.15653666439276925,0.10258732421739272,0.05394934017537653,0.7193245356716871
LR,Digits,missing,imbalance,0.25,0.3,accuracy,0.0642379483111265,0.022775537917650798,0.0414624103934757,0.5528321385796761
LR,Digits,missing,imbalance,0.25,0.3,balanced_accuracy,0.07237866571425633,0.058554218447281994,0.013824447266974335,0.1843259635596578
LR,Digits,missing,imbalance,0.25,0.3,macro_f1,0.07109622102292712,0.057273298976011563,0.013822922046915556,0.18430562729220742
LR,Digits,missing,imbalance,0.25,0.3,mcc,0.14135379963225958,0.10258732421739272,0.03876647541486686,0.5168863388648914
RF,Digits,missing,imbalance,0.25,0.3,accuracy,0.045797988607034545,0.02122468456789347,0.024573304039141076,0.3276440538552144
RF,Digits,missing,imbalance,0.25,0.3,balanced_accuracy,0.05312831822002473,0.05758211568545924,-0.004453797465434513,-0.059383966205793504
RF,Digits,missing,imbalance,0.25,0.3,macro_f1,0.04886887309746213,0.05784944550068641,-0.00898057240322428,-0.11974096537632373
RF,Digits,missing,imbalance,0.25,0.3,mcc,0.09620579201168822,0.10339553676541159,-0.007189744753723373,-0.09586326338297832
RF,Digits,missing,imbalance,0.25,0.3,accuracy,0.04516368023887851,0.02122468456789347,0.023938995670985043,0.3191866089464673
RF,Digits,missing,imbalance,0.25,0.3,balanced_accuracy,0.052385250606239,0.05758211568545924,-0.005196865079220243,-0.06929153438960325
RF,Digits,missing,imbalance,0.25,0.3,macro_f1,0.04819148684493446,0.05784944550068641,-0.009657958655751947,-0.12877278207669263
RF,Digits,missing,imbalance,0.25,0.3,mcc,0.09478879463531587,0.10339553676541159,-0.008606742130095726,-0.11475656173460969
XGB,Digits,missing,imbalance,0.25,0.3,accuracy,0.04865394565922121,0.017988317037155727,0.030665628622065483,0.40887504829420646
XGB,Digits,missing,imbalance,0.25,0.3,balanced_accuracy,0.05123414939810489,0.05957899732126279,-0.0083448479231579,-0.11126463897543867
XGB,Digits,missing,imbalance,0.25,0.3,macro_f1,0.051261962504046354,0.056828385730694445,-0.00556642322664809,-0.07421897635530787
XGB,Digits,missing,imbalance,0.25,0.3,mcc,0.1024133071963812,0.09835853534266528,0.004054771853715916,0.05406362471621222
XGB,Digits,missing,imbalance,0.25,0.3,accuracy,0.04867108912863083,0.017988317037155727,0.030682772091475102,0.4091036278863347
XGB,Digits,missing,imbalance,0.25,0.3,balanced_accuracy,0.0522434627367,0.05957899732126279,-0.007335534584562792,-0.09780712779417056
XGB,Digits,missing,imbalance,0.25,0.3,macro_f1,0.05139625423211225,0.056828385730694445,-0.005432131498582196,-0.07242841998109595
XGB,Digits,missing,imbalance,0.25,0.3,mcc,0.10273233569930773,0.09835853534266528,0.004373800356642449,0.058317338088565984
SVM,Digits,missing,imbalance,0.25,0.3,accuracy,0.03698469682711514,0.018005974816149878,0.01897872201096526,0.25304962681287013
SVM,Digits,missing,imbalance,0.25,0.3,balanced_accuracy,0.040572420175617685,0.05314162092349358,-0.012569200747875896,-0.16758934330501196
SVM,Digits,missing,imbalance,0.25,0.3,macro_f1,0.03904891698243973,0.05307014165126363,-0.014021224668823898,-0.1869496622509853
SVM,Digits,missing,imbalance,0.25,0.3,mcc,0.0778947552085173,0.09561334886390643,-0.017718593655389137,-0.2362479154051885
SVM,Digits,missing,imbalance,0.25,0.3,accuracy,0.03896691047760281,0.018005974816149878,0.020960935661452934,0.2794791421527058
SVM,Digits,missing,imbalance,0.25,0.3,balanced_accuracy,0.04222966826822483,0.05314162092349358,-0.010911952655268752,-0.14549270207025003
SVM,Digits,missing,imbalance,0.25,0.3,macro_f1,0.04104253134749669,0.05307014165126363,-0.012027610303766936,-0.16036813738355915
SVM,Digits,missing,imbalance,0.25,0.3,mcc,0.08195792508279731,0.09561334886390643,-0.013655423781109122,-0.18207231708145497
MLP,Digits,missing,imbalance,0.25,0.3,accuracy,0.049386849371162556,0.045153783948137446,0.004233065423025109,0.056440872307001455
MLP,Digits,missing,imbalance,0.25,0.3,balanced_accuracy,0.05284461709331634,0.08695146531606923,-0.034106848222752895,-0.45475797630337195
MLP,Digits,missing,imbalance,0.25,0.3,macro_f1,0.05231392298879456,0.0920136926559915,-0.039699769667196946,-0.5293302622292927
MLP,Digits,missing,imbalance,0.25,0.3,mcc,0.10452954555274452,0.15154689759500767,-0.04701735204226315,-0.6268980272301754
MLP,Digits,missing,imbalance,0.25,0.3,accuracy,0.044779541967326586,0.045153783948137446,-0.00037424198081086046,-0.00498989307747814
MLP,Digits,missing,imbalance,0.25,0.3,balanced_accuracy,0.046266839315538655,0.08695146531606923,-0.04068462600053058,-0.5424616800070744
MLP,Digits,missing,imbalance,0.25,0.3,macro_f1,0.04735007042700379,0.0920136926559915,-0.04466362222898772,-0.5955149630531696
MLP,Digits,missing,imbalance,0.25,0.3,mcc,0.09434833403541054,0.15154689759500767,-0.057198563559597126,-0.7626475141279617
GB,Digits,missing,imbalance,0.25,0.3,accuracy,0.04634156203947193,0.016956382622106983,0.029385179417364946,0.3918023922315326
GB,Digits,missing,imbalance,0.25,0.3,balanced_accuracy,0.050034150965858615,0.05676899430010179,-0.006734843334243172,-0.0897979111232423
GB,Digits,missing,imbalance,0.25,0.3,macro_f1,0.04919021253544931,0.05529740280509253,-0.006107190269643223,-0.08142920359524297
GB,Digits,missing,imbalance,0.25,0.3,mcc,0.0982336507902386,0.09631358495060882,0.001920065839629781,0.025600877861730414
GB,Digits,missing,imbalance,0.25,0.3,accuracy,0.045698681936611085,0.016956382622106983,0.028742299314504102,0.38323065752672136
GB,Digits,missing,imbalance,0.25,0.3,balanced_accuracy,0.0492720357330253,0.05676899430010179,-0.007496958567076488,-0.09995944756101985
GB,Digits,missing,imbalance,0.25,0.3,macro_f1,0.04843245315611999,0.05529740280509253,-0.0068649496489725376,-0.0915326619863005
GB,Digits,missing,imbalance,0.25,0.3,mcc,0.09641422678550426,0.09631358495060882,0.00010064183489544298,0.00134189113193924
LR,Spambase,missing,imbalance,0.25,0.6,accuracy,0.01632708634329827,0.015219690941240923,0.0011073954020573464,0.007382636013715643
LR,Spambase,missing,imbalance,0.25,0.6,balanced_accuracy,0.09150803335962698,0.07973548718003287,0.011772546179594112,0.07848364119729409
LR,Spambase,missing,imbalance,0.25,0.6,macro_f1,0.07081969843073233,0.0764649519153364,-0.005645253484604068,-0.03763502323069379
LR,Spambase,missing,imbalance,0.25,0.6,mcc,0.1356980400791511,0.13771350767007784,-0.002015467590926745,-0.013436450606178301
LR,Spambase,missing,imbalance,0.25,0.6,accuracy,0.01062827011816625,0.015219690941240923,-0.004591420823074673,-0.030609472153831155
LR,Spambase,missing,imbalance,0.25,0.6,balanced_accuracy,0.08383671516069291,0.07973548718003287,0.004101227980660038,0.02734151987106692
LR,Spambase,missing,imbalance,0.25,0.6,macro_f1,0.061918863541588154,0.0764649519153364,-0.01454608837374824,-0.09697392249165493
LR,Spambase,missing,imbalance,0.25,0.6,mcc,0.1172331813533043,0.13771350767007784,-0.020480326316773545,-0.1365355087784903
RF,Spambase,missing,imbalance,0.25,0.6,accuracy,0.007704575033565253,0.01718171631269274,-0.009477141279127486,-0.06318094186084991
RF,Spambase,missing,imbalance,0.25,0.6,balanced_accuracy,0.06481980796712716,0.0833605845239529,-0.018540776556825733,-0.12360517704550489
RF,Spambase,missing,imbalance,0.25,0.6,macro_f1,0.04420960309943567,0.08077161155646168,-0.03656200845702601,-0.24374672304684006
RF,Spambase,missing,imbalance,0.25,0.6,mcc,0.08314193106201606,0.14448033485949752,-0.061338403797481456,-0.40892269198320974
RF,Spambase,missing,imbalance,0.25,0.6,accuracy,0.010263003907783563,0.01718171631269274,-0.006918712404909176,-0.046124749366061174
RF,Spambase,missing,imbalance,0.25,0.6,balanced_accuracy,0.07000581711309206,0.0833605845239529,-0.013354767410860835,-0.08903178273907224
RF,Spambase,missing,imbalance,0.25,0.6,macro_f1,0.048851215663735625,0.08077161155646168,-0.03192039589272605,-0.21280263928484033
RF,Spambase,missing,imbalance,0.25,0.6,mcc,0.09250274096861522,0.14448033485949752,-0.0519775938908823,-0.34651729260588204
XGB,Spambase,missing,imbalance,0.25,0.6,accuracy,0.0073064353162594076,0.013244159612428405,-0.0059377242961689974,-0.039584828641126654
XGB,Spambase,missing,imbalance,0.25,0.6,balanced_accuracy,0.04983768533469901,0.08669172751122818,-0.03685404217652917,-0.24569361451019447
XGB,Spambase,missing,imbalance,0.25,0.6,macro_f1,0.037919014227277836,0.08062784992533456,-0.042708835698056724,-0.2847255713203782
XGB,Spambase,missing,imbalance,0.25,0.6,mcc,0.07388972886076639,0.1369879220057315,-0.06309819314496512,-0.42065462096643413
XGB,Spambase,missing,imbalance,0.25,0.6,accuracy,0.01014895394825166,0.013244159612428405,-0.003095205664176745,-0.020634704427844968
XGB,Spambase,missing,imbalance,0.25,0.6,balanced_accuracy,0.05571302790896693,0.08669172751122818,-0.030978699602261253,-0.20652466401507502
XGB,Spambase,missing,imbalance,0.25,0.6,macro_f1,0.0427132423825205,0.08062784992533456,-0.03791460754281406,-0.2527640502854271
XGB,Spambase,missing,imbalance,0.25,0.6,mcc,0.08338446917444053,0.1369879220057315,-0.053603452831290976,-0.3573563522086065
SVM,Spambase,missing,imbalance,0.25,0.6,accuracy,0.012620139199533642,0.012067753026541147,0.0005523861729924955,0.003682574486616637
SVM,Spambase,missing,imbalance,0.25,0.6,balanced_accuracy,0.07958884350329931,0.07638617354890821,0.003202669954391099,0.021351133029273994
SVM,Spambase,missing,imbalance,0.25,0.6,macro_f1,0.0597755465162203,0.07364731263072394,-0.013871766114503636,-0.09247844076335758
SVM,Spambase,missing,imbalance,0.25,0.6,mcc,0.11393791268941256,0.13394073217413338,-0.020002819484720824,-0.13335212989813883
SVM,Spambase,missing,imbalance,0.25,0.6,accuracy,0.009484615011378095,0.012067753026541147,-0.002583138015163052,-0.017220920101087014
SVM,Spambase,missing,imbalance,0.25,0.6,balanced_accuracy,0.07557349031813265,0.07638617354890821,-0.0008126832307755599,-0.0054178882051704
SVM,Spambase,missing,imbalance,0.25,0.6,macro_f1,0.054593730370479876,0.07364731263072394,-0.019053582260244062,-0.12702388173496043
SVM,Spambase,missing,imbalance,0.25,0.6,mcc,0.10382826692958247,0.13394073217413338,-0.030112465244550912,-0.20074976829700608
MLP,Spambase,missing,imbalance,0.25,0.6,accuracy,0.007638089138323978,0.05838989522347228,-0.0507518060851483,-0.3383453739009887
MLP,Spambase,missing,imbalance,0.25,0.6,balanced_accuracy,0.05476360355891241,0.1357895526365525,-0.0810259490776401,-0.5401729938509341
MLP,Spambase,missing,imbalance,0.25,0.6,macro_f1,0.04484404232247563,0.1434206576402875,-0.09857661531781187,-0.6571774354520792
MLP,Spambase,missing,imbalance,0.25,0.6,mcc,0.08873395634268821,0.23700351469229838,-0.14826955834961017,-0.9884637223307345
MLP,Spambase,missing,imbalance,0.25,0.6,accuracy,0.004218069928831114,0.05838989522347228,-0.054171825294641165,-0.3611455019642745
MLP,Spambase,missing,imbalance,0.25,0.6,balanced_accuracy,0.059754451603163394,0.1357895526365525,-0.07603510103338912,-0.5069006735559275
MLP,Spambase,missing,imbalance,0.25,0.6,macro_f1,0.04182812077863807,0.1434206576402875,-0.10159253686164943,-0.6772835790776629
MLP,Spambase,missing,imbalance,0.25,0.6,mcc,0.08041502473466966,0.23700351469229838,-0.15658848995762872,-1.0439232663841915
GB,Spambase,missing,imbalance,0.25,0.6,accuracy,0.007756837994280175,0.011810535316757664,-0.004053697322477489,-0.027024648816516596
GB,Spambase,missing,imbalance,0.25,0.6,balanced_accuracy,0.05686227596513849,0.0838271367311162,-0.02696486076597772,-0.17976573843985147
GB,Spambase,missing,imbalance,0.25,0.6,macro_f1,0.04120663173971906,0.07958292925512574,-0.03837629751540668,-0.25584198343604453
GB,Spambase,missing,imbalance,0.25,0.6,mcc,0.07933302192702929,0.13742087179072418,-0.05808784986369489,-0.38725233242463264
GB,Spambase,missing,imbalance,0.25,0.6,accuracy,0.01059773557202004,0.011810535316757664,-0.0012127997447376245,-0.008085331631584165
GB,Spambase,missing,imbalance,0.25,0.6,balanced_accuracy,0.061205322198435774,0.0838271367311162,-0.02262181453268043,-0.15081209688453623
GB,Spambase,missing,imbalance,0.25,0.6,macro_f1,0.04561086278612636,0.07958292925512574,-0.033972066468999376,-0.22648044312666252
GB,Spambase,missing,imbalance,0.25,0.6,mcc,0.08835119784547019,0.13742087179072418,-0.049069673945253994,-0.32713115963502665
LR,Bank,missing,imbalance,0.25,0.6,accuracy,-0.04901684549232033,0.015219690941240923,-0.06423653643356125,-0.4282435762237417
LR,Bank,missing,imbalance,0.25,0.6,balanced_accuracy,0.13188486877559846,0.07973548718003287,0.05214938159556559,0.3476625439704373
LR,Bank,missing,imbalance,0.25,0.6,macro_f1,0.16826756137136645,0.0764649519153364,0.09180260945603005,0.6120173963735337
LR,Bank,missing,imbalance,0.25,0.6,mcc,0.33162597341107003,0.13771350767007784,0.1939124657409922,1.2927497716066148
LR,Bank,missing,imbalance,0.25,0.6,accuracy,-0.05288850770281395,0.015219690941240923,-0.06810819864405487,-0.4540546576270325
LR,Bank,missing,imbalance,0.25,0.6,balanced_accuracy,0.09134131979877969,0.07973548718003287,0.011605832618746814,0.0773722174583121
LR,Bank,missing,imbalance,0.25,0.6,macro_f1,0.10429359862147003,0.0764649519153364,0.027828646706133636,0.18552431137422426
LR,Bank,missing,imbalance,0.25,0.6,mcc,0.18580613865181225,0.13771350767007784,0.04809263098173441,0.32061753987822944
RF,Bank,missing,imbalance,0.25,0.6,accuracy,-0.053302866997696596,0.01718171631269274,-0.07048458331038934,-0.4698972220692623
RF,Bank,missing,imbalance,0.25,0.6,balanced_accuracy,0.09966262440660656,0.0833605845239529,0.016302039882653663,0.10868026588435775
RF,Bank,missing,imbalance,0.25,0.6,macro_f1,0.1421343269081234,0.08077161155646168,0.06136271535166171,0.4090847690110781
RF,Bank,missing,imbalance,0.25,0.6,mcc,0.2910902550485147,0.14448033485949752,0.1466099201890172,0.9773994679267813
RF,Bank,missing,imbalance,0.25,0.6,accuracy,-0.054163545030498694,0.01718171631269274,-0.07134526134319144,-0.47563507562127627
RF,Bank,missing,imbalance,0.25,0.6,balanced_accuracy,0.0911519861087341,0.0833605845239529,0.007791401584781199,0.051942677231874665
RF,Bank,missing,imbalance,0.25,0.6,macro_f1,0.12664167218578193,0.08077161155646168,0.04587006062932025,0.3058004041954684
RF,Bank,missing,imbalance,0.25,0.6,mcc,0.22744243476620754,0.14448033485949752,0.08296209990671002,0.5530806660447335
XGB,Bank,missing,imbalance,0.25,0.6,accuracy,-0.050921527367848496,0.013244159612428405,-0.0641656869802769,-0.42777124653517934
XGB,Bank,missing,imbalance,0.25,0.6,balanced_accuracy,0.1437322840205747,0.08669172751122818,0.057040556509346516,0.3802703767289768
XGB,Bank,missing,imbalance,0.25,0.6,macro_f1,0.16810534968711544,0.08062784992533456,0.08747749976178087,0.5831833317452059
XGB,Bank,missing,imbalance,0.25,0.6,mcc,0.297672477108745,0.1369879220057315,0.1606845551030135,1.0712303673534234
XGB,Bank,missing,imbalance,0.25,0.6,accuracy,-0.05371954118777267,0.013244159612428405,-0.06696370080020107,-0.4464246720013405
XGB,Bank,missing,imbalance,0.25,0.6,balanced_accuracy,0.12193092355047608,0.08669172751122818,0.0352391960392479,0.234927973594986
XGB,Bank,missing,imbalance,0.25,0.6,macro_f1,0.13491989622494205,0.08062784992533456,0.05429204629960749,0.3619469753307166
XGB,Bank,missing,imbalance,0.25,0.6,mcc,0.23036895545626038,0.1369879220057315,0.09338103345052887,0.6225402230035258
SVM,Bank,missing,imbalance,0.25,0.6,accuracy,-0.05925171707350951,0.012067753026541147,-0.07131947010005066,-0.47546313400033774
SVM,Bank,missing,imbalance,0.25,0.6,balanced_accuracy,0.08846847544469288,0.07638617354890821,0.012082301895784672,0.08054867930523116
SVM,Bank,missing,imbalance,0.25,0.6,macro_f1,0.12909221238936924,0.07364731263072394,0.055444899758645305,0.36963266505763537
SVM,Bank,missing,imbalance,0.25,0.6,mcc,0.29758785713595975,0.13394073217413338,0.16364712496182637,1.0909808330788426
SVM,Bank,missing,imbalance,0.25,0.6,accuracy,-0.05925171707350951,0.012067753026541147,-0.07131947010005066,-0.47546313400033774
SVM,Bank,missing,imbalance,0.25,0.6,balanced_accuracy,0.0864540661533505,0.07638617354890821,0.010067892604442283,0.06711928402961523
SVM,Bank,missing,imbalance,0.25,0.6,macro_f1,0.12492846960557907,0.07364731263072394,0.051281156974855135,0.34187437983236757
SVM,Bank,missing,imbalance,0.25,0.6,mcc,0.2697745092239691,0.13394073217413338,0.13583377704983574,0.9055585136655716
MLP,Bank,missing,imbalance,0.25,0.6,accuracy,-0.05845148558399027,0.05838989522347228,-0.11684138080746255,-0.778942538716417
MLP,Bank,missing,imbalance,0.25,0.6,balanced_accuracy,0.11730654072043423,0.1357895526365525,-0.018483011916118286,-0.12322007944078858
MLP,Bank,missing,imbalance,0.25,0.6,macro_f1,0.15548768414044006,0.1434206576402875,0.012067026500152567,0.08044684333435045
MLP,Bank,missing,imbalance,0.25,0.6,mcc,0.308745836078931,0.23700351469229838,0.07174232138663264,0.478282142577551
MLP,Bank,missing,imbalance,0.25,0.6,accuracy,-0.058236431820549384,0.05838989522347228,-0.11662632704402166,-0.7775088469601444
MLP,Bank,missing,imbalance,0.25,0.6,balanced_accuracy,0.11741979100355993,0.1357895526365525,-0.018369761632992587,-0.12246507755328392
MLP,Bank,missing,imbalance,0.25,0.6,macro_f1,0.15562933804987467,0.1434206576402875,0.01220868040958717,0.08139120273058113
MLP,Bank,missing,imbalance,0.25,0.6,mcc,0.3181363957107026,0.23700351469229838,0.08113288101840424,0.5408858734560283
GB,Bank,missing,imbalance,0.25,0.6,accuracy,-0.04515530863340167,0.011810535316757664,-0.056965843950159335,-0.37977229300106224
GB,Bank,missing,imbalance,0.25,0.6,balanced_accuracy,0.13286987232921488,0.0838271367311162,0.04904273559809867,0.32695157065399116
GB,Bank,missing,imbalance,0.25,0.6,macro_f1,0.15063968822403895,0.07958292925512574,0.07105675896891321,0.47371172645942144
GB,Bank,missing,imbalance,0.25,0.6,mcc,0.2933189899533845,0.13742087179072418,0.15589811816266033,1.0393207877510688
GB,Bank,missing,imbalance,0.25,0.6,accuracy,-0.04902928573908816,0.011810535316757664,-0.06083982105584582,-0.40559880703897216
GB,Bank,missing,imbalance,0.25,0.6,balanced_accuracy,0.12066681383821987,0.0838271367311162,0.03683967710710366,0.24559784738069107
GB,Bank,missing,imbalance,0.25,0.6,macro_f1,0.13600164698122885,0.07958292925512574,0.056418717726103115,0.37612478484068745
GB,Bank,missing,imbalance,0.25,0.6,mcc,0.26222845266663464,0.13742087179072418,0.12480758087591046,0.8320505391727364
LR,Wine,missing,imbalance,0.25,0.6,accuracy,0.07327456762239348,0.015219690941240923,0.058054876681152556,0.3870325112076837
LR,Wine,missing,imbalance,0.25,0.6,balanced_accuracy,0.08626102292768967,0.07973548718003287,0.0065255357476567966,0.04350357165104531
LR,Wine,missing,imbalance,0.25,0.6,macro_f1,0.08960357198654767,0.0764649519153364,0.013138620071211277,0.08759080047474185
LR,Wine,missing,imbalance,0.25,0.6,mcc,0.13346952533730683,0.13771350767007784,-0.0042439823327710124,-0.02829321555180675
LR,Wine,missing,imbalance,0.25,0.6,accuracy,0.07366982453938964,0.015219690941240923,0.05845013359814871,0.38966755732099145
LR,Wine,missing,imbalance,0.25,0.6,balanced_accuracy,0.09483245149911823,0.07973548718003287,0.01509696431908536,0.1006464287939024
LR,Wine,missing,imbalance,0.25,0.6,macro_f1,0.0887267808338944,0.0764649519153364,0.01226182891855801,0.08174552612372007
LR,Wine,missing,imbalance,0.25,0.6,mcc,0.13566943691071176,0.13771350767007784,-0.002044070759366079,-0.01362713839577386
RF,Wine,missing,imbalance,0.25,0.6,accuracy,0.054320848233891716,0.01718171631269274,0.03713913192119898,0.24759421280799318
RF,Wine,missing,imbalance,0.25,0.6,balanced_accuracy,0.10052910052910047,0.0833605845239529,0.01716851600514757,0.11445677336765048
RF,Wine,missing,imbalance,0.25,0.6,macro_f1,0.07426072090934299,0.08077161155646168,-0.006510890647118683,-0.04340593764745789
RF,Wine,missing,imbalance,0.25,0.6,mcc,0.10351943599990976,0.14448033485949752,-0.04096089885958776,-0.2730726590639184
RF,Wine,missing,imbalance,0.25,0.6,accuracy,0.08001254783863487,0.01718171631269274,0.06283083152594213,0.4188722101729475
RF,Wine,missing,imbalance,0.25,0.6,balanced_accuracy,0.1230687830687831,0.0833605845239529,0.03970819854483021,0.2647213236322014
RF,Wine,missing,imbalance,0.25,0.6,macro_f1,0.10816308847133216,0.08077161155646168,0.027391476914870483,0.18260984609913655
RF,Wine,missing,imbalance,0.25,0.6,mcc,0.15346221725699305,0.14448033485949752,0.008981882397495533,0.059879215983303556
XGB,Wine,missing,imbalance,0.25,0.6,accuracy,0.0637034945730598,0.013244159612428405,0.05045933496063139,0.33639556640420926
XGB,Wine,missing,imbalance,0.25,0.6,balanced_accuracy,0.12514029180695851,0.08669172751122818,0.038448564295730334,0.25632376197153556
XGB,Wine,missing,imbalance,0.25,0.6,macro_f1,0.11475606921820458,0.08062784992533456,0.03412821929287002,0.2275214619524668
XGB,Wine,missing,imbalance,0.25,0.6,mcc,0.132104597453384,0.1369879220057315,-0.004883324552347523,-0.03255549701565016
XGB,Wine,missing,imbalance,0.25,0.6,accuracy,0.06251772382207166,0.013244159612428405,0.04927356420964325,0.32849042806428835
XGB,Wine,missing,imbalance,0.25,0.6,balanced_accuracy,0.10466410133076809,0.08669172751122818,0.017972373819539908,0.1198158254635994
XGB,Wine,missing,imbalance,0.25,0.6,macro_f1,0.09453125468860701,0.08062784992533456,0.013903404763272453,0.09268936508848302
XGB,Wine,missing,imbalance,0.25,0.6,mcc,0.1289083289530154,0.1369879220057315,-0.008079593052716105,-0.053863953684774035
SVM,Wine,missing,imbalance,0.25,0.6,accuracy,0.07092163874772583,0.012067753026541147,0.05885388572118469,0.3923592381412313
SVM,Wine,missing,imbalance,0.25,0.6,balanced_accuracy,0.09960237293570617,0.07638617354890821,0.02321619938679796,0.15477466257865308
SVM,Wine,missing,imbalance,0.25,0.6,macro_f1,0.08970391797191402,0.07364731263072394,0.016056605341190078,0.10704403560793385
SVM,Wine,missing,imbalance,0.25,0.6,mcc,0.13642949906346735,0.13394073217413338,0.002488766889333971,0.016591779262226474
SVM,Wine,missing,imbalance,0.25,0.6,accuracy,0.07961729092163872,0.012067753026541147,0.06754953789509757,0.45033025263398385
SVM,Wine,missing,imbalance,0.25,0.6,balanced_accuracy,0.13150713484046817,0.07638617354890821,0.05512096129155995,0.36747307527706635
SVM,Wine,missing,imbalance,0.25,0.6,macro_f1,0.10829376260180312,0.07364731263072394,0.034646449971079185,0.2309763331405279
SVM,Wine,missing,imbalance,0.25,0.6,mcc,0.15431412655587107,0.13394073217413338,0.020373394381737686,0.13582262921158458
MLP,Wine,missing,imbalance,0.25,0.6,accuracy,0.33765271765271765,0.05838989522347228,0.2792628224292454,1.8617521495283027
MLP,Wine,missing,imbalance,0.25,0.6,balanced_accuracy,0.3362866762866764,0.1357895526365525,0.2004971236501239,1.3366474910008261
MLP,Wine,missing,imbalance,0.25,0.6,macro_f1,0.384692971271543,0.1434206576402875,0.2412723136312555,1.6084820908750368
MLP,Wine,missing,imbalance,0.25,0.6,mcc,0.5404935544495731,0.23700351469229838,0.30349003975727473,2.023266931715165
MLP,Wine,missing,imbalance,0.25,0.6,accuracy,0.26097287575548445,0.05838989522347228,0.20258298053201218,1.350553203546748
MLP,Wine,missing,imbalance,0.25,0.6,balanced_accuracy,0.3029533429533431,0.1357895526365525,0.16716379031679057,1.1144252687786038
MLP,Wine,missing,imbalance,0.25,0.6,macro_f1,0.3229596629359315,0.1434206576402875,0.17953900529564398,1.19692670197096
MLP,Wine,missing,imbalance,0.25,0.6,mcc,0.41598647639818387,0.23700351469229838,0.17898296170588548,1.1932197447059032
GB,Wine,missing,imbalance,0.25,0.6,accuracy,0.09008218834305792,0.011810535316757664,0.07827165302630026,0.5218110201753351
GB,Wine,missing,imbalance,0.25,0.6,balanced_accuracy,0.14047298380631712,0.0838271367311162,0.056645847075200914,0.3776389805013394
GB,Wine,missing,imbalance,0.25,0.6,macro_f1,0.1431473967999356,0.07958292925512574,0.06356446754480986,0.4237631169653991
GB,Wine,missing,imbalance,0.25,0.6,mcc,0.1932520951471277,0.13742087179072418,0.05583122335640353,0.3722081557093569
GB,Wine,missing,imbalance,0.25,0.6,accuracy,0.06320471798732685,0.011810535316757664,0.05139418267056919,0.3426278844704613
GB,Wine,missing,imbalance,0.25,0.6,balanced_accuracy,0.09713965047298379,0.0838271367311162,0.01331251374186758,0.08875009161245054
GB,Wine,missing,imbalance,0.25,0.6,macro_f1,0.09958329381054531,0.07958292925512574,0.020000364555419578,0.1333357637027972
GB,Wine,missing,imbalance,0.25,0.6,mcc,0.14016713743038245,0.13742087179072418,0.0027462656396582685,0.018308437597721793
LR,BreastCancer,missing,imbalance,0.25,0.6,accuracy,-0.0019262651054856583,0.015219690941240923,-0.01714595604672658,-0.11430637364484388
LR,BreastCancer,missing,imbalance,0.25,0.6,balanced_accuracy,0.025620319551192816,0.07973548718003287,-0.054115167628840055,-0.36076778419226707
LR,BreastCancer,missing,imbalance,0.25,0.6,macro_f1,0.011850734924592099,0.0764649519153364,-0.0646142169907443,-0.43076144660496196
LR,BreastCancer,missing,imbalance,0.25,0.6,mcc,0.02194676544792229,0.13771350767007784,-0.11576674222215555,-0.771778281481037
LR,BreastCancer,missing,imbalance,0.25,0.6,accuracy,0.007139107723932336,0.015219690941240923,-0.008080583217308587,-0.053870554782057246
LR,BreastCancer,missing,imbalance,0.25,0.6,balanced_accuracy,0.030866913493934223,0.07973548718003287,-0.04886857368609865,-0.3257904912406577
LR,BreastCancer,missing,imbalance,0.25,0.6,macro_f1,0.025649201067933558,0.0764649519153364,-0.050815750847402835,-0.3387716723160189
LR,BreastCancer,missing,imbalance,0.25,0.6,mcc,0.051591406278287066,0.13771350767007784,-0.08612210139179077,-0.5741473426119386
RF,BreastCancer,missing,imbalance,0.25,0.6,accuracy,0.0020820940522066067,0.01718171631269274,-0.015099622260486133,-0.1006641484032409
RF,BreastCancer,missing,imbalance,0.25,0.6,balanced_accuracy,0.03236084503678083,0.0833605845239529,-0.05099973948717207,-0.3399982632478138
RF,BreastCancer,missing,imbalance,0.25,0.6,macro_f1,0.025623808570076845,0.08077161155646168,-0.05514780298638483,-0.36765201990923224
RF,BreastCancer,missing,imbalance,0.25,0.6,mcc,0.05212436311456914,0.14448033485949752,-0.09235597174492838,-0.6157064782995225
RF,BreastCancer,missing,imbalance,0.25,0.6,accuracy,0.008951348393371084,0.01718171631269274,-0.008230367919321656,-0.05486911946214437
RF,BreastCancer,missing,imbalance,0.25,0.6,balanced_accuracy,0.04069245232758456,0.0833605845239529,-0.042668132196368336,-0.28445421464245557
RF,BreastCancer,missing,imbalance,0.25,0.6,macro_f1,0.03699413816172592,0.08077161155646168,-0.043777473394735755,-0.2918498226315717
RF,BreastCancer,missing,imbalance,0.25,0.6,mcc,0.07478167458471863,0.14448033485949752,-0.06969866027477889,-0.4646577351651926
XGB,BreastCancer,missing,imbalance,0.25,0.6,accuracy,0.010228310802799179,0.013244159612428405,-0.0030158488096292263,-0.02010565873086151
XGB,BreastCancer,missing,imbalance,0.25,0.6,balanced_accuracy,0.04315576987791858,0.08669172751122818,-0.0435359576333096,-0.29023971755539735
XGB,BreastCancer,missing,imbalance,0.25,0.6,macro_f1,0.03693596697605683,0.08062784992533456,-0.04369188294927773,-0.29127921966185155
XGB,BreastCancer,missing,imbalance,0.25,0.6,mcc,0.07327190392375971,0.1369879220057315,-0.0637160180819718,-0.424773453879812
XGB,BreastCancer,missing,imbalance,0.25,0.6,accuracy,0.014773765348253809,0.013244159612428405,0.001529605735825404,0.01019737157216936
XGB,BreastCancer,missing,imbalance,0.25,0.6,balanced_accuracy,0.05005936464916061,0.08669172751122818,-0.03663236286206757,-0.24421575241378382
XGB,BreastCancer,missing,imbalance,0.25,0.6,macro_f1,0.044210330206082005,0.08062784992533456,-0.036417519719252556,-0.24278346479501706
XGB,BreastCancer,missing,imbalance,0.25,0.6,mcc,0.08731038267979818,0.1369879220057315,-0.04967753932593333,-0.33118359550622223
SVM,BreastCancer,missing,imbalance,0.25,0.6,accuracy,0.0026343753417853444,0.012067753026541147,-0.009433377684755802,-0.06288918456503868
SVM,BreastCancer,missing,imbalance,0.25,0.6,balanced_accuracy,0.03371636185864235,0.07638617354890821,-0.04266981169026586,-0.2844654112684391
SVM,BreastCancer,missing,imbalance,0.25,0.6,macro_f1,0.020482270295541505,0.07364731263072394,-0.05316504233518243,-0.3544336155678829
SVM,BreastCancer,missing,imbalance,0.25,0.6,mcc,0.03687557924296481,0.13394073217413338,-0.09706515293116857,-0.6471010195411239
SVM,BreastCancer,missing,imbalance,0.25,0.6,accuracy,0.0070776848412744675,0.012067753026541147,-0.004990068185266679,-0.0332671212351112
SVM,BreastCancer,missing,imbalance,0.25,0.6,balanced_accuracy,0.04584871479981867,0.07638617354890821,-0.030537458749089544,-0.20358305832726364
SVM,BreastCancer,missing,imbalance,0.25,0.6,macro_f1,0.02800775342393147,0.07364731263072394,-0.04563955920679247,-0.3042637280452831
SVM,BreastCancer,missing,imbalance,0.25,0.6,mcc,0.05303781433524413,0.13394073217413338,-0.08090291783888925,-0.539352785592595
MLP,BreastCancer,missing,imbalance,0.25,0.6,accuracy,-0.014764958556007679,0.05838989522347228,-0.07315485377947996,-0.4876990251965331
MLP,BreastCancer,missing,imbalance,0.25,0.6,balanced_accuracy,0.030889462911124377,0.1357895526365525,-0.10490008972542814,-0.6993339315028543
MLP,BreastCancer,missing,imbalance,0.25,0.6,macro_f1,0.010048174067271765,0.1434206576402875,-0.13337248357301573,-0.8891498904867716
MLP,BreastCancer,missing,imbalance,0.25,0.6,mcc,0.015039947131157971,0.23700351469229838,-0.2219635675611404,-1.4797571170742694
MLP,BreastCancer,missing,imbalance,0.25,0.6,accuracy,0.03962727842049907,0.05838989522347228,-0.01876261680297321,-0.12508411201982142
MLP,BreastCancer,missing,imbalance,0.25,0.6,balanced_accuracy,0.1686949724388792,0.1357895526365525,0.032905419802326696,0.21936946534884466
MLP,BreastCancer,missing,imbalance,0.25,0.6,macro_f1,0.13117296941991807,0.1434206576402875,-0.012247688220369424,-0.08165125480246282
MLP,BreastCancer,missing,imbalance,0.25,0.6,mcc,0.22102291087417614,0.23700351469229838,-0.015980603818122247,-0.10653735878748165
GB,BreastCancer,missing,imbalance,0.25,0.6,accuracy,0.005940217052011532,0.011810535316757664,-0.005870318264746132,-0.03913545509830755
GB,BreastCancer,missing,imbalance,0.25,0.6,balanced_accuracy,0.03599790017910576,0.0838271367311162,-0.04782923655201045,-0.318861577013403
GB,BreastCancer,missing,imbalance,0.25,0.6,macro_f1,0.034273707362499906,0.07958292925512574,-0.04530922189262583,-0.3020614792841722
GB,BreastCancer,missing,imbalance,0.25,0.6,mcc,0.068159345664483,0.13742087179072418,-0.06926152612624117,-0.46174350750827453
GB,BreastCancer,missing,imbalance,0.25,0.6,accuracy,0.0013692262450655246,0.011810535316757664,-0.01044130907169214,-0.06960872714461426
GB,BreastCancer,missing,imbalance,0.25,0.6,balanced_accuracy,0.019352521370305298,0.0838271367311162,-0.06447461536081091,-0.42983076907207274
GB,BreastCancer,missing,imbalance,0.25,0.6,macro_f1,0.02560372672877942,0.07958292925512574,-0.05397920252634632,-0.35986135017564214
GB,BreastCancer,missing,imbalance,0.25,0.6,mcc,0.05180373550289874,0.13742087179072418,-0.08561713628782544,-0.570780908585503
LR,Digits,missing,imbalance,0.25,0.6,accuracy,0.046891347815617324,0.015219690941240923,0.0316716568743764,0.21114437916250933
LR,Digits,missing,imbalance,0.25,0.6,balanced_accuracy,0.1005836075815435,0.07973548718003287,0.020848120401510628,0.1389874693434042
LR,Digits,missing,imbalance,0.25,0.6,macro_f1,0.09004344237475026,0.0764649519153364,0.013578490459413867,0.09052326972942579
LR,Digits,missing,imbalance,0.25,0.6,mcc,0.17585128252288995,0.13771350767007784,0.03813777485281211,0.25425183235208076
LR,Digits,missing,imbalance,0.25,0.6,accuracy,0.04766602687714894,0.015219690941240923,0.03244633593590801,0.21630890623938676
LR,Digits,missing,imbalance,0.25,0.6,balanced_accuracy,0.10215776091159123,0.07973548718003287,0.022422273731558362,0.14948182487705575
LR,Digits,missing,imbalance,0.25,0.6,macro_f1,0.09125436515550234,0.0764649519153364,0.014789413240165944,0.09859608826777297
LR,Digits,missing,imbalance,0.25,0.6,mcc,0.17802187453138507,0.13771350767007784,0.04030836686130723,0.26872244574204823
RF,Digits,missing,imbalance,0.25,0.6,accuracy,0.06910107693791923,0.01718171631269274,0.051919360625226486,0.34612907083484323
RF,Digits,missing,imbalance,0.25,0.6,balanced_accuracy,0.12915052191487641,0.0833605845239529,0.04578993739092352,0.3052662492728235
RF,Digits,missing,imbalance,0.25,0.6,macro_f1,0.10068508271611454,0.08077161155646168,0.019913471159652862,0.13275647439768576
RF,Digits,missing,imbalance,0.25,0.6,mcc,0.18405595370992356,0.14448033485949752,0.03957561885042604,0.2638374590028403
RF,Digits,missing,imbalance,0.25,0.6,accuracy,0.07069154048057391,0.01718171631269274,0.05350982416788117,0.3567321611192078
RF,Digits,missing,imbalance,0.25,0.6,balanced_accuracy,0.1286083894392368,0.0833605845239529,0.04524780491528391,0.3016520327685594
RF,Digits,missing,imbalance,0.25,0.6,macro_f1,0.10225067599285753,0.08077161155646168,0.021479064436395856,0.14319376290930572
RF,Digits,missing,imbalance,0.25,0.6,mcc,0.18918814239351278,0.14448033485949752,0.044707807534015265,0.29805205022676845
XGB,Digits,missing,imbalance,0.25,0.6,accuracy,0.05353862820225774,0.013244159612428405,0.04029446858982934,0.2686297905988623
XGB,Digits,missing,imbalance,0.25,0.6,balanced_accuracy,0.08976848987929775,0.08669172751122818,0.0030767623680695716,0.020511749120463812
XGB,Digits,missing,imbalance,0.25,0.6,macro_f1,0.07677107870418698,0.08062784992533456,-0.0038567712211475813,-0.025711808140983877
XGB,Digits,missing,imbalance,0.25,0.6,mcc,0.15002802892176537,0.1369879220057315,0.013040106916033856,0.08693404610689237
XGB,Digits,missing,imbalance,0.25,0.6,accuracy,0.040043402754841084,0.013244159612428405,0.02679924314241268,0.17866162094941787
XGB,Digits,missing,imbalance,0.25,0.6,balanced_accuracy,0.07293834695916179,0.08669172751122818,-0.013753380552066388,-0.09168920368044259
XGB,Digits,missing,imbalance,0.25,0.6,macro_f1,0.05938706593596288,0.08062784992533456,-0.02124078398937168,-0.1416052265958112
XGB,Digits,missing,imbalance,0.25,0.6,mcc,0.1153748575366812,0.1369879220057315,-0.021613064469050314,-0.14408709646033543
SVM,Digits,missing,imbalance,0.25,0.6,accuracy,0.04027831636710888,0.012067753026541147,0.028210563340567735,0.18807042227045156
SVM,Digits,missing,imbalance,0.25,0.6,balanced_accuracy,0.06770476056540897,0.07638617354890821,-0.00868141298349924,-0.0578760865566616
SVM,Digits,missing,imbalance,0.25,0.6,macro_f1,0.056108380354071286,0.07364731263072394,-0.017538932276652652,-0.11692621517768435
SVM,Digits,missing,imbalance,0.25,0.6,mcc,0.11002569174346077,0.13394073217413338,-0.023915040430672607,-0.15943360287115071
SVM,Digits,missing,imbalance,0.25,0.6,accuracy,0.044268704022835226,0.012067753026541147,0.03220095099629408,0.21467300664196054
SVM,Digits,missing,imbalance,0.25,0.6,balanced_accuracy,0.07406710590818377,0.07638617354890821,-0.00231906764072444,-0.015460450938162933
SVM,Digits,missing,imbalance,0.25,0.6,macro_f1,0.06170321492288999,0.07364731263072394,-0.011944097707833945,-0.07962731805222631
SVM,Digits,missing,imbalance,0.25,0.6,mcc,0.12014271575504176,0.13394073217413338,-0.013798016419091619,-0.09198677612727746
MLP,Digits,missing,imbalance,0.25,0.6,accuracy,0.054182197680516464,0.05838989522347228,-0.0042076975429558156,-0.028051316953038773
MLP,Digits,missing,imbalance,0.25,0.6,balanced_accuracy,0.0899278601983553,0.1357895526365525,-0.04586169243819721,-0.3057446162546481
MLP,Digits,missing,imbalance,0.25,0.6,macro_f1,0.07867625557753333,0.1434206576402875,-0.06474440206275417,-0.4316293470850278
MLP,Digits,missing,imbalance,0.25,0.6,mcc,0.1545656394544207,0.23700351469229838,-0.08243787523787768,-0.5495858349191846
MLP,Digits,missing,imbalance,0.25,0.6,accuracy,0.03672820413090527,0.05838989522347228,-0.021661691092567006,-0.14441127395044673
MLP,Digits,missing,imbalance,0.25,0.6,balanced_accuracy,0.06376029001358796,0.1357895526365525,-0.07202926262296455,-0.48019508415309703
MLP,Digits,missing,imbalance,0.25,0.6,macro_f1,0.05602382645226067,0.1434206576402875,-0.08739683118802682,-0.5826455412535122
MLP,Digits,missing,imbalance,0.25,0.6,mcc,0.1084857978576017,0.23700351469229838,-0.12851771683469668,-0.8567847788979779
GB,Digits,missing,imbalance,0.25,0.6,accuracy,0.051360995715888036,0.011810535316757664,0.03955046039913037,0.26366973599420246
GB,Digits,missing,imbalance,0.25,0.6,balanced_accuracy,0.09005151642318221,0.0838271367311162,0.006224379692066004,0.04149586461377336
GB,Digits,missing,imbalance,0.25,0.6,macro_f1,0.07523146991678942,0.07958292925512574,-0.004351459338336319,-0.02900972892224213
GB,Digits,missing,imbalance,0.25,0.6,mcc,0.14597710327932678,0.13742087179072418,0.0085562314886026,0.05704154325735067
GB,Digits,missing,imbalance,0.25,0.6,accuracy,0.04024039873871743,0.011810535316757664,0.028429863421959765,0.18953242281306512
GB,Digits,missing,imbalance,0.25,0.6,balanced_accuracy,0.07552575534968164,0.0838271367311162,-0.008301381381434561,-0.055342542542897076
GB,Digits,missing,imbalance,0.25,0.6,macro_f1,0.06064814721543865,0.07958292925512574,-0.018934782039687084,-0.12623188026458057
GB,Digits,missing,imbalance,0.25,0.6,mcc,0.1171498743163627,0.13742087179072418,-0.02027099747436148,-0.13513998316240988
LR,Spambase,feature_noise,imbalance,0.2,0.3,accuracy,0.017672200877637323,0.00621900198868555,0.011453198888951773,0.19088664814919623
LR,Spambase,feature_noise,imbalance,0.2,0.3,balanced_accuracy,0.035776091686135825,0.036438899161292976,-0.0006628074751571511,-0.011046791252619186
LR,Spambase,feature_noise,imbalance,0.2,0.3,macro_f1,0.03099882274648391,0.034431826707570216,-0.0034330039610863047,-0.057216732684771746
LR,Spambase,feature_noise,imbalance,0.2,0.3,mcc,0.061149653115735725,0.06389586205986394,-0.00274620894412822,-0.04577014906880367
LR,Spambase,feature_noise,imbalance,0.2,0.3,accuracy,0.017418910225094897,0.00621900198868555,0.011199908236409347,0.18666513727348913
LR,Spambase,feature_noise,imbalance,0.2,0.3,balanced_accuracy,0.036015609433396545,0.036438899161292976,-0.00042328972789643093,-0.007054828798273849
LR,Spambase,feature_noise,imbalance,0.2,0.3,macro_f1,0.030740942526360393,0.034431826707570216,-0.0036908841812098234,-0.06151473635349706
LR,Spambase,feature_noise,imbalance,0.2,0.3,mcc,0.06063875688535103,0.06389586205986394,-0.0032571051745129143,-0.05428508624188191
RF,Spambase,feature_noise,imbalance,0.2,0.3,accuracy,0.02761912585929427,0.009272044147202823,0.018347081712091446,0.3057846952015241
RF,Spambase,feature_noise,imbalance,0.2,0.3,balanced_accuracy,0.05220694409923099,0.043658599864345504,0.008548344234885485,0.1424724039147581
RF,Spambase,feature_noise,imbalance,0.2,0.3,macro_f1,0.04186092169585298,0.04149148211629101,0.000369439579561974,0.0061573263260329
RF,Spambase,feature_noise,imbalance,0.2,0.3,mcc,0.0800829155906837,0.0736096210947654,0.006473294495918297,0.10788824159863829
RF,Spambase,feature_noise,imbalance,0.2,0.3,accuracy,0.024162346234310128,0.009272044147202823,0.014890302087107305,0.24817170145178843
RF,Spambase,feature_noise,imbalance,0.2,0.3,balanced_accuracy,0.046895564636168396,0.043658599864345504,0.0032369647718228922,0.05394941286371487
RF,Spambase,feature_noise,imbalance,0.2,0.3,macro_f1,0.03734270043776022,0.04149148211629101,-0.004148781678530784,-0.06914636130884641
RF,Spambase,feature_noise,imbalance,0.2,0.3,mcc,0.07164936591408622,0.0736096210947654,-0.001960255180679188,-0.032670919677986465
XGB,Spambase,feature_noise,imbalance,0.2,0.3,accuracy,0.02333405560157953,0.007882316079358822,0.015451739522220707,0.2575289920370118
XGB,Spambase,feature_noise,imbalance,0.2,0.3,balanced_accuracy,0.04341321629834349,0.04502697948994965,-0.0016137631916061587,-0.02689605319343598
XGB,Spambase,feature_noise,imbalance,0.2,0.3,macro_f1,0.03494659864208083,0.04136097014317851,-0.006414371501097679,-0.10690619168496132
XGB,Spambase,feature_noise,imbalance,0.2,0.3,mcc,0.0679123035493936,0.07084588700940903,-0.002933583460015432,-0.04889305766692387
XGB,Spambase,feature_noise,imbalance,0.2,0.3,accuracy,0.02333223336666912,0.007882316079358822,0.015449917287310298,0.25749862145517166
XGB,Spambase,feature_noise,imbalance,0.2,0.3,balanced_accuracy,0.04061052825560496,0.04502697948994965,-0.004416451234344691,-0.07360752057241153
XGB,Spambase,feature_noise,imbalance,0.2,0.3,macro_f1,0.034378228936660316,0.04136097014317851,-0.006982741206518192,-0.11637902010863654
XGB,Spambase,feature_noise,imbalance,0.2,0.3,mcc,0.06771022430906781,0.07084588700940903,-0.003135662700341213,-0.05226104500568689
SVM,Spambase,feature_noise,imbalance,0.2,0.3,accuracy,0.009821643338429942,0.002570209433652898,0.007251433904777044,0.12085723174628407
SVM,Spambase,feature_noise,imbalance,0.2,0.3,balanced_accuracy,0.025831026117612343,0.033110646893565715,-0.0072796207759533715,-0.1213270129325562
SVM,Spambase,feature_noise,imbalance,0.2,0.3,macro_f1,0.02064218219370595,0.030294547443398594,-0.009652365249692645,-0.1608727541615441
SVM,Spambase,feature_noise,imbalance,0.2,0.3,mcc,0.040289536827660455,0.05592936175171133,-0.015639824924050874,-0.26066374873418124
SVM,Spambase,feature_noise,imbalance,0.2,0.3,accuracy,0.012034747637082233,0.002570209433652898,0.009464538203429334,0.1577423033904889
SVM,Spambase,feature_noise,imbalance,0.2,0.3,balanced_accuracy,0.030017426822760873,0.033110646893565715,-0.003093220070804842,-0.051553667846747364
SVM,Spambase,feature_noise,imbalance,0.2,0.3,macro_f1,0.023551894514318716,0.030294547443398594,-0.006742652929079877,-0.11237754881799795
SVM,Spambase,feature_noise,imbalance,0.2,0.3,mcc,0.045574868961106185,0.05592936175171133,-0.010354492790605144,-0.17257487984341907
MLP,Spambase,feature_noise,imbalance,0.2,0.3,accuracy,0.01937349764935159,0.02572166938045726,-0.006348171731105669,-0.10580286218509448
MLP,Spambase,feature_noise,imbalance,0.2,0.3,balanced_accuracy,0.03857137202204042,0.062452623407666795,-0.023881251385626377,-0.39802085642710633
MLP,Spambase,feature_noise,imbalance,0.2,0.3,macro_f1,0.03171228025085748,0.06486650582339507,-0.03315422557253758,-0.5525704262089597
MLP,Spambase,feature_noise,imbalance,0.2,0.3,mcc,0.06193323086021785,0.11048615890501702,-0.04855292804479917,-0.8092154674133196
MLP,Spambase,feature_noise,imbalance,0.2,0.3,accuracy,0.015673753369650933,0.02572166938045726,-0.010047916010806325,-0.1674652668467721
MLP,Spambase,feature_noise,imbalance,0.2,0.3,balanced_accuracy,0.032437313135841084,0.062452623407666795,-0.03001531027182571,-0.5002551711970952
MLP,Spambase,feature_noise,imbalance,0.2,0.3,macro_f1,0.026921193779448904,0.06486650582339507,-0.03794531204394616,-0.6324218673991027
MLP,Spambase,feature_noise,imbalance,0.2,0.3,mcc,0.05301428006700559,0.11048615890501702,-0.05747187883801143,-0.9578646473001905
GB,Spambase,feature_noise,imbalance,0.2,0.3,accuracy,0.02311867270888912,0.007782598007355851,0.01533607470153327,0.25560124502555454
GB,Spambase,feature_noise,imbalance,0.2,0.3,balanced_accuracy,0.043387178000681925,0.04372356779892922,-0.0003363897982472941,-0.005606496637454902
GB,Spambase,feature_noise,imbalance,0.2,0.3,macro_f1,0.03509217260841879,0.04063910815805773,-0.005546935549638934,-0.09244892582731558
GB,Spambase,feature_noise,imbalance,0.2,0.3,mcc,0.06816992868747707,0.07113265881923747,-0.002962730131760405,-0.04937883552934008
GB,Spambase,feature_noise,imbalance,0.2,0.3,accuracy,0.022625150753995626,0.007782598007355851,0.014842552746639776,0.24737587911066294
GB,Spambase,feature_noise,imbalance,0.2,0.3,balanced_accuracy,0.04280052973054871,0.04372356779892922,-0.0009230380683805106,-0.015383967806341844
GB,Spambase,feature_noise,imbalance,0.2,0.3,macro_f1,0.034473559029117085,0.04063910815805773,-0.006165549128940642,-0.10275915214901071
GB,Spambase,feature_noise,imbalance,0.2,0.3,mcc,0.06704964915557965,0.07113265881923747,-0.004083009663657822,-0.0680501610609637
LR,Bank,feature_noise,imbalance,0.2,0.3,accuracy,-0.020741518858527153,0.00621900198868555,-0.026960520847212704,-0.44934201412021174
LR,Bank,feature_noise,imbalance,0.2,0.3,balanced_accuracy,0.04530873693420068,0.036438899161292976,0.008869837772907702,0.1478306295484617
LR,Bank,feature_noise,imbalance,0.2,0.3,macro_f1,0.049829900941152916,0.034431826707570216,0.0153980742335827,0.25663457055971167
LR,Bank,feature_noise,imbalance,0.2,0.3,mcc,0.09079461119882054,0.06389586205986394,0.026898749138956596,0.4483124856492766
LR,Bank,feature_noise,imbalance,0.2,0.3,accuracy,-0.021984612187273767,0.00621900198868555,-0.02820361417595932,-0.47006023626598864
LR,Bank,feature_noise,imbalance,0.2,0.3,balanced_accuracy,0.04240165570534138,0.036438899161292976,0.005962756544048403,0.09937927573414006
LR,Bank,feature_noise,imbalance,0.2,0.3,macro_f1,0.04652779822584796,0.034431826707570216,0.012095971518277744,0.20159952530462907
LR,Bank,feature_noise,imbalance,0.2,0.3,mcc,0.08457028217072504,0.06389586205986394,0.020674420110861097,0.3445736685143516
RF,Bank,feature_noise,imbalance,0.2,0.3,accuracy,-0.020526796092848576,0.009272044147202823,-0.0297988402400514,-0.49664733733419
RF,Bank,feature_noise,imbalance,0.2,0.3,balanced_accuracy,0.07170471724560257,0.043658599864345504,0.028046117381257063,0.4674352896876177
RF,Bank,feature_noise,imbalance,0.2,0.3,macro_f1,0.0987467752225678,0.04149148211629101,0.0572552931062768,0.9542548851046133
RF,Bank,feature_noise,imbalance,0.2,0.3,mcc,0.17023414447271804,0.0736096210947654,0.09662452337795263,1.6104087229658772
RF,Bank,feature_noise,imbalance,0.2,0.3,accuracy,-0.018038674492435902,0.009272044147202823,-0.027310718639638725,-0.4551786439939788
RF,Bank,feature_noise,imbalance,0.2,0.3,balanced_accuracy,0.08750534832351264,0.043658599864345504,0.04384674845916714,0.7307791409861191
RF,Bank,feature_noise,imbalance,0.2,0.3,macro_f1,0.1261950986758551,0.04149148211629101,0.0847036165595641,1.4117269426594017
RF,Bank,feature_noise,imbalance,0.2,0.3,mcc,0.23558914805766962,0.0736096210947654,0.1619795269629042,2.6996587827150704
XGB,Bank,feature_noise,imbalance,0.2,0.3,accuracy,-0.02072658109919101,0.007882316079358822,-0.028608897178549832,-0.47681495297583054
XGB,Bank,feature_noise,imbalance,0.2,0.3,balanced_accuracy,0.082810610863995,0.04502697948994965,0.03778363137404534,0.6297271895674224
XGB,Bank,feature_noise,imbalance,0.2,0.3,macro_f1,0.08732093675902264,0.04136097014317851,0.04595996661584413,0.7659994435974022
XGB,Bank,feature_noise,imbalance,0.2,0.3,mcc,0.14275715744303635,0.07084588700940903,0.07191127043362733,1.1985211738937889
XGB,Bank,feature_noise,imbalance,0.2,0.3,accuracy,-0.01968988168182384,0.007882316079358822,-0.02757219776118266,-0.4595366293530444
XGB,Bank,feature_noise,imbalance,0.2,0.3,balanced_accuracy,0.09109058425137206,0.04502697948994965,0.04606360476142241,0.7677267460237069
XGB,Bank,feature_noise,imbalance,0.2,0.3,macro_f1,0.09547139509845559,0.04136097014317851,0.054110424955277084,0.9018404159212847
XGB,Bank,feature_noise,imbalance,0.2,0.3,mcc,0.15715491265033182,0.07084588700940903,0.0863090256409228,1.4384837606820466
SVM,Bank,feature_noise,imbalance,0.2,0.3,accuracy,-0.02605244555285624,0.002570209433652898,-0.02862265498650914,-0.47704424977515236
SVM,Bank,feature_noise,imbalance,0.2,0.3,balanced_accuracy,0.053389464531266695,0.033110646893565715,0.02027881763770098,0.337980293961683
SVM,Bank,feature_noise,imbalance,0.2,0.3,macro_f1,0.071621004055894,0.030294547443398594,0.041326456612495406,0.6887742768749234
SVM,Bank,feature_noise,imbalance,0.2,0.3,mcc,0.11278340813001966,0.05592936175171133,0.056854046378308334,0.9475674396384722
SVM,Bank,feature_noise,imbalance,0.2,0.3,accuracy,-0.02584497667318819,0.002570209433652898,-0.02841518610684109,-0.4735864351140182
SVM,Bank,feature_noise,imbalance,0.2,0.3,balanced_accuracy,0.06236786581647502,0.033110646893565715,0.029257218922909306,0.48762031538182177
SVM,Bank,feature_noise,imbalance,0.2,0.3,macro_f1,0.08775938071153433,0.030294547443398594,0.057464833268135736,0.9577472211355956
SVM,Bank,feature_noise,imbalance,0.2,0.3,mcc,0.13871762424437373,0.05592936175171133,0.0827882624926624,1.3798043748777067
MLP,Bank,feature_noise,imbalance,0.2,0.3,accuracy,-0.026911551609227535,0.02572166938045726,-0.052633220989684794,-0.87722034982808
MLP,Bank,feature_noise,imbalance,0.2,0.3,balanced_accuracy,0.044466212852350195,0.062452623407666795,-0.0179864105553166,-0.2997735092552767
MLP,Bank,feature_noise,imbalance,0.2,0.3,macro_f1,0.0496831927649547,0.06486650582339507,-0.015183313058440367,-0.2530552176406728
MLP,Bank,feature_noise,imbalance,0.2,0.3,mcc,0.07969866430335881,0.11048615890501702,-0.030787494601658208,-0.5131249100276368
MLP,Bank,feature_noise,imbalance,0.2,0.3,accuracy,-0.022557500053748347,0.02572166938045726,-0.048279169434205606,-0.8046528239034267
MLP,Bank,feature_noise,imbalance,0.2,0.3,balanced_accuracy,0.10020098757772422,0.062452623407666795,0.037748364170057426,0.6291394028342905
MLP,Bank,feature_noise,imbalance,0.2,0.3,macro_f1,0.13298994875676062,0.06486650582339507,0.06812344293336556,1.1353907155560927
MLP,Bank,feature_noise,imbalance,0.2,0.3,mcc,0.25487583418744664,0.11048615890501702,0.14438967528242963,2.406494588040494
GB,Bank,feature_noise,imbalance,0.2,0.3,accuracy,-0.018743207275385476,0.007782598007355851,-0.026525805282741326,-0.44209675471235543
GB,Bank,feature_noise,imbalance,0.2,0.3,balanced_accuracy,0.06940770230460769,0.04372356779892922,0.02568413450567847,0.4280689084279745
GB,Bank,feature_noise,imbalance,0.2,0.3,macro_f1,0.07038599937855183,0.04063910815805773,0.029746891220494107,0.49578152034156847
GB,Bank,feature_noise,imbalance,0.2,0.3,mcc,0.12670992950354548,0.07113265881923747,0.05557727068430801,0.9262878447384669
GB,Bank,feature_noise,imbalance,0.2,0.3,accuracy,-0.02102364500247267,0.007782598007355851,-0.02880624300982852,-0.48010405016380864
GB,Bank,feature_noise,imbalance,0.2,0.3,balanced_accuracy,0.05590273392159051,0.04372356779892922,0.012179166122661289,0.20298610204435483
GB,Bank,feature_noise,imbalance,0.2,0.3,macro_f1,0.05372233238223045,0.04063910815805773,0.013083224224172726,0.21805373706954545
GB,Bank,feature_noise,imbalance,0.2,0.3,mcc,0.09456782947553355,0.07113265881923747,0.023435170656296078,0.39058617760493464
LR,Wine,feature_noise,imbalance,0.2,0.3,accuracy,0.005821930304688805,0.00621900198868555,-0.00039707168399674524,-0.0066178613999457545
LR,Wine,feature_noise,imbalance,0.2,0.3,balanced_accuracy,7.05467372134061e-05,0.036438899161292976,-0.03636835242407957,-0.6061392070679928
LR,Wine,feature_noise,imbalance,0.2,0.3,macro_f1,0.004321679762126607,0.034431826707570216,-0.03011014694544361,-0.5018357824240601
LR,Wine,feature_noise,imbalance,0.2,0.3,mcc,0.008495608474980765,0.06389586205986394,-0.05540025358488318,-0.923337559748053
LR,Wine,feature_noise,imbalance,0.2,0.3,accuracy,0.019615033752964695,0.00621900198868555,0.013396031764279144,0.2232671960713191
LR,Wine,feature_noise,imbalance,0.2,0.3,balanced_accuracy,0.02276895943562618,0.036438899161292976,-0.013669939725666796,-0.22783232876111328
LR,Wine,feature_noise,imbalance,0.2,0.3,macro_f1,0.018813277372003667,0.034431826707570216,-0.01561854933556655,-0.26030915559277584
LR,Wine,feature_noise,imbalance,0.2,0.3,mcc,0.03388241208769516,0.06389586205986394,-0.030013449972168788,-0.5002241662028132
RF,Wine,feature_noise,imbalance,0.2,0.3,accuracy,0.00386425834701698,0.009272044147202823,-0.005407785800185843,-0.09012976333643072
RF,Wine,feature_noise,imbalance,0.2,0.3,balanced_accuracy,0.003306878306878369,0.043658599864345504,-0.040351721557467135,-0.6725286926244523
RF,Wine,feature_noise,imbalance,0.2,0.3,macro_f1,0.003778326315626246,0.04149148211629101,-0.03771315580066476,-0.6285525966777461
RF,Wine,feature_noise,imbalance,0.2,0.3,mcc,0.006544688696156542,0.0736096210947654,-0.06706493239860886,-1.1177488733101477
RF,Wine,feature_noise,imbalance,0.2,0.3,accuracy,0.010760810071155036,0.009272044147202823,0.0014887659239522129,0.02481276539920355
RF,Wine,feature_noise,imbalance,0.2,0.3,balanced_accuracy,0.016084656084656146,0.043658599864345504,-0.02757394377968936,-0.45956572966148934
RF,Wine,feature_noise,imbalance,0.2,0.3,macro_f1,0.010525618414507387,0.04149148211629101,-0.03096586370178362,-0.5160977283630603
RF,Wine,feature_noise,imbalance,0.2,0.3,mcc,0.018790123832889694,0.0736096210947654,-0.05481949726187571,-0.9136582876979286
XGB,Wine,feature_noise,imbalance,0.2,0.3,accuracy,-0.008533114395183339,0.007882316079358822,-0.01641543047454216,-0.273590507909036
XGB,Wine,feature_noise,imbalance,0.2,0.3,balanced_accuracy,-0.005335898669232009,0.04502697948994965,-0.05036287815918166,-0.8393813026530277
XGB,Wine,feature_noise,imbalance,0.2,0.3,macro_f1,-0.008800316298965272,0.04136097014317851,-0.05016128644214378,-0.8360214407023964
XGB,Wine,feature_noise,imbalance,0.2,0.3,mcc,-0.010874320566090612,0.07084588700940903,-0.08172020757549964,-1.3620034595916606
XGB,Wine,feature_noise,imbalance,0.2,0.3,accuracy,-0.008533114395183339,0.007882316079358822,-0.01641543047454216,-0.273590507909036
XGB,Wine,feature_noise,imbalance,0.2,0.3,balanced_accuracy,-0.006843835177168467,0.04502697948994965,-0.05187081466711812,-0.864513577785302
XGB,Wine,feature_noise,imbalance,0.2,0.3,macro_f1,-0.009687041949044461,0.04136097014317851,-0.05104801209222297,-0.8508002015370495
XGB,Wine,feature_noise,imbalance,0.2,0.3,mcc,-0.009395820811805677,0.07084588700940903,-0.0802417078212147,-1.3373617970202452
SVM,Wine,feature_noise,imbalance,0.2,0.3,accuracy,0.00386425834701698,0.002570209433652898,0.0012940489133640822,0.02156748188940137
SVM,Wine,feature_noise,imbalance,0.2,0.3,balanced_accuracy,0.0046023729357063115,0.033110646893565715,-0.028508273957859404,-0.47513789929765676
SVM,Wine,feature_noise,imbalance,0.2,0.3,macro_f1,0.003762753984773104,0.030294547443398594,-0.02653179345862549,-0.4421965576437582
SVM,Wine,feature_noise,imbalance,0.2,0.3,mcc,0.006658129774056554,0.05592936175171133,-0.049271231977654775,-0.8211871996275796
SVM,Wine,feature_noise,imbalance,0.2,0.3,accuracy,0.003864258347016869,0.002570209433652898,0.0012940489133639712,0.02156748188939952
SVM,Wine,feature_noise,imbalance,0.2,0.3,balanced_accuracy,0.012142055475388713,0.033110646893565715,-0.020968591418177,-0.3494765236362834
SVM,Wine,feature_noise,imbalance,0.2,0.3,macro_f1,0.005897334821615585,0.030294547443398594,-0.02439721262178301,-0.4066202103630502
SVM,Wine,feature_noise,imbalance,0.2,0.3,mcc,0.007389330403625327,0.05592936175171133,-0.048540031348086,-0.8090005224681001
MLP,Wine,feature_noise,imbalance,0.2,0.3,accuracy,0.09878124429848578,0.02572166938045726,0.07305957491802853,1.2176595819671423
MLP,Wine,feature_noise,imbalance,0.2,0.3,balanced_accuracy,0.09491101491101506,0.062452623407666795,0.03245839150334826,0.540973191722471
MLP,Wine,feature_noise,imbalance,0.2,0.3,macro_f1,0.0951457609414309,0.06486650582339507,0.030279255118035836,0.504654251967264
MLP,Wine,feature_noise,imbalance,0.2,0.3,mcc,0.14655471568956446,0.11048615890501702,0.03606855678454744,0.6011426130757908
MLP,Wine,feature_noise,imbalance,0.2,0.3,accuracy,0.09878124429848578,0.02572166938045726,0.07305957491802853,1.2176595819671423
MLP,Wine,feature_noise,imbalance,0.2,0.3,balanced_accuracy,0.08001683501683499,0.062452623407666795,0.01756421160916819,0.2927368601528032
MLP,Wine,feature_noise,imbalance,0.2,0.3,macro_f1,0.09288950582157651,0.06486650582339507,0.028022999998181447,0.4670499999696908
MLP,Wine,feature_noise,imbalance,0.2,0.3,mcc,0.1555105120371253,0.11048615890501702,0.04502435313210827,0.7504058855351379
GB,Wine,feature_noise,imbalance,0.2,0.3,accuracy,-0.027827038861521602,0.007782598007355851,-0.035609636868877456,-0.5934939478146243
GB,Wine,feature_noise,imbalance,0.2,0.3,balanced_accuracy,-0.0195270161936828,0.04372356779892922,-0.06325058399261202,-1.054176399876867
GB,Wine,feature_noise,imbalance,0.2,0.3,macro_f1,-0.02264383923470803,0.04063910815805773,-0.06328294739276576,-1.0547157898794293
GB,Wine,feature_noise,imbalance,0.2,0.3,mcc,-0.03695142289676523,0.07113265881923747,-0.1080840817160027,-1.8014013619333784
GB,Wine,feature_noise,imbalance,0.2,0.3,accuracy,0.027345374931581956,0.007782598007355851,0.019562776924226106,0.3260462820704351
GB,Wine,feature_noise,imbalance,0.2,0.3,balanced_accuracy,0.04634599967933295,0.04372356779892922,0.0026224318804037305,0.04370719800672884
GB,Wine,feature_noise,imbalance,0.2,0.3,macro_f1,0.04049964238729753,0.04063910815805773,-0.00013946577076019706,-0.002324429512669951
GB,Wine,feature_noise,imbalance,0.2,0.3,mcc,0.04626558997450647,0.07113265881923747,-0.024867068844731,-0.41445114741218336
LR,BreastCancer,feature_noise,imbalance,0.2,0.3,accuracy,0.005126041248745383,0.00621900198868555,-0.0010929607399401669,-0.018216012332336117
LR,BreastCancer,feature_noise,imbalance,0.2,0.3,balanced_accuracy,0.01364372310072981,0.036438899161292976,-0.022795176060563166,-0.3799196010093861
LR,BreastCancer,feature_noise,imbalance,0.2,0.3,macro_f1,0.00982239712728794,0.034431826707570216,-0.024609429580282276,-0.4101571596713713
LR,BreastCancer,feature_noise,imbalance,0.2,0.3,mcc,0.01984603287648168,0.06389586205986394,-0.044049829183382266,-0.7341638197230378
LR,BreastCancer,feature_noise,imbalance,0.2,0.3,accuracy,0.0011656452091414193,0.00621900198868555,-0.005053356779544131,-0.08422261299240218
LR,BreastCancer,feature_noise,imbalance,0.2,0.3,balanced_accuracy,0.00487854583021019,0.036438899161292976,-0.031560353331082786,-0.5260058888513798
LR,BreastCancer,feature_noise,imbalance,0.2,0.3,macro_f1,0.004679965424315702,0.034431826707570216,-0.029751861283254515,-0.4958643547209086
LR,BreastCancer,feature_noise,imbalance,0.2,0.3,mcc,0.009820590497781945,0.06389586205986394,-0.054075271562082,-0.9012545260347
RF,BreastCancer,feature_noise,imbalance,0.2,0.3,accuracy,0.00689631142900049,0.009272044147202823,-0.002375732718202333,-0.03959554530337222
RF,BreastCancer,feature_noise,imbalance,0.2,0.3,balanced_accuracy,0.01721109199973969,0.043658599864345504,-0.026447507864605813,-0.44079179774343025
RF,BreastCancer,feature_noise,imbalance,0.2,0.3,macro_f1,0.014213316332008508,0.04149148211629101,-0.0272781657842825,-0.45463609640470837
RF,BreastCancer,feature_noise,imbalance,0.2,0.3,mcc,0.02860248031501611,0.0736096210947654,-0.045007140779749294,-0.7501190129958216
RF,BreastCancer,feature_noise,imbalance,0.2,0.3,accuracy,-0.006965074709613384,0.009272044147202823,-0.016237118856816207,-0.27061864761360344
RF,BreastCancer,feature_noise,imbalance,0.2,0.3,balanced_accuracy,-0.0004625359750053404,0.043658599864345504,-0.044121135839350845,-0.7353522639891807
RF,BreastCancer,feature_noise,imbalance,0.2,0.3,macro_f1,-0.0028762351675206688,0.04149148211629101,-0.044367717283811677,-0.7394619547301946
RF,BreastCancer,feature_noise,imbalance,0.2,0.3,mcc,-0.004755201584255797,0.0736096210947654,-0.0783648226790212,-1.3060803779836867
XGB,BreastCancer,feature_noise,imbalance,0.2,0.3,accuracy,0.008783868605770628,0.007882316079358822,0.0009015525264118064,0.015025875440196774
XGB,BreastCancer,feature_noise,imbalance,0.2,0.3,balanced_accuracy,0.019536647548721642,0.04502697948994965,-0.02549033194122801,-0.4248388656871335
XGB,BreastCancer,feature_noise,imbalance,0.2,0.3,macro_f1,0.015591722986001422,0.04136097014317851,-0.025769247157177086,-0.4294874526196181
XGB,BreastCancer,feature_noise,imbalance,0.2,0.3,mcc,0.03143721204191796,0.07084588700940903,-0.039408674967491064,-0.6568112494581845
XGB,BreastCancer,feature_noise,imbalance,0.2,0.3,accuracy,0.0028432745463646825,0.007882316079358822,-0.0050390415329941395,-0.08398402554990232
XGB,BreastCancer,feature_noise,imbalance,0.2,0.3,balanced_accuracy,0.00928720067591382,0.04502697948994965,-0.03573977881403583,-0.5956629802339305
XGB,BreastCancer,feature_noise,imbalance,0.2,0.3,macro_f1,0.007900694220481563,0.04136097014317851,-0.033460275922696944,-0.5576712653782824
XGB,BreastCancer,feature_noise,imbalance,0.2,0.3,mcc,0.016242047685991245,0.07084588700940903,-0.05460383932341778,-0.9100639887236297
SVM,BreastCancer,feature_noise,imbalance,0.2,0.3,accuracy,0.007095888908872361,0.002570209433652898,0.004525679475219463,0.07542799125365772
SVM,BreastCancer,feature_noise,imbalance,0.2,0.3,balanced_accuracy,0.01837982721240572,0.033110646893565715,-0.014730819681159996,-0.2455136613526666
SVM,BreastCancer,feature_noise,imbalance,0.2,0.3,macro_f1,0.012647235142434599,0.030294547443398594,-0.017647312300963995,-0.29412187168273324
SVM,BreastCancer,feature_noise,imbalance,0.2,0.3,mcc,0.024943696920596392,0.05592936175171133,-0.030985664831114937,-0.516427747185249
SVM,BreastCancer,feature_noise,imbalance,0.2,0.3,accuracy,0.005115690889070379,0.002570209433652898,0.002545481455417481,0.042424690923624685
SVM,BreastCancer,feature_noise,imbalance,0.2,0.3,balanced_accuracy,0.014797047006264608,0.033110646893565715,-0.018313599887301107,-0.3052266647883518
SVM,BreastCancer,feature_noise,imbalance,0.2,0.3,macro_f1,0.009926760696986947,0.030294547443398594,-0.020367786746411647,-0.3394631124401941
SVM,BreastCancer,feature_noise,imbalance,0.2,0.3,mcc,0.01967970096223559,0.05592936175171133,-0.03624966078947574,-0.604161013157929
MLP,BreastCancer,feature_noise,imbalance,0.2,0.3,accuracy,0.017987951566465377,0.02572166938045726,-0.007733717813991882,-0.1288952968998647
MLP,BreastCancer,feature_noise,imbalance,0.2,0.3,balanced_accuracy,0.030196970680299695,0.062452623407666795,-0.0322556527273671,-0.537594212122785
MLP,BreastCancer,feature_noise,imbalance,0.2,0.3,macro_f1,0.029008325179673333,0.06486650582339507,-0.03585818064372173,-0.5976363440620289
MLP,BreastCancer,feature_noise,imbalance,0.2,0.3,mcc,0.05685592459583444,0.11048615890501702,-0.05363023430918258,-0.8938372384863764
MLP,BreastCancer,feature_noise,imbalance,0.2,0.3,accuracy,0.01996814958626736,0.02572166938045726,-0.0057535197941899,-0.09589199656983168
MLP,BreastCancer,feature_noise,imbalance,0.2,0.3,balanced_accuracy,0.040809188045795364,0.062452623407666795,-0.02164343536187143,-0.3607239226978572
MLP,BreastCancer,feature_noise,imbalance,0.2,0.3,macro_f1,0.03344124174203822,0.06486650582339507,-0.031425264081356846,-0.5237544013559474
MLP,BreastCancer,feature_noise,imbalance,0.2,0.3,mcc,0.06518324857837476,0.11048615890501702,-0.04530291032664226,-0.7550485054440377
GB,BreastCancer,feature_noise,imbalance,0.2,0.3,accuracy,0.001612452814913623,0.007782598007355851,-0.006170145192442228,-0.10283575320737047
GB,BreastCancer,feature_noise,imbalance,0.2,0.3,balanced_accuracy,0.010586375928803293,0.04372356779892922,-0.033137191870125926,-0.5522865311687655
GB,BreastCancer,feature_noise,imbalance,0.2,0.3,macro_f1,0.00841041510281948,0.04063910815805773,-0.03222869305523825,-0.5371448842539708
GB,BreastCancer,feature_noise,imbalance,0.2,0.3,mcc,0.015583954336932493,0.07113265881923747,-0.05554870448230498,-0.9258117413717497
GB,BreastCancer,feature_noise,imbalance,0.2,0.3,accuracy,-0.002347943224690341,0.007782598007355851,-0.010130541232046191,-0.1688423538674365
GB,BreastCancer,feature_noise,imbalance,0.2,0.3,balanced_accuracy,0.005768772993181903,0.04372356779892922,-0.037954794805747316,-0.632579913429122
GB,BreastCancer,feature_noise,imbalance,0.2,0.3,macro_f1,0.0035320555119598973,0.04063910815805773,-0.03710705264609783,-0.6184508774349639
GB,BreastCancer,feature_noise,imbalance,0.2,0.3,mcc,0.007028518561068231,0.07113265881923747,-0.06410414025816924,-1.068402337636154
LR,Digits,feature_noise,imbalance,0.2,0.3,accuracy,0.01384471998154313,0.00621900198868555,0.00762571799285758,0.12709529988095966
LR,Digits,feature_noise,imbalance,0.2,0.3,balanced_accuracy,0.020194328259200645,0.036438899161292976,-0.01624457090209233,-0.27074284836820556
LR,Digits,feature_noise,imbalance,0.2,0.3,macro_f1,0.01849546041657757,0.034431826707570216,-0.015936366290992647,-0.26560610484987746
LR,Digits,feature_noise,imbalance,0.2,0.3,mcc,0.035929331592476466,0.06389586205986394,-0.02796653046738748,-0.4661088411231247
LR,Digits,feature_noise,imbalance,0.2,0.3,accuracy,0.01974421639212931,0.00621900198868555,0.01352521440344376,0.225420240057396
LR,Digits,feature_noise,imbalance,0.2,0.3,balanced_accuracy,0.026898458751176357,0.036438899161292976,-0.009540440410116618,-0.15900734016861032
LR,Digits,feature_noise,imbalance,0.2,0.3,macro_f1,0.02474927721443776,0.034431826707570216,-0.009682549493132457,-0.16137582488554095
LR,Digits,feature_noise,imbalance,0.2,0.3,mcc,0.04923513994720441,0.06389586205986394,-0.014660722112659536,-0.2443453685443256
RF,Digits,feature_noise,imbalance,0.2,0.3,accuracy,0.022227861102480873,0.009272044147202823,0.01295581695527805,0.2159302825879675
RF,Digits,feature_noise,imbalance,0.2,0.3,balanced_accuracy,0.02779498488669141,0.043658599864345504,-0.015863614977654095,-0.2643935829609016
RF,Digits,feature_noise,imbalance,0.2,0.3,macro_f1,0.02413057600098556,0.04149148211629101,-0.017360906115305448,-0.2893484352550908
RF,Digits,feature_noise,imbalance,0.2,0.3,mcc,0.04713655478319434,0.0736096210947654,-0.026473066311571064,-0.44121777185951777
RF,Digits,feature_noise,imbalance,0.2,0.3,accuracy,0.025515121361775805,0.009272044147202823,0.016243077214572983,0.27071795357621636
RF,Digits,feature_noise,imbalance,0.2,0.3,balanced_accuracy,0.03208980204007206,0.043658599864345504,-0.011568797824273447,-0.19281329707122413
RF,Digits,feature_noise,imbalance,0.2,0.3,macro_f1,0.02765455560630703,0.04149148211629101,-0.013836926509983978,-0.23061544183306631
RF,Digits,feature_noise,imbalance,0.2,0.3,mcc,0.05373688157039258,0.0736096210947654,-0.019872739524372823,-0.33121232540621376
XGB,Digits,feature_noise,imbalance,0.2,0.3,accuracy,0.010689732651613881,0.007882316079358822,0.0028074165722550594,0.04679027620425099
XGB,Digits,feature_noise,imbalance,0.2,0.3,balanced_accuracy,0.01520484132128297,0.04502697948994965,-0.029822138168666683,-0.49703563614444474
XGB,Digits,feature_noise,imbalance,0.2,0.3,macro_f1,0.01239459274748167,0.04136097014317851,-0.028966377395696838,-0.4827729565949473
XGB,Digits,feature_noise,imbalance,0.2,0.3,mcc,0.024085283517715772,0.07084588700940903,-0.04676060349169325,-0.779343391528221
XGB,Digits,feature_noise,imbalance,0.2,0.3,accuracy,0.013976992910908814,0.007882316079358822,0.006094676831549992,0.10157794719249988
XGB,Digits,feature_noise,imbalance,0.2,0.3,balanced_accuracy,0.01770293831330272,0.04502697948994965,-0.027324041176646933,-0.4554006862774489
XGB,Digits,feature_noise,imbalance,0.2,0.3,macro_f1,0.01566051758382725,0.04136097014317851,-0.02570045255935126,-0.42834087598918763
XGB,Digits,feature_noise,imbalance,0.2,0.3,mcc,0.030981754458235478,0.07084588700940903,-0.03986413255117355,-0.6644022091862258
SVM,Digits,feature_noise,imbalance,0.2,0.3,accuracy,0.004924266097446228,0.002570209433652898,0.0023540566637933304,0.03923427772988884
SVM,Digits,feature_noise,imbalance,0.2,0.3,balanced_accuracy,0.007809884000926859,0.033110646893565715,-0.025300762892638856,-0.42167938154398094
SVM,Digits,feature_noise,imbalance,0.2,0.3,macro_f1,0.005844341829410626,0.030294547443398594,-0.024450205613987967,-0.40750342689979946
SVM,Digits,feature_noise,imbalance,0.2,0.3,mcc,0.011379883852516093,0.05592936175171133,-0.044549477899195236,-0.7424912983199207
SVM,Digits,feature_noise,imbalance,0.2,0.3,accuracy,0.00885654939327818,0.002570209433652898,0.006286339959625281,0.10477233266042135
SVM,Digits,feature_noise,imbalance,0.2,0.3,balanced_accuracy,0.011619407810450677,0.033110646893565715,-0.021491239083115038,-0.35818731805191734
SVM,Digits,feature_noise,imbalance,0.2,0.3,macro_f1,0.009901181417140914,0.030294547443398594,-0.02039336602625768,-0.3398894337709613
SVM,Digits,feature_noise,imbalance,0.2,0.3,mcc,0.019567511717839325,0.05592936175171133,-0.036361850033872004,-0.6060308338978667
MLP,Digits,feature_noise,imbalance,0.2,0.3,accuracy,0.0022551660967599085,0.02572166938045726,-0.02346650328369735,-0.3911083880616225
MLP,Digits,feature_noise,imbalance,0.2,0.3,balanced_accuracy,0.004380809323431101,0.062452623407666795,-0.058071814084235694,-0.9678635680705949
MLP,Digits,feature_noise,imbalance,0.2,0.3,macro_f1,0.003576709389866317,0.06486650582339507,-0.06128979643352875,-1.0214966072254792
MLP,Digits,feature_noise,imbalance,0.2,0.3,mcc,0.006863817183689447,0.11048615890501702,-0.10362234172132757,-1.7270390286887929
MLP,Digits,feature_noise,imbalance,0.2,0.3,accuracy,0.012714825370305327,0.02572166938045726,-0.013006844010151931,-0.21678073350253219
MLP,Digits,feature_noise,imbalance,0.2,0.3,balanced_accuracy,0.014735733466200607,0.062452623407666795,-0.04771688994146619,-0.7952814990244365
MLP,Digits,feature_noise,imbalance,0.2,0.3,macro_f1,0.014394554313942542,0.06486650582339507,-0.05047195150945252,-0.8411991918242088
MLP,Digits,feature_noise,imbalance,0.2,0.3,mcc,0.028576291098887152,0.11048615890501702,-0.08190986780612987,-1.3651644634354978
GB,Digits,feature_noise,imbalance,0.2,0.3,accuracy,0.00903094380310654,0.007782598007355851,0.001248345795750688,0.02080576326251147
GB,Digits,feature_noise,imbalance,0.2,0.3,balanced_accuracy,0.012849708275338823,0.04372356779892922,-0.030873859523590397,-0.5145643253931733
GB,Digits,feature_noise,imbalance,0.2,0.3,macro_f1,0.010653578304760547,0.04063910815805773,-0.02998552985329718,-0.4997588308882863
GB,Digits,feature_noise,imbalance,0.2,0.3,mcc,0.0210261141720669,0.07113265881923747,-0.05010654464717057,-0.8351090774528429
GB,Digits,feature_noise,imbalance,0.2,0.3,accuracy,0.01165818049013101,0.007782598007355851,0.003875582482775158,0.06459304137958598
GB,Digits,feature_noise,imbalance,0.2,0.3,balanced_accuracy,0.015306324955159711,0.04372356779892922,-0.028417242843769508,-0.47362071406282513
GB,Digits,feature_noise,imbalance,0.2,0.3,macro_f1,0.013348030689960155,0.04063910815805773,-0.02729107746809757,-0.45485129113495953
GB,Digits,feature_noise,imbalance,0.2,0.3,mcc,0.026442966836155102,0.07113265881923747,-0.04468969198308237,-0.7448281997180395
LR,Spambase,feature_noise,imbalance,0.2,0.6,accuracy,0.0029448782242481597,-0.0013368449877243244,0.004281723211972484,0.03568102676643737
LR,Spambase,feature_noise,imbalance,0.2,0.6,balanced_accuracy,0.0626647722234529,0.05762016789404386,0.005044604329409043,0.04203836941174203
LR,Spambase,feature_noise,imbalance,0.2,0.6,macro_f1,0.04631834394950862,0.053623479646895046,-0.007305135697386424,-0.06087613081155353
LR,Spambase,feature_noise,imbalance,0.2,0.6,mcc,0.08958142626588161,0.09902204551254908,-0.009440619246667462,-0.07867182705556218
LR,Spambase,feature_noise,imbalance,0.2,0.6,accuracy,0.01006252218399728,-0.0013368449877243244,0.011399367171721604,0.09499472643101338
LR,Spambase,feature_noise,imbalance,0.2,0.6,balanced_accuracy,0.07633594131063393,0.05762016789404386,0.018715773416590066,0.15596477847158388
LR,Spambase,feature_noise,imbalance,0.2,0.6,macro_f1,0.05868916857385931,0.053623479646895046,0.005065688926964261,0.042214074391368844
LR,Spambase,feature_noise,imbalance,0.2,0.6,mcc,0.11362415434669493,0.09902204551254908,0.014602108834145852,0.12168424028454877
RF,Spambase,feature_noise,imbalance,0.2,0.6,accuracy,0.015103877169709512,0.00522907589200209,0.009874801277707422,0.08229001064756185
RF,Spambase,feature_noise,imbalance,0.2,0.6,balanced_accuracy,0.08274955547344398,0.06943706870283917,0.013312486770604814,0.11093738975504013
RF,Spambase,feature_noise,imbalance,0.2,0.6,macro_f1,0.05820275224912608,0.06441364817206628,-0.006210895922940204,-0.05175746602450171
RF,Spambase,feature_noise,imbalance,0.2,0.6,mcc,0.10864128824051633,0.11469441918885134,-0.0060531309483350115,-0.05044275790279176
RF,Spambase,feature_noise,imbalance,0.2,0.6,accuracy,0.01595776749728406,0.00522907589200209,0.010728691605281969,0.08940576337734975
RF,Spambase,feature_noise,imbalance,0.2,0.6,balanced_accuracy,0.08583940839644488,0.06943706870283917,0.016402339693605716,0.13668616411338097
RF,Spambase,feature_noise,imbalance,0.2,0.6,macro_f1,0.06012113168407651,0.06441364817206628,-0.00429251648798977,-0.035770970733248086
RF,Spambase,feature_noise,imbalance,0.2,0.6,mcc,0.11179549384373533,0.11469441918885134,-0.0028989253451160157,-0.02415771120930013
XGB,Spambase,feature_noise,imbalance,0.2,0.6,accuracy,0.014422863485319182,0.003138158654631502,0.01128470483068768,0.09403920692239734
XGB,Spambase,feature_noise,imbalance,0.2,0.6,balanced_accuracy,0.0681002737949139,0.07213970967991504,-0.004039435885001136,-0.0336619657083428
XGB,Spambase,feature_noise,imbalance,0.2,0.6,macro_f1,0.050611834050350746,0.06516043433781861,-0.014548600287467864,-0.12123833572889887
XGB,Spambase,feature_noise,imbalance,0.2,0.6,mcc,0.09797498252303494,0.10947527367247527,-0.011500291149440331,-0.09583575957866942
XGB,Spambase,feature_noise,imbalance,0.2,0.6,accuracy,0.02267321910409592,0.003138158654631502,0.019535060449464417,0.16279217041220348
XGB,Spambase,feature_noise,imbalance,0.2,0.6,balanced_accuracy,0.08248571480734712,0.07213970967991504,0.010346005127432084,0.08621670939526738
XGB,Spambase,feature_noise,imbalance,0.2,0.6,macro_f1,0.06445906965902848,0.06516043433781861,-0.0007013646787901312,-0.005844705656584427
XGB,Spambase,feature_noise,imbalance,0.2,0.6,mcc,0.12504210999603615,0.10947527367247527,0.015566836323560887,0.12972363602967407
SVM,Spambase,feature_noise,imbalance,0.2,0.6,accuracy,-0.0019008595319914834,-0.0033680123559558343,0.001467152823964351,0.012226273533036259
SVM,Spambase,feature_noise,imbalance,0.2,0.6,balanced_accuracy,0.04849772712446054,0.05635519951898034,-0.007857472394519796,-0.06547893662099831
SVM,Spambase,feature_noise,imbalance,0.2,0.6,macro_f1,0.033648491562139116,0.050871718422858904,-0.01722322686071979,-0.14352689050599823
SVM,Spambase,feature_noise,imbalance,0.2,0.6,mcc,0.06481030854910641,0.09425674506193828,-0.029446436512831867,-0.24538697094026557
SVM,Spambase,feature_noise,imbalance,0.2,0.6,accuracy,0.0012293962298434158,-0.0033680123559558343,0.00459740858579925,0.03831173821499375
SVM,Spambase,feature_noise,imbalance,0.2,0.6,balanced_accuracy,0.05863518730307937,0.05635519951898034,0.002279987784099033,0.018999898200825274
SVM,Spambase,feature_noise,imbalance,0.2,0.6,macro_f1,0.039909644232341,0.050871718422858904,-0.010962074190517902,-0.09135061825431585
SVM,Spambase,feature_noise,imbalance,0.2,0.6,mcc,0.07597845665175806,0.09425674506193828,-0.018278288410180213,-0.1523190700848351
MLP,Spambase,feature_noise,imbalance,0.2,0.6,accuracy,0.005928687428922275,0.0389577806557921,-0.033029093226869824,-0.27524244355724853
MLP,Spambase,feature_noise,imbalance,0.2,0.6,balanced_accuracy,0.05777091913241472,0.11129071072815008,-0.05351979159573536,-0.4459982632977947
MLP,Spambase,feature_noise,imbalance,0.2,0.6,macro_f1,0.04367008062676214,0.11627347080769104,-0.0726033901809289,-0.6050282515077409
MLP,Spambase,feature_noise,imbalance,0.2,0.6,mcc,0.08464864891404433,0.19594277600230772,-0.11129412708826339,-0.9274510590688616
MLP,Spambase,feature_noise,imbalance,0.2,0.6,accuracy,0.007065856987144459,0.0389577806557921,-0.03189192366864764,-0.26576603057206366
MLP,Spambase,feature_noise,imbalance,0.2,0.6,balanced_accuracy,0.06461180246866605,0.11129071072815008,-0.04667890825948404,-0.388990902162367
MLP,Spambase,feature_noise,imbalance,0.2,0.6,macro_f1,0.04692361100451414,0.11627347080769104,-0.0693498598031769,-0.5779154983598075
MLP,Spambase,feature_noise,imbalance,0.2,0.6,mcc,0.09010014126411037,0.19594277600230772,-0.10584263473819736,-0.8820219561516447
GB,Spambase,feature_noise,imbalance,0.2,0.6,accuracy,0.015441445678887944,0.0026367507020065312,0.012804694976881413,0.10670579147401178
GB,Spambase,feature_noise,imbalance,0.2,0.6,balanced_accuracy,0.07191114667659448,0.07078171022994365,0.0011294364466508389,0.00941197038875699
GB,Spambase,feature_noise,imbalance,0.2,0.6,macro_f1,0.0541333411428937,0.06492463460809093,-0.010791293465197235,-0.0899274455433103
GB,Spambase,feature_noise,imbalance,0.2,0.6,mcc,0.10466093157909329,0.11223994565935283,-0.007579014080259544,-0.06315845066882954
GB,Spambase,feature_noise,imbalance,0.2,0.6,accuracy,0.017716190058895576,0.0026367507020065312,0.015079439356889044,0.12566199464074204
GB,Spambase,feature_noise,imbalance,0.2,0.6,balanced_accuracy,0.07946855414687148,0.07078171022994365,0.008686843916927839,0.07239036597439866
GB,Spambase,feature_noise,imbalance,0.2,0.6,macro_f1,0.05881417546780199,0.06492463460809093,-0.006110459140288946,-0.05092049283574122
GB,Spambase,feature_noise,imbalance,0.2,0.6,mcc,0.11275082595194352,0.11223994565935283,0.000510880292590693,0.004257335771589109
LR,Bank,feature_noise,imbalance,0.2,0.6,accuracy,-0.04901684549232055,-0.0013368449877243244,-0.047680000504596226,-0.3973333375383019
LR,Bank,feature_noise,imbalance,0.2,0.6,balanced_accuracy,0.10139120859140172,0.05762016789404386,0.043771040697357856,0.36475867247798216
LR,Bank,feature_noise,imbalance,0.2,0.6,macro_f1,0.1205041654639315,0.053623479646895046,0.06688068581703646,0.5573390484753039
LR,Bank,feature_noise,imbalance,0.2,0.6,mcc,0.2326745634214517,0.09902204551254908,0.13365251790890265,1.1137709825741888
LR,Bank,feature_noise,imbalance,0.2,0.6,accuracy,-0.052459094644490056,-0.0013368449877243244,-0.051122249656765734,-0.42601874713971444
LR,Bank,feature_noise,imbalance,0.2,0.6,balanced_accuracy,0.07732819491860388,0.05762016789404386,0.019708027024560017,0.16423355853800015
LR,Bank,feature_noise,imbalance,0.2,0.6,macro_f1,0.08545520097292336,0.053623479646895046,0.031831721326028316,0.26526434438356933
LR,Bank,feature_noise,imbalance,0.2,0.6,mcc,0.15568862470833317,0.09902204551254908,0.05666657919578409,0.4722214932982008
RF,Bank,feature_noise,imbalance,0.2,0.6,accuracy,-0.054163545030498694,0.00522907589200209,-0.059392620922500784,-0.4949385076875066
RF,Bank,feature_noise,imbalance,0.2,0.6,balanced_accuracy,0.09920962327410376,0.06943706870283917,0.029772554571264598,0.248104621427205
RF,Bank,feature_noise,imbalance,0.2,0.6,macro_f1,0.14190778792135922,0.06441364817206628,0.07749413974929294,0.6457844979107745
RF,Bank,feature_noise,imbalance,0.2,0.6,mcc,0.28594216904289826,0.11469441918885134,0.17124774985404692,1.4270645821170578
RF,Bank,feature_noise,imbalance,0.2,0.6,accuracy,-0.054163545030498694,0.00522907589200209,-0.059392620922500784,-0.4949385076875066
RF,Bank,feature_noise,imbalance,0.2,0.6,balanced_accuracy,0.09110573263972399,0.06943706870283917,0.021668663936884824,0.1805721994740402
RF,Bank,feature_noise,imbalance,0.2,0.6,macro_f1,0.12599776026192167,0.06441364817206628,0.06158411208985538,0.5132009340821282
RF,Bank,feature_noise,imbalance,0.2,0.6,mcc,0.2372684987601661,0.11469441918885134,0.12257407957131475,1.0214506630942897
XGB,Bank,feature_noise,imbalance,0.2,0.6,accuracy,-0.053718152250657014,0.003138158654631502,-0.05685631090528852,-0.47380259087740434
XGB,Bank,feature_noise,imbalance,0.2,0.6,balanced_accuracy,0.13424864664358105,0.07213970967991504,0.06210893696366601,0.5175744746972167
XGB,Bank,feature_noise,imbalance,0.2,0.6,macro_f1,0.1541921733481304,0.06516043433781861,0.08903173901031179,0.7419311584192649
XGB,Bank,feature_noise,imbalance,0.2,0.6,mcc,0.2684688562824554,0.10947527367247527,0.15899358260998014,1.3249465217498346
XGB,Bank,feature_noise,imbalance,0.2,0.6,accuracy,-0.05479434702593855,0.003138158654631502,-0.057932505680570054,-0.48277088067141716
XGB,Bank,feature_noise,imbalance,0.2,0.6,balanced_accuracy,0.12347158836421024,0.07213970967991504,0.0513318786842952,0.42776565570246
XGB,Bank,feature_noise,imbalance,0.2,0.6,macro_f1,0.13451985503009978,0.06516043433781861,0.06935942069228117,0.5779951724356764
XGB,Bank,feature_noise,imbalance,0.2,0.6,mcc,0.20487969944934292,0.10947527367247527,0.09540442577686765,0.7950368814738972
SVM,Bank,feature_noise,imbalance,0.2,0.6,accuracy,-0.05925171707350951,-0.0033680123559558343,-0.055883704717553676,-0.46569753931294733
SVM,Bank,feature_noise,imbalance,0.2,0.6,balanced_accuracy,0.08846847544469288,0.05635519951898034,0.032113275925712545,0.2676106327142712
SVM,Bank,feature_noise,imbalance,0.2,0.6,macro_f1,0.12909221238936924,0.050871718422858904,0.07822049396651035,0.6518374497209196
SVM,Bank,feature_noise,imbalance,0.2,0.6,mcc,0.29758785713595975,0.09425674506193828,0.2033311120740215,1.6944259339501793
SVM,Bank,feature_noise,imbalance,0.2,0.6,accuracy,-0.0594667708369504,-0.0033680123559558343,-0.05609875848099456,-0.467489654008288
SVM,Bank,feature_noise,imbalance,0.2,0.6,balanced_accuracy,0.08428015310987225,0.05635519951898034,0.027924953590891907,0.2327079465907659
SVM,Bank,feature_noise,imbalance,0.2,0.6,macro_f1,0.12070792721345025,0.050871718422858904,0.06983620879059135,0.5819684065882613
SVM,Bank,feature_noise,imbalance,0.2,0.6,mcc,0.24985588353393592,0.09425674506193828,0.15559913847199763,1.296659487266647
MLP,Bank,feature_noise,imbalance,0.2,0.6,accuracy,-0.058236431820549384,0.0389577806557921,-0.09719421247634148,-0.8099517706361791
MLP,Bank,feature_noise,imbalance,0.2,0.6,balanced_accuracy,0.11325221201384472,0.11129071072815008,0.001961501285694639,0.016345844047455326
MLP,Bank,feature_noise,imbalance,0.2,0.6,macro_f1,0.1483959799241572,0.11627347080769104,0.032122509116466164,0.2676875759705514
MLP,Bank,feature_noise,imbalance,0.2,0.6,mcc,0.3052399036799345,0.19594277600230772,0.10929712767762675,0.9108093973135564
MLP,Bank,feature_noise,imbalance,0.2,0.6,accuracy,-0.058236663310068715,0.0389577806557921,-0.09719444396586081,-0.8099536997155068
MLP,Bank,feature_noise,imbalance,0.2,0.6,balanced_accuracy,0.10533333525550581,0.11129071072815008,-0.005957375472644272,-0.049644795605368934
MLP,Bank,feature_noise,imbalance,0.2,0.6,macro_f1,0.13482925282481062,0.11627347080769104,0.018555782017119576,0.15463151680932982
MLP,Bank,feature_noise,imbalance,0.2,0.6,mcc,0.27335280745307505,0.19594277600230772,0.07741003145076733,0.6450835954230612
GB,Bank,feature_noise,imbalance,0.2,0.6,accuracy,-0.046877127678044306,0.0026367507020065312,-0.049513878380050835,-0.4126156531670903
GB,Bank,feature_noise,imbalance,0.2,0.6,balanced_accuracy,0.12184557013848718,0.07078171022994365,0.051063859908543535,0.42553216590452947
GB,Bank,feature_noise,imbalance,0.2,0.6,macro_f1,0.13464702978678034,0.06492463460809093,0.0697223951786894,0.5810199598224117
GB,Bank,feature_noise,imbalance,0.2,0.6,mcc,0.25786126810585186,0.11223994565935283,0.14562132244649903,1.213511020387492
GB,Bank,feature_noise,imbalance,0.2,0.6,accuracy,-0.04924364503397116,0.0026367507020065312,-0.05188039573597769,-0.43233663113314746
GB,Bank,feature_noise,imbalance,0.2,0.6,balanced_accuracy,0.10842085433802973,0.07078171022994365,0.03763914410808608,0.3136595342340507
GB,Bank,feature_noise,imbalance,0.2,0.6,macro_f1,0.12001769065801438,0.06492463460809093,0.05509305604992344,0.4591088004160287
GB,Bank,feature_noise,imbalance,0.2,0.6,mcc,0.22966251015165884,0.11223994565935283,0.11742256449230601,0.9785213707692167
LR,Wine,feature_noise,imbalance,0.2,0.6,accuracy,0.029005792918836315,-0.0013368449877243244,0.030342637906560638,0.2528553158880053
LR,Wine,feature_noise,imbalance,0.2,0.6,balanced_accuracy,0.02149911816578498,0.05762016789404386,-0.03612104972825888,-0.3010087477354907
LR,Wine,feature_noise,imbalance,0.2,0.6,macro_f1,0.03241691785736478,0.053623479646895046,-0.021206561789530266,-0.17672134824608557
LR,Wine,feature_noise,imbalance,0.2,0.6,mcc,0.05263795070197319,0.09902204551254908,-0.046384094810575885,-0.3865341234214657
LR,Wine,feature_noise,imbalance,0.2,0.6,accuracy,0.011614488571010106,-0.0013368449877243244,0.012951333558734431,0.10792777965612026
LR,Wine,feature_noise,imbalance,0.2,0.6,balanced_accuracy,0.032451499118165805,0.05762016789404386,-0.025168668775878054,-0.20973890646565047
LR,Wine,feature_noise,imbalance,0.2,0.6,macro_f1,0.018224065158764846,0.053623479646895046,-0.0353994144881302,-0.29499512073441836
LR,Wine,feature_noise,imbalance,0.2,0.6,mcc,0.026080255240204187,0.09902204551254908,-0.07294179027234489,-0.6078482522695408
RF,Wine,feature_noise,imbalance,0.2,0.6,accuracy,0.017957211870255452,0.00522907589200209,0.012728135978253362,0.10606779981877802
RF,Wine,feature_noise,imbalance,0.2,0.6,balanced_accuracy,0.04243386243386238,0.06943706870283917,-0.027003206268976787,-0.2250267189081399
RF,Wine,feature_noise,imbalance,0.2,0.6,macro_f1,0.02912002082611398,0.06441364817206628,-0.0352936273459523,-0.2941135612162692
RF,Wine,feature_noise,imbalance,0.2,0.6,mcc,0.03785544611078662,0.11469441918885134,-0.07683897307806473,-0.6403247756505394
RF,Wine,feature_noise,imbalance,0.2,0.6,accuracy,0.04602045297697477,0.00522907589200209,0.04079137708497268,0.3399281423747723
RF,Wine,feature_noise,imbalance,0.2,0.6,balanced_accuracy,0.08275132275132291,0.06943706870283917,0.013314254048483742,0.11095211707069785
RF,Wine,feature_noise,imbalance,0.2,0.6,macro_f1,0.07212474406535707,0.06441364817206628,0.00771109589329079,0.06425913244408991
RF,Wine,feature_noise,imbalance,0.2,0.6,mcc,0.09234593913873346,0.11469441918885134,-0.022348480050117886,-0.1862373337509824
XGB,Wine,feature_noise,imbalance,0.2,0.6,accuracy,0.009948553861597209,0.003138158654631502,0.006810395206965707,0.056753293391380896
XGB,Wine,feature_noise,imbalance,0.2,0.6,balanced_accuracy,0.049267275933942756,0.07213970967991504,-0.02287243374597228,-0.190603614549769
XGB,Wine,feature_noise,imbalance,0.2,0.6,macro_f1,0.027240908566225186,0.06516043433781861,-0.037919525771593424,-0.31599604809661186
XGB,Wine,feature_noise,imbalance,0.2,0.6,mcc,0.03497934017663551,0.10947527367247527,-0.07449593349583976,-0.6207994457986646
XGB,Wine,feature_noise,imbalance,0.2,0.6,accuracy,0.0012529016876843269,0.003138158654631502,-0.0018852569669471752,-0.015710474724559793
XGB,Wine,feature_noise,imbalance,0.2,0.6,balanced_accuracy,0.03815616482283146,0.07213970967991504,-0.033983544857083575,-0.28319620714236315
XGB,Wine,feature_noise,imbalance,0.2,0.6,macro_f1,0.025893296188764903,0.06516043433781861,-0.03926713814905371,-0.32722615124211424
XGB,Wine,feature_noise,imbalance,0.2,0.6,mcc,0.019196286323146183,0.10947527367247527,-0.09027898734932908,-0.7523248945777424
SVM,Wine,feature_noise,imbalance,0.2,0.6,accuracy,0.009261559696342236,-0.0033680123559558343,0.01262957205229807,0.10524643376915059
SVM,Wine,feature_noise,imbalance,0.2,0.6,balanced_accuracy,0.016745230078563433,0.05635519951898034,-0.039609969440416906,-0.3300830786701409
SVM,Wine,feature_noise,imbalance,0.2,0.6,macro_f1,0.013802705518977443,0.050871718422858904,-0.03706901290388146,-0.30890844086567887
SVM,Wine,feature_noise,imbalance,0.2,0.6,mcc,0.023160565853370008,0.09425674506193828,-0.07109617920856827,-0.5924681600714022
SVM,Wine,feature_noise,imbalance,0.2,0.6,accuracy,0.027443377878160535,-0.0033680123559558343,0.03081139023411637,0.2567615852843031
SVM,Wine,feature_noise,imbalance,0.2,0.6,balanced_accuracy,0.06753888087221427,0.05635519951898034,0.011183681353233929,0.09319734461028274
SVM,Wine,feature_noise,imbalance,0.2,0.6,macro_f1,0.04651153543581621,0.050871718422858904,-0.004360182987042695,-0.036334858225355794
SVM,Wine,feature_noise,imbalance,0.2,0.6,mcc,0.056827672280633124,0.09425674506193828,-0.03742907278130515,-0.31190893984420964
MLP,Wine,feature_noise,imbalance,0.2,0.6,accuracy,0.1412100299056821,0.0389577806557921,0.10225224924989,0.8521020770824167
MLP,Wine,feature_noise,imbalance,0.2,0.6,balanced_accuracy,0.17120731120731147,0.11129071072815008,0.05991660047916139,0.4993050039930116
MLP,Wine,feature_noise,imbalance,0.2,0.6,macro_f1,0.1668915866730578,0.11627347080769104,0.05061811586536677,0.42181763221138974
MLP,Wine,feature_noise,imbalance,0.2,0.6,mcc,0.2569182271996915,0.19594277600230772,0.06097545119738376,0.5081287599781981
MLP,Wine,feature_noise,imbalance,0.2,0.6,accuracy,0.11354204571595883,0.0389577806557921,0.07458426506016673,0.6215355421680561
MLP,Wine,feature_noise,imbalance,0.2,0.6,balanced_accuracy,0.18041366041366047,0.11129071072815008,0.06912294968551039,0.5760245807125866
MLP,Wine,feature_noise,imbalance,0.2,0.6,macro_f1,0.1681022759868137,0.11627347080769104,0.05182880517912267,0.43190670982602225
MLP,Wine,feature_noise,imbalance,0.2,0.6,mcc,0.24510332596778084,0.19594277600230772,0.049160549965473116,0.409671249712276
GB,Wine,feature_noise,imbalance,0.2,0.6,accuracy,0.0015446389359433654,0.0026367507020065312,-0.0010921117660631658,-0.009100931383859716
GB,Wine,feature_noise,imbalance,0.2,0.6,balanced_accuracy,0.028726952060285416,0.07078171022994365,-0.04205475816965823,-0.3504563180804853
GB,Wine,feature_noise,imbalance,0.2,0.6,macro_f1,0.020800232470012725,0.06492463460809093,-0.04412440213807821,-0.3677033511506517
GB,Wine,feature_noise,imbalance,0.2,0.6,mcc,0.026753339964781908,0.11223994565935283,-0.08548660569457092,-0.7123883807880911
GB,Wine,feature_noise,imbalance,0.2,0.6,accuracy,0.019726457117761553,0.0026367507020065312,0.017089706415755024,0.14241422013129187
GB,Wine,feature_noise,imbalance,0.2,0.6,balanced_accuracy,0.04047298380631714,0.07078171022994365,-0.030308726423626503,-0.25257272019688753
GB,Wine,feature_noise,imbalance,0.2,0.6,macro_f1,0.04634672174063981,0.06492463460809093,-0.018577912867451127,-0.15481594056209272
GB,Wine,feature_noise,imbalance,0.2,0.6,mcc,0.05573231546484203,0.11223994565935283,-0.0565076301945108,-0.47089691828759
LR,BreastCancer,feature_noise,imbalance,0.2,0.6,accuracy,-0.00414791985523022,-0.0013368449877243244,-0.0028110748675058955,-0.02342562389588246
LR,BreastCancer,feature_noise,imbalance,0.2,0.6,balanced_accuracy,0.010422515077290528,0.05762016789404386,-0.04719765281675333,-0.39331377347294444
LR,BreastCancer,feature_noise,imbalance,0.2,0.6,macro_f1,0.006748402023401656,0.053623479646895046,-0.04687507762349339,-0.39062564686244494
LR,BreastCancer,feature_noise,imbalance,0.2,0.6,mcc,0.013046689535010758,0.09902204551254908,-0.08597535597753832,-0.7164612998128194
LR,BreastCancer,feature_noise,imbalance,0.2,0.6,accuracy,0.00037199842873303357,-0.0013368449877243244,0.001708843416457358,0.014240361803811318
LR,BreastCancer,feature_noise,imbalance,0.2,0.6,balanced_accuracy,0.02253530620313049,0.05762016789404386,-0.03508486169091337,-0.2923738474242781
LR,BreastCancer,feature_noise,imbalance,0.2,0.6,macro_f1,0.015036989437581694,0.053623479646895046,-0.03858649020931335,-0.3215540850776113
LR,BreastCancer,feature_noise,imbalance,0.2,0.6,mcc,0.02931965548410498,0.09902204551254908,-0.0697023900284441,-0.5808532502370342
RF,BreastCancer,feature_noise,imbalance,0.2,0.6,accuracy,-0.011452124538191777,0.00522907589200209,-0.016681200430193867,-0.1390100035849489
RF,BreastCancer,feature_noise,imbalance,0.2,0.6,balanced_accuracy,0.01910771514632703,0.06943706870283917,-0.050329353556512135,-0.41941127963760116
RF,BreastCancer,feature_noise,imbalance,0.2,0.6,macro_f1,0.004341376959946408,0.06441364817206628,-0.060072271212119874,-0.500602260100999
RF,BreastCancer,feature_noise,imbalance,0.2,0.6,mcc,0.007867847663653338,0.11469441918885134,-0.106826571525198,-0.89022142937665
RF,BreastCancer,feature_noise,imbalance,0.2,0.6,accuracy,-0.0069322062542286345,0.00522907589200209,-0.012161282146230724,-0.10134401788525604
RF,BreastCancer,feature_noise,imbalance,0.2,0.6,balanced_accuracy,0.026785727665888825,0.06943706870283917,-0.04265134103695034,-0.3554278419745862
RF,BreastCancer,feature_noise,imbalance,0.2,0.6,macro_f1,0.012104232679899907,0.06441364817206628,-0.052309415492166375,-0.43591179576805317
RF,BreastCancer,feature_noise,imbalance,0.2,0.6,mcc,0.021899388087593175,0.11469441918885134,-0.09279503110125817,-0.7732919258438181
XGB,BreastCancer,feature_noise,imbalance,0.2,0.6,accuracy,-0.01242235313999962,0.003138158654631502,-0.015560511794631122,-0.12967093162192603
XGB,BreastCancer,feature_noise,imbalance,0.2,0.6,balanced_accuracy,0.001899325985807887,0.07213970967991504,-0.07024038369410715,-0.5853365307842263
XGB,BreastCancer,feature_noise,imbalance,0.2,0.6,macro_f1,-0.001973829649535852,0.06516043433781861,-0.06713426398735446,-0.5594521998946206
XGB,BreastCancer,feature_noise,imbalance,0.2,0.6,mcc,-0.0032998992930555193,0.10947527367247527,-0.11277517296553079,-0.93979310804609
XGB,BreastCancer,feature_noise,imbalance,0.2,0.6,accuracy,0.001162937973381517,0.003138158654631502,-0.001975220681249985,-0.016460172343749874
XGB,BreastCancer,feature_noise,imbalance,0.2,0.6,balanced_accuracy,0.033087188454739125,0.07213970967991504,-0.03905252122517591,-0.32543767687646596
XGB,BreastCancer,feature_noise,imbalance,0.2,0.6,macro_f1,0.022618049123219963,0.06516043433781861,-0.042542385214598646,-0.3545198767883221
XGB,BreastCancer,feature_noise,imbalance,0.2,0.6,mcc,0.041493891853703224,0.10947527367247527,-0.06798138181877204,-0.5665115151564337
SVM,BreastCancer,feature_noise,imbalance,0.2,0.6,accuracy,-0.00418380647639649,-0.0033680123559558343,-0.0008157941204406556,-0.006798284337005463
SVM,BreastCancer,feature_noise,imbalance,0.2,0.6,balanced_accuracy,0.02056276708740057,0.05635519951898034,-0.03579243243157977,-0.29827027026316477
SVM,BreastCancer,feature_noise,imbalance,0.2,0.6,macro_f1,0.007837782189230924,0.050871718422858904,-0.04303393623362798,-0.3586161352802332
SVM,BreastCancer,feature_noise,imbalance,0.2,0.6,mcc,0.014472240914109369,0.09425674506193828,-0.07978450414782891,-0.6648708678985743
SVM,BreastCancer,feature_noise,imbalance,0.2,0.6,accuracy,0.0003105755460752757,-0.0033680123559558343,0.00367858790203111,0.030654899183592585
SVM,BreastCancer,feature_noise,imbalance,0.2,0.6,balanced_accuracy,0.027834008917465902,0.05635519951898034,-0.028521190601514437,-0.23767658834595365
SVM,BreastCancer,feature_noise,imbalance,0.2,0.6,macro_f1,0.016104080791987108,0.050871718422858904,-0.034767637630871796,-0.2897303135905983
SVM,BreastCancer,feature_noise,imbalance,0.2,0.6,mcc,0.028921022408327945,0.09425674506193828,-0.06533572265361033,-0.5444643554467528
MLP,BreastCancer,feature_noise,imbalance,0.2,0.6,accuracy,0.012405623670754373,0.0389577806557921,-0.026552156985037725,-0.22126797487531438
MLP,BreastCancer,feature_noise,imbalance,0.2,0.6,balanced_accuracy,0.07459516115286235,0.11129071072815008,-0.03669554957528773,-0.30579624646073106
MLP,BreastCancer,feature_noise,imbalance,0.2,0.6,macro_f1,0.055645244826318385,0.11627347080769104,-0.06062822598137266,-0.5052352165114389
MLP,BreastCancer,feature_noise,imbalance,0.2,0.6,mcc,0.10672327015925598,0.19594277600230772,-0.08921950584305174,-0.7434958820254313
MLP,BreastCancer,feature_noise,imbalance,0.2,0.6,accuracy,-0.0034779309768451228,0.0389577806557921,-0.04243571163263722,-0.35363093027197684
MLP,BreastCancer,feature_noise,imbalance,0.2,0.6,balanced_accuracy,0.04163120092088246,0.11129071072815008,-0.06965950980726762,-0.5804959150605635
MLP,BreastCancer,feature_noise,imbalance,0.2,0.6,macro_f1,0.028539154472641326,0.11627347080769104,-0.08773431633504972,-0.731119302792081
MLP,BreastCancer,feature_noise,imbalance,0.2,0.6,mcc,0.05271126907906454,0.19594277600230772,-0.14323150692324318,-1.1935958910270266
GB,BreastCancer,feature_noise,imbalance,0.2,0.6,accuracy,0.001445835029539544,0.0026367507020065312,-0.0011909156724669873,-0.009924297270558229
GB,BreastCancer,feature_noise,imbalance,0.2,0.6,balanced_accuracy,0.01943076863165094,0.07078171022994365,-0.051350941598292704,-0.42792451331910586
GB,BreastCancer,feature_noise,imbalance,0.2,0.6,macro_f1,0.023991950406621165,0.06492463460809093,-0.04093268420146977,-0.34110570167891474
GB,BreastCancer,feature_noise,imbalance,0.2,0.6,mcc,0.048013852968206594,0.11223994565935283,-0.06422609269114624,-0.5352174390928853
GB,BreastCancer,feature_noise,imbalance,0.2,0.6,accuracy,0.0036930260407755933,0.0026367507020065312,0.001056275338769062,0.008802294489742185
GB,BreastCancer,feature_noise,imbalance,0.2,0.6,balanced_accuracy,0.03947012240132808,0.07078171022994365,-0.03131158782861557,-0.2609298985717964
GB,BreastCancer,feature_noise,imbalance,0.2,0.6,macro_f1,0.03159823614420354,0.06492463460809093,-0.033326398463887394,-0.2777199871990616
GB,BreastCancer,feature_noise,imbalance,0.2,0.6,mcc,0.06162295994974387,0.11223994565935283,-0.05061698570960896,-0.4218082142467413
LR,Digits,feature_noise,imbalance,0.2,0.6,accuracy,0.007161378802779672,-0.0013368449877243244,0.008498223790503997,0.0708185315875333
LR,Digits,feature_noise,imbalance,0.2,0.6,balanced_accuracy,0.040054595572102,0.05762016789404386,-0.017565572321941857,-0.14637976934951547
LR,Digits,feature_noise,imbalance,0.2,0.6,macro_f1,0.03565205122695336,0.053623479646895046,-0.017971428419941683,-0.14976190349951404
LR,Digits,feature_noise,imbalance,0.2,0.6,mcc,0.06963291144012707,0.09902204551254908,-0.02938913407242201,-0.24490945060351677
LR,Digits,feature_noise,imbalance,0.2,0.6,accuracy,-0.0023687546317361363,-0.0013368449877243244,-0.0010319096440118119,-0.008599247033431767
LR,Digits,feature_noise,imbalance,0.2,0.6,balanced_accuracy,0.02931178697095549,0.05762016789404386,-0.02830838092308837,-0.23590317435906977
LR,Digits,feature_noise,imbalance,0.2,0.6,macro_f1,0.023765156689970146,0.053623479646895046,-0.0298583229569249,-0.24881935797437418
LR,Digits,feature_noise,imbalance,0.2,0.6,mcc,0.046048172589645886,0.09902204551254908,-0.05297387292290319,-0.44144894102419324
RF,Digits,feature_noise,imbalance,0.2,0.6,accuracy,0.03731393977229591,0.00522907589200209,0.03208486388029382,0.2673738656691152
RF,Digits,feature_noise,imbalance,0.2,0.6,balanced_accuracy,0.07413180309489709,0.06943706870283917,0.00469473439205792,0.03912278660048267
RF,Digits,feature_noise,imbalance,0.2,0.6,macro_f1,0.054793075363984145,0.06441364817206628,-0.009620572808082137,-0.08017144006735115
RF,Digits,feature_noise,imbalance,0.2,0.6,mcc,0.10323556012618484,0.11469441918885134,-0.011458859062666499,-0.0954904921888875
RF,Digits,feature_noise,imbalance,0.2,0.6,accuracy,0.044475768647272096,0.00522907589200209,0.039246692755270006,0.3270557729605834
RF,Digits,feature_noise,imbalance,0.2,0.6,balanced_accuracy,0.08329846976156363,0.06943706870283917,0.013861401058724465,0.11551167548937055
RF,Digits,feature_noise,imbalance,0.2,0.6,macro_f1,0.06435145630399453,0.06441364817206628,-6.219186807175647e-05,-0.0005182655672646373
RF,Digits,feature_noise,imbalance,0.2,0.6,mcc,0.12167660026774307,0.11469441918885134,0.0069821810788917305,0.058184842324097756
XGB,Digits,feature_noise,imbalance,0.2,0.6,accuracy,0.013805497234067099,0.003138158654631502,0.010667338579435597,0.08889448816196331
XGB,Digits,feature_noise,imbalance,0.2,0.6,balanced_accuracy,0.03266141217674112,0.07213970967991504,-0.039478297503173915,-0.3289858125264493
XGB,Digits,feature_noise,imbalance,0.2,0.6,macro_f1,0.024734316818254443,0.06516043433781861,-0.04042611751956417,-0.33688431266303476
XGB,Digits,feature_noise,imbalance,0.2,0.6,mcc,0.04853712619178674,0.10947527367247527,-0.06093814748068853,-0.5078178956724044
XGB,Digits,feature_noise,imbalance,0.2,0.6,accuracy,0.022573599428464153,0.003138158654631502,0.01943544077383265,0.16196200644860542
XGB,Digits,feature_noise,imbalance,0.2,0.6,balanced_accuracy,0.05146699583214187,0.07213970967991504,-0.020672713847773166,-0.17227261539810973
XGB,Digits,feature_noise,imbalance,0.2,0.6,macro_f1,0.03707894796051403,0.06516043433781861,-0.02808148637730458,-0.23401238647753816
XGB,Digits,feature_noise,imbalance,0.2,0.6,mcc,0.07076514497853259,0.10947527367247527,-0.03871012869394268,-0.32258440578285563
SVM,Digits,feature_noise,imbalance,0.2,0.6,accuracy,0.004538735009997574,-0.0033680123559558343,0.007906747365953409,0.06588956138294508
SVM,Digits,feature_noise,imbalance,0.2,0.6,balanced_accuracy,0.015920723006723425,0.05635519951898034,-0.040434476512256914,-0.3369539709354743
SVM,Digits,feature_noise,imbalance,0.2,0.6,macro_f1,0.010342158871742835,0.050871718422858904,-0.04052955955111607,-0.3377463295926339
SVM,Digits,feature_noise,imbalance,0.2,0.6,mcc,0.020288474408072465,0.09425674506193828,-0.07396827065386581,-0.6164022554488818
SVM,Digits,feature_noise,imbalance,0.2,0.6,accuracy,0.006145008329418333,-0.0033680123559558343,0.009513020685374168,0.07927517237811807
SVM,Digits,feature_noise,imbalance,0.2,0.6,balanced_accuracy,0.018779817413557387,0.05635519951898034,-0.03757538210542295,-0.31312818421185795
SVM,Digits,feature_noise,imbalance,0.2,0.6,macro_f1,0.012582039887507612,0.050871718422858904,-0.03828967853535129,-0.31908065446126077
SVM,Digits,feature_noise,imbalance,0.2,0.6,mcc,0.024505874161553698,0.09425674506193828,-0.06975087090038458,-0.5812572575032049
MLP,Digits,feature_noise,imbalance,0.2,0.6,accuracy,0.008121994050591774,0.0389577806557921,-0.030835786605200324,-0.25696488837666936
MLP,Digits,feature_noise,imbalance,0.2,0.6,balanced_accuracy,0.024303265484584835,0.11129071072815008,-0.08698744524356525,-0.7248953770297104
MLP,Digits,feature_noise,imbalance,0.2,0.6,macro_f1,0.01929456114928063,0.11627347080769104,-0.09697890965841041,-0.8081575804867535
MLP,Digits,feature_noise,imbalance,0.2,0.6,mcc,0.03781908173619397,0.19594277600230772,-0.15812369426611375,-1.3176974522176146
MLP,Digits,feature_noise,imbalance,0.2,0.6,accuracy,0.030378997781698946,0.0389577806557921,-0.008578782874093152,-0.0714898572841096
MLP,Digits,feature_noise,imbalance,0.2,0.6,balanced_accuracy,0.05578382471473531,0.11129071072815008,-0.055506886013414775,-0.46255738344512315
MLP,Digits,feature_noise,imbalance,0.2,0.6,macro_f1,0.04768164112485507,0.11627347080769104,-0.06859182968283598,-0.5715985806902998
MLP,Digits,feature_noise,imbalance,0.2,0.6,mcc,0.0927846452406974,0.19594277600230772,-0.10315813076161032,-0.859651089680086
GB,Digits,feature_noise,imbalance,0.2,0.6,accuracy,0.016396093420308566,0.0026367507020065312,0.013759342718302035,0.11466118931918363
GB,Digits,feature_noise,imbalance,0.2,0.6,balanced_accuracy,0.03769013512125141,0.07078171022994365,-0.033091575108692234,-0.2757631259057686
GB,Digits,feature_noise,imbalance,0.2,0.6,macro_f1,0.02905008097516848,0.06492463460809093,-0.035874553632922454,-0.2989546136076871
GB,Digits,feature_noise,imbalance,0.2,0.6,mcc,0.0566649620478169,0.11223994565935283,-0.05557498361153593,-0.46312486342946607
GB,Digits,feature_noise,imbalance,0.2,0.6,accuracy,0.02119277969109845,0.0026367507020065312,0.01855602898909192,0.15463357490909935
GB,Digits,feature_noise,imbalance,0.2,0.6,balanced_accuracy,0.04706469741212371,0.07078171022994365,-0.023717012817819932,-0.1976417734818328
GB,Digits,feature_noise,imbalance,0.2,0.6,macro_f1,0.03553217169109113,0.06492463460809093,-0.029392462916999804,-0.24493719097499836
GB,Digits,feature_noise,imbalance,0.2,0.6,mcc,0.06891814910835292,0.11223994565935283,-0.04332179655099991,-0.3610149712583326
LR,Spambase,feature_noise,imbalance,0.45,0.3,accuracy,0.04182713943795002,0.023437563195054828,0.018389576242895195,0.13621908328070514
LR,Spambase,feature_noise,imbalance,0.45,0.3,balanced_accuracy,0.06879519170286941,0.0555109371969706,0.013284254505898804,0.09840188522888002
LR,Spambase,feature_noise,imbalance,0.45,0.3,macro_f1,0.06127262719140458,0.05348204391787696,0.007790583273527621,0.057708024248352745
LR,Spambase,feature_noise,imbalance,0.45,0.3,mcc,0.11995187015858233,0.09985796031883748,0.02009390983974485,0.14884377659070258
LR,Spambase,feature_noise,imbalance,0.45,0.3,accuracy,0.047243429003225756,0.023437563195054828,0.02380586580817093,0.17633974672719205
LR,Spambase,feature_noise,imbalance,0.45,0.3,balanced_accuracy,0.07488101711046213,0.0555109371969706,0.01937007991349153,0.1434820734332706
LR,Spambase,feature_noise,imbalance,0.45,0.3,macro_f1,0.06753595473955598,0.05348204391787696,0.01405391082167902,0.10410304312354829
LR,Spambase,feature_noise,imbalance,0.45,0.3,mcc,0.13293046381759477,0.09985796031883748,0.03307250349875729,0.24498150739820213
RF,Spambase,feature_noise,imbalance,0.45,0.3,accuracy,0.05596368618438097,0.02591580965020726,0.030047876534173706,0.2225768632161015
RF,Spambase,feature_noise,imbalance,0.45,0.3,balanced_accuracy,0.0977278248160588,0.06600876364666033,0.03171906116939846,0.2349560086622108
RF,Spambase,feature_noise,imbalance,0.45,0.3,macro_f1,0.08037380210960876,0.06470312719193567,0.015670674917673086,0.11607907346424508
RF,Spambase,feature_noise,imbalance,0.45,0.3,mcc,0.14833966969864554,0.11426564984561476,0.03407401985303078,0.25240014705948727
RF,Spambase,feature_noise,imbalance,0.45,0.3,accuracy,0.050290765202560705,0.02591580965020726,0.024374955552353444,0.1805552263137292
RF,Spambase,feature_noise,imbalance,0.45,0.3,balanced_accuracy,0.08802736087851504,0.06600876364666033,0.022018597231854703,0.16310072023596076
RF,Spambase,feature_noise,imbalance,0.45,0.3,macro_f1,0.07224201372958383,0.06470312719193567,0.007538886537648157,0.055843603982578933
RF,Spambase,feature_noise,imbalance,0.45,0.3,mcc,0.13467050728715102,0.11426564984561476,0.020404857441536264,0.15114709215952787
XGB,Spambase,feature_noise,imbalance,0.45,0.3,accuracy,0.05537987873545924,0.0236654079594665,0.031714470775992744,0.23492200574809438
XGB,Spambase,feature_noise,imbalance,0.45,0.3,balanced_accuracy,0.08669389349984369,0.06741979111492998,0.019274102384913713,0.1427711287771386
XGB,Spambase,feature_noise,imbalance,0.45,0.3,macro_f1,0.07496070141008693,0.0633128525788515,0.01164784883123543,0.08628036171285502
XGB,Spambase,feature_noise,imbalance,0.45,0.3,mcc,0.1454082283549767,0.1111165124423375,0.03429171591263919,0.254012710463994
XGB,Spambase,feature_noise,imbalance,0.45,0.3,accuracy,0.050200479708532475,0.0236654079594665,0.026535071749065976,0.19655608703011834
XGB,Spambase,feature_noise,imbalance,0.45,0.3,balanced_accuracy,0.07841083223066059,0.06741979111492998,0.010991041115730613,0.08141511937578232
XGB,Spambase,feature_noise,imbalance,0.45,0.3,macro_f1,0.06802772963915726,0.0633128525788515,0.004714877060305767,0.034925015261524195
XGB,Spambase,feature_noise,imbalance,0.45,0.3,mcc,0.13253139204094866,0.1111165124423375,0.02141487959861116,0.15862873776749006
SVM,Spambase,feature_noise,imbalance,0.45,0.3,accuracy,0.03175618866044938,0.013205748462729934,0.018550440197719446,0.13741066813125516
SVM,Spambase,feature_noise,imbalance,0.45,0.3,balanced_accuracy,0.05830650464773013,0.04544326472875457,0.01286323991897556,0.09528325865907822
SVM,Spambase,feature_noise,imbalance,0.45,0.3,macro_f1,0.04852241183736328,0.042441268023321446,0.006081143814041831,0.04504550973364319
SVM,Spambase,feature_noise,imbalance,0.45,0.3,mcc,0.09346059245796245,0.07793183480356682,0.015528757654395639,0.11502783447700472
SVM,Spambase,feature_noise,imbalance,0.45,0.3,accuracy,0.034219850259278206,0.013205748462729934,0.021014101796548272,0.15566001330776497
SVM,Spambase,feature_noise,imbalance,0.45,0.3,balanced_accuracy,0.059251929313830165,0.04544326472875457,0.013808664585075597,0.10228640433389331
SVM,Spambase,feature_noise,imbalance,0.45,0.3,macro_f1,0.05092310932861677,0.042441268023321446,0.00848184130529532,0.06282845411329867
SVM,Spambase,feature_noise,imbalance,0.45,0.3,mcc,0.0993043204288604,0.07793183480356682,0.021372485625293577,0.15831470833550798
MLP,Spambase,feature_noise,imbalance,0.45,0.3,accuracy,0.04870692411913602,0.04132861701186029,0.007378307107275731,0.05465412672056096
MLP,Spambase,feature_noise,imbalance,0.45,0.3,balanced_accuracy,0.07965088900704875,0.07947079351664618,0.0001800954904025709,0.0013340406696486732
MLP,Spambase,feature_noise,imbalance,0.45,0.3,macro_f1,0.06877358174085957,0.08169093187226892,-0.01291735013140935,-0.09568407504747665
MLP,Spambase,feature_noise,imbalance,0.45,0.3,mcc,0.1332208704762079,0.1417730861646749,-0.008552215688467008,-0.06334974584049635
MLP,Spambase,feature_noise,imbalance,0.45,0.3,accuracy,0.04180217233790151,0.04132861701186029,0.0004735553260412223,0.00350781722993498
MLP,Spambase,feature_noise,imbalance,0.45,0.3,balanced_accuracy,0.06819989704462193,0.07947079351664618,-0.011270896472024255,-0.08348812201499448
MLP,Spambase,feature_noise,imbalance,0.45,0.3,macro_f1,0.059299469451319586,0.08169093187226892,-0.022391462420949332,-0.16586268459962467
MLP,Spambase,feature_noise,imbalance,0.45,0.3,mcc,0.11623923599543173,0.1417730861646749,-0.025533850169243172,-0.18913963088328276
GB,Spambase,feature_noise,imbalance,0.45,0.3,accuracy,0.052202756701770325,0.023943154648237312,0.028259602053533013,0.209330385581726
GB,Spambase,feature_noise,imbalance,0.45,0.3,balanced_accuracy,0.08385694875082639,0.06455534950882272,0.01930159924200367,0.14297480920002717
GB,Spambase,feature_noise,imbalance,0.45,0.3,macro_f1,0.07173240792689861,0.061081085293088366,0.010651322633810245,0.07889868617637218
GB,Spambase,feature_noise,imbalance,0.45,0.3,mcc,0.13848863362361585,0.10866437379314012,0.029824259830475736,0.22092044318870913
GB,Spambase,feature_noise,imbalance,0.45,0.3,accuracy,0.050968799961626954,0.023943154648237312,0.02702564531338964,0.2001899652843677
GB,Spambase,feature_noise,imbalance,0.45,0.3,balanced_accuracy,0.0797392575814283,0.06455534950882272,0.015183908072605584,0.11247339313041173
GB,Spambase,feature_noise,imbalance,0.45,0.3,macro_f1,0.06938694017628744,0.061081085293088366,0.00830585488319907,0.06152485098665978
GB,Spambase,feature_noise,imbalance,0.45,0.3,mcc,0.1352485382182126,0.10866437379314012,0.02658416442507247,0.1969197364820183
LR,Bank,feature_noise,imbalance,0.45,0.3,accuracy,-0.01991185833351261,0.023437563195054828,-0.04334942152856744,-0.32110682613753655
LR,Bank,feature_noise,imbalance,0.45,0.3,balanced_accuracy,0.05576326239300755,0.0555109371969706,0.00025232519603694825,0.0018690755261996166
LR,Bank,feature_noise,imbalance,0.45,0.3,macro_f1,0.062953261408353,0.05348204391787696,0.009471217490476039,0.0701571665961188
LR,Bank,feature_noise,imbalance,0.45,0.3,mcc,0.11340122021189825,0.09985796031883748,0.013543259893060766,0.10032044365230197
LR,Bank,feature_noise,imbalance,0.45,0.3,accuracy,-0.018875803897118515,0.023437563195054828,-0.04231336709217334,-0.31343234883091364
LR,Bank,feature_noise,imbalance,0.45,0.3,balanced_accuracy,0.05961818813239972,0.0555109371969706,0.004107250935429116,0.030424081003178633
LR,Bank,feature_noise,imbalance,0.45,0.3,macro_f1,0.06751071253829966,0.05348204391787696,0.014028668620422693,0.1039160638549829
LR,Bank,feature_noise,imbalance,0.45,0.3,mcc,0.12370358671157133,0.09985796031883748,0.023845626392733854,0.1766342695758063
RF,Bank,feature_noise,imbalance,0.45,0.3,accuracy,-0.02073319000422824,0.02591580965020726,-0.0466489996544355,-0.3455481455884111
RF,Bank,feature_noise,imbalance,0.45,0.3,balanced_accuracy,0.07827420555279208,0.06600876364666033,0.012265441906131741,0.09085512523060549
RF,Bank,feature_noise,imbalance,0.45,0.3,macro_f1,0.11011714297601227,0.06470312719193567,0.0454140157840766,0.3364001169190859
RF,Bank,feature_noise,imbalance,0.45,0.3,mcc,0.17964670086339218,0.11426564984561476,0.06538105101777743,0.4843040816131661
RF,Bank,feature_noise,imbalance,0.45,0.3,accuracy,-0.01969692057417638,0.02591580965020726,-0.04561273022438364,-0.3378720757361751
RF,Bank,feature_noise,imbalance,0.45,0.3,balanced_accuracy,0.08440187794062715,0.06600876364666033,0.01839311429396681,0.1362452910664208
RF,Bank,feature_noise,imbalance,0.45,0.3,macro_f1,0.12120279057660166,0.06470312719193567,0.056499663384665985,0.41851602507159985
RF,Bank,feature_noise,imbalance,0.45,0.3,mcc,0.20793768064935575,0.11426564984561476,0.093672030803741,0.6938668948425258
XGB,Bank,feature_noise,imbalance,0.45,0.3,accuracy,-0.018860866137782373,0.0236654079594665,-0.04252627409724887,-0.31500943775739904
XGB,Bank,feature_noise,imbalance,0.45,0.3,balanced_accuracy,0.09375610920786737,0.06741979111492998,0.02633631809293739,0.19508383772546214
XGB,Bank,feature_noise,imbalance,0.45,0.3,macro_f1,0.10017322759455205,0.0633128525788515,0.03686037501570055,0.2730398149311152
XGB,Bank,feature_noise,imbalance,0.45,0.3,mcc,0.16939881970533816,0.1111165124423375,0.058282307263000654,0.4317207945407456
XGB,Bank,feature_noise,imbalance,0.45,0.3,accuracy,-0.020312073327170332,0.0236654079594665,-0.04397748128663683,-0.3257591206417543
XGB,Bank,feature_noise,imbalance,0.45,0.3,balanced_accuracy,0.09514576963775478,0.06741979111492998,0.02772597852282481,0.20537761868759116
XGB,Bank,feature_noise,imbalance,0.45,0.3,macro_f1,0.10106401856773306,0.0633128525788515,0.03775116598888156,0.27963826658430785
XGB,Bank,feature_noise,imbalance,0.45,0.3,mcc,0.16313884143280205,0.1111165124423375,0.05202232899046455,0.3853505851145522
SVM,Bank,feature_noise,imbalance,0.45,0.3,accuracy,-0.026881461096897707,0.013205748462729934,-0.04008720955962764,-0.2969422930342788
SVM,Bank,feature_noise,imbalance,0.45,0.3,balanced_accuracy,0.0529515191048765,0.04544326472875457,0.007508254376121931,0.055616699082384674
SVM,Bank,feature_noise,imbalance,0.45,0.3,macro_f1,0.07097108631959559,0.042441268023321446,0.028529818296274143,0.21133198737980846
SVM,Bank,feature_noise,imbalance,0.45,0.3,mcc,0.10524574363943281,0.07793183480356682,0.027313908835866,0.20232525063604442
SVM,Bank,feature_noise,imbalance,0.45,0.3,accuracy,-0.02501574613548896,0.013205748462729934,-0.03822149459821889,-0.2831221822090288
SVM,Bank,feature_noise,imbalance,0.45,0.3,balanced_accuracy,0.07391359748116555,0.04544326472875457,0.02847033275241098,0.2108913537215628
SVM,Bank,feature_noise,imbalance,0.45,0.3,macro_f1,0.10869012290541535,0.042441268023321446,0.06624885488209391,0.49073225838588075
SVM,Bank,feature_noise,imbalance,0.45,0.3,mcc,0.18926310838471336,0.07793183480356682,0.11133127358114654,0.8246761006010854
MLP,Bank,feature_noise,imbalance,0.45,0.3,accuracy,-0.022143637262700744,0.04132861701186029,-0.06347225427456103,-0.4701648464782298
MLP,Bank,feature_noise,imbalance,0.45,0.3,balanced_accuracy,0.07592411331281956,0.07947079351664618,-0.0035466802038266187,-0.02627170521353051
MLP,Bank,feature_noise,imbalance,0.45,0.3,macro_f1,0.09298199971480814,0.08169093187226892,0.01129106784253922,0.0836375395743646
MLP,Bank,feature_noise,imbalance,0.45,0.3,mcc,0.17127402375602746,0.1417730861646749,0.029500937591352555,0.21852546363964853
MLP,Bank,feature_noise,imbalance,0.45,0.3,accuracy,-0.02089925397200787,0.04132861701186029,-0.06222787098386816,-0.46094719247309746
MLP,Bank,feature_noise,imbalance,0.45,0.3,balanced_accuracy,0.08757589989486048,0.07947079351664618,0.008105106378214294,0.06003782502380958
MLP,Bank,feature_noise,imbalance,0.45,0.3,macro_f1,0.11351711030036926,0.08169093187226892,0.031826178428100343,0.2357494698377803
MLP,Bank,feature_noise,imbalance,0.45,0.3,mcc,0.21398386779294332,0.1417730861646749,0.07221078162826841,0.5348946787279141
GB,Bank,feature_noise,imbalance,0.45,0.3,accuracy,-0.01749968395932333,0.023943154648237312,-0.04144283860756064,-0.3069839896856344
GB,Bank,feature_noise,imbalance,0.45,0.3,balanced_accuracy,0.0744821402391217,0.06455534950882272,0.009926790730298979,0.07353178318739984
GB,Bank,feature_noise,imbalance,0.45,0.3,macro_f1,0.07648433067878369,0.061081085293088366,0.015403245385695319,0.11409811396811347
GB,Bank,feature_noise,imbalance,0.45,0.3,mcc,0.13875816135084712,0.10866437379314012,0.030093787557707002,0.2229169448719037
GB,Bank,feature_noise,imbalance,0.45,0.3,accuracy,-0.018535523402059773,0.023943154648237312,-0.042478678050297085,-0.31465687444664503
GB,Bank,feature_noise,imbalance,0.45,0.3,balanced_accuracy,0.08611488126767719,0.06455534950882272,0.021559531758854472,0.15970023525077387
GB,Bank,feature_noise,imbalance,0.45,0.3,macro_f1,0.08967443310963397,0.061081085293088366,0.0285933478165456,0.21180257641885628
GB,Bank,feature_noise,imbalance,0.45,0.3,mcc,0.15651019763092047,0.10866437379314012,0.047845823837780355,0.35441350990948406
LR,Wine,feature_noise,imbalance,0.45,0.3,accuracy,0.04030468892537853,0.023437563195054828,0.0168671257303237,0.12494167207647185
LR,Wine,feature_noise,imbalance,0.45,0.3,balanced_accuracy,0.03718694885361562,0.0555109371969706,-0.018323988343354983,-0.13573324698781467
LR,Wine,feature_noise,imbalance,0.45,0.3,macro_f1,0.03743530580002585,0.05348204391787696,-0.01604673811785111,-0.11886472679889709
LR,Wine,feature_noise,imbalance,0.45,0.3,mcc,0.06221353188544254,0.09985796031883748,-0.03764442843339494,-0.2788476180251477
LR,Wine,feature_noise,imbalance,0.45,0.3,accuracy,0.04030468892537831,0.023437563195054828,0.01686712573032348,0.12494167207647021
LR,Wine,feature_noise,imbalance,0.45,0.3,balanced_accuracy,0.03874779541446216,0.0555109371969706,-0.016763141782508442,-0.12417142061117364
LR,Wine,feature_noise,imbalance,0.45,0.3,macro_f1,0.03572638119636451,0.05348204391787696,-0.017755662721512452,-0.1315234275667589
LR,Wine,feature_noise,imbalance,0.45,0.3,mcc,0.06358476135389834,0.09985796031883748,-0.036273198964939135,-0.26869036270325286
RF,Wine,feature_noise,imbalance,0.45,0.3,accuracy,0.03834701696770659,0.02591580965020726,0.012431207317499332,0.09208301716666172
RF,Wine,feature_noise,imbalance,0.45,0.3,balanced_accuracy,0.0452380952380953,0.06600876364666033,-0.020770668408565035,-0.15385680302640767
RF,Wine,feature_noise,imbalance,0.45,0.3,macro_f1,0.037879463577683126,0.06470312719193567,-0.02682366361425255,-0.19869380455001887
RF,Wine,feature_noise,imbalance,0.45,0.3,mcc,0.06118873376276157,0.11426564984561476,-0.053076916082853184,-0.393162341354468
RF,Wine,feature_noise,imbalance,0.45,0.3,accuracy,0.03145046524356876,0.02591580965020726,0.005534655593361498,0.0409974488397148
RF,Wine,feature_noise,imbalance,0.45,0.3,balanced_accuracy,0.03746031746031753,0.06600876364666033,-0.028548446186342807,-0.21146997175068744
RF,Wine,feature_noise,imbalance,0.45,0.3,macro_f1,0.0300565731483019,0.06470312719193567,-0.03464655404363377,-0.25664114106395386
RF,Wine,feature_noise,imbalance,0.45,0.3,mcc,0.050629079906510444,0.11426564984561476,-0.06363656993910431,-0.4713819995489208
XGB,Wine,feature_noise,imbalance,0.45,0.3,accuracy,0.03284619594964433,0.0236654079594665,0.009180787990177831,0.06800583696428023
XGB,Wine,feature_noise,imbalance,0.45,0.3,balanced_accuracy,0.03482283148949816,0.06741979111492998,-0.03259695962543181,-0.24145896018838378
XGB,Wine,feature_noise,imbalance,0.45,0.3,macro_f1,0.031818302437933044,0.0633128525788515,-0.031494550140918454,-0.23329296400680335
XGB,Wine,feature_noise,imbalance,0.45,0.3,mcc,0.05342129421983943,0.1111165124423375,-0.05769521822249807,-0.427371986833319
XGB,Wine,feature_noise,imbalance,0.45,0.3,accuracy,0.032846195949644,0.0236654079594665,0.009180787990177498,0.06800583696427775
XGB,Wine,feature_noise,imbalance,0.45,0.3,balanced_accuracy,0.027865159531826222,0.06741979111492998,-0.03955463158310375,-0.2929972709859537
XGB,Wine,feature_noise,imbalance,0.45,0.3,macro_f1,0.02923933534020251,0.0633128525788515,-0.03407351723864899,-0.25239642398999246
XGB,Wine,feature_noise,imbalance,0.45,0.3,mcc,0.04984568354044061,0.1111165124423375,-0.06127082890189689,-0.45385799186590287
SVM,Wine,feature_noise,imbalance,0.45,0.3,accuracy,0.04524356869184465,0.013205748462729934,0.032037820229114715,0.2373171868823312
SVM,Wine,feature_noise,imbalance,0.45,0.3,balanced_accuracy,0.04621612954946286,0.04544326472875457,0.0007728648207082911,0.005724924597839193
SVM,Wine,feature_noise,imbalance,0.45,0.3,macro_f1,0.04323910902231798,0.042441268023321446,0.0007978409989965324,0.005909933325900239
SVM,Wine,feature_noise,imbalance,0.45,0.3,mcc,0.0719563303251275,0.07793183480356682,-0.005975504478439322,-0.044262996136587573
SVM,Wine,feature_noise,imbalance,0.45,0.3,accuracy,0.024553913519430703,0.013205748462729934,0.01134816505670077,0.08406048190148717
SVM,Wine,feature_noise,imbalance,0.45,0.3,balanced_accuracy,0.02954946288279625,0.04544326472875457,-0.015893801845958316,-0.11773186552561715
SVM,Wine,feature_noise,imbalance,0.45,0.3,macro_f1,0.02327442642071853,0.042441268023321446,-0.019166841602602916,-0.1419766044637253
SVM,Wine,feature_noise,imbalance,0.45,0.3,mcc,0.04012204030498712,0.07793183480356682,-0.0378097944985797,-0.28007255184133106
MLP,Wine,feature_noise,imbalance,0.45,0.3,accuracy,0.11257434774676134,0.04132861701186029,0.07124573073490105,0.5277461535918596
MLP,Wine,feature_noise,imbalance,0.45,0.3,balanced_accuracy,0.12356180856180854,0.07947079351664618,0.04409101504516236,0.32660011144564705
MLP,Wine,feature_noise,imbalance,0.45,0.3,macro_f1,0.11499409712681907,0.08169093187226892,0.033303165254550154,0.2466901129966678
MLP,Wine,feature_noise,imbalance,0.45,0.3,mcc,0.18707219692511534,0.1417730861646749,0.045299110760440436,0.33554896859585503
MLP,Wine,feature_noise,imbalance,0.45,0.3,accuracy,0.1815398649881408,0.04132861701186029,0.14021124797628048,1.0386018368613368
MLP,Wine,feature_noise,imbalance,0.45,0.3,balanced_accuracy,0.15885281385281402,0.07947079351664618,0.07938202033616784,0.5880149654530951
MLP,Wine,feature_noise,imbalance,0.45,0.3,macro_f1,0.1738873806617377,0.08169093187226892,0.09219644878946878,0.6829366576997687
MLP,Wine,feature_noise,imbalance,0.45,0.3,mcc,0.282067262985621,0.1417730861646749,0.1402941768209461,1.0392161245996008
GB,Wine,feature_noise,imbalance,0.45,0.3,accuracy,0.04803503010399568,0.023943154648237312,0.024091875455758367,0.17845833670932124
GB,Wine,feature_noise,imbalance,0.45,0.3,balanced_accuracy,0.04430896264229589,0.06455534950882272,-0.020246386866526828,-0.14997323604834686
GB,Wine,feature_noise,imbalance,0.45,0.3,macro_f1,0.04519939185342514,0.061081085293088366,-0.015881693439663225,-0.11764217362713499
GB,Wine,feature_noise,imbalance,0.45,0.3,mcc,0.08421052410388519,0.10866437379314012,-0.02445384968925493,-0.1811396273278143
GB,Wine,feature_noise,imbalance,0.45,0.3,accuracy,0.054931581828133735,0.023943154648237312,0.030988427179896423,0.22954390503626979
GB,Wine,feature_noise,imbalance,0.45,0.3,balanced_accuracy,0.05012906846240173,0.06455534950882272,-0.014426281046420991,-0.10686134108459992
GB,Wine,feature_noise,imbalance,0.45,0.3,macro_f1,0.05659536870632531,0.061081085293088366,-0.0044857165867630555,-0.03322753027231893
GB,Wine,feature_noise,imbalance,0.45,0.3,mcc,0.08924877152877253,0.10866437379314012,-0.019415602264367587,-0.14381927603235248
LR,BreastCancer,feature_noise,imbalance,0.45,0.3,accuracy,0.015027031347755293,0.023437563195054828,-0.008410531847299535,-0.06230023590592248
LR,BreastCancer,feature_noise,imbalance,0.45,0.3,balanced_accuracy,0.02871077290915902,0.0555109371969706,-0.02680016428781158,-0.19851973546527096
LR,BreastCancer,feature_noise,imbalance,0.45,0.3,macro_f1,0.02231186803329621,0.05348204391787696,-0.03117017588458075,-0.23089019173763517
LR,BreastCancer,feature_noise,imbalance,0.45,0.3,mcc,0.04417835980300999,0.09985796031883748,-0.05567960051582749,-0.4124414853024258
LR,BreastCancer,feature_noise,imbalance,0.45,0.3,accuracy,0.011066635308151329,0.023437563195054828,-0.012370927886903499,-0.09163650286595183
LR,BreastCancer,feature_noise,imbalance,0.45,0.3,balanced_accuracy,0.019600768052432382,0.0555109371969706,-0.03591016914453822,-0.2660012529225053
LR,BreastCancer,feature_noise,imbalance,0.45,0.3,macro_f1,0.01686376571221626,0.05348204391787696,-0.0366182782056607,-0.2712465052271163
LR,BreastCancer,feature_noise,imbalance,0.45,0.3,mcc,0.03302525823337843,0.09985796031883748,-0.06683270208545905,-0.4950570524848818
RF,BreastCancer,feature_noise,imbalance,0.45,0.3,accuracy,0.014817103508208418,0.02591580965020726,-0.011098706141998843,-0.08221263808888031
RF,BreastCancer,feature_noise,imbalance,0.45,0.3,balanced_accuracy,0.028925246659499138,0.06600876364666033,-0.0370835169871612,-0.27469271842341625
RF,BreastCancer,feature_noise,imbalance,0.45,0.3,macro_f1,0.023962975732839564,0.06470312719193567,-0.04074015145909611,-0.3017788996970082
RF,BreastCancer,feature_noise,imbalance,0.45,0.3,mcc,0.04850518889115196,0.11426564984561476,-0.0657604609544628,-0.48711452558861323
RF,BreastCancer,feature_noise,imbalance,0.45,0.3,accuracy,0.00689631142900049,0.02591580965020726,-0.01901949822120677,-0.14088517200893905
RF,BreastCancer,feature_noise,imbalance,0.45,0.3,balanced_accuracy,0.025045126860243627,0.06600876364666033,-0.04096363678641671,-0.3034343465660497
RF,BreastCancer,feature_noise,imbalance,0.45,0.3,macro_f1,0.014911555974081558,0.06470312719193567,-0.049791571217854116,-0.368826453465586
RF,BreastCancer,feature_noise,imbalance,0.45,0.3,mcc,0.028579523891310687,0.11426564984561476,-0.08568612595430407,-0.634712044105956
XGB,BreastCancer,feature_noise,imbalance,0.45,0.3,accuracy,0.024625452764186484,0.0236654079594665,0.0009600448047199853,0.007111442997925817
XGB,BreastCancer,feature_noise,imbalance,0.45,0.3,balanced_accuracy,0.03282451652503149,0.06741979111492998,-0.034595274589898486,-0.2562612932585073
XGB,BreastCancer,feature_noise,imbalance,0.45,0.3,macro_f1,0.03404644990346495,0.0633128525788515,-0.02926640267538655,-0.21678816796582628
XGB,BreastCancer,feature_noise,imbalance,0.45,0.3,mcc,0.06879992784127453,0.1111165124423375,-0.04231658460106297,-0.313456182230096
XGB,BreastCancer,feature_noise,imbalance,0.45,0.3,accuracy,0.004823472566166664,0.0236654079594665,-0.018841935393299834,-0.13956989180222099
XGB,BreastCancer,feature_noise,imbalance,0.45,0.3,balanced_accuracy,0.016604803611535157,0.06741979111492998,-0.05081498750339482,-0.3764073148399616
XGB,BreastCancer,feature_noise,imbalance,0.45,0.3,macro_f1,0.010896084717833321,0.0633128525788515,-0.052416767861018176,-0.3882723545260605
XGB,BreastCancer,feature_noise,imbalance,0.45,0.3,mcc,0.020203073431247942,0.1111165124423375,-0.09091343901108956,-0.6734328815636264
SVM,BreastCancer,feature_noise,imbalance,0.45,0.3,accuracy,0.015016680988080289,0.013205748462729934,0.0018109325253503547,0.013414315002595219
SVM,BreastCancer,feature_noise,imbalance,0.45,0.3,balanced_accuracy,0.03159821801700324,0.04544326472875457,-0.013845046711751324,-0.10255590156852833
SVM,BreastCancer,feature_noise,imbalance,0.45,0.3,macro_f1,0.02256347372029477,0.042441268023321446,-0.019877794303026677,-0.14724292076316056
SVM,BreastCancer,feature_noise,imbalance,0.45,0.3,mcc,0.043756802654615234,0.07793183480356682,-0.03417503214895158,-0.2531483862885302
SVM,BreastCancer,feature_noise,imbalance,0.45,0.3,accuracy,0.015016680988080289,0.013205748462729934,0.0018109325253503547,0.013414315002595219
SVM,BreastCancer,feature_noise,imbalance,0.45,0.3,balanced_accuracy,0.025649942154934324,0.04544326472875457,-0.019793322573820243,-0.1466172042505203
SVM,BreastCancer,feature_noise,imbalance,0.45,0.3,macro_f1,0.022007122480513397,0.042441268023321446,-0.02043414554280805,-0.15136404105783738
SVM,BreastCancer,feature_noise,imbalance,0.45,0.3,mcc,0.043357617045254204,0.07793183480356682,-0.03457421775831261,-0.25610531672824155
MLP,BreastCancer,feature_noise,imbalance,0.45,0.3,accuracy,0.02986913968527727,0.04132861701186029,-0.01145947732658302,-0.0848850172339483
MLP,BreastCancer,feature_noise,imbalance,0.45,0.3,balanced_accuracy,0.05629688433849411,0.07947079351664618,-0.02317390917815207,-0.17165858650483012
MLP,BreastCancer,feature_noise,imbalance,0.45,0.3,macro_f1,0.04664641779801759,0.08169093187226892,-0.035044514074251326,-0.2595889931426024
MLP,BreastCancer,feature_noise,imbalance,0.45,0.3,mcc,0.0909885483445535,0.1417730861646749,-0.050784537820121406,-0.3761817616305289
MLP,BreastCancer,feature_noise,imbalance,0.45,0.3,accuracy,0.01996814958626736,0.04132861701186029,-0.02136046742559293,-0.1582256846340217
MLP,BreastCancer,feature_noise,imbalance,0.45,0.3,balanced_accuracy,0.04523366594768963,0.07947079351664618,-0.034237127568956555,-0.2536083523626411
MLP,BreastCancer,feature_noise,imbalance,0.45,0.3,macro_f1,0.034463601742839356,0.08169093187226892,-0.04722733012942956,-0.34983207503281155
MLP,BreastCancer,feature_noise,imbalance,0.45,0.3,mcc,0.06567359180906063,0.1417730861646749,-0.07609949435561428,-0.5636999581897354
GB,BreastCancer,feature_noise,imbalance,0.45,0.3,accuracy,0.013493640933725515,0.023943154648237312,-0.010449513714511798,-0.07740380529267997
GB,BreastCancer,feature_noise,imbalance,0.45,0.3,balanced_accuracy,0.02344199624071308,0.06455534950882272,-0.04111335326810964,-0.3045433575415529
GB,BreastCancer,feature_noise,imbalance,0.45,0.3,macro_f1,0.022523115330269072,0.061081085293088366,-0.038557969962819294,-0.28561459231717995
GB,BreastCancer,feature_noise,imbalance,0.45,0.3,mcc,0.04545393919380014,0.10866437379314012,-0.06321043459933998,-0.4682254414765924
GB,BreastCancer,feature_noise,imbalance,0.45,0.3,accuracy,0.025374829052537184,0.023943154648237312,0.0014316744042998722,0.01060499558740646
GB,BreastCancer,feature_noise,imbalance,0.45,0.3,balanced_accuracy,0.04124810492346087,0.06455534950882272,-0.023307244585361847,-0.17264625618786553
GB,BreastCancer,feature_noise,imbalance,0.45,0.3,macro_f1,0.0371914034970896,0.061081085293088366,-0.023889681795998763,-0.17696060589628712
GB,BreastCancer,feature_noise,imbalance,0.45,0.3,mcc,0.07223423263361706,0.10866437379314012,-0.03643014115952306,-0.2698528974779486
LR,Digits,feature_noise,imbalance,0.45,0.3,accuracy,0.0531096937306057,0.023437563195054828,0.029672130535550872,0.21979355952259905
LR,Digits,feature_noise,imbalance,0.45,0.3,balanced_accuracy,0.06245803079362133,0.0555109371969706,0.00694709359665073,0.051459952567783185
LR,Digits,feature_noise,imbalance,0.45,0.3,macro_f1,0.05990171362183161,0.05348204391787696,0.006419669703954647,0.04755310891818257
LR,Digits,feature_noise,imbalance,0.45,0.3,mcc,0.11806870542324643,0.09985796031883748,0.018210745104408954,0.13489440818080706
LR,Digits,feature_noise,imbalance,0.45,0.3,accuracy,0.034800468401129714,0.023437563195054828,0.011362905206074886,0.08416966819314729
LR,Digits,feature_noise,imbalance,0.45,0.3,balanced_accuracy,0.04233665922473606,0.0555109371969706,-0.013174277972234541,-0.09758724423877436
LR,Digits,feature_noise,imbalance,0.45,0.3,macro_f1,0.04027118683791331,0.05348204391787696,-0.013210857079963653,-0.09785820059232335
LR,Digits,feature_noise,imbalance,0.45,0.3,mcc,0.08003528944193816,0.09985796031883748,-0.019822670876899318,-0.1468345990881431
RF,Digits,feature_noise,imbalance,0.45,0.3,accuracy,0.04121639640731323,0.02591580965020726,0.015300586757105966,0.1133376796822664
RF,Digits,feature_noise,imbalance,0.45,0.3,balanced_accuracy,0.04897286789993338,0.06600876364666033,-0.017035895746726953,-0.12619182034612558
RF,Digits,feature_noise,imbalance,0.45,0.3,macro_f1,0.04420306931029261,0.06470312719193567,-0.020500057881643066,-0.15185228060476344
RF,Digits,feature_noise,imbalance,0.45,0.3,mcc,0.08610337439905158,0.11426564984561476,-0.028162275446563176,-0.20860944775231982
RF,Digits,feature_noise,imbalance,0.45,0.3,accuracy,0.0451551085041737,0.02591580965020726,0.01923929885396644,0.14251332484419585
RF,Digits,feature_noise,imbalance,0.45,0.3,balanced_accuracy,0.0538295898152189,0.06600876364666033,-0.012179173831441431,-0.09021610245512171
RF,Digits,feature_noise,imbalance,0.45,0.3,macro_f1,0.04838157115105168,0.06470312719193567,-0.01632155604088399,-0.12090041511765919
RF,Digits,feature_noise,imbalance,0.45,0.3,mcc,0.09427631016487792,0.11426564984561476,-0.019989339680736837,-0.14806918282027284
XGB,Digits,feature_noise,imbalance,0.45,0.3,accuracy,0.036857095771725246,0.0236654079594665,0.013191687812258747,0.09771620601673145
XGB,Digits,feature_noise,imbalance,0.45,0.3,balanced_accuracy,0.04171975844835474,0.06741979111492998,-0.025700032666575237,-0.19037061234500174
XGB,Digits,feature_noise,imbalance,0.45,0.3,macro_f1,0.03950850931205119,0.0633128525788515,-0.02380434326680031,-0.17632846864296525
XGB,Digits,feature_noise,imbalance,0.45,0.3,mcc,0.07851280999647259,0.1111165124423375,-0.03260370244586491,-0.24150890700640676
XGB,Digits,feature_noise,imbalance,0.45,0.3,accuracy,0.03558847903541329,0.0236654079594665,0.011923071075946791,0.08831904500701326
XGB,Digits,feature_noise,imbalance,0.45,0.3,balanced_accuracy,0.040919021800104205,0.06741979111492998,-0.02650076931482577,-0.19630199492463532
XGB,Digits,feature_noise,imbalance,0.45,0.3,macro_f1,0.03821891306929892,0.0633128525788515,-0.025093939509552576,-0.18588103340409315
XGB,Digits,feature_noise,imbalance,0.45,0.3,mcc,0.07569717323450931,0.1111165124423375,-0.03541933920782819,-0.2623654756135422
SVM,Digits,feature_noise,imbalance,0.45,0.3,accuracy,0.01604823481061446,0.013205748462729934,0.002842486347884525,0.021055454428774257
SVM,Digits,feature_noise,imbalance,0.45,0.3,balanced_accuracy,0.019889354315756447,0.04544326472875457,-0.02555391041299812,-0.18928822528146755
SVM,Digits,feature_noise,imbalance,0.45,0.3,macro_f1,0.017424308827314605,0.042441268023321446,-0.02501695919600684,-0.18531080885930992
SVM,Digits,feature_noise,imbalance,0.45,0.3,mcc,0.03441625457982289,0.07793183480356682,-0.043515580223743924,-0.322337631286992
SVM,Digits,feature_noise,imbalance,0.45,0.3,accuracy,0.015401068840401488,0.013205748462729934,0.0021953203776715544,0.016261632427196696
SVM,Digits,feature_noise,imbalance,0.45,0.3,balanced_accuracy,0.018625862252264147,0.04544326472875457,-0.02681740247649042,-0.19864742575178088
SVM,Digits,feature_noise,imbalance,0.45,0.3,macro_f1,0.016708061629068682,0.042441268023321446,-0.025733206394252764,-0.19061634366113156
SVM,Digits,feature_noise,imbalance,0.45,0.3,mcc,0.03314798676204089,0.07793183480356682,-0.04478384804152592,-0.33173220771500683
MLP,Digits,feature_noise,imbalance,0.45,0.3,accuracy,0.028433243885252146,0.04132861701186029,-0.012895373126608142,-0.09552128241931956
MLP,Digits,feature_noise,imbalance,0.45,0.3,balanced_accuracy,0.032146204394903455,0.07947079351664618,-0.04732458912174273,-0.35055251201290905
MLP,Digits,feature_noise,imbalance,0.45,0.3,macro_f1,0.030761045283453137,0.08169093187226892,-0.05092988658881578,-0.3772584191764132
MLP,Digits,feature_noise,imbalance,0.45,0.3,mcc,0.06098705516988945,0.1417730861646749,-0.08078603099478546,-0.5984150444058182
MLP,Digits,feature_noise,imbalance,0.45,0.3,accuracy,0.025827436534989756,0.04132861701186029,-0.015501180476870532,-0.11482355908792986
MLP,Digits,feature_noise,imbalance,0.45,0.3,balanced_accuracy,0.029507162037629264,0.07947079351664618,-0.04996363147901692,-0.3701009739186438
MLP,Digits,feature_noise,imbalance,0.45,0.3,macro_f1,0.028173980568272583,0.08169093187226892,-0.053516951303996335,-0.39642186151108394
MLP,Digits,feature_noise,imbalance,0.45,0.3,mcc,0.055730597200084664,0.1417730861646749,-0.08604248896459024,-0.6373517701080759
GB,Digits,feature_noise,imbalance,0.45,0.3,accuracy,0.03519830692321779,0.023943154648237312,0.01125515227498048,0.08337149833318874
GB,Digits,feature_noise,imbalance,0.45,0.3,balanced_accuracy,0.041573833505541224,0.06455534950882272,-0.022981516003281494,-0.1702334518761592
GB,Digits,feature_noise,imbalance,0.45,0.3,macro_f1,0.03813016048332141,0.061081085293088366,-0.02295092480976696,-0.1700068504427182
GB,Digits,feature_noise,imbalance,0.45,0.3,mcc,0.07511368771018223,0.10866437379314012,-0.03355068608295789,-0.24852360061450285
GB,Digits,feature_noise,imbalance,0.45,0.3,accuracy,0.04504080129801691,0.023943154648237312,0.021097646649779596,0.15627886407244143
GB,Digits,feature_noise,imbalance,0.45,0.3,balanced_accuracy,0.051135317325588625,0.06455534950882272,-0.013420032183234093,-0.09940764580173402
GB,Digits,feature_noise,imbalance,0.45,0.3,macro_f1,0.04824523635521705,0.061081085293088366,-0.01283584893787132,-0.09508036250275051
GB,Digits,feature_noise,imbalance,0.45,0.3,mcc,0.09564663260218298,0.10866437379314012,-0.013017741190957138,-0.09642771252560843
LR,Spambase,feature_noise,imbalance,0.45,0.6,accuracy,0.023155372118952577,0.015881716218644953,0.007273655900307624,0.026939466297435644
LR,Spambase,feature_noise,imbalance,0.45,0.6,balanced_accuracy,0.09836390109572668,0.07669220592972148,0.0216716951660052,0.08026553765187111
LR,Spambase,feature_noise,imbalance,0.45,0.6,macro_f1,0.08066564175712698,0.07267369685720179,0.00799194489992519,0.029599795925648854
LR,Spambase,feature_noise,imbalance,0.45,0.6,mcc,0.1568341887402046,0.1349841437715226,0.02185004496868201,0.08092609247660003
LR,Spambase,feature_noise,imbalance,0.45,0.6,accuracy,0.025717853628802412,0.015881716218644953,0.009836137410157458,0.03643013855613873
LR,Spambase,feature_noise,imbalance,0.45,0.6,balanced_accuracy,0.1081416513588358,0.07669220592972148,0.03144944542911432,0.11647942751523821
LR,Spambase,feature_noise,imbalance,0.45,0.6,macro_f1,0.08714904553464309,0.07267369685720179,0.014475348677441296,0.05361240250904183
LR,Spambase,feature_noise,imbalance,0.45,0.6,mcc,0.1678022115843706,0.1349841437715226,0.03281806781284799,0.1215483993068444
RF,Spambase,feature_noise,imbalance,0.45,0.6,accuracy,0.0435704003730748,0.02187284139500653,0.02169755897806827,0.080361329548401
RF,Spambase,feature_noise,imbalance,0.45,0.6,balanced_accuracy,0.1537571692704529,0.09178723248515398,0.061969936785298926,0.229518284389996
RF,Spambase,feature_noise,imbalance,0.45,0.6,macro_f1,0.11674433508470516,0.08762529324771096,0.02911904183699421,0.10784830309997855
RF,Spambase,feature_noise,imbalance,0.45,0.6,mcc,0.20810891549592436,0.15535044793970068,0.05275846755622368,0.19540173168971733
RF,Spambase,feature_noise,imbalance,0.45,0.6,accuracy,0.035597650295061456,0.02187284139500653,0.013724808900054924,0.05083262555575897
RF,Spambase,feature_noise,imbalance,0.45,0.6,balanced_accuracy,0.13699839946904424,0.09178723248515398,0.04521116698389026,0.16744876660700095
RF,Spambase,feature_noise,imbalance,0.45,0.6,macro_f1,0.10090147263205762,0.08762529324771096,0.013276179384346665,0.049171034756839496
RF,Spambase,feature_noise,imbalance,0.45,0.6,mcc,0.18016927954071715,0.15535044793970068,0.024818831601016472,0.09192159852228322
XGB,Spambase,feature_noise,imbalance,0.45,0.6,accuracy,0.03861831399655913,0.01892125053473918,0.019697063461819948,0.07295208689562943
XGB,Spambase,feature_noise,imbalance,0.45,0.6,balanced_accuracy,0.11906849058032631,0.09453252130489537,0.024535969275430947,0.09087396027937387
XGB,Spambase,feature_noise,imbalance,0.45,0.6,macro_f1,0.09404207381843754,0.0871123167734916,0.0069297570449459445,0.025665766833133125
XGB,Spambase,feature_noise,imbalance,0.45,0.6,mcc,0.17939314233479742,0.14974589910540376,0.02964724322939366,0.10980460455330984
XGB,Spambase,feature_noise,imbalance,0.45,0.6,accuracy,0.03804770289963222,0.01892125053473918,0.019126452364893038,0.0708387124625668
XGB,Spambase,feature_noise,imbalance,0.45,0.6,balanced_accuracy,0.12023818130879249,0.09453252130489537,0.025705660003897124,0.09520614816258194
XGB,Spambase,feature_noise,imbalance,0.45,0.6,macro_f1,0.0940014261905997,0.0871123167734916,0.006889109417108102,0.02551522006336334
XGB,Spambase,feature_noise,imbalance,0.45,0.6,mcc,0.1790693384906984,0.14974589910540376,0.029323439385294636,0.1086053310566468
SVM,Spambase,feature_noise,imbalance,0.45,0.6,accuracy,0.014895288843104537,0.007267526673121203,0.0076277621699833344,0.028250970999938275
SVM,Spambase,feature_noise,imbalance,0.45,0.6,balanced_accuracy,0.08408423224451866,0.0686878173541692,0.015396414890349458,0.05702375885314614
SVM,Spambase,feature_noise,imbalance,0.45,0.6,macro_f1,0.06349090708752025,0.06301843900278176,0.00047246808473849766,0.001749881795327769
SVM,Spambase,feature_noise,imbalance,0.45,0.6,mcc,0.1213537881386424,0.11625921811379375,0.005094570024848644,0.01886877786980979
SVM,Spambase,feature_noise,imbalance,0.45,0.6,accuracy,0.018596560965429165,0.007267526673121203,0.011329034292307963,0.041959386267807264
SVM,Spambase,feature_noise,imbalance,0.45,0.6,balanced_accuracy,0.09458075885042694,0.0686878173541692,0.025892941496257732,0.09589978331947308
SVM,Spambase,feature_noise,imbalance,0.45,0.6,macro_f1,0.07111860003690873,0.06301843900278176,0.008100161034126974,0.030000596422692493
SVM,Spambase,feature_noise,imbalance,0.45,0.6,mcc,0.13493006563950993,0.11625921811379375,0.018670847525716183,0.06915128713228215
MLP,Spambase,feature_noise,imbalance,0.45,0.6,accuracy,0.025001201238278092,0.05456472828719512,-0.02956352704891703,-0.10949454462561863
MLP,Spambase,feature_noise,imbalance,0.45,0.6,balanced_accuracy,0.09224211493545142,0.12830888083712946,-0.03606676590167804,-0.13358061445065939
MLP,Spambase,feature_noise,imbalance,0.45,0.6,macro_f1,0.07562501760332763,0.1330978968565649,-0.05747287925323727,-0.2128625157527306
MLP,Spambase,feature_noise,imbalance,0.45,0.6,mcc,0.14749110170037372,0.22722970326196562,-0.0797386015615919,-0.2953281539318218
MLP,Spambase,feature_noise,imbalance,0.45,0.6,accuracy,0.030410659279315078,0.05456472828719512,-0.024154069007880044,-0.08945951484400015
MLP,Spambase,feature_noise,imbalance,0.45,0.6,balanced_accuracy,0.10993633909612643,0.12830888083712946,-0.01837254174100303,-0.0680464508926038
MLP,Spambase,feature_noise,imbalance,0.45,0.6,macro_f1,0.08752415450991269,0.1330978968565649,-0.04557374234665221,-0.16879163832093408
MLP,Spambase,feature_noise,imbalance,0.45,0.6,mcc,0.1686884252355313,0.22722970326196562,-0.05854127802643433,-0.21681954824605307
GB,Spambase,feature_noise,imbalance,0.45,0.6,accuracy,0.03536825507938146,0.018797307342887995,0.016570947736493466,0.06137388050553135
GB,Spambase,feature_noise,imbalance,0.45,0.6,balanced_accuracy,0.11763607720760316,0.09161349193983714,0.02602258526776602,0.09637994543617043
GB,Spambase,feature_noise,imbalance,0.45,0.6,macro_f1,0.09111692022309659,0.08536661174312157,0.005750308479975014,0.02129743881472227
GB,Spambase,feature_noise,imbalance,0.45,0.6,mcc,0.17296820489270104,0.14977166063325548,0.023196544259445562,0.0859131268868354
GB,Spambase,feature_noise,imbalance,0.45,0.6,accuracy,0.03365723231572715,0.018797307342887995,0.014859924972839153,0.055036759158663524
GB,Spambase,feature_noise,imbalance,0.45,0.6,balanced_accuracy,0.11808956554615435,0.09161349193983714,0.026476073606317208,0.0980595318752489
GB,Spambase,feature_noise,imbalance,0.45,0.6,macro_f1,0.08941241074414918,0.08536661174312157,0.004045799001027611,0.014984440744546707
GB,Spambase,feature_noise,imbalance,0.45,0.6,mcc,0.1682132619259612,0.14977166063325548,0.018441601292705723,0.06830222701002119
LR,Bank,feature_noise,imbalance,0.45,0.6,accuracy,-0.04858627498640011,0.015881716218644953,-0.06446799120504507,-0.2387703377964632
LR,Bank,feature_noise,imbalance,0.45,0.6,balanced_accuracy,0.11384292531273787,0.07669220592972148,0.037150719383016395,0.1375952569741348
LR,Bank,feature_noise,imbalance,0.45,0.6,macro_f1,0.13840651858545228,0.07267369685720179,0.06573282172825048,0.2434548952898166
LR,Bank,feature_noise,imbalance,0.45,0.6,mcc,0.2669303592050786,0.1349841437715226,0.13194621543355603,0.4886896867909482
LR,Bank,feature_noise,imbalance,0.45,0.6,accuracy,-0.05288966515041038,0.015881716218644953,-0.06877138136905533,-0.2547088198853901
LR,Bank,feature_noise,imbalance,0.45,0.6,balanced_accuracy,0.08113051293503715,0.07669220592972148,0.004438307005315667,0.016438174093761727
LR,Bank,feature_noise,imbalance,0.45,0.6,macro_f1,0.08939719882598518,0.07267369685720179,0.01672350196878339,0.061938896180679215
LR,Bank,feature_noise,imbalance,0.45,0.6,mcc,0.15867075261059133,0.1349841437715226,0.02368660883906873,0.08772818088543974
RF,Bank,feature_noise,imbalance,0.45,0.6,accuracy,-0.05330309848721604,0.02187284139500653,-0.07517593988222257,-0.27842940697119467
RF,Bank,feature_noise,imbalance,0.45,0.6,balanced_accuracy,0.09961637093759623,0.09178723248515398,0.00782913845244225,0.02899680908311944
RF,Bank,feature_noise,imbalance,0.45,0.6,macro_f1,0.1423043402823274,0.08762529324771096,0.05467904703461646,0.20251498901709797
RF,Bank,feature_noise,imbalance,0.45,0.6,mcc,0.3103952134803161,0.15535044793970068,0.15504476554061544,0.5742398723726497
RF,Bank,feature_noise,imbalance,0.45,0.6,accuracy,-0.053518615229695476,0.02187284139500653,-0.07539145662470201,-0.27922761712852595
RF,Bank,feature_noise,imbalance,0.45,0.6,balanced_accuracy,0.09748871136312831,0.09178723248515398,0.005701478877974328,0.021116588436941953
RF,Bank,feature_noise,imbalance,0.45,0.6,macro_f1,0.13815859048866252,0.08762529324771096,0.05053329724095157,0.18716036015167248
RF,Bank,feature_noise,imbalance,0.45,0.6,mcc,0.28468378289555674,0.15535044793970068,0.12933333495585606,0.4790123516883557
XGB,Bank,feature_noise,imbalance,0.45,0.6,accuracy,-0.053718152250657014,0.01892125053473918,-0.0726394027853962,-0.269034825131097
XGB,Bank,feature_noise,imbalance,0.45,0.6,balanced_accuracy,0.13415613970556073,0.09453252130489537,0.03962361840066536,0.14675414222468652
XGB,Bank,feature_noise,imbalance,0.45,0.6,macro_f1,0.1522161697035791,0.0871123167734916,0.0651038529300875,0.24112538122254626
XGB,Bank,feature_noise,imbalance,0.45,0.6,mcc,0.25046443707126487,0.14974589910540376,0.10071853796586111,0.3730316220957819
XGB,Bank,feature_noise,imbalance,0.45,0.6,accuracy,-0.0532885077028139,0.01892125053473918,-0.07220975823755309,-0.2674435490279744
XGB,Bank,feature_noise,imbalance,0.45,0.6,balanced_accuracy,0.1342901333337918,0.09453252130489537,0.03975761202889644,0.14725041492183866
XGB,Bank,feature_noise,imbalance,0.45,0.6,macro_f1,0.15287850094096567,0.0871123167734916,0.06576618416747407,0.24357845987953355
XGB,Bank,feature_noise,imbalance,0.45,0.6,mcc,0.25766449712465844,0.14974589910540376,0.10791859801925469,0.3996985111824247
SVM,Bank,feature_noise,imbalance,0.45,0.6,accuracy,-0.0594667708369504,0.007267526673121203,-0.06673429751007161,-0.24716406485211706
SVM,Bank,feature_noise,imbalance,0.45,0.6,balanced_accuracy,0.08835522516156713,0.0686878173541692,0.019667407807397924,0.07284225113851082
SVM,Bank,feature_noise,imbalance,0.45,0.6,macro_f1,0.12903559407352672,0.06301843900278176,0.06601715507074496,0.24450798174349983
SVM,Bank,feature_noise,imbalance,0.45,0.6,mcc,0.2960739797003826,0.11625921811379375,0.17981476158658882,0.6659805984688475
SVM,Bank,feature_noise,imbalance,0.45,0.6,accuracy,-0.0594667708369504,0.007267526673121203,-0.06673429751007161,-0.24716406485211706
SVM,Bank,feature_noise,imbalance,0.45,0.6,balanced_accuracy,0.08835522516156713,0.0686878173541692,0.019667407807397924,0.07284225113851082
SVM,Bank,feature_noise,imbalance,0.45,0.6,macro_f1,0.12903559407352672,0.06301843900278176,0.06601715507074496,0.24450798174349983
SVM,Bank,feature_noise,imbalance,0.45,0.6,mcc,0.2960739797003826,0.11625921811379375,0.17981476158658882,0.6659805984688475
MLP,Bank,feature_noise,imbalance,0.45,0.6,accuracy,-0.05780586131462895,0.05456472828719512,-0.11237058960182407,-0.41618736889564467
MLP,Bank,feature_noise,imbalance,0.45,0.6,balanced_accuracy,0.11347871258009623,0.12830888083712946,-0.014830168257033233,-0.05492654910012308
MLP,Bank,feature_noise,imbalance,0.45,0.6,macro_f1,0.14892145835003562,0.1330978968565649,0.015823561493470722,0.05860578330915082
MLP,Bank,feature_noise,imbalance,0.45,0.6,mcc,0.30980956723032554,0.22722970326196562,0.08257986396835992,0.30585134803096264
MLP,Bank,feature_noise,imbalance,0.45,0.6,accuracy,-0.05802207252566627,0.05456472828719512,-0.11258680081286139,-0.4169881511587459
MLP,Bank,feature_noise,imbalance,0.45,0.6,balanced_accuracy,0.0990333299125229,0.12830888083712946,-0.02927555092460657,-0.10842796638743173
MLP,Bank,feature_noise,imbalance,0.45,0.6,macro_f1,0.12528260926853219,0.1330978968565649,-0.00781528758803271,-0.028945509585306332
MLP,Bank,feature_noise,imbalance,0.45,0.6,mcc,0.25333987003811387,0.22722970326196562,0.026110166776148247,0.09670432139314165
GB,Bank,feature_noise,imbalance,0.45,0.6,accuracy,-0.04795309096380662,0.018797307342887995,-0.06675039830669462,-0.24722369743220227
GB,Bank,feature_noise,imbalance,0.45,0.6,balanced_accuracy,0.13130511171056036,0.09161349193983714,0.03969161977072322,0.14700599915082674
GB,Bank,feature_noise,imbalance,0.45,0.6,macro_f1,0.14843284502703802,0.08536661174312157,0.06306623328391645,0.2335786417922831
GB,Bank,feature_noise,imbalance,0.45,0.6,mcc,0.28333983690806297,0.14977166063325548,0.1335681762748075,0.49469694916595364
GB,Bank,feature_noise,imbalance,0.45,0.6,accuracy,-0.0498888063242936,0.018797307342887995,-0.0686861136671816,-0.25439301358215405
GB,Bank,feature_noise,imbalance,0.45,0.6,balanced_accuracy,0.12227447546606951,0.09161349193983714,0.030660983526232366,0.11355919824530505
GB,Bank,feature_noise,imbalance,0.45,0.6,macro_f1,0.13573602040089472,0.08536661174312157,0.050369408657773146,0.1865533653991598
GB,Bank,feature_noise,imbalance,0.45,0.6,mcc,0.2550735588757924,0.14977166063325548,0.10530189824253694,0.3900070305279146
LR,Wine,feature_noise,imbalance,0.45,0.6,accuracy,0.06378840161448829,0.015881716218644953,0.047906685395843335,0.1774321681327531
LR,Wine,feature_noise,imbalance,0.45,0.6,balanced_accuracy,0.07514991181657837,0.07669220592972148,-0.0015422941131431056,-0.005712200419048539
LR,Wine,feature_noise,imbalance,0.45,0.6,macro_f1,0.07685535915898745,0.07267369685720179,0.004181662301785655,0.015487638154761682
LR,Wine,feature_noise,imbalance,0.45,0.6,mcc,0.11879338596836386,0.1349841437715226,-0.016190757803158734,-0.05996576964132864
LR,Wine,feature_noise,imbalance,0.45,0.6,accuracy,0.029796306752828294,0.015881716218644953,0.013914590534183341,0.05153552049697533
LR,Wine,feature_noise,imbalance,0.45,0.6,balanced_accuracy,0.030070546737213433,0.07669220592972148,-0.04662165919250805,-0.17267281182410388
LR,Wine,feature_noise,imbalance,0.45,0.6,macro_f1,0.03471983843614734,0.07267369685720179,-0.03795385842105445,-0.14056984600390535
LR,Wine,feature_noise,imbalance,0.45,0.6,mcc,0.055994884852176297,0.1349841437715226,-0.0789892589193463,-0.2925528108123937
RF,Wine,feature_noise,imbalance,0.45,0.6,accuracy,0.04483468222598663,0.02187284139500653,0.0229618408309801,0.08504385492955592
RF,Wine,feature_noise,imbalance,0.45,0.6,balanced_accuracy,0.08910052910052912,0.09178723248515398,-0.0026867033846248584,-0.009950753276388363
RF,Wine,feature_noise,imbalance,0.45,0.6,macro_f1,0.06387851203621808,0.08762529324771096,-0.023746781211492873,-0.08795104152404767
RF,Wine,feature_noise,imbalance,0.45,0.6,mcc,0.08777073663643464,0.15535044793970068,-0.06757971130326604,-0.2502952270491335
RF,Wine,feature_noise,imbalance,0.45,0.6,accuracy,0.08198883242361521,0.02187284139500653,0.06011599102860868,0.22265181862447658
RF,Wine,feature_noise,imbalance,0.45,0.6,balanced_accuracy,0.13751322751322748,0.09178723248515398,0.04572599502807349,0.16935553714101292
RF,Wine,feature_noise,imbalance,0.45,0.6,macro_f1,0.11739203105678198,0.08762529324771096,0.02976673780907102,0.1102471770706334
RF,Wine,feature_noise,imbalance,0.45,0.6,mcc,0.16192489297597545,0.15535044793970068,0.006574445036274773,0.024349796430647306
XGB,Wine,feature_noise,imbalance,0.45,0.6,accuracy,0.009948553861597209,0.01892125053473918,-0.008972696673141971,-0.03323220990052582
XGB,Wine,feature_noise,imbalance,0.45,0.6,balanced_accuracy,0.03736251402918089,0.09453252130489537,-0.057170007275714474,-0.21174076768783137
XGB,Wine,feature_noise,imbalance,0.45,0.6,macro_f1,0.025723545554609317,0.0871123167734916,-0.06138877121888228,-0.2273658193291936
XGB,Wine,feature_noise,imbalance,0.45,0.6,mcc,0.03220483970586652,0.14974589910540376,-0.11754105939953724,-0.43533725703532306
XGB,Wine,feature_noise,imbalance,0.45,0.6,accuracy,0.0376165380513207,0.01892125053473918,0.018695287516581522,0.06924180561696859
XGB,Wine,feature_noise,imbalance,0.45,0.6,balanced_accuracy,0.08958473625140306,0.09453252130489537,-0.004947785053492304,-0.018325129827749274
XGB,Wine,feature_noise,imbalance,0.45,0.6,macro_f1,0.06699285223084961,0.0871123167734916,-0.02011946454264199,-0.07451653534311847
XGB,Wine,feature_noise,imbalance,0.45,0.6,mcc,0.08838234056441063,0.14974589910540376,-0.061363558540993124,-0.22727243904071526
SVM,Wine,feature_noise,imbalance,0.45,0.6,accuracy,0.01795721187025534,0.007267526673121203,0.010689685197134138,0.03959142665605236
SVM,Wine,feature_noise,imbalance,0.45,0.6,balanced_accuracy,0.02150713484046818,0.0686878173541692,-0.04718068251370103,-0.17474326856926306
SVM,Wine,feature_noise,imbalance,0.45,0.6,macro_f1,0.022332447382052645,0.06301843900278176,-0.04068599162072911,-0.15068885785455224
SVM,Wine,feature_noise,imbalance,0.45,0.6,mcc,0.03776130105820952,0.11625921811379375,-0.07849791705558423,-0.2907330261317934
SVM,Wine,feature_noise,imbalance,0.45,0.6,accuracy,0.036534286969069574,0.007267526673121203,0.029266760295948373,0.10839540850351248
SVM,Wine,feature_noise,imbalance,0.45,0.6,balanced_accuracy,0.07230078563411901,0.0686878173541692,0.0036129682799498075,0.013381363999814102
SVM,Wine,feature_noise,imbalance,0.45,0.6,macro_f1,0.05638199703041569,0.06301843900278176,-0.0066364419723660695,-0.024579414712466923
SVM,Wine,feature_noise,imbalance,0.45,0.6,mcc,0.07359361004799292,0.11625921811379375,-0.04266560806580083,-0.15802077061407713
MLP,Wine,feature_noise,imbalance,0.45,0.6,accuracy,0.18350252002425904,0.05456472828719512,0.12893779173706393,0.47754737680394044
MLP,Wine,feature_noise,imbalance,0.45,0.6,balanced_accuracy,0.25088985088985105,0.12830888083712946,0.12258097005272159,0.4540035927878577
MLP,Wine,feature_noise,imbalance,0.45,0.6,macro_f1,0.23460654199044728,0.1330978968565649,0.10150864513388239,0.3759579449403051
MLP,Wine,feature_noise,imbalance,0.45,0.6,mcc,0.3722842906862802,0.22722970326196562,0.1450545874243146,0.5372392126826466
MLP,Wine,feature_noise,imbalance,0.45,0.6,accuracy,0.132514377731769,0.05456472828719512,0.07794964944457387,0.2887024053502736
MLP,Wine,feature_noise,imbalance,0.45,0.6,balanced_accuracy,0.2669215969215971,0.12830888083712946,0.13861271608446765,0.5133804299424728
MLP,Wine,feature_noise,imbalance,0.45,0.6,macro_f1,0.2467054384692866,0.1330978968565649,0.11360754161272171,0.42076867263971
MLP,Wine,feature_noise,imbalance,0.45,0.6,mcc,0.3255156163645304,0.22722970326196562,0.09828591310256479,0.3640219003798696
GB,Wine,feature_noise,imbalance,0.45,0.6,accuracy,0.05411380889641759,0.018797307342887995,0.0353165015535296,0.13080185760566518
GB,Wine,feature_noise,imbalance,0.45,0.6,balanced_accuracy,0.12761584094917433,0.09161349193983714,0.03600234900933719,0.1333420333679155
GB,Wine,feature_noise,imbalance,0.45,0.6,macro_f1,0.09928454190259794,0.08536661174312157,0.013917930159476372,0.051547889479542114
GB,Wine,feature_noise,imbalance,0.45,0.6,mcc,0.12694646671737686,0.14977166063325548,-0.022825193915878617,-0.08453775524399487
GB,Wine,feature_noise,imbalance,0.45,0.6,accuracy,0.046603927473492845,0.018797307342887995,0.02780662013060485,0.10298748196520315
GB,Wine,feature_noise,imbalance,0.45,0.6,balanced_accuracy,0.07856822190155521,0.09161349193983714,-0.013045270038281931,-0.04831581495659974
GB,Wine,feature_noise,imbalance,0.45,0.6,macro_f1,0.08092990271462541,0.08536661174312157,-0.004436709028496161,-0.016432255661096892
GB,Wine,feature_noise,imbalance,0.45,0.6,mcc,0.10397472048552348,0.14977166063325548,-0.045796940147732,-0.16961829684345184
LR,BreastCancer,feature_noise,imbalance,0.45,0.6,accuracy,0.0026447257014603487,0.015881716218644953,-0.013236990517184605,-0.04902589080438742
LR,BreastCancer,feature_noise,imbalance,0.45,0.6,balanced_accuracy,0.023576109848532423,0.07669220592972148,-0.05311609608118906,-0.19672628178218168
LR,BreastCancer,feature_noise,imbalance,0.45,0.6,macro_f1,0.01804061567011095,0.07267369685720179,-0.05463308118709084,-0.20234474513737347
LR,BreastCancer,feature_noise,imbalance,0.45,0.6,mcc,0.0357748434234646,0.1349841437715226,-0.099209300348058,-0.3674418531409555
LR,BreastCancer,feature_noise,imbalance,0.45,0.6,accuracy,0.009411834996659318,0.015881716218644953,-0.006469881221985635,-0.02396252304439124
LR,BreastCancer,feature_noise,imbalance,0.45,0.6,balanced_accuracy,0.0371169134939342,0.07669220592972148,-0.03957529243578728,-0.1465751571695825
LR,BreastCancer,feature_noise,imbalance,0.45,0.6,macro_f1,0.03039283986611152,0.07267369685720179,-0.04228085699109027,-0.15659576663366767
LR,BreastCancer,feature_noise,imbalance,0.45,0.6,mcc,0.058912449651990606,0.1349841437715226,-0.07607169411953199,-0.2817470152575259
RF,BreastCancer,feature_noise,imbalance,0.45,0.6,accuracy,-0.0046339427200099426,0.02187284139500653,-0.026506784115016474,-0.09817327450006101
RF,BreastCancer,feature_noise,imbalance,0.45,0.6,balanced_accuracy,0.041615885080967585,0.09178723248515398,-0.0501713474041864,-0.18581980520069036
RF,BreastCancer,feature_noise,imbalance,0.45,0.6,macro_f1,0.01744140448819831,0.08762529324771096,-0.07018388875951265,-0.2599403287389357
RF,BreastCancer,feature_noise,imbalance,0.45,0.6,mcc,0.031066112895651865,0.15535044793970068,-0.12428433504404882,-0.4603123520149956
RF,BreastCancer,feature_noise,imbalance,0.45,0.6,accuracy,0.004405893847916453,0.02187284139500653,-0.017466947547090078,-0.06469239832255584
RF,BreastCancer,feature_noise,imbalance,0.45,0.6,balanced_accuracy,0.05617793055643483,0.09178723248515398,-0.03560930192871915,-0.13188630343970056
RF,BreastCancer,feature_noise,imbalance,0.45,0.6,macro_f1,0.03378067941803198,0.08762529324771096,-0.05384461382967898,-0.19942449566547768
RF,BreastCancer,feature_noise,imbalance,0.45,0.6,mcc,0.06230392631107806,0.15535044793970068,-0.09304652162862262,-0.34461674677267634
XGB,BreastCancer,feature_noise,imbalance,0.45,0.6,accuracy,0.0035378102920742283,0.01892125053473918,-0.015383440242664952,-0.05697570460246278
XGB,BreastCancer,feature_noise,imbalance,0.45,0.6,balanced_accuracy,0.04344344363286656,0.09453252130489537,-0.051089077672028804,-0.18921880619269926
XGB,BreastCancer,feature_noise,imbalance,0.45,0.6,macro_f1,0.028058844827560825,0.0871123167734916,-0.059053471945930774,-0.21871656276270657
XGB,BreastCancer,feature_noise,imbalance,0.45,0.6,mcc,0.051185793668786284,0.14974589910540376,-0.09856010543661747,-0.36503742754302765
XGB,BreastCancer,feature_noise,imbalance,0.45,0.6,accuracy,0.0012140104963640486,0.01892125053473918,-0.017707240038375132,-0.06558237051250049
XGB,BreastCancer,feature_noise,imbalance,0.45,0.6,balanced_accuracy,0.03306762663940266,0.09453252130489537,-0.06146489466549271,-0.22764775802034334
XGB,BreastCancer,feature_noise,imbalance,0.45,0.6,macro_f1,0.022059847087225748,0.0871123167734916,-0.06505246968626585,-0.24093507291209573
XGB,BreastCancer,feature_noise,imbalance,0.45,0.6,mcc,0.04230472027812626,0.14974589910540376,-0.1074411788272775,-0.3979302919528796
SVM,BreastCancer,feature_noise,imbalance,0.45,0.6,accuracy,0.0049071026145124375,0.007267526673121203,-0.0023604240586087653,-0.008742311328180612
SVM,BreastCancer,feature_noise,imbalance,0.45,0.6,balanced_accuracy,0.04035357073280221,0.0686878173541692,-0.028334246621366993,-0.10494165415321108
SVM,BreastCancer,feature_noise,imbalance,0.45,0.6,macro_f1,0.023513200758485064,0.06301843900278176,-0.03950523824429669,-0.14631569720109885
SVM,BreastCancer,feature_noise,imbalance,0.45,0.6,mcc,0.04524401688975377,0.11625921811379375,-0.07101520122403998,-0.26301926379274065
SVM,BreastCancer,feature_noise,imbalance,0.45,0.6,accuracy,0.0070776848412746896,0.007267526673121203,-0.00018984183184651317,-0.0007031178957278265
SVM,BreastCancer,feature_noise,imbalance,0.45,0.6,balanced_accuracy,0.036513701451756586,0.0686878173541692,-0.03217411590241262,-0.11916339223115785
SVM,BreastCancer,feature_noise,imbalance,0.45,0.6,macro_f1,0.02765349171570275,0.06301843900278176,-0.03536494728707901,-0.13098128624844077
SVM,BreastCancer,feature_noise,imbalance,0.45,0.6,mcc,0.05292072012075966,0.11625921811379375,-0.06333849799303409,-0.23458702960382996
MLP,BreastCancer,feature_noise,imbalance,0.45,0.6,accuracy,0.014780495989446862,0.05456472828719512,-0.03978423229774826,-0.14734900851017874
MLP,BreastCancer,feature_noise,imbalance,0.45,0.6,balanced_accuracy,0.1080953452640655,0.12830888083712946,-0.020213535573063962,-0.07486494656690355
MLP,BreastCancer,feature_noise,imbalance,0.45,0.6,macro_f1,0.07183638843735562,0.1330978968565649,-0.06126150841920927,-0.22689447562670098
MLP,BreastCancer,feature_noise,imbalance,0.45,0.6,mcc,0.12313564885126671,0.22722970326196562,-0.10409405441069891,-0.38553353485444036
MLP,BreastCancer,feature_noise,imbalance,0.45,0.6,accuracy,0.02611859609159184,0.05456472828719512,-0.028446132195603283,-0.10535604516890104
MLP,BreastCancer,feature_noise,imbalance,0.45,0.6,balanced_accuracy,0.1144023046675452,0.12830888083712946,-0.013906576169584267,-0.05150583766512691
MLP,BreastCancer,feature_noise,imbalance,0.45,0.6,macro_f1,0.08567985319320137,0.1330978968565649,-0.047418043663363524,-0.17562238393838342
MLP,BreastCancer,feature_noise,imbalance,0.45,0.6,mcc,0.15291197699618386,0.22722970326196562,-0.07431772626578176,-0.2752508380214139
GB,BreastCancer,feature_noise,imbalance,0.45,0.6,accuracy,0.005965753313502686,0.018797307342887995,-0.012831554029385309,-0.04752427418290855
GB,BreastCancer,feature_noise,imbalance,0.45,0.6,balanced_accuracy,0.040065031726560285,0.09161349193983714,-0.05154846021327686,-0.19092022301213651
GB,BreastCancer,feature_noise,imbalance,0.45,0.6,macro_f1,0.03590877459434749,0.08536661174312157,-0.04945783714877408,-0.18317717462508917
GB,BreastCancer,feature_noise,imbalance,0.45,0.6,mcc,0.06820651335709571,0.14977166063325548,-0.08156514727615977,-0.30209313805985094
GB,BreastCancer,feature_noise,imbalance,0.45,0.6,accuracy,-0.0008268922431877712,0.018797307342887995,-0.019624199586075766,-0.0726822206891695
GB,BreastCancer,feature_noise,imbalance,0.45,0.6,balanced_accuracy,0.04075947617100473,0.09161349193983714,-0.05085401576883242,-0.18834820655123116
GB,BreastCancer,feature_noise,imbalance,0.45,0.6,macro_f1,0.02605791916895439,0.08536661174312157,-0.05930869257416718,-0.21966182434876733
GB,BreastCancer,feature_noise,imbalance,0.45,0.6,mcc,0.04953977014603994,0.14977166063325548,-0.10023189048721554,-0.3712292240267242
LR,Digits,feature_noise,imbalance,0.45,0.6,accuracy,0.030199385506125,0.015881716218644953,0.014317669287480045,0.05302840476844461
LR,Digits,feature_noise,imbalance,0.45,0.6,balanced_accuracy,0.07797237542494528,0.07669220592972148,0.001280169495223804,0.004741368500828904
LR,Digits,feature_noise,imbalance,0.45,0.6,macro_f1,0.06835768856884772,0.07267369685720179,-0.004316008288354073,-0.01598521588279286
LR,Digits,feature_noise,imbalance,0.45,0.6,mcc,0.1326199136053544,0.1349841437715226,-0.0023642301661681853,-0.00875640802284513
LR,Digits,feature_noise,imbalance,0.45,0.6,accuracy,0.022272363435676623,0.015881716218644953,0.00639064721703167,0.02366906376678396
LR,Digits,feature_noise,imbalance,0.45,0.6,balanced_accuracy,0.06249506713073549,0.07669220592972148,-0.014197138798985987,-0.052581995551799945
LR,Digits,feature_noise,imbalance,0.45,0.6,macro_f1,0.05561755949792169,0.07267369685720179,-0.017056137359280105,-0.06317087910844482
LR,Digits,feature_noise,imbalance,0.45,0.6,mcc,0.10970471479326438,0.1349841437715226,-0.025279428978258217,-0.0936275147342897
RF,Digits,feature_noise,imbalance,0.45,0.6,accuracy,0.06432336239924852,0.02187284139500653,0.04245052100424199,0.15722415186756292
RF,Digits,feature_noise,imbalance,0.45,0.6,balanced_accuracy,0.12156613591810994,0.09178723248515398,0.029778903432955958,0.11029223493687391
RF,Digits,feature_noise,imbalance,0.45,0.6,macro_f1,0.09354529280155177,0.08762529324771096,0.005919999553840816,0.021925924273484502
RF,Digits,feature_noise,imbalance,0.45,0.6,mcc,0.17124933052263513,0.15535044793970068,0.015898882582934454,0.05888475030716464
RF,Digits,feature_noise,imbalance,0.45,0.6,accuracy,0.06195189588435546,0.02187284139500653,0.040079054489348925,0.14844094255314416
RF,Digits,feature_noise,imbalance,0.45,0.6,balanced_accuracy,0.11569674832181409,0.09178723248515398,0.02390951583666011,0.0885537623580004
RF,Digits,feature_noise,imbalance,0.45,0.6,macro_f1,0.08982331150743461,0.08762529324771096,0.0021980182597236553,0.00814080836934687
RF,Digits,feature_noise,imbalance,0.45,0.6,mcc,0.16562183995555158,0.15535044793970068,0.010271392015850894,0.03804219265129961
XGB,Digits,feature_noise,imbalance,0.45,0.6,accuracy,0.030491135632852884,0.01892125053473918,0.011569885098113703,0.04285142628931001
XGB,Digits,feature_noise,imbalance,0.45,0.6,balanced_accuracy,0.059520627629062184,0.09453252130489537,-0.03501189367583318,-0.12967368028086362
XGB,Digits,feature_noise,imbalance,0.45,0.6,macro_f1,0.04673306142531097,0.0871123167734916,-0.040379255348180626,-0.14955279758585416
XGB,Digits,feature_noise,imbalance,0.45,0.6,mcc,0.09079698760665766,0.14974589910540376,-0.05894891149874609,-0.21832930184720772
XGB,Digits,feature_noise,imbalance,0.45,0.6,accuracy,0.03130692011397607,0.01892125053473918,0.012385669579236886,0.04587285029346994
XGB,Digits,feature_noise,imbalance,0.45,0.6,balanced_accuracy,0.06344442517183868,0.09453252130489537,-0.031088096133056686,-0.11514109678909883
XGB,Digits,feature_noise,imbalance,0.45,0.6,macro_f1,0.04849823613129178,0.0871123167734916,-0.038614080642199816,-0.14301511348962895
XGB,Digits,feature_noise,imbalance,0.45,0.6,mcc,0.09225247434639317,0.14974589910540376,-0.05749342475901059,-0.21293861021855773
SVM,Digits,feature_noise,imbalance,0.45,0.6,accuracy,0.020427560659779354,0.007267526673121203,0.01316003398665815,0.04874086661725241
SVM,Digits,feature_noise,imbalance,0.45,0.6,balanced_accuracy,0.043005169526233455,0.0686878173541692,-0.02568264782793575,-0.09512091788124351
SVM,Digits,feature_noise,imbalance,0.45,0.6,macro_f1,0.030890827384193686,0.06301843900278176,-0.03212761161858807,-0.11899115414291878
SVM,Digits,feature_noise,imbalance,0.45,0.6,mcc,0.05964117766831034,0.11625921811379375,-0.05661804044548341,-0.20969644609438298
SVM,Digits,feature_noise,imbalance,0.45,0.6,accuracy,0.019646557687541533,0.007267526673121203,0.01237903101442033,0.04584826301637159
SVM,Digits,feature_noise,imbalance,0.45,0.6,balanced_accuracy,0.039969175786014444,0.0686878173541692,-0.028718641568154762,-0.10636533914131392
SVM,Digits,feature_noise,imbalance,0.45,0.6,macro_f1,0.02985898965108813,0.06301843900278176,-0.033159449351693626,-0.12281277537664305
SVM,Digits,feature_noise,imbalance,0.45,0.6,mcc,0.057973700668260464,0.11625921811379375,-0.058285517445533286,-0.21587228683530846
MLP,Digits,feature_noise,imbalance,0.45,0.6,accuracy,0.03354095313488936,0.05456472828719512,-0.02102377515230576,-0.07786583389742874
MLP,Digits,feature_noise,imbalance,0.45,0.6,balanced_accuracy,0.0630121856723781,0.12830888083712946,-0.06529669516475137,-0.24183961172130133
MLP,Digits,feature_noise,imbalance,0.45,0.6,macro_f1,0.052173727586527496,0.1330978968565649,-0.0809241692700374,-0.29971914544458295
MLP,Digits,feature_noise,imbalance,0.45,0.6,mcc,0.10195453636422935,0.22722970326196562,-0.12527516689773627,-0.4639820996212454
MLP,Digits,feature_noise,imbalance,0.45,0.6,accuracy,0.031185296396762596,0.05456472828719512,-0.023379431890432525,-0.08659048848308343
MLP,Digits,feature_noise,imbalance,0.45,0.6,balanced_accuracy,0.058858942085627475,0.12830888083712946,-0.06944993875150199,-0.25722199537593327
MLP,Digits,feature_noise,imbalance,0.45,0.6,macro_f1,0.04959426056709848,0.1330978968565649,-0.08350363628946642,-0.3092727269980237
MLP,Digits,feature_noise,imbalance,0.45,0.6,mcc,0.0951511122156693,0.22722970326196562,-0.13207859104629632,-0.4891799668381345
GB,Digits,feature_noise,imbalance,0.45,0.6,accuracy,0.04181821445995937,0.018797307342887995,0.023020907117071374,0.08526261895211619
GB,Digits,feature_noise,imbalance,0.45,0.6,balanced_accuracy,0.08160081219783011,0.09161349193983714,-0.010012679742007036,-0.0370839990444705
GB,Digits,feature_noise,imbalance,0.45,0.6,macro_f1,0.06345282378581507,0.08536661174312157,-0.021913787957306502,-0.0811621776196537
GB,Digits,feature_noise,imbalance,0.45,0.6,mcc,0.12154640156765606,0.14977166063325548,-0.028225259065599417,-0.10453799653925709
GB,Digits,feature_noise,imbalance,0.45,0.6,accuracy,0.03865942106212217,0.018797307342887995,0.019862113719234173,0.07356338414531174
GB,Digits,feature_noise,imbalance,0.45,0.6,balanced_accuracy,0.07526332441045513,0.09161349193983714,-0.01635016752938201,-0.06055617603474818
GB,Digits,feature_noise,imbalance,0.45,0.6,macro_f1,0.058915759634135534,0.08536661174312157,-0.02645085210898604,-0.09796611892217051
GB,Digits,feature_noise,imbalance,0.45,0.6,mcc,0.11199117806643522,0.14977166063325548,-0.03778048256682026,-0.1399277132104454
