dataset,algorithm,algo_family,label_noise,missing,feature_noise,imbalance,n_samples,seed,accuracy,accuracy_std,balanced_accuracy,balanced_accuracy_std,macro_f1,macro_f1_std,mcc,mcc_std,active_dim,severity
Spambase,LR,Linear,0.1,0.0,0.0,0.0,4601,42,0.819601331256196,0.014553380134151927,0.8041478021329432,0.01705546186523621,0.8096135348664546,0.016532531882172127,0.6255544477941347,0.03054058024205642,label_noise,0.1
Spambase,LR,Linear,0.1,0.0,0.0,0.0,4601,43,0.8219954680640136,0.002679990849653813,0.8065284125693314,0.003481908717274888,0.8123489506076214,0.0029335299237971233,0.6327382174220858,0.006047832345169739,label_noise,0.1
Spambase,LR,Linear,0.1,0.0,0.0,0.0,4601,44,0.8330781758957656,0.017683197334468274,0.8175144519220614,0.01931280447869978,0.8234499011386122,0.019208665984274537,0.6525348600029423,0.03747148320980455,label_noise,0.1
Spambase,RF,Ensemble,0.1,0.0,0.0,0.0,4601,42,0.8461185856583109,0.01018993123121569,0.8343398151342198,0.011237340534957622,0.8388814670868975,0.010854509046452234,0.6814271344194315,0.021397128375282896,label_noise,0.1
Spambase,RF,Ensemble,0.1,0.0,0.0,0.0,4601,43,0.8526422130954068,0.011939172295788761,0.840187085332305,0.012481707526481456,0.8456422172613214,0.012618751838362644,0.6961701177697727,0.02514434454342596,label_noise,0.1
Spambase,RF,Ensemble,0.1,0.0,0.0,0.0,4601,44,0.8558974177406412,0.014113319760749069,0.8439031924912552,0.016549976714481968,0.84863455096082,0.015632347073940508,0.7006235769260375,0.02942322536885048,label_noise,0.1
Spambase,XGB,Boosting,0.1,0.0,0.0,0.0,4601,42,0.8506823868196195,0.011725316594338581,0.841127607812162,0.01354642333183476,0.8444346807825337,0.012730273129762843,0.6909434311527551,0.02470225413254819,label_noise,0.1
Spambase,XGB,Boosting,0.1,0.0,0.0,0.0,4601,43,0.8515543124203371,0.008486595916242776,0.8411996239416573,0.009071117373311493,0.8453605907981956,0.008969645248308447,0.6934496868940692,0.017722570309131134,label_noise,0.1
Spambase,XGB,Boosting,0.1,0.0,0.0,0.0,4601,44,0.8598099891422366,0.014992810124244763,0.850174150853559,0.01699125979694727,0.8535611226419624,0.016222723981341794,0.7088393666480306,0.031422617551422775,label_noise,0.1
Spambase,SVM,Kernel,0.1,0.0,0.0,0.0,4601,42,0.835033517443233,0.01493401483627667,0.8219758142778387,0.016389177654226803,0.826840651317897,0.01610620314782092,0.6580768709873026,0.031501427268140314,label_noise,0.1
Spambase,SVM,Kernel,0.1,0.0,0.0,0.0,4601,43,0.8409047349289525,0.006846612709760571,0.8287871731226216,0.0068640873103879615,0.8336419249994027,0.007084478101624087,0.6714486030193065,0.014565201672640268,label_noise,0.1
Spambase,SVM,Kernel,0.1,0.0,0.0,0.0,4601,44,0.8482903743567956,0.018921648592027142,0.8357743515212379,0.02125631934427618,0.8405417978115761,0.0206311145292046,0.684464847360815,0.03982656152442656,label_noise,0.1
Spambase,MLP,Neural,0.1,0.0,0.0,0.0,4601,42,0.8352492564792522,0.011868088357941271,0.8251996720793032,0.014809152488518808,0.8283084729511951,0.013377513990404332,0.6586327099881647,0.02526981001184876,label_noise,0.1
Spambase,MLP,Neural,0.1,0.0,0.0,0.0,4601,43,0.8422097908700372,0.006780679651895824,0.8325875848293078,0.005823659987936279,0.8360152123528699,0.006542869412056343,0.6743786836752114,0.013974697023228884,label_noise,0.1
Spambase,MLP,Neural,0.1,0.0,0.0,0.0,4601,44,0.8430767596657697,0.015602728306123836,0.8312715179019274,0.017538948330731136,0.8354545380283043,0.01690058208363298,0.6736084527316554,0.03289597977457473,label_noise,0.1
Spambase,GB,Boosting,0.1,0.0,0.0,0.0,4601,42,0.8467714676863523,0.007327211119252819,0.8366446648196,0.008417742052138154,0.8402013426891776,0.007831505335102868,0.6829353356488572,0.015305488672083666,label_noise,0.1
Spambase,GB,Boosting,0.1,0.0,0.0,0.0,4601,43,0.8485120143511307,0.010010643800491333,0.8378571950872067,0.010423193977141636,0.8421095123629385,0.010493497562706424,0.6871177186767256,0.020925388149506608,label_noise,0.1
Spambase,GB,Boosting,0.1,0.0,0.0,0.0,4601,44,0.8554638153236086,0.013157879451970505,0.8456902848821484,0.015278478946417607,0.8490183956002484,0.014326003779907519,0.699837587775751,0.02753364076494862,label_noise,0.1
Bank,LR,Linear,0.1,0.0,0.0,0.0,5000,42,0.8158000000000001,0.006997142273814333,0.5805760115946975,0.012831745122531883,0.5924449719969048,0.01799190101103491,0.2683588287848734,0.0394432547909498,label_noise,0.1
Bank,LR,Linear,0.1,0.0,0.0,0.0,5000,43,0.8122,0.003969886648255797,0.5680138166354431,0.008234096399718305,0.5748707902979369,0.012102270316095386,0.23349469414812662,0.02261121135101222,label_noise,0.1
Bank,LR,Linear,0.1,0.0,0.0,0.0,5000,44,0.8164,0.0028705400188814255,0.5670610282685071,0.010464866871375494,0.5738910963956492,0.014910254523807745,0.2329774376013051,0.018966539515371007,label_noise,0.1
Bank,RF,Ensemble,0.1,0.0,0.0,0.0,5000,42,0.8093999999999999,0.005642694391866307,0.5561682004039917,0.013587683621743289,0.5556092223488152,0.0210276633785014,0.21322523745277638,0.03980698683736691,label_noise,0.1
Bank,RF,Ensemble,0.1,0.0,0.0,0.0,5000,43,0.813,0.0006324555320336414,0.5546624556946012,0.007751317012761768,0.5533535192090191,0.013078194232914281,0.21736238323173773,0.012669309866913295,label_noise,0.1
Bank,RF,Ensemble,0.1,0.0,0.0,0.0,5000,44,0.8192,0.006144916598294862,0.5548745292121466,0.012545637940207065,0.5542911898892069,0.01989076803585398,0.2257370510024268,0.04395494099780865,label_noise,0.1
Bank,XGB,Boosting,0.1,0.0,0.0,0.0,5000,42,0.8080000000000002,0.004690415759823396,0.5806432588504427,0.009842371214095962,0.5920765737601482,0.013457000571350082,0.24631569417418184,0.021196540779147385,label_noise,0.1
Bank,XGB,Boosting,0.1,0.0,0.0,0.0,5000,43,0.808,0.00576194411635514,0.5731133709354573,0.013142986478174483,0.5822572060901561,0.018437661528718518,0.22867909152786048,0.03530329882232801,label_noise,0.1
Bank,XGB,Boosting,0.1,0.0,0.0,0.0,5000,44,0.8144,0.006374950980203653,0.5809892451144621,0.010467600780778049,0.5935683437955547,0.01400343666633623,0.24806992779111062,0.023501326704048985,label_noise,0.1
Bank,SVM,Kernel,0.1,0.0,0.0,0.0,5000,42,0.8082,0.010851727973000394,0.5478460835038478,0.017633084870411576,0.5421798267552337,0.026525318732946335,0.1976796835339615,0.06949002653734934,label_noise,0.1
Bank,SVM,Kernel,0.1,0.0,0.0,0.0,5000,43,0.8052000000000001,0.004118252056394804,0.539401713107013,0.008316290473848659,0.5298378816310878,0.01330566964270186,0.16216310139795764,0.029966094923962773,label_noise,0.1
Bank,SVM,Kernel,0.1,0.0,0.0,0.0,5000,44,0.8118000000000001,0.006368673331236226,0.5459064906641939,0.012979944736695944,0.5411227534451788,0.020652970645878236,0.18210864850754155,0.04515647456693378,label_noise,0.1
Bank,MLP,Neural,0.1,0.0,0.0,0.0,5000,42,0.8092,0.01310572394032466,0.5635791188839431,0.022669885222783927,0.5672599504693717,0.03385694876745788,0.2241338009485526,0.07586601473802787,label_noise,0.1
Bank,MLP,Neural,0.1,0.0,0.0,0.0,5000,43,0.8076000000000001,0.005043808085167369,0.552806689008273,0.027647601646672234,0.5472222430277751,0.05188287893330025,0.1733303706347688,0.09744562838882662,label_noise,0.1
Bank,MLP,Neural,0.1,0.0,0.0,0.0,5000,44,0.8146000000000001,0.0028705400188814194,0.5615540795598806,0.02454569199752582,0.5629976513020432,0.04044761058085943,0.21332321608405933,0.05252215800682167,label_noise,0.1
Bank,GB,Boosting,0.1,0.0,0.0,0.0,5000,42,0.8084,0.007227724399837037,0.5850501508095497,0.009804993066203596,0.5981515776815153,0.012660147427591858,0.2542239110074464,0.029012006260126035,label_noise,0.1
Bank,GB,Boosting,0.1,0.0,0.0,0.0,5000,43,0.8054,0.003929376540877704,0.5780483037094573,0.006774568097962618,0.5891717291595652,0.009072241566430895,0.23070468049150744,0.017809527975860554,label_noise,0.1
Bank,GB,Boosting,0.1,0.0,0.0,0.0,5000,44,0.8128,0.009579144011862398,0.5776076218421726,0.012987615045450896,0.5893100331755373,0.017865287040606484,0.2390850416855803,0.039635165442595884,label_noise,0.1
Wine,LR,Linear,0.1,0.0,0.0,0.0,178,42,0.8538095238095238,0.03736536256989676,0.8547186147186145,0.03398596504413086,0.8528132030403001,0.036076582808993125,0.7816980810693283,0.05472944726928358,label_noise,0.1
Wine,LR,Linear,0.1,0.0,0.0,0.0,178,43,0.8369841269841268,0.04136618790313763,0.8333333333333334,0.03834865738887842,0.8285760835732047,0.04041085907069287,0.7560283321932606,0.06268502181077168,label_noise,0.1
Wine,LR,Linear,0.1,0.0,0.0,0.0,178,44,0.8934920634920636,0.05957437006090108,0.8947319347319347,0.05753587974614627,0.895158929692663,0.05837575688889172,0.8427991547362221,0.08778984650988646,label_noise,0.1
Wine,RF,Ensemble,0.1,0.0,0.0,0.0,178,42,0.8647619047619048,0.04241571607932064,0.8674458874458875,0.041879531598170754,0.8656970110423383,0.0409706781900056,0.797660830405636,0.06331136814095345,label_noise,0.1
Wine,RF,Ensemble,0.1,0.0,0.0,0.0,178,43,0.8871428571428572,0.0412038544503684,0.8847619047619049,0.038648828939413765,0.8805072184694263,0.03879006769248002,0.8306800648471077,0.06297987447823156,label_noise,0.1
Wine,RF,Ensemble,0.1,0.0,0.0,0.0,178,44,0.9046031746031746,0.03330459834769115,0.9044832944832946,0.032690867000477394,0.9054817560324805,0.032247785935370143,0.8588584425169881,0.05029442150890509,label_noise,0.1
Wine,XGB,Boosting,0.1,0.0,0.0,0.0,178,42,0.8536507936507937,0.04890743824559857,0.854025974025974,0.04728446011416123,0.8542632881427694,0.046146485624597285,0.7787716387667546,0.07450827180487139,label_noise,0.1
Wine,XGB,Boosting,0.1,0.0,0.0,0.0,178,43,0.8420634920634921,0.06200439682391566,0.8377777777777778,0.05935423228482247,0.8341820443539708,0.05994482537187741,0.761675851995782,0.09411928816020704,label_noise,0.1
Wine,XGB,Boosting,0.1,0.0,0.0,0.0,178,44,0.8544444444444445,0.06135408305223581,0.857047397047397,0.05726030034231495,0.857227532716788,0.05957521196776705,0.7834726626183738,0.09099318813679176,label_noise,0.1
Wine,SVM,Kernel,0.1,0.0,0.0,0.0,178,42,0.8704761904761906,0.03893712589858975,0.869004329004329,0.039931727121506666,0.8694574526391559,0.038750028107403106,0.8055968518330369,0.05875717348779455,label_noise,0.1
Wine,SVM,Kernel,0.1,0.0,0.0,0.0,178,43,0.8874603174603175,0.0531506698093653,0.8831746031746033,0.056737144874602186,0.8807430644946888,0.05465515265636813,0.8299627736103371,0.08207299096599492,label_noise,0.1
Wine,SVM,Kernel,0.1,0.0,0.0,0.0,178,44,0.9047619047619048,0.04844781448262768,0.904910644910645,0.046601379324064406,0.9059173644391034,0.04747107455093044,0.8602782690869464,0.07223933231443272,label_noise,0.1
Wine,MLP,Neural,0.1,0.0,0.0,0.0,178,42,0.8144444444444445,0.07420766487247218,0.821038961038961,0.0715093862648949,0.8162743543596058,0.06991489147549443,0.7269501348101925,0.11046938149547977,label_noise,0.1
Wine,MLP,Neural,0.1,0.0,0.0,0.0,178,43,0.6966666666666665,0.1856942059420093,0.7252910052910052,0.15751924353972743,0.6703898099298975,0.2135334375112063,0.5837132885268619,0.2367759210903355,label_noise,0.1
Wine,MLP,Neural,0.1,0.0,0.0,0.0,178,44,0.7971428571428572,0.047866026183348814,0.7976612276612277,0.04533226834073771,0.7943227354422685,0.05846674591934576,0.7035103815359669,0.061639188055711856,label_noise,0.1
Wine,GB,Boosting,0.1,0.0,0.0,0.0,178,42,0.785873015873016,0.060364225814015654,0.7838816738816738,0.061199860254795006,0.7842803285074255,0.05890466730061779,0.6758719924192962,0.09215907808134573,label_noise,0.1
Wine,GB,Boosting,0.1,0.0,0.0,0.0,178,43,0.8420634920634921,0.05402424732998764,0.8388888888888889,0.05163462759296198,0.8343491912208917,0.05254265830290449,0.7623984644417282,0.08155606523100994,label_noise,0.1
Wine,GB,Boosting,0.1,0.0,0.0,0.0,178,44,0.887936507936508,0.04989129023709241,0.8902097902097903,0.04658950696162333,0.8878891414543588,0.05059138938373632,0.8354749955646581,0.07219572079638821,label_noise,0.1
BreastCancer,LR,Linear,0.1,0.0,0.0,0.0,569,42,0.8470113336438441,0.03175215383870889,0.8309946007388463,0.03412279944054977,0.8366925023459025,0.034293319224815204,0.6788190969112948,0.06948616876685446,label_noise,0.1
BreastCancer,LR,Linear,0.1,0.0,0.0,0.0,569,43,0.8664337835739794,0.02245374140666543,0.8488236401279879,0.029535911805931476,0.8557138446022382,0.026448880669321013,0.7169286394136699,0.04966103265724261,label_noise,0.1
BreastCancer,LR,Linear,0.1,0.0,0.0,0.0,569,44,0.8805309734513275,0.023109128001912237,0.8647386942958388,0.023334772797254304,0.8729434807305448,0.024078030804543377,0.7550009509735167,0.04761025031524695,label_noise,0.1
BreastCancer,RF,Ensemble,0.1,0.0,0.0,0.0,569,42,0.827619934792734,0.04869447795475296,0.8179042341574311,0.04550243406763873,0.8195571420124026,0.04880165719005002,0.641674147175769,0.09948927232504806,label_noise,0.1
BreastCancer,RF,Ensemble,0.1,0.0,0.0,0.0,569,43,0.8488433473063189,0.02514199943746733,0.8369254658385092,0.028503554498476132,0.8394014377491352,0.027609906758970345,0.6815789403462681,0.0537109850402873,label_noise,0.1
BreastCancer,RF,Ensemble,0.1,0.0,0.0,0.0,569,44,0.8822698338767271,0.0274357237910014,0.8720178898184703,0.02593111236406734,0.8767769348000092,0.02799022589080219,0.7559724358501985,0.05764836168877934,label_noise,0.1
BreastCancer,XGB,Boosting,0.1,0.0,0.0,0.0,569,42,0.8171401956217978,0.03168483051175468,0.8060528559249788,0.03178403196242918,0.8078699350757429,0.032657213547794606,0.616776147979661,0.06516029539682237,label_noise,0.1
BreastCancer,XGB,Boosting,0.1,0.0,0.0,0.0,569,43,0.8453035242974692,0.03188801441710596,0.8332034632034633,0.033837377730931616,0.8357186847563588,0.03410011283363874,0.6745173043842444,0.06765217094035186,label_noise,0.1
BreastCancer,XGB,Boosting,0.1,0.0,0.0,0.0,569,44,0.868203695078404,0.023460441328238588,0.8561939445721819,0.02221865583117715,0.8615137348372068,0.023650470143794317,0.7265124053912144,0.04842782439777389,label_noise,0.1
BreastCancer,SVM,Kernel,0.1,0.0,0.0,0.0,569,42,0.8540599285825182,0.02685500998275491,0.839180164819551,0.030647475921693364,0.8442869723742819,0.029545698521751915,0.6947961248277823,0.05688137491357106,label_noise,0.1
BreastCancer,SVM,Kernel,0.1,0.0,0.0,0.0,569,43,0.8664182580344667,0.013036036609604451,0.8497986071899115,0.015374557159588449,0.8564266495209619,0.014782779160017398,0.7169532715693886,0.02892771357405404,label_noise,0.1
BreastCancer,SVM,Kernel,0.1,0.0,0.0,0.0,569,44,0.887532991771464,0.01153040752587024,0.8737699988385872,0.008377804768737954,0.8810817960684225,0.010895388390120919,0.7683745822874869,0.025286105268740835,label_noise,0.1
BreastCancer,MLP,Neural,0.1,0.0,0.0,0.0,569,42,0.8435491383325571,0.0182337266251086,0.8296476271668087,0.019694093817722393,0.8339783154068193,0.019462873005293074,0.6713740583697728,0.03834547001598565,label_noise,0.1
BreastCancer,MLP,Neural,0.1,0.0,0.0,0.0,569,43,0.8418568545256948,0.018168556562458218,0.8246690507560072,0.027065198862535323,0.8296690464582982,0.023352543890130483,0.665530596822244,0.038907084919635994,label_noise,0.1
BreastCancer,MLP,Neural,0.1,0.0,0.0,0.0,569,44,0.8453656264555194,0.008561458781586342,0.8288214136911893,0.009775966914668564,0.835737626731388,0.009522828415247736,0.6786628854944357,0.018663737938998847,label_noise,0.1
BreastCancer,GB,Boosting,0.1,0.0,0.0,0.0,569,42,0.8188324794286601,0.04840444938513658,0.8089087809036657,0.04777540900232342,0.8102555762608681,0.04945679927806333,0.6216612913096947,0.09922411890129777,label_noise,0.1
BreastCancer,GB,Boosting,0.1,0.0,0.0,0.0,569,43,0.8347616829684832,0.02650381034123954,0.82218897044984,0.02685730068984424,0.8245701820546053,0.02769430035725564,0.6530366255822238,0.055314877282743063,label_noise,0.1
BreastCancer,GB,Boosting,0.1,0.0,0.0,0.0,569,44,0.862878435025617,0.029872227372159072,0.851672434475606,0.02955046684722491,0.8562703383668502,0.0308653206903263,0.7150662167404146,0.06250492379062186,label_noise,0.1
Digits,LR,Linear,0.1,0.0,0.0,0.0,1797,42,0.7901841535128442,0.02098848295293715,0.7900179620614403,0.021723372552831265,0.7896750944229739,0.02137010279542774,0.5818404144523146,0.04270323166548822,label_noise,0.1
Digits,LR,Linear,0.1,0.0,0.0,0.0,1797,43,0.8168879603837821,0.02673638905925267,0.8168870266914959,0.02670803300166221,0.8167841617208133,0.026738928397934066,0.6344894656519606,0.05342589307941361,label_noise,0.1
Digits,LR,Linear,0.1,0.0,0.0,0.0,1797,44,0.8130099040544723,0.016769783316680786,0.8127306616961789,0.01665453186650361,0.812733755801314,0.016776158496025966,0.6260718895451662,0.03322204250503634,label_noise,0.1
Digits,RF,Ensemble,0.1,0.0,0.0,0.0,1797,42,0.8692200557103064,0.006933009114374707,0.869463202191463,0.007158108410911719,0.8691099682818988,0.007018200995402187,0.7396614402604442,0.013734674162617411,label_noise,0.1
Digits,RF,Ensemble,0.1,0.0,0.0,0.0,1797,43,0.8898081089445992,0.01485860135447133,0.8898075729360645,0.01485887987742008,0.8898024576877412,0.014859156011695485,0.7796875426110088,0.029719470269345714,label_noise,0.1
Digits,RF,Ensemble,0.1,0.0,0.0,0.0,1797,44,0.8820148560817085,0.00903838849670941,0.882360094084232,0.009217955700261965,0.881977987963783,0.009065488211166822,0.7645266061983683,0.018470794507547555,label_noise,0.1
Digits,XGB,Boosting,0.1,0.0,0.0,0.0,1797,42,0.8541999380996597,0.008572537061719147,0.8541932447693317,0.00822825032968774,0.8539984369997582,0.008484417859698001,0.7096403136375197,0.01692039355372849,label_noise,0.1
Digits,XGB,Boosting,0.1,0.0,0.0,0.0,1797,43,0.8664422779325287,0.015865970158927708,0.8664338919925513,0.01586266904444872,0.8664256010677548,0.015869298259734224,0.7330275532738515,0.03169247384203628,label_noise,0.1
Digits,XGB,Boosting,0.1,0.0,0.0,0.0,1797,44,0.8759021974620861,0.006291967887144816,0.8760710957262681,0.006216323543814076,0.8758504827858559,0.006282027639551802,0.7518821024077332,0.012477002757320079,label_noise,0.1
Digits,SVM,Kernel,0.1,0.0,0.0,0.0,1797,42,0.8775673166202415,0.008699743264011992,0.8778539418865506,0.008812747082639386,0.8774965207298046,0.008704566432069795,0.7561813329422177,0.017821703450401367,label_noise,0.1
Digits,SVM,Kernel,0.1,0.0,0.0,0.0,1797,43,0.8920411637264005,0.01703119250472937,0.8920391061452513,0.017048671672437746,0.8920286377860582,0.017036970598300703,0.784239817933724,0.03407341756307649,label_noise,0.1
Digits,SVM,Kernel,0.1,0.0,0.0,0.0,1797,44,0.888701640359022,0.010708721328537243,0.8890207251586564,0.01061716124156604,0.8886634290338786,0.010706800139158127,0.7778673907812405,0.021129129159386865,label_noise,0.1
Digits,MLP,Neural,0.1,0.0,0.0,0.0,1797,42,0.8419529557412566,0.01351193832789094,0.8418021617043354,0.013486579359539464,0.8417149357682596,0.013408095545417997,0.6848695000666366,0.028080293788039286,label_noise,0.1
Digits,MLP,Neural,0.1,0.0,0.0,0.0,1797,43,0.8653187867533273,0.015515180492946281,0.8653227808814401,0.015505558384665392,0.8653122913409803,0.015516111268389584,0.7307150417291213,0.030999222948947292,label_noise,0.1
Digits,MLP,Neural,0.1,0.0,0.0,0.0,1797,44,0.8592092231507273,0.008376056753657846,0.8591569697776593,0.008439276479837844,0.859094051596783,0.008401438411368827,0.7183232824203297,0.016770073111525386,label_noise,0.1
Digits,GB,Boosting,0.1,0.0,0.0,0.0,1797,42,0.8497431135871247,0.01404853285127874,0.8498454186823752,0.013588126756466937,0.8495505817065616,0.013885650025388468,0.701084736584603,0.028308629018880305,label_noise,0.1
Digits,GB,Boosting,0.1,0.0,0.0,0.0,1797,43,0.8658836273599505,0.01951242086336624,0.8658845437616389,0.019496942876006593,0.8658653861543684,0.019517166515412625,0.7319565382046793,0.03895029332357387,label_noise,0.1
Digits,GB,Boosting,0.1,0.0,0.0,0.0,1797,44,0.8708882698854843,0.007510244867559334,0.87096702613944,0.007699379784126782,0.8708080104826843,0.007562542389048326,0.7418109505925242,0.015204573303104218,label_noise,0.1
Spambase,LR,Linear,0.2,0.0,0.0,0.0,4601,42,0.727016003398952,0.006308508885340415,0.707826809406922,0.008029247811796493,0.7106405072526396,0.00834560383482406,0.4367135477915111,0.013282676336600076,label_noise,0.2
Spambase,LR,Linear,0.2,0.0,0.0,0.0,4601,43,0.7415765000236039,0.010845329548384311,0.7242890913763442,0.0120487238320268,0.727537450455018,0.012367895031070286,0.4690966540464805,0.02320006739190114,label_noise,0.2
Spambase,LR,Linear,0.2,0.0,0.0,0.0,4601,44,0.7385358542227258,0.007646716031501952,0.721509207749856,0.008185365938615775,0.7245923288672861,0.008442345007483566,0.4635710663883764,0.016183475510223276,label_noise,0.2
Spambase,RF,Ensemble,0.2,0.0,0.0,0.0,4601,42,0.7531001274606997,0.011908830919869093,0.7380811795093933,0.011863701020634465,0.7415173324896943,0.012212635523259676,0.49156176423528297,0.024771101543608558,label_noise,0.2
Spambase,RF,Ensemble,0.2,0.0,0.0,0.0,4601,43,0.7622227729783317,0.009987523486059113,0.747129197180277,0.010499073234786115,0.750853199248123,0.010627140102969857,0.5124315324919526,0.02165072107573539,label_noise,0.2
Spambase,RF,Ensemble,0.2,0.0,0.0,0.0,4601,44,0.7554864750035406,0.0061659979416093,0.742898091310186,0.005431572747149659,0.7459744152888039,0.005746393181308452,0.4985059569072382,0.012959326343638113,label_noise,0.2
Spambase,XGB,Boosting,0.2,0.0,0.0,0.0,4601,42,0.7509257423405561,0.006563369353018282,0.7381219296979031,0.0059475531069110455,0.7409782273839082,0.006187183990453017,0.4872356916728123,0.013094520088045191,label_noise,0.2
Spambase,XGB,Boosting,0.2,0.0,0.0,0.0,4601,43,0.7617884624463013,0.012539827974095296,0.7493626065900221,0.013348424599579242,0.7524406285918082,0.01330268938935926,0.5111460579316833,0.026583585117207976,label_noise,0.2
Spambase,XGB,Boosting,0.2,0.0,0.0,0.0,4601,44,0.755053580701506,0.005154968296653948,0.7438987147515825,0.0052581983970397825,0.7465828677745314,0.00531937653993113,0.4976820271905028,0.01058119226505972,label_noise,0.2
Spambase,SVM,Kernel,0.2,0.0,0.0,0.0,4601,42,0.7463598168342539,0.00896901277111409,0.7318006495277516,0.00978342136862603,0.7349218732783535,0.009837685280505526,0.4772891618886367,0.01869738892148437,label_noise,0.2
Spambase,SVM,Kernel,0.2,0.0,0.0,0.0,4601,43,0.7520075060189775,0.010318263376715868,0.7378212162977935,0.010379890491611744,0.7410936273897094,0.010644155096086422,0.49063122021430905,0.022108787017729434,label_noise,0.2
Spambase,SVM,Kernel,0.2,0.0,0.0,0.0,4601,44,0.7478780153896992,0.008692642773100202,0.7351834356416651,0.008101829262872676,0.7380977299664963,0.008432651620082334,0.482618023862641,0.01813253263800096,label_noise,0.2
Spambase,MLP,Neural,0.2,0.0,0.0,0.0,4601,42,0.7426660529670018,0.007070800963223705,0.7299420604743799,0.006343214269389941,0.7326184278499119,0.006631910503739726,0.4699286571365664,0.014244746308721936,label_noise,0.2
Spambase,MLP,Neural,0.2,0.0,0.0,0.0,4601,43,0.7470084501723079,0.013859959360077712,0.7333549822781542,0.015331450376804718,0.7363113031051807,0.015459306864489165,0.47998479902325697,0.02915290462754926,label_noise,0.2
Spambase,MLP,Neural,0.2,0.0,0.0,0.0,4601,44,0.7530956427323797,0.008043794423559009,0.7402591118357951,0.009096633256798417,0.7432942406904285,0.009094939339140077,0.49338115768934043,0.016838748855611346,label_noise,0.2
Spambase,GB,Boosting,0.2,0.0,0.0,0.0,4601,42,0.7500549969315016,0.005064174322927367,0.7376100541578715,0.0055386428827066255,0.7402599035843236,0.0053128103637666915,0.48575138551725533,0.010124823030444468,label_noise,0.2
Spambase,GB,Boosting,0.2,0.0,0.0,0.0,4601,43,0.7602688476608602,0.009126236836082175,0.7482552086203698,0.010674261473564504,0.751168700688449,0.010362943291503182,0.5079014268310849,0.01931894581516662,label_noise,0.2
Spambase,GB,Boosting,0.2,0.0,0.0,0.0,4601,44,0.7552728603125147,0.005365889396600241,0.7439198158450029,0.006299141982441593,0.7466556719308386,0.006199718071664379,0.49803522311627696,0.011158216927335296,label_noise,0.2
Bank,LR,Linear,0.2,0.0,0.0,0.0,5000,42,0.7308,0.009826494797230606,0.5526256000629142,0.013246391433781502,0.5353404307033995,0.019457239671888334,0.1835685158555649,0.04441670178804029,label_noise,0.2
Bank,LR,Linear,0.2,0.0,0.0,0.0,5000,43,0.7396,0.007787168933572721,0.548261168226826,0.0114925429741581,0.529830583361087,0.018117752062523144,0.17608993286133792,0.03644329774710227,label_noise,0.2
Bank,LR,Linear,0.2,0.0,0.0,0.0,5000,44,0.7323999999999999,0.006740919818541093,0.5321329357052311,0.008319388788466574,0.4996627476700756,0.01246253586641259,0.13708521810591384,0.03597262817153073,label_noise,0.2
Bank,RF,Ensemble,0.2,0.0,0.0,0.0,5000,42,0.7276,0.005535341001239224,0.5423554133466453,0.009778231986652348,0.5168446996892593,0.017353118341766737,0.16059323428895161,0.030545667574085996,label_noise,0.2
Bank,RF,Ensemble,0.2,0.0,0.0,0.0,5000,43,0.7342,0.004915282290977807,0.5349499847989605,0.00879183350430884,0.5071172591182396,0.014843954225897748,0.13832523514431308,0.02887784756237973,label_noise,0.2
Bank,RF,Ensemble,0.2,0.0,0.0,0.0,5000,44,0.7312000000000001,0.005455272678794347,0.5246347165995802,0.008445254682554615,0.4835148139229313,0.01409771784989806,0.11786574265942988,0.03679893067285269,label_noise,0.2
Bank,XGB,Boosting,0.2,0.0,0.0,0.0,5000,42,0.7202,0.006852736679604732,0.5504937488691678,0.008757274458917778,0.5376475923299989,0.01243694051461989,0.15756081964755986,0.025493521754677246,label_noise,0.2
Bank,XGB,Boosting,0.2,0.0,0.0,0.0,5000,43,0.7302,0.0011661903789690613,0.5467471380393273,0.004824992236369133,0.5328787205733788,0.008140145840814732,0.15176974853317113,0.011019678160185675,label_noise,0.2
Bank,XGB,Boosting,0.2,0.0,0.0,0.0,5000,44,0.7278,0.006273754856543254,0.5363384915917483,0.006984995263661922,0.5123277173511598,0.010663246642985204,0.1334526213205509,0.025963625601063505,label_noise,0.2
Bank,SVM,Kernel,0.2,0.0,0.0,0.0,5000,42,0.7251999999999998,0.0020396078054371156,0.5339240634194702,0.0033420827909130873,0.5012947445423748,0.005978613281279946,0.14037637354442567,0.011162831556413013,label_noise,0.2
Bank,SVM,Kernel,0.2,0.0,0.0,0.0,5000,43,0.7345999999999999,0.003136877428271627,0.5328720954472999,0.00436734671049922,0.5023692543899989,0.008458494080311093,0.13707014811908075,0.015290465028660995,label_noise,0.2
Bank,SVM,Kernel,0.2,0.0,0.0,0.0,5000,44,0.727,0.005932958789676535,0.5203676870705959,0.0012710834151416187,0.4777361248556248,0.0061131684746301325,0.09927373877626579,0.01611256366192888,label_noise,0.2
Bank,MLP,Neural,0.2,0.0,0.0,0.0,5000,42,0.7245999999999999,0.010248902380255175,0.5489765756760618,0.01289137602450894,0.5319718017749556,0.02000192770952213,0.1640043681140671,0.04150486515672164,label_noise,0.2
Bank,MLP,Neural,0.2,0.0,0.0,0.0,5000,43,0.7376,0.006183849933496128,0.5473716465527905,0.009245239533030544,0.5293654219300148,0.01572723723540092,0.16943283221887348,0.027302707117535803,label_noise,0.2
Bank,MLP,Neural,0.2,0.0,0.0,0.0,5000,44,0.728,0.010039920318408915,0.5291048392163976,0.011152200084337647,0.4969528283283194,0.01657138014742586,0.12041090063619005,0.049930612845834534,label_noise,0.2
Bank,GB,Boosting,0.2,0.0,0.0,0.0,5000,42,0.7177999999999999,0.0064000000000000055,0.5451216554567455,0.006494183646619225,0.5294730579769453,0.008869662159071751,0.14427402764095065,0.022389077679278106,label_noise,0.2
Bank,GB,Boosting,0.2,0.0,0.0,0.0,5000,43,0.7348,0.002785677655436826,0.5541260856475929,0.007425566973068599,0.5434098192518518,0.011664003448717772,0.1730618334493781,0.017008725479921858,label_noise,0.2
Bank,GB,Boosting,0.2,0.0,0.0,0.0,5000,44,0.7322,0.004534313619501858,0.5405034336769308,0.004974326004009623,0.5174980159036713,0.007642006557346454,0.15125369911747488,0.01926129972663417,label_noise,0.2
Wine,LR,Linear,0.2,0.0,0.0,0.0,178,42,0.6965079365079365,0.04856883487213261,0.6967399267399267,0.05054622179093228,0.6969958567169962,0.048547566225604494,0.5465639566238946,0.0717995469999978,label_noise,0.2
Wine,LR,Linear,0.2,0.0,0.0,0.0,178,43,0.7866666666666665,0.08124038404635961,0.7821489621489621,0.07338642994572919,0.779846754257128,0.07749104588940568,0.6814499801689157,0.1185497865087333,label_noise,0.2
Wine,LR,Linear,0.2,0.0,0.0,0.0,178,44,0.7531746031746032,0.03882891390836995,0.752975912975913,0.03349545360078143,0.7514139659715108,0.036477442550567396,0.6333038926800274,0.05933828853411458,label_noise,0.2
Wine,RF,Ensemble,0.2,0.0,0.0,0.0,178,42,0.7133333333333333,0.03355707224275785,0.7144078144078143,0.03547535832158484,0.7114110957989019,0.03284047386340178,0.5743817865647949,0.05211014292654667,label_noise,0.2
Wine,RF,Ensemble,0.2,0.0,0.0,0.0,178,43,0.7861904761904762,0.073356005565544,0.781050061050061,0.06969787961066379,0.7799715128234397,0.07205593622909777,0.6802505918028728,0.10876587317703072,label_noise,0.2
Wine,RF,Ensemble,0.2,0.0,0.0,0.0,178,44,0.7644444444444445,0.04346830540989449,0.763986013986014,0.040604517280125346,0.7616584437317601,0.04369940535565711,0.6540880096480656,0.06522925297983927,label_noise,0.2
Wine,XGB,Boosting,0.2,0.0,0.0,0.0,178,42,0.6746031746031746,0.04885950467181391,0.6737007437007436,0.055616073165764696,0.6684999301773495,0.05470223787772498,0.5142794894026208,0.07837535550873617,label_noise,0.2
Wine,XGB,Boosting,0.2,0.0,0.0,0.0,178,43,0.758095238095238,0.08830220218977908,0.7546031746031747,0.08620350807824924,0.7564906536280895,0.08834895035476374,0.6353277515260163,0.13229185811874108,label_noise,0.2
Wine,XGB,Boosting,0.2,0.0,0.0,0.0,178,44,0.6861904761904761,0.07883889061062142,0.6857420357420357,0.0752928787608398,0.6832285451279483,0.0764492149785836,0.531185817662428,0.11844882250498968,label_noise,0.2
Wine,SVM,Kernel,0.2,0.0,0.0,0.0,178,42,0.7466666666666667,0.049592443283619364,0.7447308247308247,0.054379406579608464,0.745748923533673,0.05068261410349312,0.6209742827472905,0.07584812244187154,label_noise,0.2
Wine,SVM,Kernel,0.2,0.0,0.0,0.0,178,43,0.7919047619047619,0.07743429175066224,0.7884574684574683,0.07552558562074878,0.7865164221051911,0.07701540487615909,0.6893447831049956,0.11505497983363706,label_noise,0.2
Wine,SVM,Kernel,0.2,0.0,0.0,0.0,178,44,0.7922222222222223,0.032970053676107246,0.793030303030303,0.03270081965955204,0.7907287366417802,0.03466010797915882,0.6965592792948241,0.04541622667601037,label_noise,0.2
Wine,MLP,Neural,0.2,0.0,0.0,0.0,178,42,0.6393650793650792,0.10740837177350059,0.6567776667776667,0.09191435317354188,0.6264286000337974,0.12854095772383153,0.4839726765927006,0.14280575895550154,label_noise,0.2
Wine,MLP,Neural,0.2,0.0,0.0,0.0,178,43,0.6515873015873016,0.10758462716867792,0.6645828245828246,0.1037679114619714,0.6342571002785942,0.13982223158578352,0.500233689731527,0.13787806231969715,label_noise,0.2
Wine,MLP,Neural,0.2,0.0,0.0,0.0,178,44,0.6290476190476191,0.06592864356123321,0.6396348096348096,0.06574382325113794,0.5946121561156624,0.09776892385628616,0.47558021439876547,0.09812056739509355,label_noise,0.2
Wine,GB,Boosting,0.2,0.0,0.0,0.0,178,42,0.6573015873015873,0.04501448494512941,0.6540670440670441,0.048335299113901706,0.6512108696417594,0.04837837151381176,0.4877765697402624,0.07490115033368118,label_noise,0.2
Wine,GB,Boosting,0.2,0.0,0.0,0.0,178,43,0.72984126984127,0.07144726386808194,0.7258852258852259,0.0648902525577189,0.7243961200964542,0.06802626395168289,0.5967110586924921,0.10612046752869457,label_noise,0.2
Wine,GB,Boosting,0.2,0.0,0.0,0.0,178,44,0.685873015873016,0.04859683949879724,0.6856410256410256,0.04703063561133919,0.6803278234821286,0.050477493871508405,0.5351403055394334,0.07269552443671164,label_noise,0.2
BreastCancer,LR,Linear,0.2,0.0,0.0,0.0,569,42,0.7346685297314082,0.026408162314967457,0.7053324808184144,0.025542645204703247,0.7105660630283814,0.027062990068588668,0.4370274272118647,0.05783201689262261,label_noise,0.2
BreastCancer,LR,Linear,0.2,0.0,0.0,0.0,569,43,0.7504114267970812,0.04263301276978883,0.7306209861567006,0.048044245305327846,0.7340700157200452,0.04828017891509434,0.48308926652497164,0.09057571619403529,label_noise,0.2
BreastCancer,LR,Linear,0.2,0.0,0.0,0.0,569,44,0.7749728303058532,0.03319284098923983,0.7573469387755102,0.03784953773409711,0.7610908501684467,0.03899361487758746,0.5396907284535221,0.0701012551347342,label_noise,0.2
BreastCancer,RF,Ensemble,0.2,0.0,0.0,0.0,569,42,0.7451793199813694,0.05651649534886286,0.7311324239840864,0.05546880755659781,0.7326942184961572,0.05757542776731854,0.4705988406197723,0.12035587525977574,label_noise,0.2
BreastCancer,RF,Ensemble,0.2,0.0,0.0,0.0,569,43,0.7433783573979195,0.025377367006421715,0.7287026663812378,0.031751461724941754,0.7309617167866406,0.03086212637168572,0.4696604418615423,0.056798855036584966,label_noise,0.2
BreastCancer,RF,Ensemble,0.2,0.0,0.0,0.0,569,44,0.7977798478497127,0.04293287522059897,0.7860145211930926,0.04984583376862473,0.7887080361512048,0.048580440352144115,0.584178981755868,0.09041949983361522,label_noise,0.2
BreastCancer,XGB,Boosting,0.2,0.0,0.0,0.0,569,42,0.7223257258189723,0.045568635432701336,0.7020233020744528,0.047711438203081255,0.7043973549409961,0.04701986163188505,0.417064334735899,0.09853259196617158,label_noise,0.2
BreastCancer,XGB,Boosting,0.2,0.0,0.0,0.0,569,43,0.7345598509548207,0.04173063438215548,0.7215593335236192,0.049769890585522204,0.7226163447018958,0.04710222731075529,0.45217871496229983,0.09198689095357827,label_noise,0.2
BreastCancer,XGB,Boosting,0.2,0.0,0.0,0.0,569,44,0.7837602856699271,0.025876775848110826,0.773246991104134,0.031868915928588065,0.7753910120061629,0.030394123684229925,0.5561726842969165,0.055846131716723896,label_noise,0.2
BreastCancer,SVM,Kernel,0.2,0.0,0.0,0.0,569,42,0.7662474770998291,0.04251207413755476,0.7481244671781756,0.04450445313401594,0.7517230912186936,0.04445507974730907,0.5095490713583255,0.09129662075099469,label_noise,0.2
BreastCancer,SVM,Kernel,0.2,0.0,0.0,0.0,569,43,0.7609687936655798,0.026964398383673965,0.7414356476856476,0.030243022508949818,0.7458835525856531,0.030749419922100764,0.5059115816415553,0.05772490911118881,label_noise,0.2
BreastCancer,SVM,Kernel,0.2,0.0,0.0,0.0,569,44,0.7854991460953269,0.036003367949019156,0.7711839351125065,0.040347806179483414,0.7747619026462842,0.040783951806361775,0.5597195415993117,0.0760540706944196,label_noise,0.2
BreastCancer,MLP,Neural,0.2,0.0,0.0,0.0,569,42,0.7486725663716814,0.03710391516844948,0.7261921000284172,0.037197000997001045,0.730591650148209,0.03782490253674537,0.4708496153247917,0.07963050362975578,label_noise,0.2
BreastCancer,MLP,Neural,0.2,0.0,0.0,0.0,569,43,0.7398851110076075,0.02526217588909339,0.7251000784929357,0.033546990642185366,0.726841471173733,0.032185809883191016,0.46290096193053787,0.05782769395751663,label_noise,0.2
BreastCancer,MLP,Neural,0.2,0.0,0.0,0.0,569,44,0.7433473063188947,0.04692575761449929,0.7337159863945579,0.04935252760421255,0.7345984646433733,0.04975657244277883,0.4741043201623925,0.09619345714187795,label_noise,0.2
BreastCancer,GB,Boosting,0.2,0.0,0.0,0.0,569,42,0.7258189722092843,0.040258714871899276,0.708529411764706,0.04297035973161406,0.7104226550347061,0.04220141833313568,0.42508970658486145,0.0868077285855496,label_noise,0.2
BreastCancer,GB,Boosting,0.2,0.0,0.0,0.0,569,43,0.7415618692749574,0.03777958766491726,0.7304183316683318,0.04501350599529909,0.7310180596411697,0.042251425589818196,0.4694062499108453,0.08489968671828453,label_noise,0.2
BreastCancer,GB,Boosting,0.2,0.0,0.0,0.0,569,44,0.7608290638099675,0.05368872090612957,0.7532044740973313,0.0584662903422407,0.7536369203952933,0.05747269829679395,0.5102713412426632,0.11440528374941723,label_noise,0.2
Digits,LR,Linear,0.2,0.0,0.0,0.0,1797,42,0.685026307644692,0.01759558375703525,0.6835193388085391,0.018090654179007258,0.6835145904211637,0.018161566381747297,0.36833828720774014,0.0355241592385207,label_noise,0.2
Digits,LR,Linear,0.2,0.0,0.0,0.0,1797,43,0.7317703497369236,0.0077456843576970795,0.7315911914172784,0.007879050807974434,0.7313252804107222,0.007750930421917743,0.4641719482384091,0.015939923152030598,label_noise,0.2
Digits,LR,Linear,0.2,0.0,0.0,0.0,1797,44,0.7328783658310121,0.01675494718888174,0.7327458261820399,0.016942567259112275,0.7325691023764336,0.017063084313576497,0.46628904674056476,0.033129054638633124,label_noise,0.2
Digits,RF,Ensemble,0.2,0.0,0.0,0.0,1797,42,0.745677808727948,0.02022138532154818,0.745468351533652,0.020208167565781712,0.7451930905684898,0.020254405437712175,0.49117546130790546,0.040341531699817086,label_noise,0.2
Digits,RF,Ensemble,0.2,0.0,0.0,0.0,1797,43,0.7751949860724234,0.017543587671051408,0.7750550536420101,0.01783288088398182,0.774711190118129,0.017824375047196573,0.5516732130723058,0.0347275488983824,label_noise,0.2
Digits,RF,Ensemble,0.2,0.0,0.0,0.0,1797,44,0.7757288765088207,0.010068945202269952,0.7757305590302932,0.010133260808424803,0.7756241732260467,0.010098675626429944,0.5519243784922863,0.020231804902668443,label_noise,0.2
Digits,XGB,Boosting,0.2,0.0,0.0,0.0,1797,42,0.7223119777158773,0.02605896841453874,0.721458715370896,0.026659908209415117,0.721413803719732,0.026661701330551523,0.4435138193035537,0.05244523247423521,label_noise,0.2
Digits,XGB,Boosting,0.2,0.0,0.0,0.0,1797,43,0.7579418136799753,0.014311578086187137,0.7576332580463015,0.014632073433851893,0.7571345358614101,0.014939254453135962,0.5176890577748419,0.027151558532027477,label_noise,0.2
Digits,XGB,Boosting,0.2,0.0,0.0,0.0,1797,44,0.7607118539151966,0.013281332200570055,0.7606526210581475,0.013276763146181507,0.7604936795157106,0.013455258371210156,0.5220804916538374,0.025918282665388512,label_noise,0.2
Digits,SVM,Kernel,0.2,0.0,0.0,0.0,1797,42,0.7673893531414422,0.020587677520364583,0.7679669816026384,0.02080663406363008,0.7672067678915575,0.020677971907609012,0.5357630643840097,0.04151200267261295,label_noise,0.2
Digits,SVM,Kernel,0.2,0.0,0.0,0.0,1797,43,0.7885499845249149,0.02381790574544631,0.7885542066629023,0.0240127879457489,0.7881376102283613,0.024102673543121893,0.5785955728257236,0.0469702319582411,label_noise,0.2
Digits,SVM,Kernel,0.2,0.0,0.0,0.0,1797,44,0.786857010213556,0.008783197535282353,0.7868730863173403,0.00881487829967921,0.7867747483536027,0.008792990706825089,0.5741582195934222,0.017662716059168363,label_noise,0.2
Digits,MLP,Neural,0.2,0.0,0.0,0.0,1797,42,0.7284447539461467,0.022760592099656238,0.7276829205095566,0.022918272035358137,0.7276491806150928,0.02294858645274265,0.4560027265132051,0.045707679806914515,label_noise,0.2
Digits,MLP,Neural,0.2,0.0,0.0,0.0,1797,43,0.7635112968121325,0.018494200604556282,0.7633605307735742,0.0187253685161186,0.763046058487288,0.0187120286477064,0.5280531913586819,0.036757064355345606,label_noise,0.2
Digits,MLP,Neural,0.2,0.0,0.0,0.0,1797,44,0.7439956669761683,0.017465787381715437,0.7439909887633513,0.017386014479590418,0.7438458897378663,0.01743524337714809,0.48852858550398315,0.034916755763424276,label_noise,0.2
Digits,GB,Boosting,0.2,0.0,0.0,0.0,1797,42,0.7234261838440113,0.017850407443197287,0.7226067951611125,0.018345020201282595,0.7226550037899637,0.01822201927399314,0.4456075437355831,0.03619406310300942,label_noise,0.2
Digits,GB,Boosting,0.2,0.0,0.0,0.0,1797,43,0.752372330547818,0.016403820592508778,0.7524565217391304,0.01686748111729264,0.75184947300332,0.016777979133724797,0.506540913395838,0.03286424891563046,label_noise,0.2
Digits,GB,Boosting,0.2,0.0,0.0,0.0,1797,44,0.7573645930052615,0.01349361615641221,0.7573002495915571,0.013444952518079242,0.7571686916456809,0.013429789088625297,0.5153534922020003,0.027147431098613985,label_noise,0.2
Spambase,LR,Linear,0.35,0.0,0.0,0.0,4601,42,0.6020436198838691,0.011469166038941974,0.5917145580386237,0.01094747340744637,0.5864660434006342,0.01065116985671127,0.19345144712581944,0.024155057233390426,label_noise,0.35
Spambase,LR,Linear,0.35,0.0,0.0,0.0,4601,43,0.6187751970920077,0.017452380071563238,0.6082864451646351,0.016815031671253613,0.6046732061583114,0.0165387773324634,0.22717192880705447,0.036586639907674856,label_noise,0.35
Spambase,LR,Linear,0.35,0.0,0.0,0.0,4601,44,0.6018264646178539,0.013527579876749747,0.5916148570316923,0.013647919341144735,0.5868822470665638,0.014526818704157547,0.1923499340042571,0.028081889538365407,label_noise,0.35
Spambase,RF,Ensemble,0.35,0.0,0.0,0.0,4601,42,0.6066081291601757,0.0067871219756995,0.5955222221375776,0.006479515530814044,0.5891004685613981,0.007036959523628801,0.20328393152037263,0.014525874675323574,label_noise,0.35
Spambase,RF,Ensemble,0.35,0.0,0.0,0.0,4601,43,0.6207321909078034,0.012157111355522698,0.6092353234542884,0.012128680317115219,0.6043728001117552,0.012671589497924952,0.23127720750822772,0.026205018415885357,label_noise,0.35
Spambase,RF,Ensemble,0.35,0.0,0.0,0.0,4601,44,0.6131286880989474,0.008506131126619694,0.6027634533097581,0.008632274173461421,0.5982362475026546,0.009242786118843173,0.21611948820850083,0.017720431525727397,label_noise,0.35
Spambase,XGB,Boosting,0.35,0.0,0.0,0.0,4601,42,0.597913421139593,0.015124945236112701,0.5893689799046689,0.014959235872349964,0.5861913731124242,0.015274177447222315,0.1853131089498779,0.03129758828462461,label_noise,0.35
Spambase,XGB,Boosting,0.35,0.0,0.0,0.0,4601,43,0.6194245385450596,0.01738236614198987,0.6102190188263606,0.017328630471510918,0.6078681746547933,0.01769042516158793,0.22848130023534377,0.03646761743154577,label_noise,0.35
Spambase,XGB,Boosting,0.35,0.0,0.0,0.0,4601,44,0.6059564273237974,0.005121685906794807,0.597484339264418,0.004766525934942986,0.5947779558274676,0.005054738252907498,0.20173879555942298,0.010535145445730323,label_noise,0.35
Spambase,SVM,Kernel,0.35,0.0,0.0,0.0,4601,42,0.6068255204645234,0.012099815521906754,0.5972793980045437,0.01158545225556816,0.5932216768613527,0.011359800944839614,0.20360709157418122,0.025481581432614975,label_noise,0.35
Spambase,SVM,Kernel,0.35,0.0,0.0,0.0,4601,43,0.6185554454043337,0.0169449737225873,0.6081475486027054,0.01662392067796573,0.6046477520789911,0.016783858577535907,0.22650877966717387,0.035792413191202486,label_noise,0.35
Spambase,SVM,Kernel,0.35,0.0,0.0,0.0,4601,44,0.6016097814285041,0.010290525562134384,0.5923434127968028,0.01077403587785862,0.5887554440836487,0.011809800884125138,0.1921239465016219,0.02132037909795709,label_noise,0.35
Spambase,MLP,Neural,0.35,0.0,0.0,0.0,4601,42,0.5966071850068451,0.012565102021717721,0.5880249102481849,0.01283445833142015,0.5847482992373766,0.013441772474928752,0.18248022047755033,0.026246216191463084,label_noise,0.35
Spambase,MLP,Neural,0.35,0.0,0.0,0.0,4601,43,0.6048664023037342,0.007715838913088798,0.5961317540175713,0.007356405015222101,0.5938880773937579,0.00724240868626373,0.19847426979610489,0.015890404922041752,label_noise,0.35
Spambase,MLP,Neural,0.35,0.0,0.0,0.0,4601,44,0.60421776896568,0.008367009240442548,0.5956647877605094,0.008985047917019949,0.5927928631969616,0.010208994817842973,0.19796709990703545,0.01735534331768338,label_noise,0.35
Spambase,GB,Boosting,0.35,0.0,0.0,0.0,4601,42,0.6035663031676345,0.013990015558597945,0.595310222703298,0.01332441248344912,0.5926109130709427,0.013042918349879805,0.19726860115731026,0.028806500155811585,label_noise,0.35
Spambase,GB,Boosting,0.35,0.0,0.0,0.0,4601,43,0.6220337062738988,0.018379987269432217,0.6132926329292586,0.017929781061330863,0.611391903307775,0.017953982784135424,0.23416927688566475,0.03800584968556083,label_noise,0.35
Spambase,GB,Boosting,0.35,0.0,0.0,0.0,4601,44,0.604652315536043,0.007384294022588473,0.596545203260192,0.0064651721434293005,0.5943045344789286,0.005886806114255604,0.1991543157547822,0.014861135090560794,label_noise,0.35
Bank,LR,Linear,0.35,0.0,0.0,0.0,5000,42,0.6092,0.004261455150532507,0.52315089376958,0.002484725689491632,0.46657441170375347,0.005761704302612161,0.08012057135256281,0.01117023053791945,label_noise,0.35
Bank,LR,Linear,0.35,0.0,0.0,0.0,5000,43,0.6214000000000001,0.00588557558782487,0.5282402201457079,0.005237954942795613,0.4775662673553763,0.006650721467737115,0.09599875213549734,0.019071662980111266,label_noise,0.35
Bank,LR,Linear,0.35,0.0,0.0,0.0,5000,44,0.6092,0.0048744230427815805,0.5102320734822057,0.004586232946100152,0.4357232018088055,0.0068039023084381705,0.04301687573445091,0.019587487589908918,label_noise,0.35
Bank,RF,Ensemble,0.35,0.0,0.0,0.0,5000,42,0.6056,0.005953150426454892,0.5183159940359519,0.0049140353888257994,0.4581391385704702,0.005100320811608037,0.06509071716313151,0.019227142403989594,label_noise,0.35
Bank,RF,Ensemble,0.35,0.0,0.0,0.0,5000,43,0.6166,0.005953150426454892,0.5198380747809102,0.006692350296360899,0.46012765439324566,0.011169408470079497,0.07189513285730521,0.023223238201710728,label_noise,0.35
Bank,RF,Ensemble,0.35,0.0,0.0,0.0,5000,44,0.601,0.00885437744847147,0.5016412695694281,0.008143280902354048,0.4240121971628933,0.010270157930967732,0.008103042889151542,0.032362446092492475,label_noise,0.35
Bank,XGB,Boosting,0.35,0.0,0.0,0.0,5000,42,0.5932000000000001,0.013287588193498484,0.5184734717126535,0.013033370620168556,0.4824207366952292,0.015514587586279459,0.051944928978159534,0.03620583898173515,label_noise,0.35
Bank,XGB,Boosting,0.35,0.0,0.0,0.0,5000,43,0.6125999999999999,0.005314132102234573,0.5288219301024178,0.005666493601862271,0.4938434613959902,0.008459476007850138,0.0829224376111717,0.015442102304761451,label_noise,0.35
Bank,XGB,Boosting,0.35,0.0,0.0,0.0,5000,44,0.5898,0.012765578717786368,0.5033171434599932,0.012911675744402482,0.4547501587869087,0.016833223528280452,0.010296182525032928,0.03918161305073795,label_noise,0.35
Bank,SVM,Kernel,0.35,0.0,0.0,0.0,5000,42,0.6028,0.0042614551505325065,0.5153842287782078,0.0027899706357662653,0.45416259914575396,0.005614216761990142,0.054687885342126055,0.011101730372785047,label_noise,0.35
Bank,SVM,Kernel,0.35,0.0,0.0,0.0,5000,43,0.617,0.007211102550927985,0.5229918138264175,0.006959930177030675,0.46948436775110436,0.010720712623764027,0.07936705761350041,0.024616149096015148,label_noise,0.35
Bank,SVM,Kernel,0.35,0.0,0.0,0.0,5000,44,0.6035999999999999,0.005499090833947013,0.5051835148797392,0.006182320941658634,0.43073822538816736,0.01141155463566608,0.020770830808473348,0.024284888108305012,label_noise,0.35
Bank,MLP,Neural,0.35,0.0,0.0,0.0,5000,42,0.5883999999999999,0.01658432995330232,0.5130036353889196,0.012368932176041167,0.47384158789035935,0.016389969884568176,0.039091985329976195,0.03602842310228771,label_noise,0.35
Bank,MLP,Neural,0.35,0.0,0.0,0.0,5000,43,0.5982000000000001,0.016216041440499603,0.5153559385228592,0.01666432635825508,0.47840366835832865,0.025530848637098123,0.0429312334299638,0.04432375947960055,label_noise,0.35
Bank,MLP,Neural,0.35,0.0,0.0,0.0,5000,44,0.6002,0.005306599664568644,0.5051636488372919,0.003927639792103611,0.4381390236330015,0.015369225600080815,0.018805316696792293,0.01356738976856251,label_noise,0.35
Bank,GB,Boosting,0.35,0.0,0.0,0.0,5000,42,0.5927999999999999,0.010684568311354474,0.5135263272520145,0.009711922773295526,0.46875304330141765,0.012491557192127889,0.04083140961619879,0.028940486496382145,label_noise,0.35
Bank,GB,Boosting,0.35,0.0,0.0,0.0,5000,43,0.6140000000000001,0.00864869932417587,0.5266381255939182,0.009760390967663264,0.4855256192939553,0.01567861886667007,0.08049854603893776,0.02831027500253959,label_noise,0.35
Bank,GB,Boosting,0.35,0.0,0.0,0.0,5000,44,0.6005999999999999,0.00821218606705913,0.5102310895712058,0.0063067774469541754,0.45548404784026797,0.003864501353961433,0.03487708959164896,0.02257084616652128,label_noise,0.35
Wine,LR,Linear,0.35,0.0,0.0,0.0,178,42,0.5392063492063492,0.06380399565408153,0.5353646353646353,0.06255602924878367,0.5269450966018472,0.06529297942139738,0.31020640374665737,0.09525627040874785,label_noise,0.35
Wine,LR,Linear,0.35,0.0,0.0,0.0,178,43,0.5949206349206348,0.08275399527477822,0.5931468531468531,0.07792009486879299,0.588890605160382,0.07910323317561989,0.39439339305964166,0.12226628677619163,label_noise,0.35
Wine,LR,Linear,0.35,0.0,0.0,0.0,178,44,0.6066666666666667,0.04055112888586289,0.6031479631479632,0.041917335003308485,0.6016551021858368,0.04247022100969518,0.40981111238902984,0.060173399480038935,label_noise,0.35
Wine,RF,Ensemble,0.35,0.0,0.0,0.0,178,42,0.5109523809523809,0.06237994263894604,0.5064380064380065,0.05905995319865788,0.5033551563140402,0.06095082362522388,0.26471863103002446,0.09167283475988412,label_noise,0.35
Wine,RF,Ensemble,0.35,0.0,0.0,0.0,178,43,0.6065079365079364,0.1305582331949083,0.6044289044289044,0.12543405138367236,0.6016786431355463,0.12474670938081615,0.4111412615352073,0.19882827056914018,label_noise,0.35
Wine,RF,Ensemble,0.35,0.0,0.0,0.0,178,44,0.601111111111111,0.0732700888554591,0.6013153513153513,0.07496008982719081,0.59584550870308,0.07502947221580478,0.40483200402770725,0.1119899761627748,label_noise,0.35
Wine,XGB,Boosting,0.35,0.0,0.0,0.0,178,42,0.483015873015873,0.07430300978960684,0.4785048285048285,0.07233956859880444,0.47680292830643467,0.07254532778806057,0.22160454751346093,0.1116481541018566,label_noise,0.35
Wine,XGB,Boosting,0.35,0.0,0.0,0.0,178,43,0.5558730158730159,0.09674287401906864,0.5507925407925408,0.09472054606599419,0.548102837961477,0.09306306150457389,0.33308123797565947,0.14826975124003894,label_noise,0.35
Wine,XGB,Boosting,0.35,0.0,0.0,0.0,178,44,0.5334920634920635,0.05861077527281247,0.5264668664668666,0.05653614828057645,0.5216132528063668,0.059693777983809815,0.29863574041453833,0.08729077289546479,label_noise,0.35
Wine,SVM,Kernel,0.35,0.0,0.0,0.0,178,42,0.5504761904761905,0.04066281284788897,0.5487234987234986,0.04120606245915116,0.5467624989074265,0.041108213078464594,0.32465260370599375,0.06248626071130192,label_noise,0.35
Wine,SVM,Kernel,0.35,0.0,0.0,0.0,178,43,0.6401587301587301,0.08676545332186453,0.6374902874902875,0.08312023691875921,0.6321202019644377,0.0851548788184044,0.4621444199687925,0.13042496479193938,label_noise,0.35
Wine,SVM,Kernel,0.35,0.0,0.0,0.0,178,44,0.6288888888888888,0.04003840434035104,0.6308336108336108,0.04172629777050334,0.6260475370040588,0.04145577905087034,0.4471701527172257,0.05769411746955164,label_noise,0.35
Wine,MLP,Neural,0.35,0.0,0.0,0.0,178,42,0.42079365079365083,0.06725440094866633,0.4324397824397824,0.060010220281960944,0.3896129648146946,0.08685109325542206,0.1480240652781693,0.09159453517128056,label_noise,0.35
Wine,MLP,Neural,0.35,0.0,0.0,0.0,178,43,0.5661904761904761,0.11680814227306655,0.5634032634032634,0.11169650346526207,0.5601740276698685,0.11982473428420712,0.35428473059665394,0.17894462437763456,label_noise,0.35
Wine,MLP,Neural,0.35,0.0,0.0,0.0,178,44,0.5671428571428571,0.06879006883387172,0.5479864579864581,0.0747385718237581,0.4982995522995523,0.10185598319505788,0.3571770067298468,0.11455540810718534,label_noise,0.35
Wine,GB,Boosting,0.35,0.0,0.0,0.0,178,42,0.46571428571428575,0.061094411241193226,0.4603230103230104,0.05900458429129429,0.4565595011537041,0.05812510554794189,0.1954026138963417,0.09144063900333757,label_noise,0.35
Wine,GB,Boosting,0.35,0.0,0.0,0.0,178,43,0.5728571428571428,0.12483741000501367,0.5715229215229216,0.1235499893026076,0.5708763927179321,0.12254714516609748,0.3595239015992846,0.18995146027506385,label_noise,0.35
Wine,GB,Boosting,0.35,0.0,0.0,0.0,178,44,0.5785714285714285,0.09324096498331838,0.5761471861471861,0.0921650271646158,0.5762784676699196,0.09279990093167159,0.36773679160073636,0.1403354334173652,label_noise,0.35
BreastCancer,LR,Linear,0.35,0.0,0.0,0.0,569,42,0.6361745070641205,0.032946402040189386,0.6055327208252741,0.02766101510385315,0.6019225640924551,0.027005919252328685,0.23630177195375834,0.07982788503491717,label_noise,0.35
BreastCancer,LR,Linear,0.35,0.0,0.0,0.0,569,43,0.6221549448843348,0.015378248694307156,0.6046760037348273,0.017152848759028158,0.6008135274066408,0.01965788210096946,0.22226759703324528,0.03323743306464141,label_noise,0.35
BreastCancer,LR,Linear,0.35,0.0,0.0,0.0,569,44,0.6203384567613724,0.01806771278069214,0.6108466772942492,0.01680404347775837,0.6075432152652877,0.016341750603961643,0.23173398899469105,0.03729102100709474,label_noise,0.35
BreastCancer,RF,Ensemble,0.35,0.0,0.0,0.0,569,42,0.6133519639807482,0.030919352636687776,0.5934880722114764,0.03342270827004069,0.5928836187653765,0.03452915525631717,0.19239490305618528,0.06648118013497145,label_noise,0.35
BreastCancer,RF,Ensemble,0.35,0.0,0.0,0.0,569,43,0.5851265331470269,0.03222578459423195,0.5734267040149393,0.032692519842844846,0.5710216293695642,0.03211389647469223,0.15184900321593864,0.0676109432680749,label_noise,0.35
BreastCancer,RF,Ensemble,0.35,0.0,0.0,0.0,569,44,0.6115820524763236,0.04030585549062719,0.6046658259773013,0.039653031738462775,0.6035356252355573,0.039663207502714994,0.21442230088718678,0.08190592699611147,label_noise,0.35
BreastCancer,XGB,Boosting,0.35,0.0,0.0,0.0,569,42,0.583480825958702,0.028560857768573228,0.5688225338491295,0.029102613398297745,0.5683695660182068,0.02954398228989639,0.1392404560056967,0.05883213244452051,label_noise,0.35
BreastCancer,XGB,Boosting,0.35,0.0,0.0,0.0,569,43,0.571075919888216,0.029623917379006312,0.561062558356676,0.03171998184243517,0.5593160445738985,0.0320403576390003,0.12445671586030116,0.06426593144107236,label_noise,0.35
BreastCancer,XGB,Boosting,0.35,0.0,0.0,0.0,569,44,0.5816643378357398,0.04779405646138435,0.5768332579885318,0.046735024767975954,0.5751443524054427,0.04712163896172912,0.1564534707810332,0.09437727911508803,label_noise,0.35
BreastCancer,SVM,Kernel,0.35,0.0,0.0,0.0,569,42,0.6431920509237696,0.03214463881273064,0.6139103803997421,0.02728407975822603,0.612437683358414,0.02662913150203799,0.24943146745417244,0.06982815776503663,label_noise,0.35
BreastCancer,SVM,Kernel,0.35,0.0,0.0,0.0,569,43,0.6079956528489365,0.02886361898750818,0.5899925303454716,0.02644777415469057,0.5855280979164583,0.024834437721147053,0.19369505480612,0.06059557052982972,label_noise,0.35
BreastCancer,SVM,Kernel,0.35,0.0,0.0,0.0,569,44,0.6360968793665581,0.03529574937170663,0.6262705512860167,0.03367974007043241,0.6233983805636176,0.032690840881495174,0.26559361850521135,0.07439581909618832,label_noise,0.35
BreastCancer,MLP,Neural,0.35,0.0,0.0,0.0,569,42,0.6028877503493246,0.0245673009355536,0.5860130560928434,0.01926612454713883,0.5861333386699777,0.019499099042814688,0.17616981191287368,0.042939237468195515,label_noise,0.35
BreastCancer,MLP,Neural,0.35,0.0,0.0,0.0,569,43,0.595730476634063,0.03858695989299264,0.5800410830999065,0.033813657085457555,0.5767250576469622,0.030573975451691507,0.1726844244993232,0.08409399853543073,label_noise,0.35
BreastCancer,MLP,Neural,0.35,0.0,0.0,0.0,569,44,0.6062723179630491,0.018258654949655354,0.598088224797164,0.015327908440932514,0.5939095719761565,0.01590539137844873,0.20496179676306672,0.03388661266711427,label_noise,0.35
BreastCancer,GB,Boosting,0.35,0.0,0.0,0.0,569,42,0.5922217047042385,0.029252852236704183,0.5729005480335267,0.025920901503638637,0.5717262139532109,0.026878324608440026,0.15082382591422666,0.05406303218812955,label_noise,0.35
BreastCancer,GB,Boosting,0.35,0.0,0.0,0.0,569,43,0.576339077782953,0.03411118967980416,0.5678487394957983,0.03117700362708453,0.5667839173296131,0.030686933847108376,0.1387126790420911,0.06455584957995752,label_noise,0.35
BreastCancer,GB,Boosting,0.35,0.0,0.0,0.0,569,44,0.5728768824716658,0.033859788616740764,0.5693425967784149,0.03422669161207258,0.5683760190220426,0.03428784986397943,0.1397960919555255,0.0689886530742254,label_noise,0.35
Digits,LR,Linear,0.35,0.0,0.0,0.0,1797,42,0.5770829464562055,0.016058388075880416,0.5734986352061846,0.015324812357890936,0.5730594295462931,0.01513233470932442,0.14832308302729086,0.031603173011424755,label_noise,0.35
Digits,LR,Linear,0.35,0.0,0.0,0.0,1797,43,0.6082451253481894,0.02786279065831798,0.6081186442500133,0.02789606667092868,0.6077892779441388,0.028101782629990732,0.21660832811086878,0.05578099290830902,label_noise,0.35
Digits,LR,Linear,0.35,0.0,0.0,0.0,1797,44,0.5826276694521819,0.012019037852507578,0.5826113803238097,0.011971792443102714,0.5821839665070556,0.012164270060847011,0.16554678795180539,0.02389292711937274,label_noise,0.35
Digits,RF,Ensemble,0.35,0.0,0.0,0.0,1797,42,0.6043438563912102,0.011474737106100726,0.6002343048711232,0.010707162838591688,0.5996285345384804,0.010360526324128384,0.20294575777569918,0.02262639296334804,label_noise,0.35
Digits,RF,Ensemble,0.35,0.0,0.0,0.0,1797,43,0.6171572268647478,0.016709103459347455,0.6171226848102886,0.01655955903732739,0.6167412979141889,0.01681750241887086,0.23469255670596484,0.03300465060025604,label_noise,0.35
Digits,RF,Ensemble,0.35,0.0,0.0,0.0,1797,44,0.5921077065923862,0.01742068210826965,0.5921641100033952,0.017333486291509936,0.5916095999059259,0.01742065492132683,0.18479837753184097,0.034782942670181775,label_noise,0.35
Digits,XGB,Boosting,0.35,0.0,0.0,0.0,1797,42,0.5965490560198081,0.04600900363051272,0.5943561653873634,0.04503533581975951,0.594377057613064,0.04519260722452312,0.18951882358949643,0.09069038929484323,label_noise,0.35
Digits,XGB,Boosting,0.35,0.0,0.0,0.0,1797,43,0.6143717115444135,0.02074613227786098,0.6143446652362345,0.02067559530961059,0.6140247476077886,0.02067508302426627,0.22909584433121247,0.041524615613332684,label_noise,0.35
Digits,XGB,Boosting,0.35,0.0,0.0,0.0,1797,44,0.5854255648406066,0.006918456254834492,0.5853737426738136,0.006944052976702691,0.5850120874847877,0.006735805132872038,0.17108442416364805,0.014081805415754812,label_noise,0.35
Digits,SVM,Kernel,0.35,0.0,0.0,0.0,1797,42,0.6171340142370784,0.008428468702673391,0.6148170809899793,0.0077971216237651695,0.6143182540964304,0.007599450870308991,0.23109499009277115,0.016343833976516387,label_noise,0.35
Digits,SVM,Kernel,0.35,0.0,0.0,0.0,1797,43,0.6438703187867534,0.02317122915224284,0.6438155949465773,0.02316796536849487,0.6434440632771826,0.02335544449618146,0.288219597790405,0.04627454955236322,label_noise,0.35
Digits,SVM,Kernel,0.35,0.0,0.0,0.0,1797,44,0.6165923862581244,0.010117186008050038,0.6166368303548463,0.010126226367322473,0.6162862763500355,0.009992905931336988,0.23368197580430214,0.020457847966119602,label_noise,0.35
Digits,MLP,Neural,0.35,0.0,0.0,0.0,1797,42,0.5959981429897865,0.014206678854000206,0.5935717295326727,0.013936332676536102,0.5936134336039043,0.01394144877185029,0.18774606198751925,0.02815381642965105,label_noise,0.35
Digits,MLP,Neural,0.35,0.0,0.0,0.0,1797,43,0.5943732590529248,0.046038963243605895,0.5940683597184127,0.04599868162383652,0.5931742100578761,0.04604434122036886,0.1891743798843414,0.09234779253200408,label_noise,0.35
Digits,MLP,Neural,0.35,0.0,0.0,0.0,1797,44,0.5709548127514701,0.0209677480718311,0.5709320246509666,0.02099766455020414,0.5704441313195826,0.02101775823152502,0.142189077483162,0.04199410746260907,label_noise,0.35
Digits,GB,Boosting,0.35,0.0,0.0,0.0,1797,42,0.5815242958836274,0.019403603428103156,0.5789204389323466,0.018650394640712668,0.5785914159263958,0.018652012674985577,0.15874425019889743,0.03780702638182325,label_noise,0.35
Digits,GB,Boosting,0.35,0.0,0.0,0.0,1797,43,0.6032342927886103,0.02657166476892626,0.6031430259846416,0.026558162944572566,0.6027526247750536,0.026577685797978062,0.2067419348542885,0.05321174054630579,label_noise,0.35
Digits,GB,Boosting,0.35,0.0,0.0,0.0,1797,44,0.5848638192510058,0.014007529033047009,0.5849201278503108,0.014009679906428174,0.5847612453859284,0.01401907888411986,0.1699385421044834,0.02801515144660416,label_noise,0.35
Spambase,LR,Linear,0.5,0.0,0.0,0.0,4601,42,0.49206863994712735,0.02197466688992575,0.49194392176498114,0.0219461142468187,0.49085454929282707,0.021833630172992814,-0.01615086984977382,0.04408764756276299,label_noise,0.5
Spambase,LR,Linear,0.5,0.0,0.0,0.0,4601,43,0.4746770995609687,0.006754671216808155,0.47447834897676594,0.006732804260537756,0.47359558796126944,0.006656785896399365,-0.051226410745497906,0.013513930041889562,label_noise,0.5
Spambase,LR,Linear,0.5,0.0,0.0,0.0,4601,44,0.5079374970495208,0.015791429406015023,0.507801413353121,0.015801243946035486,0.5066461559743823,0.015910086910009207,0.015675496395590315,0.031679229803863417,label_noise,0.5
Spambase,RF,Ensemble,0.5,0.0,0.0,0.0,4601,42,0.49662748430345083,0.009091229162392753,0.4966499671170104,0.009136014778300415,0.4960239281927362,0.009328627466850066,-0.006730025951187535,0.01830237873907262,label_noise,0.5
Spambase,RF,Ensemble,0.5,0.0,0.0,0.0,4601,43,0.49467827975263184,0.017631855141254864,0.4945158984550802,0.01769483886571552,0.49393054637809275,0.01787783086153477,-0.01102500033217834,0.03543749840277625,label_noise,0.5
Spambase,RF,Ensemble,0.5,0.0,0.0,0.0,4601,44,0.49120332341972334,0.021936489758403066,0.4911962025180701,0.02191251337128849,0.491041535023916,0.021918902286180143,-0.017616255757174876,0.0438472694796024,label_noise,0.5
Spambase,XGB,Boosting,0.5,0.0,0.0,0.0,4601,42,0.49119010527309637,0.01911676837588703,0.49116041460047855,0.019099163455686012,0.49089971112157305,0.019001656531731543,-0.017680218406102982,0.038243648368455965,label_noise,0.5
Spambase,XGB,Boosting,0.5,0.0,0.0,0.0,4601,43,0.49576429212104045,0.012190074972988402,0.4956462423268956,0.012245839507517982,0.49527771106797686,0.012521178972907355,-0.008750168817982818,0.024527812415988247,label_noise,0.5
Spambase,XGB,Boosting,0.5,0.0,0.0,0.0,4601,44,0.5025031865174905,0.01517336005363591,0.5024113969639978,0.015185246031561423,0.5020544541978779,0.015152549008385575,0.004835536889012804,0.030417156478685967,label_noise,0.5
Spambase,SVM,Kernel,0.5,0.0,0.0,0.0,4601,42,0.49554099985837696,0.019822387174794027,0.4953846197114191,0.019810757768219042,0.49191285315566774,0.021838998900283308,-0.009623909042858656,0.0402459416800056,label_noise,0.5
Spambase,SVM,Kernel,0.5,0.0,0.0,0.0,4601,43,0.5003285653590143,0.007070296667669715,0.4996064094370832,0.007160240541202216,0.4911268687542997,0.008904599632762045,-0.0009078950383154056,0.014910676591111236,label_noise,0.5
Spambase,SVM,Kernel,0.5,0.0,0.0,0.0,4601,44,0.5151069253646792,0.011588244152887863,0.5148261093300384,0.011448451507297093,0.5103179120055964,0.008522882441339488,0.03055211179561193,0.023690441194567546,label_noise,0.5
Spambase,MLP,Neural,0.5,0.0,0.0,0.0,4601,42,0.48272104989850356,0.013733674706312555,0.4828577696439417,0.013859492806062926,0.4787554371061499,0.014530515792390675,-0.03481081692747037,0.027880564342315707,label_noise,0.5
Spambase,MLP,Neural,0.5,0.0,0.0,0.0,4601,43,0.4842397205306142,0.012288524474503895,0.4842607008824342,0.012150551448988108,0.48029248830759935,0.014030227254026082,-0.032068372913723144,0.024524681078172274,label_noise,0.5
Spambase,MLP,Neural,0.5,0.0,0.0,0.0,4601,44,0.5025076712458103,0.02437956476631258,0.5023273487249375,0.02439311102592003,0.5004119596500576,0.024383802074370534,0.004727486686188487,0.04929195597920522,label_noise,0.5
Spambase,GB,Boosting,0.5,0.0,0.0,0.0,4601,42,0.4931511117405466,0.01030827389936247,0.4931150459043284,0.01030735698476821,0.4926615321307243,0.010438119831497806,-0.013804428560214544,0.020637687524131733,label_noise,0.5
Spambase,GB,Boosting,0.5,0.0,0.0,0.0,4601,43,0.4853328140490015,0.014927933586278655,0.4851847963949008,0.014957880445943216,0.48468398692350706,0.015295672481843936,-0.02973333873062727,0.030014637721017944,label_noise,0.5
Spambase,GB,Boosting,0.5,0.0,0.0,0.0,4601,44,0.4894641929849408,0.01563247458766294,0.4892841118803453,0.015597662149435936,0.48753538064121604,0.014851507976417974,-0.02148282487640108,0.031242653750578556,label_noise,0.5
Bank,LR,Linear,0.5,0.0,0.0,0.0,5000,42,0.502,0.006449806198638846,0.5020188418871085,0.006457527795384509,0.5019271111141481,0.0064784062862670334,0.004037684726939954,0.012916180091388504,label_noise,0.5
Bank,LR,Linear,0.5,0.0,0.0,0.0,5000,43,0.5122000000000001,0.010225458424931382,0.5122424562947423,0.010204953303630797,0.5119834553546326,0.010297258777585933,0.02450182513072483,0.02040518303534392,label_noise,0.5
Bank,LR,Linear,0.5,0.0,0.0,0.0,5000,44,0.4972,0.008423775875461084,0.4966410601630484,0.008278282082870517,0.49546481832110684,0.0077019958307625366,-0.006707963338014234,0.016607459463730382,label_noise,0.5
Bank,RF,Ensemble,0.5,0.0,0.0,0.0,5000,42,0.5024000000000001,0.013047605144240084,0.5024260244691341,0.013080720779263236,0.5022154524673214,0.013197260470440347,0.004842723978619234,0.026191732591499102,label_noise,0.5
Bank,RF,Ensemble,0.5,0.0,0.0,0.0,5000,43,0.5018,0.01457943757488609,0.5017556501464905,0.014583624226656038,0.5014537070601908,0.014670520596717071,0.0035066051740731616,0.029192947279798414,label_noise,0.5
Bank,RF,Ensemble,0.5,0.0,0.0,0.0,5000,44,0.5074,0.014333178293735146,0.5067875572982399,0.014153232606462137,0.5051402292047598,0.013204128890118232,0.013820997729894114,0.028585882556715164,label_noise,0.5
Bank,XGB,Boosting,0.5,0.0,0.0,0.0,5000,42,0.5024,0.014037093716293284,0.5024148482520105,0.014068819645480322,0.502347385644818,0.013992693650818577,0.004837968485649103,0.02815298471829539,label_noise,0.5
Bank,XGB,Boosting,0.5,0.0,0.0,0.0,5000,43,0.504,0.0055856960175075816,0.5039476322931933,0.005588430758080411,0.5035434063145463,0.00570486985579845,0.007904205654790105,0.011192712147840478,label_noise,0.5
Bank,XGB,Boosting,0.5,0.0,0.0,0.0,5000,44,0.5072000000000001,0.009744742172063876,0.5066668258094952,0.009654910944541212,0.5053848574198001,0.009287311879445547,0.013455897518418723,0.01947443315043295,label_noise,0.5
Bank,SVM,Kernel,0.5,0.0,0.0,0.0,5000,42,0.5087999999999999,0.013105723940324714,0.5087777048559354,0.013129292571730261,0.5084718044062817,0.01332418060603431,0.01755742913032601,0.026309007283016186,label_noise,0.5
Bank,SVM,Kernel,0.5,0.0,0.0,0.0,5000,43,0.5028,0.008818163074019449,0.5028228091504022,0.008794900730909553,0.5026997591206647,0.008796055151521213,0.005649117902083628,0.01759727018946268,label_noise,0.5
Bank,SVM,Kernel,0.5,0.0,0.0,0.0,5000,44,0.4936,0.014347125147568775,0.49329778392378926,0.014367075894772527,0.4928664904023452,0.014488120921293247,-0.013443695256957596,0.02884582007695073,label_noise,0.5
Bank,MLP,Neural,0.5,0.0,0.0,0.0,5000,42,0.5007999999999999,0.010796295661012633,0.5007096623308012,0.010867930164232625,0.4963895816843117,0.014115201525243586,0.0011787804646460163,0.022103918661992357,label_noise,0.5
Bank,MLP,Neural,0.5,0.0,0.0,0.0,5000,43,0.5092000000000001,0.016845177351396467,0.5092048225726623,0.016799850351915623,0.508810463948818,0.016759370259827825,0.018449867177329538,0.03364772909512836,label_noise,0.5
Bank,MLP,Neural,0.5,0.0,0.0,0.0,5000,44,0.49700000000000005,0.01322119510483074,0.4967172253222506,0.013370216358701238,0.49585630997548585,0.01426714069451688,-0.006686084590033896,0.02694383344071333,label_noise,0.5
Bank,GB,Boosting,0.5,0.0,0.0,0.0,5000,42,0.5050000000000001,0.021540659228538036,0.5050488592488619,0.021549740426745314,0.5047004181689994,0.02168270193668677,0.010088819313200584,0.04313652033450035,label_noise,0.5
Bank,GB,Boosting,0.5,0.0,0.0,0.0,5000,43,0.5122,0.016265300489077983,0.512111619166008,0.016298499387302875,0.5114713238642952,0.016365328661172976,0.024286392616080767,0.03274778755353215,label_noise,0.5
Bank,GB,Boosting,0.5,0.0,0.0,0.0,5000,44,0.49800000000000005,0.00841427358718506,0.4974163374795498,0.008451163987977019,0.49584432027250075,0.00884956391213335,-0.005223233103331457,0.017069871961015542,label_noise,0.5
Wine,LR,Linear,0.5,0.0,0.0,0.0,178,42,0.42174603174603176,0.043381855501433905,0.42237762237762244,0.04320110345267598,0.421346749329337,0.046543330259671604,0.1339952992702281,0.06630842734469505,label_noise,0.5
Wine,LR,Linear,0.5,0.0,0.0,0.0,178,43,0.4496825396825397,0.060774376322051536,0.4428904428904429,0.06263651414857697,0.4310549091464361,0.06504297250172952,0.17087420002395529,0.09355121598305016,label_noise,0.5
Wine,LR,Linear,0.5,0.0,0.0,0.0,178,44,0.443968253968254,0.054902281546602635,0.4404040404040404,0.055534007264142586,0.4367420370120598,0.05876359855362068,0.16658912820147942,0.08247243243741412,label_noise,0.5
Wine,RF,Ensemble,0.5,0.0,0.0,0.0,178,42,0.39920634920634923,0.04373008671097114,0.39813519813519815,0.045162497592973506,0.39384866507805044,0.04526671533401603,0.09779266576393553,0.06411119925491468,label_noise,0.5
Wine,RF,Ensemble,0.5,0.0,0.0,0.0,178,43,0.42698412698412697,0.051432000669522276,0.41930069930069935,0.04807651354082984,0.4139917524179804,0.04329801983511157,0.13654806642854106,0.07483240707579879,label_noise,0.5
Wine,RF,Ensemble,0.5,0.0,0.0,0.0,178,44,0.48428571428571426,0.09395618755646767,0.4834110334110334,0.09258181900399151,0.4806067137371485,0.08998112704873155,0.22819286689664517,0.14418830065553723,label_noise,0.5
Wine,XGB,Boosting,0.5,0.0,0.0,0.0,178,42,0.3933333333333333,0.03654794219390773,0.39079254079254083,0.03631624662259602,0.38583089917633173,0.03737715411897467,0.08920144765997697,0.05432439682360068,label_noise,0.5
Wine,XGB,Boosting,0.5,0.0,0.0,0.0,178,43,0.3817460317460317,0.049756271674279075,0.3804972804972805,0.04662444941654962,0.37015985745415153,0.04242896913909531,0.07356741007096992,0.07577628145403133,label_noise,0.5
Wine,XGB,Boosting,0.5,0.0,0.0,0.0,178,44,0.4498412698412698,0.04364184612481649,0.4502719502719503,0.043376029230243536,0.44431854565187895,0.042232236789466956,0.1749048606760826,0.06759395638410007,label_noise,0.5
Wine,SVM,Kernel,0.5,0.0,0.0,0.0,178,42,0.3987301587301587,0.02461904250202068,0.40167055167055166,0.02467739054907549,0.39322265653893956,0.015549800936948764,0.10204000501029682,0.03970721243670183,label_noise,0.5
Wine,SVM,Kernel,0.5,0.0,0.0,0.0,178,43,0.45555555555555555,0.08091346714878052,0.4485159285159285,0.08590115002845056,0.44325792501292993,0.08817440213961769,0.17613961142818213,0.13025633305394327,label_noise,0.5
Wine,SVM,Kernel,0.5,0.0,0.0,0.0,178,44,0.45,0.06754150110397443,0.4494949494949495,0.06893238492223833,0.44124407038350066,0.06676714871836392,0.17624954994958777,0.10409277704672638,label_noise,0.5
Wine,MLP,Neural,0.5,0.0,0.0,0.0,178,42,0.3371428571428571,0.05906255144863859,0.341958041958042,0.06097656854575457,0.2935523035542011,0.05294316048123367,0.013307201238755414,0.09766077783190291,label_noise,0.5
Wine,MLP,Neural,0.5,0.0,0.0,0.0,178,43,0.3704761904761905,0.06304884987369369,0.3732167832167833,0.06936928126814458,0.3443137540516281,0.052089717142082236,0.06866182073526861,0.1156703322749791,label_noise,0.5
Wine,MLP,Neural,0.5,0.0,0.0,0.0,178,44,0.42079365079365083,0.05734619905215517,0.4093628593628593,0.06699504183539833,0.3519148421846219,0.07295517308141959,0.129706963969637,0.10332980625942871,label_noise,0.5
Wine,GB,Boosting,0.5,0.0,0.0,0.0,178,42,0.3933333333333333,0.0816829776853012,0.3907925407925408,0.0841584925771705,0.37858205908873954,0.08927602718179495,0.08714079292593015,0.12821840774849186,label_noise,0.5
Wine,GB,Boosting,0.5,0.0,0.0,0.0,178,43,0.3425396825396826,0.07107425348670478,0.34013986013986014,0.0734090555193709,0.3360932647468791,0.07343100935810987,0.006127007364441902,0.11258344600553774,label_noise,0.5
Wine,GB,Boosting,0.5,0.0,0.0,0.0,178,44,0.3988888888888889,0.02074209044307254,0.3981740481740482,0.028424425894557074,0.3961553495802161,0.024476803160562437,0.0972540388023607,0.03716445184407317,label_noise,0.5
BreastCancer,LR,Linear,0.5,0.0,0.0,0.0,569,42,0.5272628473839467,0.027547986371607713,0.5186468822673586,0.025335027890132835,0.5126061676406369,0.021799834892333093,0.040183696600534266,0.05326806875031996,label_noise,0.5
BreastCancer,LR,Linear,0.5,0.0,0.0,0.0,569,43,0.5166899549759354,0.028340127776223512,0.5171938466856798,0.028832613818303935,0.5152931497467474,0.02780861598041403,0.03485432876084885,0.05851317782728285,label_noise,0.5
BreastCancer,LR,Linear,0.5,0.0,0.0,0.0,569,44,0.4975159136780003,0.05663888324512636,0.4973684210526315,0.056413807687064985,0.4941583609515681,0.05829823675613449,-0.005908802047260342,0.11467362087039232,label_noise,0.5
BreastCancer,RF,Ensemble,0.5,0.0,0.0,0.0,569,42,0.5078248719142989,0.025912511488953797,0.5004501609558831,0.027027006043171386,0.49588224966219946,0.028962657256240563,0.0005548582826342102,0.05604323179495448,label_noise,0.5
BreastCancer,RF,Ensemble,0.5,0.0,0.0,0.0,569,43,0.5097189877348238,0.022696108587056188,0.5102065508599083,0.022370633324524485,0.5063057450576764,0.02555464808754516,0.020191393933413904,0.044926596247687016,label_noise,0.5
BreastCancer,RF,Ensemble,0.5,0.0,0.0,0.0,569,44,0.5079024996118615,0.026079782603251993,0.5079573934837093,0.02607269266600857,0.5075049137078442,0.025993246778782016,0.015963885362775678,0.052215587279121935,label_noise,0.5
BreastCancer,XGB,Boosting,0.5,0.0,0.0,0.0,569,42,0.532386275423071,0.04531860571608376,0.5278261218224102,0.04503487187451883,0.5264103152665257,0.04463665570268694,0.056725940229493454,0.0910633077759613,label_noise,0.5
BreastCancer,XGB,Boosting,0.5,0.0,0.0,0.0,569,43,0.48857320291880135,0.028506869221503188,0.48896162820845224,0.02821098691085147,0.4861372683162723,0.029838550263348553,-0.022588160389127476,0.05686322789840483,label_noise,0.5
BreastCancer,XGB,Boosting,0.5,0.0,0.0,0.0,569,44,0.49192671945350097,0.05283088109979727,0.49191729323308275,0.05284759940988016,0.4896423465253994,0.053170401427462016,-0.01640013244086677,0.1058819515502746,label_noise,0.5
BreastCancer,SVM,Kernel,0.5,0.0,0.0,0.0,569,42,0.504424778761062,0.024526569016011662,0.49134206275561054,0.02383566422878923,0.4725304878186865,0.020481591983180603,-0.017396366020158312,0.053460397914677535,label_noise,0.5
BreastCancer,SVM,Kernel,0.5,0.0,0.0,0.0,569,43,0.5342182890855457,0.0472659592234582,0.5346448016593207,0.04705071145600578,0.5331709898997687,0.04799350629390834,0.0693292190324327,0.09411298305881065,label_noise,0.5
BreastCancer,SVM,Kernel,0.5,0.0,0.0,0.0,569,44,0.5043160999844745,0.026721866571487257,0.5043546365914786,0.026658247323546574,0.502690446329104,0.026576434338786682,0.008815989117861227,0.053432288363996015,label_noise,0.5
BreastCancer,MLP,Neural,0.5,0.0,0.0,0.0,569,42,0.5184132898618227,0.053963130561764376,0.5122811057268217,0.04766118623176393,0.5000656438326697,0.038780463830201985,0.034481090476625266,0.10630679816185198,label_noise,0.5
BreastCancer,MLP,Neural,0.5,0.0,0.0,0.0,569,43,0.5237696009936346,0.02775992514275371,0.5236863711001642,0.02784509453718177,0.5200358037701276,0.02873069842445195,0.047983333577542704,0.056003867514067884,label_noise,0.5
BreastCancer,MLP,Neural,0.5,0.0,0.0,0.0,569,44,0.5254618848004968,0.02636339927925755,0.5251879699248121,0.026495389045418576,0.5145959665929422,0.03159943128448858,0.0517449628196467,0.05485988044248058,label_noise,0.5
BreastCancer,GB,Boosting,0.5,0.0,0.0,0.0,569,42,0.5447756559540444,0.02452545844872112,0.5398904812638188,0.024970350626759726,0.5387070867277493,0.024887961533890373,0.08082140276250545,0.05077942812271809,label_noise,0.5
BreastCancer,GB,Boosting,0.5,0.0,0.0,0.0,569,43,0.5044403043005745,0.036419169785297544,0.504663598651802,0.03639136789745656,0.5026466171651073,0.03651020641890396,0.009386004470389392,0.07287570359669347,label_noise,0.5
BreastCancer,GB,Boosting,0.5,0.0,0.0,0.0,569,44,0.4849712777519019,0.0403076495501489,0.48505639097744363,0.04019944849839365,0.48411608515442534,0.04050348089268274,-0.030046040384548493,0.08071507864920768,label_noise,0.5
Digits,LR,Linear,0.5,0.0,0.0,0.0,1797,42,0.47691736304549676,0.03706092022412204,0.47246376497073134,0.03687373197392694,0.4693699301105429,0.03686789292206679,-0.05593607153888018,0.07461556551872078,label_noise,0.5
Digits,LR,Linear,0.5,0.0,0.0,0.0,1797,43,0.5047369235530796,0.013021371860547068,0.501037501951435,0.012586699123491307,0.49839556140680347,0.011973255477472017,0.002227467515904192,0.02568653307750314,label_noise,0.5
Digits,LR,Linear,0.5,0.0,0.0,0.0,1797,44,0.5035809346951409,0.03451121952960467,0.5029282823548592,0.03454304766902044,0.501644952258881,0.03491690967594695,0.005819175474850368,0.06943173410074782,label_noise,0.5
Digits,RF,Ensemble,0.5,0.0,0.0,0.0,1797,42,0.5130671618693903,0.019596395100963226,0.5084610855028053,0.020133319158381534,0.5051175347093946,0.020954606797099068,0.017157575142451274,0.041043113134088295,label_noise,0.5
Digits,RF,Ensemble,0.5,0.0,0.0,0.0,1797,43,0.4908325595790776,0.020913207971790564,0.48738016865691,0.020354722398373673,0.48529588093537396,0.019595406430555618,-0.025365034804118013,0.04121753898699521,label_noise,0.5
Digits,RF,Ensemble,0.5,0.0,0.0,0.0,1797,44,0.5047276385020117,0.040829555591866046,0.5039669670886676,0.04066081075698712,0.502948454358517,0.040314076446033194,0.00816418715471287,0.08165305586705023,label_noise,0.5
Digits,XGB,Boosting,0.5,0.0,0.0,0.0,1797,42,0.4913695450324977,0.032606061474009455,0.4884057310520239,0.03286218607713419,0.4873003589438201,0.03307586255839517,-0.023398081710071073,0.06627924474652075,label_noise,0.5
Digits,XGB,Boosting,0.5,0.0,0.0,0.0,1797,43,0.5080625193438564,0.025214216799026,0.5062741614121247,0.0243489754114999,0.5053957683112545,0.02388843926632761,0.012832938376644076,0.04913703525133227,label_noise,0.5
Digits,XGB,Boosting,0.5,0.0,0.0,0.0,1797,44,0.5030795419374806,0.018316063236041923,0.5025132012333319,0.01818953502451119,0.5021124484704744,0.018065496474653366,0.005071380841239056,0.036481088823133875,label_noise,0.5
Digits,SVM,Kernel,0.5,0.0,0.0,0.0,1797,42,0.49640049520272356,0.03002569411426663,0.4895026924890984,0.02971290708877513,0.48030002458284426,0.030118628986779035,-0.021833663410736844,0.0614864750246448,label_noise,0.5
Digits,SVM,Kernel,0.5,0.0,0.0,0.0,1797,43,0.5169715258433921,0.013397646968975828,0.5130222900189719,0.013066210480628495,0.5100627816483224,0.013053436315770469,0.02660318268816251,0.026650336741838507,label_noise,0.5
Digits,SVM,Kernel,0.5,0.0,0.0,0.0,1797,44,0.5163943051686785,0.03184700869859385,0.5149989430084595,0.03128982705001302,0.511064062283759,0.029398947817830104,0.031356461187843854,0.06407796531464299,label_noise,0.5
Digits,MLP,Neural,0.5,0.0,0.0,0.0,1797,42,0.5075007737542556,0.037322327502036484,0.5035309802627962,0.03762789230866754,0.500914026319458,0.03859684348988567,0.007011774287636283,0.0768148610544961,label_noise,0.5
Digits,MLP,Neural,0.5,0.0,0.0,0.0,1797,43,0.5130671618693902,0.01126875934186487,0.5068675299727197,0.010638935459516611,0.4990183014967887,0.00999877135245046,0.014504771972452512,0.022400138201874004,label_noise,0.5
Digits,MLP,Neural,0.5,0.0,0.0,0.0,1797,44,0.495255338904364,0.02487703293809623,0.4937908969792826,0.02545757074693141,0.488406228063116,0.027202734854583105,-0.01305590003473936,0.05148453130246641,label_noise,0.5
Digits,GB,Boosting,0.5,0.0,0.0,0.0,1797,42,0.5074976787372331,0.026772820367545008,0.5045715889592033,0.02635378139191018,0.5037308698594323,0.026011094295009394,0.00937662622757362,0.05318559212256664,label_noise,0.5
Digits,GB,Boosting,0.5,0.0,0.0,0.0,1797,43,0.5024976787372331,0.012117407072206229,0.5008418292421553,0.01257636130839709,0.5003010913812269,0.012871876760372145,0.001638955034291565,0.025239354010578717,label_noise,0.5
Digits,GB,Boosting,0.5,0.0,0.0,0.0,1797,44,0.5186660476632621,0.028133344073352388,0.5184083936115751,0.0282698025072955,0.5181514303248973,0.028500140322119255,0.0367968605923225,0.05657244720012095,label_noise,0.5
Spambase,LR,Linear,0.0,0.05,0.0,0.0,4601,42,0.9165392059670492,0.003197023895228685,0.9082584644072872,0.006323613947689043,0.9117653250793045,0.0039309200038560995,0.824780055991976,0.006937489061740611,missing,0.05
Spambase,LR,Linear,0.0,0.05,0.0,0.0,4601,43,0.9239312184298729,0.005343474832029695,0.9162102094239246,0.007449873848926578,0.9196277258874845,0.005922525970038994,0.8402143488657586,0.011247566051202468,missing,0.05
Spambase,LR,Linear,0.0,0.05,0.0,0.0,4601,44,0.919800311570599,0.006349349604186755,0.9123164634036165,0.006407584817622088,0.9153777142574947,0.006623584701979869,0.8314093788244555,0.013318039307203171,missing,0.05
Spambase,RF,Ensemble,0.0,0.05,0.0,0.0,4601,42,0.9397962989189445,0.0026121219592473467,0.9320918081941822,0.0029170600365620303,0.9363109397558483,0.0027525630437303743,0.8736976382214333,0.005518998994661479,missing,0.05
Spambase,RF,Ensemble,0.0,0.05,0.0,0.0,4601,43,0.940666336213001,0.010633299740635373,0.9331094069247723,0.012767145813792177,0.9372040432648732,0.011468276397068525,0.8755220752833924,0.02224909303868641,missing,0.05
Spambase,RF,Ensemble,0.0,0.05,0.0,0.0,4601,44,0.9384919510928574,0.00956307835034254,0.9305412742583986,0.010704623756322805,0.9348915744323776,0.01019136870521804,0.8709019918127844,0.020091681920149578,missing,0.05
Spambase,XGB,Boosting,0.0,0.05,0.0,0.0,4601,42,0.9469690317707595,0.004516281761700937,0.9424456504026606,0.005511947396313022,0.9442340850428923,0.004838569135160413,0.8887471698856111,0.009621875801425792,missing,0.05
Spambase,XGB,Boosting,0.0,0.05,0.0,0.0,4601,43,0.9458799509040267,0.008549809664899771,0.941461489201634,0.01123500483877367,0.9430669627786645,0.009274117895963803,0.8865720543645293,0.01793221108367883,missing,0.05
Spambase,XGB,Boosting,0.0,0.05,0.0,0.0,4601,44,0.9454472926403248,0.007443555573303318,0.9409058722927188,0.008109560973168846,0.9426471015150085,0.007837132016523305,0.8854842457504597,0.015627108043857824,missing,0.05
Spambase,SVM,Kernel,0.0,0.05,0.0,0.0,4601,42,0.9297996034556011,0.0063760518595369475,0.922205540287379,0.006166984667223136,0.9258401227370022,0.0066361913574931606,0.8524944429684904,0.013488042330477963,missing,0.05
Spambase,SVM,Kernel,0.0,0.05,0.0,0.0,4601,43,0.9289302742765425,0.009068113505089178,0.9212066448191469,0.010651557334115297,0.9248738156350423,0.009751861545097988,0.8506516549585882,0.019043184611160096,missing,0.05
Spambase,SVM,Kernel,0.0,0.05,0.0,0.0,4601,44,0.9293643487702402,0.00849280494289063,0.9214670401094924,0.008609894163593581,0.9253325837188594,0.00888470382832983,0.8516126636898733,0.017881103944658736,missing,0.05
Spambase,MLP,Neural,0.0,0.05,0.0,0.0,4601,42,0.9352332058726338,0.004716128309528333,0.9315038683057439,0.0061692015557457324,0.9320779707468855,0.005095828345824257,0.8643012440719158,0.01020575722825871,missing,0.05
Spambase,MLP,Neural,0.0,0.05,0.0,0.0,4601,43,0.9300146343766228,0.011762524520108451,0.9247121370457627,0.0140087206322067,0.9263748233694413,0.01259906671429978,0.8530630813500035,0.024906435427944552,missing,0.05
Spambase,MLP,Neural,0.0,0.05,0.0,0.0,4601,44,0.9297988953406033,0.0045741425913038945,0.924812283701403,0.004522582735223684,0.9262478231758514,0.004738604659888718,0.8526498377728977,0.009513295002759213,missing,0.05
Spambase,GB,Boosting,0.0,0.05,0.0,0.0,4601,42,0.9452289571826465,0.0036812774454342573,0.940141074539705,0.005446648072556467,0.9423388489315826,0.004074069189253974,0.885064984482477,0.007867498080732767,missing,0.05
Spambase,GB,Boosting,0.0,0.05,0.0,0.0,4601,43,0.9460982863617053,0.007798395274611683,0.9407718645411853,0.009863828260179605,0.9432037807063729,0.008404645718762293,0.886968621506675,0.016266397699117773,missing,0.05
Spambase,GB,Boosting,0.0,0.05,0.0,0.0,4601,44,0.9456649199830054,0.006549464522824042,0.9406056611062665,0.0076057055856848825,0.9428058494287177,0.006953149601807048,0.8859093528433817,0.013781704038350757,missing,0.05
Bank,LR,Linear,0.0,0.05,0.0,0.0,5000,42,0.8942,0.007547184905645289,0.6323886130228147,0.01812987664430171,0.6666378144893281,0.0233270113609194,0.3678474803799158,0.049457895284071095,missing,0.05
Bank,LR,Linear,0.0,0.05,0.0,0.0,5000,43,0.8958,0.006615134163416496,0.6384847692888463,0.02395086821919265,0.6730120868406703,0.02733282791998217,0.3798095204448829,0.050639477001507734,missing,0.05
Bank,LR,Linear,0.0,0.05,0.0,0.0,5000,44,0.8958,0.003655133376499416,0.6332946152878203,0.005997472897475701,0.6689529297034047,0.007853226567774688,0.3758652708057859,0.01935113282965238,missing,0.05
Bank,RF,Ensemble,0.0,0.05,0.0,0.0,5000,42,0.8958,0.002039607805437116,0.5977049878522133,0.014445649077825801,0.6305753058557172,0.017574134940418016,0.33720184760803557,0.02402411485128124,missing,0.05
Bank,RF,Ensemble,0.0,0.05,0.0,0.0,5000,43,0.8926000000000001,0.006829348431585555,0.5892199281780256,0.02052233041975882,0.6183795661225439,0.027693186443080466,0.31000770671855715,0.05729453343341804,missing,0.05
Bank,RF,Ensemble,0.0,0.05,0.0,0.0,5000,44,0.8938,0.002561249694973142,0.585450726447329,0.01669419128626981,0.6139594316859558,0.022625834380566128,0.3116686649851531,0.0314224290630146,missing,0.05
Bank,XGB,Boosting,0.0,0.05,0.0,0.0,5000,42,0.8907999999999999,0.008084553172563102,0.6512239742137816,0.020036452337973687,0.6799778732079679,0.02403454529760268,0.37759800092759244,0.04929422512354207,missing,0.05
Bank,XGB,Boosting,0.0,0.05,0.0,0.0,5000,43,0.8928,0.006046486583132395,0.6471663230440127,0.022815039806329058,0.6778012286937951,0.024208522101467907,0.3790409397205476,0.04505039989218738,missing,0.05
Bank,XGB,Boosting,0.0,0.05,0.0,0.0,5000,44,0.8944000000000001,0.00793977329651169,0.6525210287384693,0.023227059333118676,0.6841616203227143,0.02564870206035585,0.3909548203513361,0.05004701801121052,missing,0.05
Bank,SVM,Kernel,0.0,0.05,0.0,0.0,5000,42,0.8879999999999999,0.0015491933384829681,0.5821664682366835,0.016306065221198176,0.6066427066136533,0.020807246144580006,0.27683556013835753,0.023377920662654157,missing,0.05
Bank,SVM,Kernel,0.0,0.05,0.0,0.0,5000,43,0.8873999999999999,0.006374950980203697,0.5810852668157311,0.02308352939964135,0.605345509135657,0.031297566834207854,0.27033401098731036,0.06087814968790454,missing,0.05
Bank,SVM,Kernel,0.0,0.05,0.0,0.0,5000,44,0.8902000000000001,0.002785677655436826,0.5856365730657916,0.012485175675475899,0.6128169663330787,0.016419445087379237,0.2921778349896482,0.02683420856914106,missing,0.05
Bank,MLP,Neural,0.0,0.05,0.0,0.0,5000,42,0.889,0.006356099432828288,0.6257368528036704,0.029997637675445193,0.6539639995267473,0.03338986614235804,0.3387229541843607,0.054229305500201865,missing,0.05
Bank,MLP,Neural,0.0,0.05,0.0,0.0,5000,43,0.8908000000000001,0.010166612021711076,0.6082198410624231,0.03479380599319003,0.6379504034260699,0.04350167732820498,0.32257035674651935,0.08381185974235517,missing,0.05
Bank,MLP,Neural,0.0,0.05,0.0,0.0,5000,44,0.89,0.005176871642217918,0.611474092787796,0.04251258708902356,0.6367168400775091,0.05135485465224874,0.32004249170698695,0.0746788424452982,missing,0.05
Bank,GB,Boosting,0.0,0.05,0.0,0.0,5000,42,0.8937999999999999,0.001326649916142161,0.6603372341764188,0.012323969091811583,0.6900118452081805,0.010699666541133537,0.3975295739187863,0.01696384010895222,missing,0.05
Bank,GB,Boosting,0.0,0.05,0.0,0.0,5000,43,0.8948,0.007110555533852477,0.664610738449923,0.026691691385524147,0.6937656505747578,0.025917887504758444,0.4056634062383848,0.049357618298383456,missing,0.05
Bank,GB,Boosting,0.0,0.05,0.0,0.0,5000,44,0.8894,0.006151422599691885,0.6496897716603266,0.022479026976249015,0.6769400589635167,0.023349502469726315,0.37051138953230356,0.04381703925965878,missing,0.05
Wine,LR,Linear,0.0,0.05,0.0,0.0,178,42,0.9665079365079364,0.020746948644437477,0.9676190476190477,0.022817425810878013,0.9663991317324652,0.021589390959571058,0.9512458772456368,0.029954594419503974,missing,0.05
Wine,LR,Linear,0.0,0.05,0.0,0.0,178,43,0.9944444444444445,0.011111111111111117,0.9952380952380953,0.009523809523809488,0.9943562610229277,0.011287477954144622,0.9918521595451713,0.01629568090965749,missing,0.05
Wine,LR,Linear,0.0,0.05,0.0,0.0,178,44,0.9663492063492063,0.0109581305359322,0.9674843674843675,0.009000494572951226,0.9669105517782697,0.009210307702021303,0.950729351614604,0.01511048593052915,missing,0.05
Wine,RF,Ensemble,0.0,0.05,0.0,0.0,178,42,0.9773015873015873,0.021340796124772462,0.9788600288600289,0.019554666223936392,0.9787136598964556,0.019498364890259825,0.9658679978756435,0.03240870468925713,missing,0.05
Wine,RF,Ensemble,0.0,0.05,0.0,0.0,178,43,0.9831746031746033,0.013740935306558193,0.9857142857142858,0.011664236870396045,0.9835767195767197,0.01344158069430278,0.97525726191895,0.020209745849709873,missing,0.05
Wine,RF,Ensemble,0.0,0.05,0.0,0.0,178,44,0.9833333333333334,0.022222222222222233,0.9857142857142858,0.019047619047619018,0.9840998507665175,0.020794565619377488,0.9759643090778816,0.03188010421309662,missing,0.05
Wine,XGB,Boosting,0.0,0.05,0.0,0.0,178,42,0.954920634920635,0.022944058734054362,0.9582251082251083,0.02048147266485071,0.9558979150794482,0.02306608028672971,0.9332058031180779,0.034560403240457685,missing,0.05
Wine,XGB,Boosting,0.0,0.05,0.0,0.0,178,43,0.9492063492063492,0.0516202580931501,0.951005291005291,0.04688153153360287,0.9501483780593112,0.04991036010240292,0.924209696296104,0.07695838962481706,missing,0.05
Wine,XGB,Boosting,0.0,0.05,0.0,0.0,178,44,0.9606349206349206,0.013879588722983607,0.9613708513708514,0.01662971359894307,0.9617444440547758,0.013229822044166352,0.9417977422888624,0.0207036343773805,missing,0.05
Wine,SVM,Kernel,0.0,0.05,0.0,0.0,178,42,0.9944444444444445,0.011111111111111117,0.9952380952380953,0.009523809523809488,0.9943562610229277,0.011287477954144622,0.9918521595451713,0.01629568090965749,missing,0.05
Wine,SVM,Kernel,0.0,0.05,0.0,0.0,178,43,0.9774603174603176,0.021299434518521104,0.9756084656084656,0.024100746896140418,0.9772840747218574,0.021126761947144735,0.9667678037871621,0.031420260691928936,missing,0.05
Wine,SVM,Kernel,0.0,0.05,0.0,0.0,178,44,0.9887301587301588,0.01380496184454534,0.9891774891774892,0.01341292933751484,0.9890311202139159,0.013443520655842893,0.9832809331990265,0.0204875311122529,missing,0.05
Wine,MLP,Neural,0.0,0.05,0.0,0.0,178,42,0.8931746031746032,0.055486578494678376,0.9014285714285716,0.049442342435382314,0.8926469701657108,0.05762367162921105,0.85303793403817,0.07040308492500433,missing,0.05
Wine,MLP,Neural,0.0,0.05,0.0,0.0,178,43,0.9157142857142857,0.04649574573418712,0.9233862433862434,0.045232556361307574,0.9195909092153354,0.04322824104201731,0.8765026308246279,0.06893589805459088,missing,0.05
Wine,MLP,Neural,0.0,0.05,0.0,0.0,178,44,0.8534920634920635,0.06094411319588258,0.8662674362674364,0.058240847588534136,0.8568966521670479,0.06104531269603513,0.790478198973435,0.08927306421132122,missing,0.05
Wine,GB,Boosting,0.0,0.05,0.0,0.0,178,42,0.9157142857142857,0.018107765087458618,0.9146272246272247,0.014461296859839495,0.9158777279846102,0.015932568670124058,0.8754602971310839,0.02733142055809317,missing,0.05
Wine,GB,Boosting,0.0,0.05,0.0,0.0,178,43,0.893015873015873,0.041590330678489225,0.8917652717652718,0.04376856099814743,0.8968471594350425,0.04035538104852155,0.8406468611932599,0.06267514775162712,missing,0.05
Wine,GB,Boosting,0.0,0.05,0.0,0.0,178,44,0.9438095238095239,0.02521462420645036,0.94012506012506,0.02559604909982016,0.9427637947645066,0.022988857048583545,0.9178078512557581,0.036475265345539985,missing,0.05
BreastCancer,LR,Linear,0.0,0.05,0.0,0.0,569,42,0.9701133364384413,0.014276153584041437,0.963820974945279,0.02066819812659064,0.9675938926333731,0.015761625984668192,0.9369726408102487,0.029611630465279058,missing,0.05
BreastCancer,LR,Linear,0.0,0.05,0.0,0.0,569,43,0.9789473684210526,0.01529438225803745,0.9756149948788337,0.016131177590383024,0.9774454531257828,0.016250255819697208,0.9553075324826181,0.03235999271602076,missing,0.05
BreastCancer,LR,Linear,0.0,0.05,0.0,0.0,569,44,0.9753764943331781,0.014082135060217908,0.9707977191313255,0.01771664233296441,0.973435258250522,0.015255378005826119,0.9474224778758378,0.030060108567114538,missing,0.05
BreastCancer,RF,Ensemble,0.0,0.05,0.0,0.0,569,42,0.9560627231796305,0.009610421824985158,0.9525958074025549,0.014605827027951575,0.9528820914443721,0.010525218373620169,0.9074616361604836,0.020834701987304343,missing,0.05
BreastCancer,RF,Ensemble,0.0,0.05,0.0,0.0,569,43,0.9631113181183046,0.01285430290933346,0.9600247479710303,0.017485274262251504,0.9603756063293746,0.014293104876594666,0.9211261608655054,0.02805491550737505,missing,0.05
BreastCancer,RF,Ensemble,0.0,0.05,0.0,0.0,569,44,0.9560782487191428,0.007777102123864983,0.9517894186826383,0.01207482441964163,0.9528371129486443,0.008453752294096341,0.9077548845419756,0.015188412722702372,missing,0.05
BreastCancer,XGB,Boosting,0.0,0.05,0.0,0.0,569,42,0.9631268436578171,0.0195054168912149,0.958281666744654,0.023993447125698807,0.9602915044700762,0.021184841501043977,0.9215688398718317,0.041730632104135926,missing,0.05
BreastCancer,XGB,Boosting,0.0,0.05,0.0,0.0,569,43,0.9666356155876418,0.012854115389141193,0.962802525748808,0.013610260843723906,0.9642217635493611,0.01365154068168453,0.9289546782868274,0.02687958374154828,missing,0.05
BreastCancer,XGB,Boosting,0.0,0.05,0.0,0.0,569,44,0.9648501785437045,0.009609970350036167,0.9586980539568157,0.014918916853203866,0.9620091282790458,0.010772188090814448,0.9256176588037031,0.019318178998865065,missing,0.05
BreastCancer,SVM,Kernel,0.0,0.05,0.0,0.0,569,42,0.9736376339077782,0.017544106956858683,0.9684721377359766,0.02071575937272113,0.9715660000620717,0.018908206813829802,0.9437279106968701,0.03754308215989358,missing,0.05
BreastCancer,SVM,Kernel,0.0,0.05,0.0,0.0,569,43,0.9771774569166279,0.006986492780624109,0.9722615408211542,0.010570207118649831,0.9753756289636331,0.007600221140337564,0.9514888724661992,0.014921854870903755,missing,0.05
BreastCancer,SVM,Kernel,0.0,0.05,0.0,0.0,569,44,0.9771619313771154,0.011885244147814056,0.9722615408211543,0.017055073403653326,0.9752854409664101,0.01306263424692258,0.9516534652287574,0.02468543274316737,missing,0.05
BreastCancer,MLP,Neural,0.0,0.05,0.0,0.0,569,42,0.9297469337059463,0.019112374253626805,0.9201670618023385,0.021830714246977235,0.9241018297403993,0.020536305879201907,0.8495565706252768,0.041000087619187726,missing,0.05
BreastCancer,MLP,Neural,0.0,0.05,0.0,0.0,569,43,0.9473373699736065,0.03134873633865556,0.9377735404676117,0.03731394083930811,0.9425996153285651,0.03463787821284302,0.8868279435109543,0.06789864052628287,missing,0.05
BreastCancer,MLP,Neural,0.0,0.05,0.0,0.0,569,44,0.9489830771619314,0.021952552890040042,0.938408097161782,0.024647110216034874,0.9445909830194505,0.023864439529619266,0.891065474731198,0.04739513873234977,missing,0.05
BreastCancer,GB,Boosting,0.0,0.05,0.0,0.0,569,42,0.9543238627542306,0.012841845623119677,0.9484913356105625,0.01901002865822223,0.9507270369605159,0.014367450128809004,0.9038050782985115,0.026794925754523823,missing,0.05
BreastCancer,GB,Boosting,0.0,0.05,0.0,0.0,569,43,0.9543393882937432,0.016023485046730065,0.9471832935598083,0.021514276839168612,0.9505508923580965,0.017834913172482217,0.9023475236279828,0.034575442705689984,missing,0.05
BreastCancer,GB,Boosting,0.0,0.05,0.0,0.0,569,44,0.9595559695699425,0.023975123055537367,0.9563265250417231,0.024965003729027595,0.9567567227646301,0.025545385989762814,0.9137477065638503,0.05103816804348878,missing,0.05
Digits,LR,Linear,0.0,0.05,0.0,0.0,1797,42,0.8814546580006191,0.016004269429514856,0.8814765544889932,0.016058634959152825,0.881434868814447,0.015995307978983596,0.7632613341377528,0.03239270698148804,missing,0.05
Digits,LR,Linear,0.0,0.05,0.0,0.0,1797,43,0.8770024760136181,0.01599440176710832,0.8769917624343687,0.016004750381929334,0.8769633103877907,0.015979623606432302,0.7544730894334577,0.03226283694368523,missing,0.05
Digits,LR,Linear,0.0,0.05,0.0,0.0,1797,44,0.8770272361497989,0.008545156475702016,0.8770289034983932,0.008525500252246652,0.8770146082741215,0.008540797512612984,0.7542059481414911,0.017090663005572635,missing,0.05
Digits,RF,Ensemble,0.0,0.05,0.0,0.0,1797,42,0.9671634168987928,0.006222359113331613,0.9671537358834806,0.006245497276809447,0.9671582620038951,0.0062286837770392095,0.9345103425484265,0.012271004636356924,missing,0.05
Digits,RF,Ensemble,0.0,0.05,0.0,0.0,1797,43,0.9677143299288146,0.009110864330679678,0.9676969796735839,0.009112519243276478,0.9677113647742333,0.009112640229894938,0.9355003268910356,0.018179912484853497,missing,0.05
Digits,RF,Ensemble,0.0,0.05,0.0,0.0,1797,44,0.9705137728257505,0.009875333626911361,0.9705211752077396,0.009887800093685244,0.9705119176172425,0.009875536443014978,0.941160076429664,0.01982040518206779,missing,0.05
Digits,XGB,Boosting,0.0,0.05,0.0,0.0,1797,42,0.9688269885484371,0.008360319883292102,0.968832885788656,0.008373052899619671,0.9688256455161645,0.008360621800840528,0.9377353922721984,0.01674757845982163,missing,0.05
Digits,XGB,Boosting,0.0,0.05,0.0,0.0,1797,43,0.9582544103992572,0.007718465184990695,0.958243121358341,0.007736369280492259,0.958244988078137,0.0077233546223225025,0.9168308696951364,0.01535669176212655,missing,0.05
Digits,XGB,Boosting,0.0,0.05,0.0,0.0,1797,44,0.9638362735995047,0.012035681561666135,0.9638203339609248,0.01205827466371593,0.9638320356698564,0.012040473279678093,0.927755694118655,0.024023922641089764,missing,0.05
Digits,SVM,Kernel,0.0,0.05,0.0,0.0,1797,42,0.9755168678427731,0.009209707205741333,0.9755212780915734,0.009217841661221879,0.9755157380339936,0.009210734832577273,0.9510975247003074,0.018391389105943706,missing,0.05
Digits,SVM,Kernel,0.0,0.05,0.0,0.0,1797,43,0.9755091303002166,0.007570183872977544,0.9755119671046089,0.007593937031098006,0.9755063023259822,0.007573007542211192,0.9511816917854461,0.015082310245227156,missing,0.05
Digits,SVM,Kernel,0.0,0.05,0.0,0.0,1797,44,0.9810909935004641,0.011158305157645917,0.9810953527372245,0.011161569810079132,0.9810903796116989,0.011158649864466222,0.962241826502253,0.02234501021545915,missing,0.05
Digits,MLP,Neural,0.0,0.05,0.0,0.0,1797,42,0.9565923862581245,0.006503769751777718,0.9565981117387026,0.006522519040602842,0.9565908742555169,0.006505685695400777,0.913240919931847,0.013004400640439905,missing,0.05
Digits,MLP,Neural,0.0,0.05,0.0,0.0,1797,43,0.9604936552151037,0.01375684793356805,0.960493036479178,0.013740778108490398,0.9604915679762053,0.013756956275405852,0.9210628446519777,0.027469874427756925,missing,0.05
Digits,MLP,Neural,0.0,0.05,0.0,0.0,1797,44,0.962726709996905,0.013430996025616997,0.962749364692326,0.013404931142730893,0.9627246493065968,0.013433436190350723,0.925598982329187,0.026722129718989168,missing,0.05
Digits,GB,Boosting,0.0,0.05,0.0,0.0,1797,42,0.9643809965954813,0.0048153770400992425,0.9643667157079608,0.0048115086653372,0.9643784304663814,0.004815636479124328,0.9288225614980702,0.009613561393805732,missing,0.05
Digits,GB,Boosting,0.0,0.05,0.0,0.0,1797,43,0.9560229031259672,0.011511142451357073,0.956023968503829,0.01153096507636829,0.956019664742094,0.011513446480551564,0.9121489211866421,0.02303512084367892,missing,0.05
Digits,GB,Boosting,0.0,0.05,0.0,0.0,1797,44,0.9627236149798823,0.009382602425713815,0.9627278448237429,0.009394402737573405,0.9627226008246363,0.009383191827875502,0.9254903194693103,0.018800463105089586,missing,0.05
Spambase,LR,Linear,0.0,0.1,0.0,0.0,4601,42,0.9113239390076947,0.003033919881381894,0.9027050233044882,0.005091740557339545,0.9062535075235243,0.003464054480782665,0.81365090258025,0.0067211203720534286,missing,0.1
Spambase,LR,Linear,0.0,0.1,0.0,0.0,4601,43,0.9200177028749469,0.0031117077254324303,0.9119223821058483,0.004474400279987071,0.9154773598466754,0.003452660309138566,0.8318628845741545,0.006531643319773163,missing,0.1
Spambase,LR,Linear,0.0,0.1,0.0,0.0,4601,44,0.9152358022942926,0.004124874346253576,0.9063307489296791,0.003583827346699052,0.9103252128555877,0.00417022217638214,0.8217616023402978,0.008664283478404106,missing,0.1
Spambase,RF,Ensemble,0.0,0.1,0.0,0.0,4601,42,0.9378402492564792,0.0032404642138166113,0.9299964691033573,0.00392531495981347,0.9342307593283261,0.0034674396854738406,0.8695931623702784,0.006794206629684184,missing,0.1
Spambase,RF,Ensemble,0.0,0.1,0.0,0.0,4601,43,0.9380585847141576,0.007701775497146187,0.9300883936478257,0.008816710728100509,0.9344324827461973,0.008228616588143148,0.8700561043633538,0.016115656895848523,missing,0.1
Spambase,RF,Ensemble,0.0,0.1,0.0,0.0,4601,44,0.9352320256809705,0.008233370970050294,0.9265951743555192,0.009238112058940545,0.9313621039941313,0.008794233631106808,0.864079648838757,0.017303169914521424,missing,0.1
Spambase,XGB,Boosting,0.0,0.1,0.0,0.0,4601,42,0.9439253174715574,0.004485783622487102,0.9389696526104085,0.004689229632528656,0.941006379603817,0.004704388825099168,0.8823430194790394,0.009454445574516662,missing,0.1
Spambase,XGB,Boosting,0.0,0.1,0.0,0.0,4601,43,0.9439248453948921,0.005037104340808429,0.9390725372127914,0.0065073821898135155,0.9410041127275266,0.00545108338731097,0.8823250259405265,0.010586244005654197,missing,0.1
Spambase,XGB,Boosting,0.0,0.1,0.0,0.0,4601,44,0.9415351933153945,0.006565198909747251,0.9355603550856559,0.0072621953225335085,0.9383710149515384,0.006948176769165036,0.8771965601808809,0.013778161125389335,missing,0.1
Spambase,SVM,Kernel,0.0,0.1,0.0,0.0,4601,42,0.9215396780437143,0.006945955002927165,0.9129796376307369,0.0070286341386751735,0.9170046535460779,0.007280407674142063,0.8350240216392855,0.014681805112910118,missing,0.1
Spambase,SVM,Kernel,0.0,0.1,0.0,0.0,4601,43,0.9287124108955294,0.008340182486501988,0.9206400678523174,0.00930942708408584,0.9246024396733654,0.008881089798471577,0.850197309491841,0.01752108558585691,missing,0.1
Spambase,SVM,Kernel,0.0,0.1,0.0,0.0,4601,44,0.9261037152433556,0.009594104276077856,0.9174252263506691,0.009381289704192657,0.9217830535962579,0.00996949029263535,0.8448561387871673,0.020158040206994767,missing,0.1
Spambase,MLP,Neural,0.0,0.1,0.0,0.0,4601,42,0.9189300382382098,0.012389506008277368,0.9116736149100338,0.016171825957267877,0.9143904737048636,0.013711549032582017,0.8297039804806257,0.026486561015763247,missing,0.1
Spambase,MLP,Neural,0.0,0.1,0.0,0.0,4601,43,0.9306675164046642,0.009358368721365265,0.9263088658318314,0.010133978460794007,0.9272375373168795,0.0098335193143008,0.8546736570539701,0.019580982484731342,missing,0.1
Spambase,MLP,Neural,0.0,0.1,0.0,0.0,4601,44,0.9219735164990794,0.0231844214021183,0.9172165781523953,0.028518969285190016,0.9178676746645678,0.02526307791691271,0.8366061374124545,0.04957690641361891,missing,0.1
Spambase,GB,Boosting,0.0,0.1,0.0,0.0,4601,42,0.9424045224944532,0.002041519459142217,0.9369415240734481,0.0029267962232323165,0.9393463399088091,0.0021855580212671007,0.8791562717456509,0.004383007312794197,missing,0.1
Spambase,GB,Boosting,0.0,0.1,0.0,0.0,4601,43,0.94240334230279,0.007502739755533491,0.9362756481712717,0.009551729211794908,0.9392303079745765,0.00814661267453329,0.8791468353337348,0.015638686174750862,missing,0.1
Spambase,GB,Boosting,0.0,0.1,0.0,0.0,4601,44,0.9406653920596705,0.0040969093635381025,0.9346493284467048,0.0050678191603920454,0.937450993843753,0.004403058243346907,0.8753749900131599,0.00857074730512208,missing,0.1
Bank,LR,Linear,0.0,0.1,0.0,0.0,5000,42,0.8928,0.00874985714169095,0.6189912013241571,0.02406816399883218,0.6521766587282856,0.0310762540708853,0.34555616156367275,0.06436367277659091,missing,0.1
Bank,LR,Linear,0.0,0.1,0.0,0.0,5000,43,0.8946,0.006311893535223805,0.6244591573017394,0.022690973514536462,0.6586619366155736,0.027593140989464866,0.3591307806957625,0.05128858107792293,missing,0.1
Bank,LR,Linear,0.0,0.1,0.0,0.0,5000,44,0.8927999999999999,0.004621688003316541,0.6219570036104577,0.01299361073404073,0.6551920650883417,0.01593389544108883,0.35020586715041385,0.030865891219814118,missing,0.1
Bank,RF,Ensemble,0.0,0.1,0.0,0.0,5000,42,0.8938,0.006046486583132395,0.5861921770189041,0.02581784615766678,0.6144737434671623,0.03463602366197336,0.3095426412057777,0.06090826809713865,missing,0.1
Bank,RF,Ensemble,0.0,0.1,0.0,0.0,5000,43,0.8907999999999999,0.0063686733312362685,0.5793032687709924,0.018071412727097756,0.6049136438136216,0.025301338826884984,0.2889250990445763,0.05645565649853182,missing,0.1
Bank,RF,Ensemble,0.0,0.1,0.0,0.0,5000,44,0.8902000000000001,0.002785677655436826,0.577480616778465,0.014554843888418288,0.6022226449874428,0.0200071059757288,0.28033668827071734,0.033792378952768674,missing,0.1
Bank,XGB,Boosting,0.0,0.1,0.0,0.0,5000,42,0.8916000000000001,0.006151422599691885,0.6427795684873827,0.021128696007513038,0.6732495585741585,0.02373497150200057,0.36931933769118486,0.04542422646949735,missing,0.1
Bank,XGB,Boosting,0.0,0.1,0.0,0.0,5000,43,0.8886,0.003773592452822645,0.6358906602394712,0.019484381318813755,0.6641982358643497,0.01850176929857288,0.3515717997638818,0.031608489568367676,missing,0.1
Bank,XGB,Boosting,0.0,0.1,0.0,0.0,5000,44,0.8932,0.009108238029388569,0.6384954167513625,0.02139156890854195,0.6709704534419471,0.02576623301562522,0.37220415836448273,0.05093851253264552,missing,0.1
Bank,SVM,Kernel,0.0,0.1,0.0,0.0,5000,42,0.8876,0.001019803902718558,0.5723011102399551,0.010589918515356464,0.59441737407599,0.01412829890381104,0.26000900744853594,0.017088830410296633,missing,0.1
Bank,SVM,Kernel,0.0,0.1,0.0,0.0,5000,43,0.8874000000000001,0.006280127387243038,0.5744122116715549,0.022659564832089158,0.5966669061179083,0.03102393971311356,0.26057627336555467,0.05968529033645963,missing,0.1
Bank,SVM,Kernel,0.0,0.1,0.0,0.0,5000,44,0.8874000000000001,0.003773592452822645,0.5714464093852543,0.010560850662127568,0.5935646684546816,0.015290282909982274,0.2579612485889324,0.03330562074795957,missing,0.1
Bank,MLP,Neural,0.0,0.1,0.0,0.0,5000,42,0.8888000000000001,0.007833262411026463,0.6085702393743164,0.020215623015436928,0.637648676048994,0.023317012936818145,0.31993506550942474,0.044010541699212535,missing,0.1
Bank,MLP,Neural,0.0,0.1,0.0,0.0,5000,43,0.8897999999999999,0.008518215775618749,0.6024634356457685,0.04140291768852858,0.6283817988612118,0.05301608353331577,0.3068744024874581,0.08671461719686191,missing,0.1
Bank,MLP,Neural,0.0,0.1,0.0,0.0,5000,44,0.893,0.002756809750418047,0.6354163641819361,0.0044032553677498835,0.6683677201414212,0.004712861816994214,0.3669982455120254,0.011028897963011828,missing,0.1
Bank,GB,Boosting,0.0,0.1,0.0,0.0,5000,42,0.89,0.00864869932417587,0.6396492145076517,0.023327264276949887,0.6692354658352275,0.027331492784115972,0.36089188101163944,0.05478043326719895,missing,0.1
Bank,GB,Boosting,0.0,0.1,0.0,0.0,5000,43,0.8912000000000001,0.007678541528180993,0.6484846724937325,0.018692980901298294,0.677929562526389,0.021138593260781557,0.3766373114039768,0.0442240440528785,missing,0.1
Bank,GB,Boosting,0.0,0.1,0.0,0.0,5000,44,0.8924,0.006916646586316239,0.6491641741924867,0.01680539404502586,0.6797939603383061,0.01959652583539244,0.38067340351333306,0.04027983924203356,missing,0.1
Wine,LR,Linear,0.0,0.1,0.0,0.0,178,42,0.9553968253968254,0.03761067484347909,0.9553968253968254,0.04422963964275194,0.9552543936439928,0.0391769657451484,0.9358260745348078,0.053166175294722035,missing,0.1
Wine,LR,Linear,0.0,0.1,0.0,0.0,178,43,0.9776190476190477,0.020831783767013237,0.9782539682539684,0.02116296293650658,0.9782215163651813,0.02044868941532071,0.9667181206913321,0.03114374933075952,missing,0.1
Wine,LR,Linear,0.0,0.1,0.0,0.0,178,44,0.9663492063492063,0.02113317858457236,0.9704473304473306,0.018939172677880225,0.9673282922405729,0.019904497099804918,0.9505450222504948,0.031172287017877078,missing,0.1
Wine,RF,Ensemble,0.0,0.1,0.0,0.0,178,42,0.9663492063492063,0.0109581305359322,0.9674314574314575,0.014491183483035115,0.9673963372155516,0.012141642910672835,0.9499828913008977,0.016718809471343514,missing,0.1
Wine,RF,Ensemble,0.0,0.1,0.0,0.0,178,43,0.9719047619047618,0.01807434048104221,0.9726984126984128,0.017913315529734436,0.9723998490362676,0.016648495113276207,0.9589083617417998,0.02620708720445286,missing,0.1
Wine,RF,Ensemble,0.0,0.1,0.0,0.0,178,44,0.9831746031746033,0.02230370548603213,0.986031746031746,0.0188988902427139,0.9839359672390525,0.020893994447453757,0.9756476185112282,0.03205186274225384,missing,0.1
Wine,XGB,Boosting,0.0,0.1,0.0,0.0,178,42,0.954920634920635,0.014138572026440229,0.9577200577200579,0.014159440170581999,0.9570385911033087,0.01301320841481655,0.9333974715231592,0.02110865232962038,missing,0.1
Wine,XGB,Boosting,0.0,0.1,0.0,0.0,178,43,0.954920634920635,0.03880749499679709,0.9595238095238094,0.036576884513660035,0.9567329460662795,0.03542948726855484,0.933477770112409,0.05800269377037824,missing,0.1
Wine,XGB,Boosting,0.0,0.1,0.0,0.0,178,44,0.9776190476190475,0.01119469694127331,0.9812698412698413,0.009385235237520273,0.9777690970721824,0.011172715972991699,0.9670718906601689,0.016475036374475147,missing,0.1
Wine,SVM,Kernel,0.0,0.1,0.0,0.0,178,42,0.9722222222222221,0.030429030972509243,0.9746031746031747,0.027561516435214848,0.9735292300939478,0.029467792267911647,0.9587153367933345,0.04548313642223789,missing,0.1
Wine,SVM,Kernel,0.0,0.1,0.0,0.0,178,43,0.9719047619047618,0.0003888078956798682,0.971904761904762,0.004644044075659649,0.9717359922099658,0.0011819054581718638,0.9584549700065965,0.000697319414485882,missing,0.1
Wine,SVM,Kernel,0.0,0.1,0.0,0.0,178,44,0.9774603174603176,0.021299434518521104,0.97997113997114,0.019426336919943367,0.9780926390049197,0.020744894721571313,0.9664128157639217,0.03207685481579728,missing,0.1
Wine,MLP,Neural,0.0,0.1,0.0,0.0,178,42,0.8877777777777778,0.06942444156361469,0.8944444444444445,0.06212009759790458,0.8876950389926843,0.06924995001998746,0.8435603851914383,0.09272614557066104,missing,0.1
Wine,MLP,Neural,0.0,0.1,0.0,0.0,178,43,0.9046031746031746,0.0415509352688759,0.9078306878306879,0.043527515513912804,0.9065259078577157,0.03936937743291593,0.8569841593439034,0.06308735809707551,missing,0.1
Wine,MLP,Neural,0.0,0.1,0.0,0.0,178,44,0.881111111111111,0.07612497184149547,0.889018759018759,0.07333626420384066,0.8834367399125019,0.07582673974093815,0.8240541785138731,0.11431019888143305,missing,0.1
Wine,GB,Boosting,0.0,0.1,0.0,0.0,178,42,0.9153968253968253,0.03160524336902373,0.9126406926406926,0.03757495158960505,0.9154659176300755,0.031152109316676387,0.8736959810630468,0.047365813249014226,missing,0.1
Wine,GB,Boosting,0.0,0.1,0.0,0.0,178,43,0.8992063492063492,0.037103492910951046,0.895026455026455,0.03979011872730351,0.900308953198436,0.03795598109775483,0.8518966357741908,0.05608601575652835,missing,0.1
Wine,GB,Boosting,0.0,0.1,0.0,0.0,178,44,0.9322222222222223,0.034428714131737904,0.9302068302068301,0.03447751255122035,0.931965139541062,0.03283679507785281,0.8981675610812687,0.05267541795263708,missing,0.1
BreastCancer,LR,Linear,0.0,0.1,0.0,0.0,569,42,0.9666045645086166,0.008608264154533925,0.9591340029843142,0.013926936233390337,0.9638172915839615,0.009435294455941828,0.9293455497736318,0.01849668652159615,missing,0.1
BreastCancer,LR,Linear,0.0,0.1,0.0,0.0,569,43,0.968390001552554,0.016242816173189522,0.9662113507920911,0.016126640771576477,0.9662736679874392,0.016968128000924964,0.9334234241337386,0.03360602843411112,missing,0.1
BreastCancer,LR,Linear,0.0,0.1,0.0,0.0,569,44,0.9736221083682658,0.016676727751755813,0.9694446394127036,0.02075377587227077,0.9715579886742157,0.01810555257313074,0.9437659651921395,0.03542666183793303,missing,0.1
BreastCancer,RF,Ensemble,0.0,0.1,0.0,0.0,569,42,0.9508150908244062,0.011825998202227732,0.9464808229220283,0.011074003747655069,0.947350665364711,0.012386355419758742,0.8957001931698756,0.0244491384221452,missing,0.1
BreastCancer,RF,Ensemble,0.0,0.1,0.0,0.0,569,43,0.95960254618848,0.010464443978139344,0.9543457125180022,0.014294202910689158,0.9564716040584171,0.011635827226941863,0.913671106364202,0.022721058793795334,missing,0.1
BreastCancer,RF,Ensemble,0.0,0.1,0.0,0.0,569,44,0.9630802670392796,0.006648593639017872,0.9592183592511139,0.009797193056664355,0.9603683983410282,0.0071821508977268815,0.9222146156439921,0.013230237982685208,missing,0.1
BreastCancer,XGB,Boosting,0.0,0.1,0.0,0.0,569,42,0.9525694767893185,0.008860853994419337,0.9498342769797077,0.013390976786825434,0.9492666766984541,0.009593436050543762,0.9000859142421914,0.019171141534467914,missing,0.1
BreastCancer,XGB,Boosting,0.0,0.1,0.0,0.0,569,43,0.9648657040832168,0.012372754323960556,0.9614494460301863,0.01399631067170104,0.9623553086970157,0.01315261015295347,0.925323773159407,0.02591305501913017,missing,0.1
BreastCancer,XGB,Boosting,0.0,0.1,0.0,0.0,569,44,0.9613414066138798,0.008922121107402356,0.9587661628686849,0.011947289315347808,0.9585997800268267,0.00966155986845374,0.9183711083756737,0.01869950205459233,missing,0.1
BreastCancer,SVM,Kernel,0.0,0.1,0.0,0.0,569,42,0.9666200900481291,0.011609532962591906,0.9629165821804211,0.014222865245813471,0.9641634026594744,0.0124797103316705,0.9294501592918847,0.02486004735667888,missing,0.1
BreastCancer,SVM,Kernel,0.0,0.1,0.0,0.0,569,43,0.9718987734823784,0.00651462442091093,0.9680557505238149,0.00898946102616101,0.9698101570584479,0.006974219338686805,0.9403919839118299,0.014334411660101529,missing,0.1
BreastCancer,SVM,Kernel,0.0,0.1,0.0,0.0,569,44,0.9806551777674274,0.012917715378580066,0.9769680745974554,0.015962177868891543,0.979147256054852,0.013956342205373274,0.9589567278902699,0.027227941344712157,missing,0.1
BreastCancer,MLP,Neural,0.0,0.1,0.0,0.0,569,42,0.9349945660611707,0.018835595798078232,0.9242263009582039,0.024154337726760587,0.9293197295167325,0.02103484675136373,0.8610075835864756,0.0403359676479996,missing,0.1
BreastCancer,MLP,Neural,0.0,0.1,0.0,0.0,569,43,0.9473063188945815,0.02214262003114482,0.9395882400345223,0.028426252799574905,0.9428344206291047,0.02477720879968923,0.8868861445025686,0.04823662873387464,missing,0.1
BreastCancer,MLP,Neural,0.0,0.1,0.0,0.0,569,44,0.9489986027014439,0.02257490324058795,0.9403172913449691,0.024016661309170968,0.9449018908164174,0.02433531875164392,0.8909315645215046,0.04879740560854248,missing,0.1
BreastCancer,GB,Boosting,0.0,0.1,0.0,0.0,569,42,0.968390001552554,0.011862304695158544,0.9624516478717264,0.016647760165053687,0.9658394725071918,0.013023545578171702,0.9332735464578871,0.02523057239342946,missing,0.1
BreastCancer,GB,Boosting,0.0,0.1,0.0,0.0,569,43,0.9490762303990063,0.01694226944616519,0.9439695667545323,0.021523384795557498,0.9451999538167195,0.01873727611825884,0.89103253230965,0.03701454989996171,missing,0.1
BreastCancer,GB,Boosting,0.0,0.1,0.0,0.0,569,44,0.9489675516224189,0.019829074166280825,0.9470173755712569,0.019129857779657887,0.9456623521465491,0.020660111923892017,0.8926668681819525,0.04042779828208445,missing,0.1
Digits,LR,Linear,0.0,0.1,0.0,0.0,1797,42,0.8708820798514392,0.015115125225303467,0.8709115850626391,0.015162559067501781,0.8708605255217787,0.015096724441251905,0.7421439732442041,0.0306657764144371,missing,0.1
Digits,LR,Linear,0.0,0.1,0.0,0.0,1797,43,0.8675394614670381,0.01451599806572817,0.8675009002335463,0.014522462349763031,0.8674708151854968,0.014540847421882821,0.7356651282932252,0.028885998395405055,missing,0.1
Digits,LR,Linear,0.0,0.1,0.0,0.0,1797,44,0.8603358093469513,0.01365873337333032,0.8603528229609282,0.013627212370002842,0.860311078697471,0.013653476637979604,0.7209827963146885,0.02731519063028306,missing,0.1
Digits,RF,Ensemble,0.0,0.1,0.0,0.0,1797,42,0.9610383782110802,0.00771118941496967,0.9610302101230832,0.007722959573443906,0.961035104296502,0.007712922099669329,0.9221712819188272,0.015416118466952712,missing,0.1
Digits,RF,Ensemble,0.0,0.1,0.0,0.0,1797,43,0.9621510368307025,0.008403563409597225,0.9621320788364525,0.008415308680143304,0.9621448066624063,0.008412141887267294,0.9244488304187655,0.016581039908911476,missing,0.1
Digits,RF,Ensemble,0.0,0.1,0.0,0.0,1797,44,0.9599396471680594,0.014778893927227983,0.9599407560590004,0.014796468248868664,0.9599373252861485,0.014780254827120252,0.9199647370022929,0.029616826688105214,missing,0.1
Digits,XGB,Boosting,0.0,0.1,0.0,0.0,1797,42,0.957143299288146,0.00839807419066523,0.9571475285588376,0.008403655440533855,0.9571405417263129,0.008398700529117002,0.9143964799770824,0.016780296035576903,missing,0.1
Digits,XGB,Boosting,0.0,0.1,0.0,0.0,1797,43,0.9543577839678118,0.010973149666408789,0.9543603369102612,0.01098390939892245,0.9543546079425733,0.010974357364046991,0.9088338423497484,0.021996076848758036,missing,0.1
Digits,XGB,Boosting,0.0,0.1,0.0,0.0,1797,44,0.9521510368307025,0.0063740821732960135,0.9521536329996468,0.006387975013789687,0.952148523689042,0.006374927200567624,0.9043859107557232,0.012788715971662252,missing,0.1
Digits,SVM,Kernel,0.0,0.1,0.0,0.0,1797,42,0.9655013927576602,0.010194174702189343,0.9655242788700612,0.010200462949658515,0.9654982705967837,0.01019668745863957,0.9312108166418515,0.020317536815720592,missing,0.1
Digits,SVM,Kernel,0.0,0.1,0.0,0.0,1797,43,0.9727282575054164,0.009556720972823817,0.9727372586945414,0.009581450748550298,0.9727268537740505,0.009558236904016125,0.9455472585857292,0.01914128661031488,missing,0.1
Digits,SVM,Kernel,0.0,0.1,0.0,0.0,1797,44,0.974410399257196,0.009675658086124344,0.9744193407889817,0.00967126352931416,0.9744098148003504,0.0096757096083554,0.9488799382508251,0.019349876761064068,missing,0.1
Digits,MLP,Neural,0.0,0.1,0.0,0.0,1797,42,0.9521448467966576,0.006430016859479021,0.9521443220126822,0.0064328082964545796,0.9521441577451599,0.006430202542816101,0.9042942636304121,0.012866052863107654,missing,0.1
Digits,MLP,Neural,0.0,0.1,0.0,0.0,1797,43,0.9487913958526771,0.012813692306410919,0.9488017462816067,0.012800851581807418,0.9487780744582466,0.012822271132695465,0.898018509199019,0.025407764239366262,missing,0.1
Digits,MLP,Neural,0.0,0.1,0.0,0.0,1797,44,0.9610569483132156,0.009594432962181697,0.9610580744947548,0.009607621508865833,0.9610532592516376,0.009596070657682816,0.9222614358675381,0.019197560726844483,missing,0.1
Digits,GB,Boosting,0.0,0.1,0.0,0.0,1797,42,0.9504704425874342,0.005962487035816552,0.9504652749913406,0.005976537570730644,0.9504648744177311,0.005965838149416298,0.9010911957527744,0.011861644086436238,missing,0.1
Digits,GB,Boosting,0.0,0.1,0.0,0.0,1797,43,0.9537991333952338,0.012685662675745193,0.9537861936753878,0.012701227611145298,0.9537921765750437,0.012693721114706012,0.907739143848542,0.025224959824364235,missing,0.1
Digits,GB,Boosting,0.0,0.1,0.0,0.0,1797,44,0.9532621479418137,0.005616500025678264,0.9532586053753374,0.005630462232318846,0.9532572453010832,0.005619918383596179,0.9066674787318606,0.011174346981384623,missing,0.1
Spambase,LR,Linear,0.0,0.2,0.0,0.0,4601,42,0.9028478024831232,0.007665757262929359,0.8929208838918592,0.009241684959765597,0.8970835584785354,0.008324275568156072,0.7955543306261864,0.016396887584143503,missing,0.2
Spambase,LR,Linear,0.0,0.2,0.0,0.0,4601,43,0.9102379266392863,0.004248202894233065,0.9010548378972445,0.006371901451384579,0.9049952631940474,0.0048867244017452545,0.8111881360721303,0.009001818046490204,missing,0.2
Spambase,LR,Linear,0.0,0.2,0.0,0.0,4601,44,0.9080618892508143,0.008535531945960396,0.8977095737234654,0.008093254929748666,0.9024956464802486,0.008806173307929172,0.8067356584053866,0.01803778807486936,missing,0.2
Spambase,RF,Ensemble,0.0,0.2,0.0,0.0,4601,42,0.9267563612330643,0.0055064255128708765,0.9182495938629573,0.006887204834669994,0.9224679725541005,0.006001216056798582,0.8461067001978366,0.011548284462610903,missing,0.2
Spambase,RF,Ensemble,0.0,0.2,0.0,0.0,4601,43,0.9304505971769815,0.005824459369058598,0.9225539684008641,0.006253853468412805,0.9264640603819784,0.006170582507545443,0.8538569854802927,0.012291417533659149,missing,0.2
Spambase,RF,Ensemble,0.0,0.2,0.0,0.0,4601,44,0.9271892555350988,0.00894065561979248,0.9170694997685727,0.010008740902804937,0.9226408632134412,0.00958352576717563,0.8472640972626202,0.018772645707224145,missing,0.2
Spambase,XGB,Boosting,0.0,0.2,0.0,0.0,4601,42,0.9313196903177076,0.003782543510663028,0.9249053977045101,0.005296231666398371,0.927596719344718,0.00413663689641044,0.855823542939859,0.008127965644276064,missing,0.2
Spambase,XGB,Boosting,0.0,0.2,0.0,0.0,4601,43,0.9354484728319881,0.008659974399882815,0.9294716028132447,0.009721975799089594,0.9319855168307299,0.009220071342277314,0.8644267073154257,0.018270397278191932,missing,0.2
Spambase,XGB,Boosting,0.0,0.2,0.0,0.0,4601,44,0.9326247462587925,0.008322401947892263,0.9259890375245605,0.009182577778420086,0.9289379893730263,0.008824344224648815,0.858419169111776,0.017494215977520457,missing,0.2
Spambase,SVM,Kernel,0.0,0.2,0.0,0.0,4601,42,0.9145848085729122,0.004570738022732558,0.904442776966404,0.004633426059053118,0.9093831170889329,0.0047483020437145,0.8204842858443564,0.00963247266872159,missing,0.2
Spambase,SVM,Kernel,0.0,0.2,0.0,0.0,4601,43,0.9174118396827644,0.009984971725524587,0.9069716253688277,0.010465158509209973,0.9122967480841091,0.0105910882881941,0.8264898865751004,0.021165347776758228,missing,0.2
Spambase,SVM,Kernel,0.0,0.2,0.0,0.0,4601,44,0.916539205967049,0.00941652097479239,0.9058694619700963,0.009202180189405227,0.9113447251823434,0.009789072015953847,0.824742299768733,0.019953222975230413,missing,0.2
Spambase,MLP,Neural,0.0,0.2,0.0,0.0,4601,42,0.9139319265448709,0.0044728506959588864,0.9056363491435551,0.004877339751805541,0.9090735257907723,0.004724274033812575,0.8189749293983883,0.009436075298077032,missing,0.2
Spambase,MLP,Neural,0.0,0.2,0.0,0.0,4601,43,0.9219739885757446,0.008255885736272239,0.9153708677283054,0.009417579097137486,0.9177940178440653,0.008806359996101243,0.8359780281615914,0.01741879143135439,missing,0.2
Spambase,MLP,Neural,0.0,0.2,0.0,0.0,4601,44,0.9176271066421187,0.011174347601466132,0.910628990335252,0.013953209075476185,0.9131228631884923,0.0120712574616101,0.8270474223700413,0.023853082814168463,missing,0.2
Spambase,GB,Boosting,0.0,0.2,0.0,0.0,4601,42,0.932841665486475,0.004298693966522637,0.9263561067287643,0.005453238102686544,0.9291835373803232,0.00463252546557388,0.8589877329005209,0.009059718318350951,missing,0.2
Spambase,GB,Boosting,0.0,0.2,0.0,0.0,4601,43,0.9343608081952508,0.0072402695947747404,0.9279928297430597,0.008417437431432865,0.9307889956247252,0.007756956720539629,0.8620831752412551,0.01531258159875838,missing,0.2
Spambase,GB,Boosting,0.0,0.2,0.0,0.0,4601,44,0.9330588207524902,0.009257961264844418,0.9267339474486279,0.010518655026367662,0.9294309854936712,0.009850542808370989,0.8593192663980938,0.019501010411857145,missing,0.2
Bank,LR,Linear,0.0,0.2,0.0,0.0,5000,42,0.89,0.007536577472566716,0.6003523342141689,0.023994006949329016,0.6299166772737778,0.03150681940897357,0.30964191543852687,0.0631877224834647,missing,0.2
Bank,LR,Linear,0.0,0.2,0.0,0.0,5000,43,0.8956000000000002,0.007657675887630665,0.6235425075742176,0.023547070733867255,0.658809707001075,0.02995953525774291,0.3625134861343792,0.059341627170396045,missing,0.2
Bank,LR,Linear,0.0,0.2,0.0,0.0,5000,44,0.892,0.004381780460041332,0.6081578921896023,0.011404420844623744,0.6402543265155254,0.014169814300498604,0.3308359287053881,0.02754582173665603,missing,0.2
Bank,RF,Ensemble,0.0,0.2,0.0,0.0,5000,42,0.8894,0.0034985711369071837,0.5703545605017858,0.015325918983826264,0.5923752153179894,0.022092423452602407,0.26515053324064397,0.041120764253486576,missing,0.2
Bank,RF,Ensemble,0.0,0.2,0.0,0.0,5000,43,0.89,0.005403702434442523,0.5744015642090388,0.010399982072636083,0.5986009565882885,0.015391076860192865,0.2790326055664967,0.04556376209488581,missing,0.2
Bank,RF,Ensemble,0.0,0.2,0.0,0.0,5000,44,0.8904,0.0037202150475476583,0.5701793613458392,0.012321085203224016,0.5926925394120726,0.017787037073417715,0.27268839502411524,0.03666439795216976,missing,0.2
Bank,XGB,Boosting,0.0,0.2,0.0,0.0,5000,42,0.8847999999999999,0.006046486583132395,0.6122368382844033,0.013433207128756884,0.6396701302818808,0.017371435571499023,0.30852536623389637,0.037408716290042165,missing,0.2
Bank,XGB,Boosting,0.0,0.2,0.0,0.0,5000,43,0.8905999999999998,0.007657675887630665,0.6318330090697022,0.031311880395688184,0.6615446025808576,0.035522584048227626,0.3511259850141498,0.06524384978349689,missing,0.2
Bank,XGB,Boosting,0.0,0.2,0.0,0.0,5000,44,0.8874000000000001,0.0070597450378891225,0.6092603885355867,0.017391218417846275,0.6383351739849903,0.02230503774032886,0.3132093891803656,0.04733436576527647,missing,0.2
Bank,SVM,Kernel,0.0,0.2,0.0,0.0,5000,42,0.8864000000000001,0.0034985711369071833,0.5590169488244234,0.01024153206080711,0.5758681627846872,0.015423616125141513,0.23230888623111,0.035567821669125387,missing,0.2
Bank,SVM,Kernel,0.0,0.2,0.0,0.0,5000,43,0.8868,0.004915282290977807,0.5740724608221777,0.021011184940090327,0.59561436671138,0.029594795924906436,0.2571673125429984,0.05171647705639901,missing,0.2
Bank,SVM,Kernel,0.0,0.2,0.0,0.0,5000,44,0.8856000000000002,0.002332380757938122,0.5496665408330188,0.008430476778824138,0.561493508995346,0.013180326286249738,0.21135067227474855,0.02477838785678471,missing,0.2
Bank,MLP,Neural,0.0,0.2,0.0,0.0,5000,42,0.8880000000000001,0.005727128425310546,0.5717861602346314,0.03349933672622576,0.5905907776270984,0.05067719208725278,0.2494123311185072,0.09112727802518791,missing,0.2
Bank,MLP,Neural,0.0,0.2,0.0,0.0,5000,43,0.8892,0.008634813257969168,0.6021236847963914,0.029966706401418755,0.6306910528703524,0.03850949819150688,0.30763554922963043,0.07451816193692833,missing,0.2
Bank,MLP,Neural,0.0,0.2,0.0,0.0,5000,44,0.8888,0.005810335618533585,0.5752049636534348,0.05278221135052472,0.588224974194544,0.07871671092800088,0.23317342318999765,0.145125816216337,missing,0.2
Bank,GB,Boosting,0.0,0.2,0.0,0.0,5000,42,0.8846,0.005748043145279971,0.6180551925738789,0.019171978622751787,0.6446921794938785,0.022254567198676783,0.315276599210627,0.042627961580946026,missing,0.2
Bank,GB,Boosting,0.0,0.2,0.0,0.0,5000,43,0.8888,0.008541662601625057,0.6382282622373223,0.026167107760265377,0.6663752510438736,0.028576606748181597,0.35568661715724975,0.05644147939677983,missing,0.2
Bank,GB,Boosting,0.0,0.2,0.0,0.0,5000,44,0.8897999999999999,0.009785703858180063,0.6247069527930229,0.017525676202951427,0.6557637317233445,0.02280958911595499,0.3446177226496449,0.05155578314684842,missing,0.2
Wine,LR,Linear,0.0,0.2,0.0,0.0,178,42,0.9328571428571429,0.045319058710309834,0.9355555555555555,0.04986603368218437,0.9331232614567669,0.04624896727819491,0.9009244496602168,0.06758329713036049,missing,0.2
Wine,LR,Linear,0.0,0.2,0.0,0.0,178,43,0.9274603174603173,0.037305302077776235,0.93,0.0383536211061307,0.9280197175366431,0.03774206773890972,0.8928234397159175,0.05473741403881498,missing,0.2
Wine,LR,Linear,0.0,0.2,0.0,0.0,178,44,0.943968253968254,0.01732705276062882,0.9471669071669071,0.012549664815421043,0.9451937281387572,0.016160656995872977,0.9173095483317129,0.025283561870119844,missing,0.2
Wine,RF,Ensemble,0.0,0.2,0.0,0.0,178,42,0.9552380952380952,0.02198627575310471,0.957907647907648,0.02106562680067276,0.9566314397122863,0.023039308721519533,0.9337417924169753,0.032840809662470674,missing,0.2
Wine,RF,Ensemble,0.0,0.2,0.0,0.0,178,43,0.9325396825396826,0.046413306403852224,0.9347619047619048,0.04231401884099631,0.9339742357528202,0.04373160656365553,0.898844953508726,0.06947332605522401,missing,0.2
Wine,RF,Ensemble,0.0,0.2,0.0,0.0,178,44,0.954920634920635,0.014138572026440229,0.9591005291005292,0.014891712746880283,0.9550468603069671,0.014885160216504361,0.9330629932114392,0.02140078671316623,missing,0.2
Wine,XGB,Boosting,0.0,0.2,0.0,0.0,178,42,0.9384126984126985,0.040656616232006226,0.9436219336219336,0.03704917375153701,0.9390831270762545,0.041958392323094985,0.9102992274783179,0.05860502900320184,missing,0.2
Wine,XGB,Boosting,0.0,0.2,0.0,0.0,178,43,0.9493650793650794,0.037910929811115976,0.950952380952381,0.03619047619047618,0.9500688758934374,0.036332970243833244,0.924975064112753,0.05553655134522657,missing,0.2
Wine,XGB,Boosting,0.0,0.2,0.0,0.0,178,44,0.9606349206349206,0.013879588722983607,0.960846560846561,0.018075579531617376,0.9611493300641112,0.013644452249019876,0.941674441284196,0.02078504647633087,missing,0.2
Wine,SVM,Kernel,0.0,0.2,0.0,0.0,178,42,0.9385714285714286,0.0368089728016146,0.9422222222222223,0.03876202176184517,0.9399886244783271,0.03681154679114002,0.9093340504240242,0.055306959296756004,missing,0.2
Wine,SVM,Kernel,0.0,0.2,0.0,0.0,178,43,0.9326984126984126,0.02232064372517905,0.9320634920634919,0.024080992087000524,0.9324073439499937,0.02151126074074851,0.9002426729896778,0.03358840327477661,missing,0.2
Wine,SVM,Kernel,0.0,0.2,0.0,0.0,178,44,0.954920634920635,0.014138572026440229,0.9548388648388648,0.0192003463025704,0.9544798025659963,0.015541726223005491,0.9331634399197644,0.021300961386368212,missing,0.2
Wine,MLP,Neural,0.0,0.2,0.0,0.0,178,42,0.8317460317460318,0.09489355668339759,0.8444444444444444,0.08380741940599933,0.8331940344634308,0.09659123642583416,0.762339404416547,0.13277460288469323,missing,0.2
Wine,MLP,Neural,0.0,0.2,0.0,0.0,178,43,0.877142857142857,0.07325254947120434,0.8817460317460316,0.07512482264253478,0.8792265441085767,0.07081519999595338,0.8170506273744851,0.10906821234402217,missing,0.2
Wine,MLP,Neural,0.0,0.2,0.0,0.0,178,44,0.8536507936507937,0.10033780183559077,0.8637806637806638,0.09547511936902055,0.8546624250855107,0.10203699302278632,0.7951598883284986,0.13583292902071592,missing,0.2
Wine,GB,Boosting,0.0,0.2,0.0,0.0,178,42,0.8820634920634921,0.06056257630565287,0.8874314574314575,0.05876777108744195,0.883838105425356,0.05903493990618454,0.8261715834207447,0.09098995431174793,missing,0.2
Wine,GB,Boosting,0.0,0.2,0.0,0.0,178,43,0.9266666666666665,0.050148682939880715,0.9246560846560847,0.040948210826331134,0.9259740971949884,0.046542948764558695,0.8911317259626541,0.07492350151535106,missing,0.2
Wine,GB,Boosting,0.0,0.2,0.0,0.0,178,44,0.9496825396825397,0.020448486241508475,0.9502116402116403,0.022741723088583715,0.9486505711458252,0.020840036245542082,0.926117820869772,0.029855309674033704,missing,0.2
BreastCancer,LR,Linear,0.0,0.2,0.0,0.0,569,42,0.968390001552554,0.008897014690510305,0.96336877856285,0.009755876541565027,0.9660159975149274,0.009423939428521558,0.93293912457635,0.01877312241686402,missing,0.2
BreastCancer,LR,Linear,0.0,0.2,0.0,0.0,569,43,0.9701599130569788,0.018044430977841128,0.9666114906493224,0.024992534356145752,0.967726153321426,0.020057022149186428,0.9365291609074123,0.03872175217780787,missing,0.2
BreastCancer,LR,Linear,0.0,0.2,0.0,0.0,569,44,0.9630957925787922,0.015085089089243005,0.9591434264501737,0.02122025631446066,0.9602460403434965,0.016663565763915467,0.9216755870902649,0.03215231898411499,missing,0.2
BreastCancer,RF,Ensemble,0.0,0.2,0.0,0.0,569,42,0.9438130725042695,0.018821885035689625,0.9408503345655328,0.015824546809475346,0.9401382177200037,0.01951244984425859,0.8822005191111251,0.037902966896445914,missing,0.2
BreastCancer,RF,Ensemble,0.0,0.2,0.0,0.0,569,43,0.9613414066138798,0.004248157574470418,0.960561300620259,0.007241492307094746,0.9587826500159039,0.004662565078040888,0.9181655295720329,0.009748393757326187,missing,0.2
BreastCancer,RF,Ensemble,0.0,0.2,0.0,0.0,569,44,0.9455053563111318,0.010306315750088097,0.9413025309479617,0.014393753679104247,0.9415565111717026,0.011272067880372138,0.8845561382687839,0.022011312879678894,missing,0.2
BreastCancer,XGB,Boosting,0.0,0.2,0.0,0.0,569,42,0.9525850023288308,0.01181649618049217,0.9488259661327136,0.013987928106699321,0.9491906842122955,0.012596822661762338,0.9006037280917478,0.023921883689367596,missing,0.2
BreastCancer,XGB,Boosting,0.0,0.2,0.0,0.0,569,43,0.9613724576929048,0.011843921143898482,0.9596832935598083,0.012782119990608253,0.9587777183906049,0.012496193119656685,0.9189441525719889,0.024436194498357135,missing,0.2
BreastCancer,XGB,Boosting,0.0,0.2,0.0,0.0,569,44,0.9490141282409563,0.010343249123067165,0.9430328742480724,0.015468813251407885,0.9450876727560475,0.01152225591845399,0.8912123032492353,0.022614856719498002,missing,0.2
BreastCancer,SVM,Kernel,0.0,0.2,0.0,0.0,569,42,0.9596180717279925,0.016226038378595663,0.9573219029941924,0.016312106012977355,0.9568894839200709,0.01724389452051609,0.914539628630172,0.03430616888695069,missing,0.2
BreastCancer,SVM,Kernel,0.0,0.2,0.0,0.0,569,43,0.9701754385964912,0.016269506132448614,0.9637297947894081,0.020184615224725,0.9676913215826367,0.01772352834022985,0.9366208870283806,0.03471072586772874,missing,0.2
BreastCancer,SVM,Kernel,0.0,0.2,0.0,0.0,569,44,0.9630957925787922,0.006548870589462543,0.9591076172799067,0.01251569838765104,0.9603058790938114,0.007457249769022935,0.9218143419939834,0.014491784751878822,missing,0.2
BreastCancer,MLP,Neural,0.0,0.2,0.0,0.0,569,42,0.9561092997981678,0.01917587033296461,0.9486113060793704,0.02445730925766133,0.9523959290177176,0.021203840378779083,0.9064849637979085,0.04174099641901377,missing,0.2
BreastCancer,MLP,Neural,0.0,0.2,0.0,0.0,569,43,0.9490451793199813,0.02902190558692565,0.9390516873852937,0.03580908029283123,0.9443129793100994,0.0326419342925424,0.890342816522778,0.06316743090204895,missing,0.2
BreastCancer,MLP,Neural,0.0,0.2,0.0,0.0,569,44,0.9296227293898462,0.02805949100962499,0.9152654297880304,0.03161340208425491,0.9230806204303038,0.03087185379972971,0.8492026708710576,0.0612016979476465,missing,0.2
BreastCancer,GB,Boosting,0.0,0.2,0.0,0.0,569,42,0.9403043005744449,0.021700128275214912,0.9353374120693152,0.025024347325060304,0.9359134802002623,0.023424730320318724,0.875252938191385,0.044301723862561565,missing,0.2
BreastCancer,GB,Boosting,0.0,0.2,0.0,0.0,569,43,0.9455364073901567,0.012829451393968287,0.9442787214241521,0.012661824227017416,0.9420390252917423,0.013608033712204183,0.8849645920590931,0.02734349347549278,missing,0.2
BreastCancer,GB,Boosting,0.0,0.2,0.0,0.0,569,44,0.9367179009470579,0.015151478929376455,0.9285913803232834,0.022827157934371158,0.9315071480155088,0.01730543362295493,0.8649610389823132,0.0325534095348711,missing,0.2
Digits,LR,Linear,0.0,0.2,0.0,0.0,1797,42,0.8463927576601671,0.020002318494120715,0.8463926184278664,0.02000606769098312,0.8463645734510582,0.019986358611266675,0.6930654036654756,0.0402479896167426,missing,0.2
Digits,LR,Linear,0.0,0.2,0.0,0.0,1797,43,0.8391597028783659,0.01769834276617385,0.8391702933218103,0.01766273151116136,0.8390436114592601,0.01775377052159797,0.6792652277966853,0.03499446576077746,missing,0.2
Digits,LR,Linear,0.0,0.2,0.0,0.0,1797,44,0.8286196224079234,0.02610699530189224,0.8286239458693855,0.02609253850602218,0.828581277525819,0.0260703877771108,0.6576183714044387,0.05256577801519343,missing,0.2
Digits,RF,Ensemble,0.0,0.2,0.0,0.0,1797,42,0.9488037759207675,0.005159996749020342,0.9487955389569637,0.0051588897997117905,0.9488011006970674,0.005159292998170543,0.8976551239191662,0.010340287163796215,missing,0.2
Digits,RF,Ensemble,0.0,0.2,0.0,0.0,1797,43,0.9471200866604766,0.011190839015993997,0.9471350110257175,0.011218508247885681,0.9471168094584058,0.011193420337079006,0.8943777560279675,0.022429069392966617,missing,0.2
Digits,RF,Ensemble,0.0,0.2,0.0,0.0,1797,44,0.9393546889507892,0.016586750649659237,0.9393477507879187,0.01661988051591149,0.9393445716279152,0.016593564847189133,0.878931485820352,0.033225921032975704,missing,0.2
Digits,XGB,Boosting,0.0,0.2,0.0,0.0,1797,42,0.9393469514082329,0.013414189397787202,0.9393448871878762,0.01341296053859845,0.9393381790833194,0.013413183055674347,0.8789365712458211,0.026872988236804455,missing,0.2
Digits,XGB,Boosting,0.0,0.2,0.0,0.0,1797,43,0.9454549675023213,0.009466317894358854,0.9454744830944714,0.009502636769929454,0.9454519504309363,0.009465708803576858,0.8910752264653864,0.01911730458592721,missing,0.2
Digits,XGB,Boosting,0.0,0.2,0.0,0.0,1797,44,0.9293361188486537,0.009338822941715688,0.9293538895233393,0.009342543292345911,0.9293347840582854,0.009337543671855101,0.8587595397080635,0.018738201629465913,missing,0.2
Digits,SVM,Kernel,0.0,0.2,0.0,0.0,1797,42,0.9549365521510369,0.014191468125086665,0.9549407560590005,0.0142046968592201,0.954927592016453,0.014197472486022942,0.9101822394333231,0.028293175433320234,missing,0.2
Digits,SVM,Kernel,0.0,0.2,0.0,0.0,1797,43,0.9582559579077685,0.009504507019624034,0.9582772273492666,0.009524278839352507,0.9582527925470842,0.00950474398378577,0.9167168664675991,0.01908542907142393,missing,0.2
Digits,SVM,Kernel,0.0,0.2,0.0,0.0,1797,44,0.9538207985143918,0.009191294412338907,0.9538295420640555,0.00920571729498891,0.953819236739959,0.009192519318984061,0.9077128898803128,0.018428310021796783,missing,0.2
Digits,MLP,Neural,0.0,0.2,0.0,0.0,1797,42,0.9248622717424946,0.016195131944391556,0.9248692346471599,0.016215893270467057,0.9248565857213947,0.01619804351058415,0.8498543464919178,0.03243312307569791,missing,0.2
Digits,MLP,Neural,0.0,0.2,0.0,0.0,1797,43,0.94099040544723,0.017874130342476133,0.9410021742783556,0.017870695064037993,0.9409857104364228,0.01787728214011811,0.8821214492529282,0.03566097494222511,missing,0.2
Digits,MLP,Neural,0.0,0.2,0.0,0.0,1797,44,0.9332281027545652,0.00892483806531428,0.933245916369161,0.008916837835884268,0.9332097069482697,0.008930073726349646,0.8669640853921263,0.01772553010472366,missing,0.2
Digits,GB,Boosting,0.0,0.2,0.0,0.0,1797,42,0.93545341999381,0.01127403337237637,0.9354621370344077,0.01127400432698153,0.9354489227508969,0.011274812907749862,0.871042765831957,0.02253865686595503,missing,0.2
Digits,GB,Boosting,0.0,0.2,0.0,0.0,1797,43,0.9415583410708759,0.009376760029929354,0.9415545232877557,0.009406561616772691,0.9415465126087955,0.009390014666547663,0.8833857991473705,0.01856104104033461,missing,0.2
Digits,GB,Boosting,0.0,0.2,0.0,0.0,1797,44,0.933774373259053,0.010481390644022348,0.9337952303054623,0.010462898931696343,0.933771395693962,0.010481387641689138,0.8676897821178894,0.020925571547985546,missing,0.2
Spambase,LR,Linear,0.0,0.3,0.0,0.0,4601,42,0.8895895293395647,0.010901007434165094,0.8778368804564506,0.01223249912608379,0.8827254763090362,0.011763736017601249,0.7672934000760421,0.02321091881657405,missing,0.3
Spambase,LR,Linear,0.0,0.3,0.0,0.0,4601,43,0.8982840013218147,0.006230312741456432,0.8868506355417833,0.0071336212935978124,0.8919509053205994,0.006724251038936592,0.7857734915168337,0.013107225034348576,missing,0.3
Spambase,LR,Linear,0.0,0.3,0.0,0.0,4601,44,0.898500448472832,0.0031907629675948096,0.8875079211068563,0.005019496879403609,0.8922703081380849,0.0036798235533102588,0.786433448716689,0.006829158781200378,missing,0.3
Spambase,RF,Ensemble,0.0,0.3,0.0,0.0,4601,42,0.9132811688618231,0.005272559404979976,0.9024029581632732,0.006445099316484809,0.907843714873159,0.005759146491522134,0.8177157861965376,0.01105415639388712,missing,0.3
Spambase,RF,Ensemble,0.0,0.3,0.0,0.0,4601,43,0.9169746966907427,0.004536797305443298,0.9066127323816083,0.005023589454671204,0.9118511985761067,0.00485193387324403,0.8254599746535458,0.009539642864089697,missing,0.3
Spambase,RF,Ensemble,0.0,0.3,0.0,0.0,4601,44,0.9191479016192229,0.007674705010998135,0.9080188860681329,0.008921994619744198,0.913968983309085,0.008292774064421804,0.8302656926355205,0.016084767609484157,missing,0.3
Spambase,XGB,Boosting,0.0,0.3,0.0,0.0,4601,42,0.9206722371713166,0.0075899120689580345,0.9136164642604158,0.008505394772979794,0.916354939155249,0.008085494627417918,0.8332548096455172,0.016068522847865252,missing,0.3
Spambase,XGB,Boosting,0.0,0.3,0.0,0.0,4601,43,0.9226263985271208,0.005102596094774805,0.9148382837076676,0.005928118458166596,0.9182714832578502,0.005479918151052858,0.8373141141013996,0.010793801671252455,missing,0.3
Spambase,XGB,Boosting,0.0,0.3,0.0,0.0,4601,44,0.9239314544682056,0.006605453458344468,0.9164966207835002,0.007023918190407012,0.9197087023097705,0.00698230520258475,0.8400429814197409,0.013928403422711821,missing,0.3
Spambase,SVM,Kernel,0.0,0.3,0.0,0.0,4601,42,0.8980673181324648,0.007359754720465873,0.8865725179112299,0.006761511813095506,0.8917327787361072,0.007536483855969247,0.7853942008117616,0.015591655119524725,missing,0.3
Spambase,SVM,Kernel,0.0,0.3,0.0,0.0,4601,43,0.9045883491479015,0.007996903550148243,0.8921428077339908,0.007927809170895124,0.8983541731517544,0.008387209338610833,0.7994096137105207,0.017114589835356225,missing,0.3
Spambase,SVM,Kernel,0.0,0.3,0.0,0.0,4601,44,0.9078468583297928,0.00718042843718232,0.8948400501961007,0.0074553280449214466,0.901647853888733,0.00756351299595115,0.8065705001973761,0.015286227778788722,missing,0.3
Spambase,MLP,Neural,0.0,0.3,0.0,0.0,4601,42,0.9076322994854363,0.011219919902606647,0.9006336015199553,0.012339728440531862,0.9027354516567583,0.011879268022226363,0.8059367614103315,0.023599618371899535,missing,0.3
Spambase,MLP,Neural,0.0,0.3,0.0,0.0,4601,43,0.9115399140820468,0.007110080204354892,0.9026064853694005,0.0073184777229612225,0.9064445740720366,0.007469365350860554,0.81384931408196,0.015003273497948864,missing,0.3
Spambase,MLP,Neural,0.0,0.3,0.0,0.0,4601,44,0.9102362743709579,0.00824451640772195,0.90346827906275,0.010263515702330788,0.9054672109909253,0.00880048161425376,0.8118757533751451,0.01739133036123255,missing,0.3
Spambase,GB,Boosting,0.0,0.3,0.0,0.0,4601,42,0.9228444979464665,0.004581236652109926,0.9154072611873115,0.004365702957775957,0.9185751691621391,0.004729706534671943,0.8378012752774051,0.009632638849855915,missing,0.3
Spambase,GB,Boosting,0.0,0.3,0.0,0.0,4601,43,0.9219732804607468,0.004426678937207478,0.9136233891850111,0.0051712562416360765,0.9174865248712841,0.004760273522829251,0.8359435463002534,0.009389635915298492,missing,0.3
Spambase,GB,Boosting,0.0,0.3,0.0,0.0,4601,44,0.9230621252891471,0.006098574980165764,0.915391326663699,0.005622167420846001,0.9187676933486273,0.0062758622857865395,0.8382672292749873,0.012820260087793774,missing,0.3
Bank,LR,Linear,0.0,0.3,0.0,0.0,5000,42,0.8876000000000002,0.005314132102234573,0.5863886710998829,0.01835156413488108,0.6123191462605092,0.02356278862745607,0.2808800891970836,0.0464410398440807,missing,0.3
Bank,LR,Linear,0.0,0.3,0.0,0.0,5000,43,0.8928,0.006794115100585218,0.6115766956084057,0.021484617246017062,0.6439461924257853,0.02726343855649358,0.3377438826011093,0.04963541168809718,missing,0.3
Bank,LR,Linear,0.0,0.3,0.0,0.0,5000,44,0.8916000000000001,0.005003998401278726,0.598292534192874,0.011252282141563309,0.6291940430831725,0.015342835712351198,0.31661236309502383,0.035629878665387374,missing,0.3
Bank,RF,Ensemble,0.0,0.3,0.0,0.0,5000,42,0.8878,0.00479165942028438,0.5642584042357541,0.01839783008912483,0.5829654131872191,0.026909033059854745,0.2472440127112124,0.05083999116119034,missing,0.3
Bank,RF,Ensemble,0.0,0.3,0.0,0.0,5000,43,0.8860000000000001,0.004427188724235735,0.5602733494013221,0.017158601306855887,0.5769461980895818,0.024241160723786286,0.2319730360652505,0.04553210924648418,missing,0.3
Bank,RF,Ensemble,0.0,0.3,0.0,0.0,5000,44,0.8872,0.0016000000000000014,0.5542797959559002,0.009842570391196934,0.5684224757833333,0.015002258269080382,0.23063455717098374,0.015420147811904273,missing,0.3
Bank,XGB,Boosting,0.0,0.3,0.0,0.0,5000,42,0.884,0.005549774770204649,0.5954719245772473,0.013858497081589176,0.6213775944706235,0.018504856600897752,0.28116182568330605,0.04007997868756796,missing,0.3
Bank,XGB,Boosting,0.0,0.3,0.0,0.0,5000,43,0.8889999999999999,0.0038470768123342724,0.6101663908005924,0.016535043097111752,0.6400022938657735,0.020060095885838625,0.3192707167676298,0.03634672404055548,missing,0.3
Bank,XGB,Boosting,0.0,0.3,0.0,0.0,5000,44,0.8867999999999998,0.0054918120870983975,0.5970574285410072,0.0077635856825972295,0.62500766286153,0.011531698907077495,0.29502700351939637,0.03130694709113344,missing,0.3
Bank,SVM,Kernel,0.0,0.3,0.0,0.0,5000,42,0.885,0.0036331804249169933,0.5500682405552167,0.007782458013055964,0.5621259504572593,0.011795090033944286,0.2117875736681945,0.02954067668804216,missing,0.3
Bank,SVM,Kernel,0.0,0.3,0.0,0.0,5000,43,0.8864000000000001,0.007144228439796708,0.5693972568264754,0.01958286775915145,0.5898166861290755,0.028692573827568416,0.24979782259208877,0.05845431884201097,missing,0.3
Bank,SVM,Kernel,0.0,0.3,0.0,0.0,5000,44,0.8824,0.0025768197453450276,0.5359913271578052,0.006035627167337396,0.539553248159174,0.01036509180604468,0.16586247554761288,0.018635172359032056,missing,0.3
Bank,MLP,Neural,0.0,0.3,0.0,0.0,5000,42,0.8846,0.00560713830755048,0.5802412134235463,0.01994453738607926,0.6032702755431911,0.02660358910570132,0.2580503627651532,0.051500603981823094,missing,0.3
Bank,MLP,Neural,0.0,0.3,0.0,0.0,5000,43,0.8918000000000001,0.007678541528180994,0.6065617407633263,0.022918042566163067,0.6375988822842189,0.02880305185237463,0.32819735763057817,0.05320249655592348,missing,0.3
Bank,MLP,Neural,0.0,0.3,0.0,0.0,5000,44,0.8886,0.0046303347611160945,0.5632285042251067,0.039165409170692486,0.576036788699675,0.062039208122676895,0.2222314803841622,0.12664228044293224,missing,0.3
Bank,GB,Boosting,0.0,0.3,0.0,0.0,5000,42,0.8837999999999999,0.009785703858180063,0.6064804328677489,0.025924768772879008,0.6326990659053305,0.03343672349073979,0.29637589027156974,0.06947495265796728,missing,0.3
Bank,GB,Boosting,0.0,0.3,0.0,0.0,5000,43,0.8917999999999999,0.004578209256903843,0.6288052579105807,0.022865415791061328,0.6601698507125716,0.024556784763025558,0.35326737964189625,0.042517552401587014,missing,0.3
Bank,GB,Boosting,0.0,0.3,0.0,0.0,5000,44,0.8834,0.006945502141674141,0.594390723156295,0.011305828155336007,0.6195430947990033,0.01386638547133744,0.28006609170103103,0.02945112238995725,missing,0.3
Wine,LR,Linear,0.0,0.3,0.0,0.0,178,42,0.9385714285714286,0.0368089728016146,0.9430158730158731,0.035466157453479384,0.9392761885774361,0.03619621552171728,0.9125997859220021,0.05130975776908549,missing,0.3
Wine,LR,Linear,0.0,0.3,0.0,0.0,178,43,0.9219047619047618,0.044087569470418975,0.9233333333333335,0.04595943965305143,0.9218413371126488,0.044916066498585545,0.8842961931349068,0.06537977539791102,missing,0.3
Wine,LR,Linear,0.0,0.3,0.0,0.0,178,44,0.9552380952380952,0.033176501806381646,0.9552621452621451,0.032368725000717455,0.9556008244685424,0.033036826798500826,0.9332250298606276,0.05005032052861731,missing,0.3
Wine,RF,Ensemble,0.0,0.3,0.0,0.0,178,42,0.9382539682539683,0.03676376890303356,0.9428282828282828,0.03700463466457956,0.938124472019209,0.03753257435479697,0.9091043105514693,0.054676402708070365,missing,0.3
Wine,RF,Ensemble,0.0,0.3,0.0,0.0,178,43,0.9046031746031746,0.042191778020451855,0.9074603174603174,0.041554573332881255,0.9050296826025803,0.04056156875119975,0.8576523812992587,0.06347579093988062,missing,0.3
Wine,RF,Ensemble,0.0,0.3,0.0,0.0,178,44,0.9550793650793651,0.0136876578649588,0.9574314574314574,0.013882018877731845,0.9563784689416609,0.012899824014660945,0.9330911409262193,0.020830051880484864,missing,0.3
Wine,XGB,Boosting,0.0,0.3,0.0,0.0,178,42,0.9099999999999999,0.032775375598973935,0.9105242905242905,0.03957616772010827,0.9098471133625399,0.03542039095136295,0.8655579562012863,0.05142377482286409,missing,0.3
Wine,XGB,Boosting,0.0,0.3,0.0,0.0,178,43,0.8936507936507937,0.05978250661989359,0.891904761904762,0.06222627132921763,0.8905964953018796,0.062300510404807476,0.8427598165547071,0.08819981179891614,missing,0.3
Wine,XGB,Boosting,0.0,0.3,0.0,0.0,178,44,0.938095238095238,0.021230715020155826,0.9382780182780183,0.02013007758540051,0.9387132352299652,0.020261280052884908,0.9091773820660368,0.03037094365251558,missing,0.3
Wine,SVM,Kernel,0.0,0.3,0.0,0.0,178,42,0.9217460317460316,0.03193436200938317,0.9271428571428573,0.03280918208098741,0.9232030930103999,0.030616604040319892,0.8849619161694596,0.04667199720164013,missing,0.3
Wine,SVM,Kernel,0.0,0.3,0.0,0.0,178,43,0.916031746031746,0.030152046042921415,0.9139682539682539,0.03437378459336931,0.9142259784480071,0.030897632153859232,0.8770440459466424,0.04435084506466915,missing,0.3
Wine,SVM,Kernel,0.0,0.3,0.0,0.0,178,44,0.9606349206349206,0.013879588722983607,0.9611351611351612,0.016503889833657043,0.9617956952871015,0.01395716577184254,0.9416816834034542,0.020643773192153603,missing,0.3
Wine,MLP,Neural,0.0,0.3,0.0,0.0,178,42,0.8376190476190477,0.09769528575450594,0.8496825396825397,0.08850199246738971,0.8337205221646414,0.10024197777754566,0.7804691291159247,0.12547707362525778,missing,0.3
Wine,MLP,Neural,0.0,0.3,0.0,0.0,178,43,0.8374603174603175,0.04716022340602002,0.843939393939394,0.05223876487560158,0.8399947096701661,0.04677674106312814,0.7601532367691167,0.07042941281329117,missing,0.3
Wine,MLP,Neural,0.0,0.3,0.0,0.0,178,44,0.8147619047619047,0.1274679275832092,0.8265031265031265,0.10906338912616277,0.7934168617020909,0.16426741186990274,0.7467697510170739,0.15019057001382327,missing,0.3
Wine,GB,Boosting,0.0,0.3,0.0,0.0,178,42,0.8765079365079366,0.022043498992233714,0.8831457431457432,0.02876802072342842,0.8723905313644128,0.025856961117084507,0.8222012261187441,0.03263245602570672,missing,0.3
Wine,GB,Boosting,0.0,0.3,0.0,0.0,178,43,0.8990476190476191,0.06578862446575005,0.8977777777777778,0.06469962769705141,0.8978381104718245,0.06523135157138286,0.8496331202836174,0.09799924642435187,missing,0.3
Wine,GB,Boosting,0.0,0.3,0.0,0.0,178,44,0.8933333333333333,0.020491565533152786,0.8992303992303992,0.02227820595838955,0.8953284724146661,0.018019310156695546,0.8415840404528531,0.031033765552827434,missing,0.3
BreastCancer,LR,Linear,0.0,0.3,0.0,0.0,569,42,0.9648501785437045,0.009609970350036127,0.9595793754776721,0.011228796985285084,0.9621834209469196,0.010329629739149467,0.9247113425776746,0.02059561385970062,missing,0.3
BreastCancer,LR,Linear,0.0,0.3,0.0,0.0,569,43,0.9701754385964912,0.018062509019275457,0.9656194271572588,0.02343083483812684,0.9677598388549147,0.019814367019841718,0.9369052516366272,0.03796463662972474,missing,0.3
BreastCancer,LR,Linear,0.0,0.3,0.0,0.0,569,44,0.9542462350566682,0.01977496689147584,0.9481916044068026,0.022316509319175972,0.9507287797524298,0.02112859331664247,0.9033970120344204,0.042375963519098205,missing,0.3
BreastCancer,RF,Ensemble,0.0,0.3,0.0,0.0,569,42,0.9455674584691819,0.02374282946012012,0.9431759159608817,0.019419241139186548,0.9421660514028224,0.024490662545204815,0.8865302388363171,0.04773808094187897,missing,0.3
BreastCancer,RF,Ensemble,0.0,0.3,0.0,0.0,569,43,0.956078248719143,0.0077771021238649835,0.9515092492942149,0.012200772778993264,0.9527951075526234,0.008716428442167815,0.9063166406169577,0.016932201789589537,missing,0.3
BreastCancer,RF,Ensemble,0.0,0.3,0.0,0.0,569,44,0.9472752678155565,0.0055509829076589605,0.9447113559912446,0.01211756608340232,0.9436270158167108,0.006515437259149409,0.888663924598028,0.012163823147314007,missing,0.3
BreastCancer,XGB,Boosting,0.0,0.3,0.0,0.0,569,42,0.9473218444340941,0.014594799913722797,0.94173847997546,0.011958927173302193,0.9435367381947556,0.015226339103897792,0.888491991915289,0.030712513934545434,missing,0.3
BreastCancer,XGB,Boosting,0.0,0.3,0.0,0.0,569,43,0.9490451793199813,0.01017753293116457,0.9468675099693771,0.01308972989157074,0.9456053710653464,0.010553486863053314,0.8936222409299219,0.020267788824016992,missing,0.3
BreastCancer,XGB,Boosting,0.0,0.3,0.0,0.0,569,44,0.9507840397453812,0.00898404363246657,0.9482955224889388,0.00939892877000778,0.9474647440678302,0.009516725433091915,0.8956587529611625,0.019291072811015123,missing,0.3
BreastCancer,SVM,Kernel,0.0,0.3,0.0,0.0,569,42,0.9578481602235678,0.011574287103357818,0.95494095061324,0.009102559914079239,0.9549718435373308,0.012110801246312227,0.9104720044084385,0.023864904029409006,missing,0.3
BreastCancer,SVM,Kernel,0.0,0.3,0.0,0.0,569,43,0.9631268436578171,0.015052168694445069,0.960080118956634,0.015904347902658954,0.9605380198658491,0.016009658653165545,0.9217362902720438,0.03236218301419614,missing,0.3
BreastCancer,SVM,Kernel,0.0,0.3,0.0,0.0,569,44,0.9489675516224189,0.019829074166280825,0.9449225066159229,0.02049647079525309,0.9453847420435171,0.020892224843584203,0.8924263634419587,0.042408413455771295,missing,0.3
BreastCancer,MLP,Neural,0.0,0.3,0.0,0.0,569,42,0.9192050923769601,0.045489443956191616,0.907806789054742,0.05093530612771988,0.912284585799652,0.0492668593684006,0.8266733173562401,0.0981111876112218,missing,0.3
BreastCancer,MLP,Neural,0.0,0.3,0.0,0.0,569,43,0.931516845210371,0.05182599504470998,0.9162342270678334,0.06486581438780711,0.9235064272062476,0.05974476273764941,0.8521236276160955,0.11315445344565864,missing,0.3
BreastCancer,MLP,Neural,0.0,0.3,0.0,0.0,569,44,0.8963359726750506,0.03853417639080983,0.8827318562538018,0.03688218688280166,0.8879591031189555,0.04047505862384865,0.7789062150726644,0.08331304506772969,missing,0.3
BreastCancer,GB,Boosting,0.0,0.3,0.0,0.0,569,42,0.9420742120788697,0.02185510736396886,0.9365601880013934,0.02121727617136007,0.9379262224558589,0.02317488829587737,0.8778682343737738,0.045877070510696255,missing,0.3
BreastCancer,GB,Boosting,0.0,0.3,0.0,0.0,569,43,0.9525694767893184,0.006909126744502927,0.9507514076708313,0.008485693072518993,0.9494130332083806,0.00733250718410459,0.8991267317603733,0.01482613367429259,missing,0.3
BreastCancer,GB,Boosting,0.0,0.3,0.0,0.0,569,44,0.9455208818506444,0.021764646888396612,0.9394649551053089,0.027293903246060285,0.9412614927230095,0.02405039108281361,0.8835379084113766,0.04656999933696255,missing,0.3
Digits,LR,Linear,0.0,0.3,0.0,0.0,1797,42,0.8174512534818941,0.025706666979868457,0.8174816952512252,0.02573699883561631,0.817411975812971,0.025686443469692708,0.6353043254176226,0.05169392091926135,missing,0.3
Digits,LR,Linear,0.0,0.3,0.0,0.0,1797,43,0.8113463324048282,0.006841299725281389,0.8113736878024355,0.006853544427707283,0.8113183198687668,0.006826568546304033,0.6229617781018904,0.013825072130256168,missing,0.3
Digits,LR,Linear,0.0,0.3,0.0,0.0,1797,44,0.8163741875580316,0.026250499772114824,0.8163645139939162,0.02624314372443273,0.8163410522741852,0.026223960817059053,0.6329849655634674,0.052729279802566274,missing,0.3
Digits,RF,Ensemble,0.0,0.3,0.0,0.0,1797,42,0.9226508820798515,0.00537006324310751,0.9226654629258105,0.00537732827080659,0.922642394676726,0.005371948574398773,0.845521891124849,0.010741669926967045,missing,0.3
Digits,RF,Ensemble,0.0,0.3,0.0,0.0,1797,43,0.924306716186939,0.011666081127628968,0.9243537866395053,0.01167120974720137,0.924294235809144,0.011663102755224537,0.8490646781176266,0.023438258481072324,missing,0.3
Digits,RF,Ensemble,0.0,0.3,0.0,0.0,1797,44,0.9209873104302074,0.009347240408665696,0.9209802428744371,0.009350398115680442,0.9209744284971288,0.009353231729838481,0.8421933355640945,0.018618527511633634,missing,0.3
Digits,XGB,Boosting,0.0,0.3,0.0,0.0,1797,42,0.9198700092850511,0.014086262846266958,0.9199032720488629,0.014113818141829538,0.9198663478946699,0.014083279132360656,0.8399402765014912,0.028347138244718045,missing,0.3
Digits,XGB,Boosting,0.0,0.3,0.0,0.0,1797,43,0.9209795728876509,0.0037683583086588622,0.9209988305537552,0.0037645571470616623,0.9209768452368585,0.0037666347714944578,0.8420737167628198,0.007572760554741459,missing,0.3
Digits,XGB,Boosting,0.0,0.3,0.0,0.0,1797,44,0.9109702878365831,0.015205104235146642,0.910998590491476,0.015193426503128132,0.9109548649751016,0.015217282926482162,0.822272115141254,0.03018969366647366,missing,0.3
Digits,SVM,Kernel,0.0,0.3,0.0,0.0,1797,42,0.9321077065923863,0.009746289935233372,0.9321317701849509,0.009753313208354231,0.9321044972275392,0.009748003063489916,0.8643645511545511,0.01948365638295033,missing,0.3
Digits,SVM,Kernel,0.0,0.3,0.0,0.0,1797,43,0.9387805632930981,0.011153946041241819,0.938810885795515,0.0112038642131029,0.9387742129525083,0.011150681953216491,0.8778776731191507,0.022671783813971242,missing,0.3
Digits,SVM,Kernel,0.0,0.3,0.0,0.0,1797,44,0.9310012380068091,0.005326234748362045,0.9309927604075572,0.005348303470050576,0.9309957524035142,0.00533326170255394,0.862077402004109,0.0105936271034875,missing,0.3
Digits,MLP,Neural,0.0,0.3,0.0,0.0,1797,42,0.9181987000928507,0.008893077813489038,0.9182148111567228,0.008905049142079445,0.9181843902664267,0.008897548335981258,0.8367233215601771,0.017755364791955986,missing,0.3
Digits,MLP,Neural,0.0,0.3,0.0,0.0,1797,43,0.9209625502940266,0.018912194143978687,0.9209896224506243,0.018930115669481763,0.9209534808755324,0.01891502341826739,0.8421986989895816,0.03788142288377379,missing,0.3
Digits,MLP,Neural,0.0,0.3,0.0,0.0,1797,44,0.9098545341999381,0.01662963446794315,0.9098536134517184,0.01663146210204951,0.9098361991210997,0.016629901269023743,0.8200231813456593,0.03326304553025472,missing,0.3
Digits,GB,Boosting,0.0,0.3,0.0,0.0,1797,42,0.9104147322810275,0.007444297695724782,0.9104585875421394,0.007438692012564696,0.9104005923864917,0.007445388679814036,0.821232302055849,0.01488035976028858,missing,0.3
Digits,GB,Boosting,0.0,0.3,0.0,0.0,1797,43,0.9109610027855153,0.0025473118266717454,0.910977070622893,0.0025389517722273157,0.9109585872723824,0.0025497453469461298,0.8220073859540638,0.005024421829384873,missing,0.3
Digits,GB,Boosting,0.0,0.3,0.0,0.0,1797,44,0.9076354069947385,0.011089741625627687,0.9076621877904325,0.011086546279174015,0.9076249205993132,0.01108966372157537,0.815542453612229,0.022217351889612068,missing,0.3
Spambase,LR,Linear,0.0,0.0,0.1,0.0,4601,42,0.9137157154321862,0.0041296668346439335,0.9054519281842477,0.005830989430292491,0.9088334795005737,0.004579124859772905,0.8186366622214862,0.008923717434423911,feature_noise,0.1
Spambase,LR,Linear,0.0,0.0,0.1,0.0,4601,43,0.9176273426804513,0.006416854386314155,0.9103417004633799,0.007898082341041246,0.9131118760975838,0.0068922703080100045,0.8270477188711771,0.013412137985191076,feature_noise,0.1
Spambase,LR,Linear,0.0,0.0,0.1,0.0,4601,44,0.9156708209413209,0.009562323084082306,0.9078494554080091,0.009731519561398987,0.9109976204900156,0.010004225382344243,0.822638116630244,0.02007666255963553,feature_noise,0.1
Spambase,RF,Ensemble,0.0,0.0,0.1,0.0,4601,42,0.9278442619081337,0.006137853407598892,0.9183662367024461,0.007143541418253819,0.9234439272208096,0.0065822266474932795,0.8486965555348706,0.013012739127473283,feature_noise,0.1
Spambase,RF,Ensemble,0.0,0.0,0.1,0.0,4601,43,0.9289302742765425,0.00836321397236783,0.9194758774895423,0.010764798182118526,0.9245583289753692,0.009206207039685341,0.850904427643665,0.017330686323038403,feature_noise,0.1
Spambase,RF,Ensemble,0.0,0.0,0.1,0.0,4601,44,0.928712646933862,0.009917002423979138,0.9187101452961997,0.010874077211815953,0.9242712092558005,0.010587175624971402,0.8504590031992232,0.020896457782322585,feature_noise,0.1
Spambase,XGB,Boosting,0.0,0.0,0.1,0.0,4601,42,0.9321911438417599,0.007491720043251241,0.9253286306846288,0.009343983450313712,0.9284252522042399,0.008126870554103511,0.857539699970878,0.01589994837615053,feature_noise,0.1
Spambase,XGB,Boosting,0.0,0.0,0.1,0.0,4601,43,0.9334936033611859,0.004669300332782212,0.9274821056058027,0.006351761926099923,0.9299289798242981,0.0050793676601476245,0.8604276356734749,0.009843087894560315,feature_noise,0.1
Spambase,XGB,Boosting,0.0,0.0,0.1,0.0,4601,44,0.9337117027805315,0.00840507292861753,0.9272706166248985,0.008853363863520725,0.9301142259781546,0.00882703973580199,0.8607400757123042,0.01764867765400393,feature_noise,0.1
Spambase,SVM,Kernel,0.0,0.0,0.1,0.0,4601,42,0.9269742246140773,0.005446399471199198,0.9193829363388712,0.006567768917838855,0.9228532130250221,0.00583014735761919,0.8466930737708307,0.011605023585322975,feature_noise,0.1
Spambase,SVM,Kernel,0.0,0.0,0.1,0.0,4601,43,0.9271911438417598,0.008091132130625634,0.919969299312428,0.010261295460487617,0.9231195679091032,0.008786303372307883,0.8470992565405032,0.016992385919192103,feature_noise,0.1
Spambase,SVM,Kernel,0.0,0.0,0.1,0.0,4601,44,0.9308853797856772,0.011407447427309115,0.9236871839185294,0.011713446960138731,0.9270428910237861,0.011959053656710484,0.8547881312453864,0.023979862715030907,feature_noise,0.1
Spambase,MLP,Neural,0.0,0.0,0.1,0.0,4601,42,0.9339290940848792,0.0068700668646354485,0.9290735224922446,0.009262390427041698,0.9305345319958883,0.0074659475681233,0.8615105221861098,0.014928316602582859,feature_noise,0.1
Spambase,MLP,Neural,0.0,0.0,0.1,0.0,4601,43,0.9269718642307512,0.013844212523771724,0.9199891563493721,0.016020890679946127,0.9229129142122525,0.014763944323797474,0.8468294933063808,0.02919272592539916,feature_noise,0.1
Spambase,MLP,Neural,0.0,0.0,0.1,0.0,4601,44,0.928494075437851,0.011793649977397186,0.9223911874030464,0.012964650253779027,0.9246927698063496,0.01247815701526569,0.8497343023851839,0.024841355401203757,feature_noise,0.1
Spambase,GB,Boosting,0.0,0.0,0.1,0.0,4601,42,0.9298003115705991,0.006291431559160493,0.9222932356765903,0.008114314532018472,0.9258183681907791,0.006846012926920472,0.8526222563316017,0.013396888098887599,feature_noise,0.1
Spambase,GB,Boosting,0.0,0.0,0.1,0.0,4601,43,0.9319713921540858,0.006396423196895997,0.9253620682141923,0.008639077677685568,0.9282296301914286,0.0070063771686846,0.8572199802749028,0.013413147544720774,feature_noise,0.1
Spambase,GB,Boosting,0.0,0.0,0.1,0.0,4601,44,0.933059056790823,0.008314663087149739,0.9262521550718302,0.009572119672004338,0.9293586770339743,0.008856361579048636,0.8593311139225358,0.017501306778022044,feature_noise,0.1
Bank,LR,Linear,0.0,0.0,0.1,0.0,5000,42,0.8960000000000001,0.003033150177620623,0.638598019571972,0.011382194433230432,0.67383360475659,0.012716882246477627,0.3816434060841502,0.023161251258903944,feature_noise,0.1
Bank,LR,Linear,0.0,0.0,0.1,0.0,5000,43,0.8954000000000001,0.006086049621881181,0.6434484227236209,0.02468624268148107,0.6768866357011563,0.026636631210267034,0.3837101903854132,0.047213972854997135,feature_noise,0.1
Bank,LR,Linear,0.0,0.0,0.1,0.0,5000,44,0.897,0.0034058772731852833,0.6443544249886266,0.011931390481827994,0.6799155320923133,0.012812306242509716,0.39209997332458996,0.02332745832488651,feature_noise,0.1
Bank,RF,Ensemble,0.0,0.0,0.1,0.0,5000,42,0.892,0.006099180272790768,0.5733097153255703,0.021840026030719408,0.5971173006598821,0.03135306116879281,0.2839700908396076,0.06209376958429348,feature_noise,0.1
Bank,RF,Ensemble,0.0,0.0,0.1,0.0,5000,43,0.8932,0.004445222154178577,0.5754721181674749,0.011670785362499355,0.601175523216533,0.016978440001639884,0.2991878447351959,0.0407663440583481,feature_noise,0.1
Bank,RF,Ensemble,0.0,0.0,0.1,0.0,5000,44,0.8932,0.00462168800331654,0.57621356873905,0.01965664746794183,0.6015418762081235,0.02900015668684475,0.2947745588387475,0.05392514149947583,feature_noise,0.1
Bank,XGB,Boosting,0.0,0.0,0.1,0.0,5000,42,0.8922000000000001,0.0039698866482558446,0.6275488573336818,0.01201305380582732,0.66023640573208,0.014703410312502873,0.35402542284103655,0.02911557510063882,feature_noise,0.1
Bank,XGB,Boosting,0.0,0.0,0.1,0.0,5000,43,0.8886,0.0034409301068170535,0.6247689016658439,0.020196052180647475,0.6538746411769918,0.021722044088824558,0.33670014914718405,0.03631686257892603,feature_noise,0.1
Bank,XGB,Boosting,0.0,0.0,0.1,0.0,5000,44,0.8962,0.005192301994298872,0.6446428744276989,0.01401935618471946,0.6794375032781951,0.015919377676449208,0.3895585585204253,0.03158493898853434,feature_noise,0.1
Bank,SVM,Kernel,0.0,0.0,0.1,0.0,5000,42,0.8904,0.0012000000000000012,0.5894570762067931,0.014336953087552218,0.6172530077851759,0.017691795973288835,0.29829984486993444,0.0212228830571693,feature_noise,0.1
Bank,SVM,Kernel,0.0,0.0,0.1,0.0,5000,43,0.8892,0.005418486873657632,0.5880361239364637,0.016031684518058635,0.6153830496543321,0.021933258162276127,0.2906813832917419,0.04490930753699078,feature_noise,0.1
Bank,SVM,Kernel,0.0,0.0,0.1,0.0,5000,44,0.8920000000000001,0.003162277660168382,0.5896216279002237,0.01384282804202241,0.6187560906297594,0.018696234632476036,0.3059152089163888,0.03369724689691637,feature_noise,0.1
Bank,MLP,Neural,0.0,0.0,0.1,0.0,5000,42,0.8938,0.0034292856398964525,0.6380937170291643,0.01796312690093771,0.6709223398055766,0.0198316557916309,0.37180163395921906,0.03345616703419396,feature_noise,0.1
Bank,MLP,Neural,0.0,0.0,0.1,0.0,5000,43,0.8894,0.008616263691415214,0.6089099902236935,0.04509660462892573,0.6346200842504207,0.05434555153389424,0.3130732977051812,0.08783821366001353,feature_noise,0.1
Bank,MLP,Neural,0.0,0.0,0.1,0.0,5000,44,0.891,0.004427188724235735,0.623903553348627,0.021226515505823794,0.6548110998241581,0.02268848096528818,0.3449118270028343,0.037693701936735845,feature_noise,0.1
Bank,GB,Boosting,0.0,0.0,0.1,0.0,5000,42,0.893,0.0056213877290220825,0.6487624744702887,0.014841200142476594,0.6799565158202527,0.01701711024461912,0.38214674337776466,0.034413967234498716,feature_noise,0.1
Bank,GB,Boosting,0.0,0.0,0.1,0.0,5000,43,0.8922000000000001,0.00966229786334494,0.6512752756240865,0.029277332690551938,0.6807636666722272,0.03313530450473194,0.381393103415267,0.06510276695059446,feature_noise,0.1
Bank,GB,Boosting,0.0,0.0,0.1,0.0,5000,44,0.8922000000000001,0.004354308211415452,0.6520167261956616,0.014366242287841497,0.6818515199632754,0.015952362376482496,0.38268355988591873,0.03066502073230553,feature_noise,0.1
Wine,LR,Linear,0.0,0.0,0.1,0.0,178,42,0.9776190476190475,0.01119469694127331,0.9790476190476192,0.011106575037800558,0.9782770335801189,0.010944347578690679,0.9670148982323635,0.016501146520129118,feature_noise,0.1
Wine,LR,Linear,0.0,0.0,0.1,0.0,178,43,0.9944444444444445,0.011111111111111117,0.9952380952380953,0.009523809523809488,0.9943562610229277,0.011287477954144622,0.9918521595451713,0.01629568090965749,feature_noise,0.1
Wine,LR,Linear,0.0,0.0,0.1,0.0,178,44,0.9719047619047618,0.0003888078956798682,0.9738624338624339,0.005484299902582038,0.9715486778700188,0.0017415428528930119,0.9585559999978648,0.0008270676639542718,feature_noise,0.1
Wine,RF,Ensemble,0.0,0.0,0.1,0.0,178,42,0.9887301587301588,0.013804961844545337,0.9904761904761905,0.011664236870396045,0.9892204585537918,0.013226593266068733,0.9834051023737788,0.020330021334121224,feature_noise,0.1
Wine,RF,Ensemble,0.0,0.0,0.1,0.0,178,43,0.9885714285714287,0.022857142857142864,0.9896825396825397,0.020634920634920607,0.9896825396825397,0.020634920634920607,0.9825870646766169,0.03482587064676616,feature_noise,0.1
Wine,RF,Ensemble,0.0,0.0,0.1,0.0,178,44,0.9776190476190475,0.01119469694127331,0.9812698412698413,0.009385235237520273,0.9777690970721824,0.011172715972991699,0.9670718906601689,0.016475036374475147,feature_noise,0.1
Wine,XGB,Boosting,0.0,0.0,0.1,0.0,178,42,0.9773015873015873,0.021340796124772462,0.977008177008177,0.024598178367516432,0.977957620085071,0.020965028565803547,0.9663601281513454,0.03177601529288651,feature_noise,0.1
Wine,XGB,Boosting,0.0,0.0,0.1,0.0,178,43,0.9774603174603176,0.027609923689090675,0.9783068783068783,0.02689579899923564,0.9776803849745026,0.027342459419370163,0.9666882140788587,0.04084134133495432,feature_noise,0.1
Wine,XGB,Boosting,0.0,0.0,0.1,0.0,178,44,0.9717460317460318,0.03130084676673201,0.973910533910534,0.03030184839308509,0.9725934070540749,0.030369625519326243,0.9579626318266168,0.04697212223035055,feature_noise,0.1
Wine,SVM,Kernel,0.0,0.0,0.1,0.0,178,42,0.9777777777777779,0.027216552697590882,0.9763492063492063,0.029356068973694523,0.9773130894870026,0.027832149286729533,0.9673355418492366,0.040012651519192005,feature_noise,0.1
Wine,SVM,Kernel,0.0,0.0,0.1,0.0,178,43,0.9774603174603176,0.021299434518521104,0.9756084656084656,0.024100746896140418,0.9772840747218574,0.021126761947144735,0.9667678037871621,0.031420260691928936,feature_noise,0.1
Wine,SVM,Kernel,0.0,0.0,0.1,0.0,178,44,0.9773015873015873,0.021340796124772462,0.9773256373256374,0.020624762184898164,0.9770080222718919,0.02105321408173454,0.9660648225103092,0.03216296809985396,feature_noise,0.1
Wine,MLP,Neural,0.0,0.0,0.1,0.0,178,42,0.9212698412698412,0.05173093557183471,0.9263492063492065,0.052442003863424146,0.9221919602631543,0.0531095037826933,0.8869168105145814,0.07232922531077626,feature_noise,0.1
Wine,MLP,Neural,0.0,0.0,0.1,0.0,178,43,0.9047619047619048,0.056897621920397705,0.9116402116402117,0.054390144712858836,0.9085495152616607,0.053297394516123274,0.8602670811949921,0.08254109222083429,feature_noise,0.1
Wine,MLP,Neural,0.0,0.0,0.1,0.0,178,44,0.9266666666666665,0.02939980786406505,0.9305531505531507,0.025887147383010928,0.9276678611433603,0.028324514640405238,0.8930554901392197,0.04337099264632095,feature_noise,0.1
Wine,GB,Boosting,0.0,0.0,0.1,0.0,178,42,0.9436507936507936,0.030876994071842117,0.9433573833573833,0.02951505492609601,0.9452107275380784,0.029079844114149645,0.9158014953516809,0.04623237207632159,feature_noise,0.1
Wine,GB,Boosting,0.0,0.0,0.1,0.0,178,43,0.954920634920635,0.03381883767678926,0.9571428571428571,0.031682476063173745,0.9562929740415734,0.031076858869264715,0.9327460975022138,0.05072703038965429,feature_noise,0.1
Wine,GB,Boosting,0.0,0.0,0.1,0.0,178,44,0.9212698412698412,0.0214925558547152,0.9206830206830207,0.02291764636950108,0.9238344230538148,0.02154637485347565,0.8824933878573787,0.03271530436397042,feature_noise,0.1
BreastCancer,LR,Linear,0.0,0.0,0.1,0.0,569,42,0.9754230709517155,0.012873059858633506,0.9699359594258053,0.017296940684318755,0.9734315670263187,0.013982483596410814,0.9480606817319064,0.02712456852015838,feature_noise,0.1
BreastCancer,LR,Linear,0.0,0.0,0.1,0.0,569,43,0.9771774569166277,0.011880538068208383,0.9742261059899449,0.01594915713282512,0.9754537670558971,0.012867556715372519,0.9512873286893072,0.025522439390278165,feature_noise,0.1
BreastCancer,LR,Linear,0.0,0.0,0.1,0.0,569,44,0.9789163173420278,0.013120468007904057,0.9736699915253796,0.01798819314547613,0.9771613437268755,0.014377461316403328,0.9554422184524816,0.027337824719691265,feature_noise,0.1
BreastCancer,RF,Ensemble,0.0,0.0,0.1,0.0,569,42,0.959633597267505,0.017160883855787873,0.9554485179812726,0.017620320252475726,0.9567587229012684,0.018187539616502837,0.9153140135680964,0.03574961766842889,feature_noise,0.1
BreastCancer,RF,Ensemble,0.0,0.0,0.1,0.0,569,43,0.9613414066138798,0.011881146717921587,0.9548532798860345,0.015182560370357744,0.9582612697914483,0.013029664158602568,0.9176967185797971,0.025634753975922152,feature_noise,0.1
BreastCancer,RF,Ensemble,0.0,0.0,0.1,0.0,569,44,0.9631113181183046,0.010182126546418263,0.9592379210664503,0.01354843142200639,0.9603720657370298,0.011001859399871788,0.9222253801239686,0.021579568717258864,feature_noise,0.1
BreastCancer,XGB,Boosting,0.0,0.0,0.1,0.0,569,42,0.9543393882937432,0.023103254820308127,0.9530736746057741,0.021788596897949007,0.9515322603182007,0.02372402275702261,0.9051899526288334,0.04599614402327928,feature_noise,0.1
BreastCancer,XGB,Boosting,0.0,0.0,0.1,0.0,569,43,0.9595870206489675,0.006971918072338138,0.9553735851803327,0.009190125056102963,0.9566371507417004,0.007463922420806848,0.913857881602102,0.014961433365018074,feature_noise,0.1
BreastCancer,XGB,Boosting,0.0,0.0,0.1,0.0,569,44,0.9560627231796305,0.011096797231316933,0.9506866132193679,0.013480459417538077,0.9527395364233996,0.012072618307130772,0.9059154086423007,0.023727575788005908,feature_noise,0.1
BreastCancer,SVM,Kernel,0.0,0.0,0.1,0.0,569,42,0.9736531594472908,0.015674460437800138,0.9684721377359766,0.019662799383245583,0.9715500568215306,0.016951627955617863,0.9439815283263352,0.033474515246105035,feature_noise,0.1
BreastCancer,SVM,Kernel,0.0,0.0,0.1,0.0,569,43,0.9736686849868033,0.011071179383985615,0.9694837630433766,0.01530178885460198,0.9716020584294356,0.012158770815979608,0.9439342119396736,0.023877480411776723,feature_noise,0.1
BreastCancer,SVM,Kernel,0.0,0.0,0.1,0.0,569,44,0.9718677224033534,0.008646150512284389,0.9670278778614841,0.012182660374481478,0.9696765299889254,0.009432299492363566,0.9403275461889911,0.01864794634832868,feature_noise,0.1
BreastCancer,MLP,Neural,0.0,0.0,0.1,0.0,569,42,0.943797546964757,0.019626824331862767,0.9360756918773623,0.02483153624296971,0.9392195475271794,0.021598050830571112,0.8798641780253987,0.04209642371954415,feature_noise,0.1
BreastCancer,MLP,Neural,0.0,0.0,0.1,0.0,569,43,0.9403043005744449,0.026198215113485586,0.9273488476076095,0.03357328119767107,0.9344834803671326,0.029668287747885113,0.8719587216749283,0.056507471603283,feature_noise,0.1
BreastCancer,MLP,Neural,0.0,0.0,0.1,0.0,569,44,0.9525384257102936,0.016300677908797377,0.9431700019236867,0.018986811962825867,0.9485697992938456,0.017695094019465767,0.8986059931195314,0.034630284951988305,feature_noise,0.1
BreastCancer,GB,Boosting,0.0,0.0,0.1,0.0,569,42,0.9508306163639186,0.02451829260642053,0.9446041234487026,0.026876992601110396,0.9471360628244071,0.02615782281617541,0.8960234735523741,0.05132471939076918,feature_noise,0.1
BreastCancer,GB,Boosting,0.0,0.0,0.1,0.0,569,43,0.9543393882937432,0.016023485046730065,0.9463606574849616,0.017492027556800255,0.9506294916954798,0.017446333020044176,0.9020808159161835,0.034919376029581804,feature_noise,0.1
BreastCancer,GB,Boosting,0.0,0.0,0.1,0.0,569,44,0.9631268436578171,0.017857880216376975,0.9572896032525904,0.022041425411773334,0.960205784943452,0.019476834227932498,0.9211190487253724,0.0379908321042193,feature_noise,0.1
Digits,LR,Linear,0.0,0.0,0.1,0.0,1797,42,0.8948158464871556,0.025150684206984176,0.8948472003594075,0.025175519073013755,0.8947977252952466,0.025138337204159034,0.7900791861619115,0.050656518342264346,feature_noise,0.1
Digits,LR,Linear,0.0,0.0,0.1,0.0,1797,43,0.8864623955431755,0.015084646390582173,0.8864735194158943,0.015091876087649747,0.8864592433196379,0.015083926609068033,0.7729960751461491,0.03021701970904531,feature_noise,0.1
Digits,LR,Linear,0.0,0.0,0.1,0.0,1797,44,0.8853714020427113,0.00764231966667399,0.885380995984101,0.007657841774766207,0.8853359979841882,0.0076124214392605605,0.771276937182741,0.015786530581166382,feature_noise,0.1
Digits,RF,Ensemble,0.0,0.0,0.1,0.0,1797,42,0.967163416898793,0.010338978832196519,0.967153804472703,0.010346161309754907,0.967160915316455,0.010341797151919586,0.9343841371911417,0.020616137064029903,feature_noise,0.1
Digits,RF,Ensemble,0.0,0.0,0.1,0.0,1797,43,0.964374806561436,0.01265030082798057,0.9643759238110915,0.01266744903914524,0.9643718380015345,0.012654008989457705,0.9288444834697959,0.025251302443063728,feature_noise,0.1
Digits,RF,Ensemble,0.0,0.0,0.1,0.0,1797,44,0.9671804394924172,0.01233480836259854,0.9671722892681872,0.012337206817449058,0.9671778905959416,0.012335284629537027,0.934473525060503,0.02473547092716445,feature_noise,0.1
Digits,XGB,Boosting,0.0,0.0,0.1,0.0,1797,42,0.9677205199628597,0.008374486971010849,0.9677217746775449,0.008382924732623396,0.9677196446887539,0.008375115958641323,0.9354691407349222,0.016738550849439385,feature_noise,0.1
Digits,XGB,Boosting,0.0,0.0,0.1,0.0,1797,43,0.9693871866295265,0.0114300969059066,0.9693790617680245,0.01144537551917624,0.9693831136892765,0.011435584203381383,0.9389000671898409,0.022742349449539012,feature_noise,0.1
Digits,XGB,Boosting,0.0,0.0,0.1,0.0,1797,44,0.9677359950479728,0.01089284019078369,0.9677309141914531,0.010891795316810005,0.9677350081756959,0.010893238735664817,0.935488036287157,0.02178772267478602,feature_noise,0.1
Digits,SVM,Kernel,0.0,0.0,0.1,0.0,1797,42,0.9810894459919531,0.012467661532201423,0.9810954899156694,0.012471485560876776,0.9810888112332272,0.01246871859266691,0.9622134472986721,0.024895287852200902,feature_noise,0.1
Digits,SVM,Kernel,0.0,0.0,0.1,0.0,1797,43,0.9771773444753947,0.010191781794041118,0.977175530108954,0.010228636178381614,0.9771710467702583,0.010199451418185913,0.9546764402902257,0.02015186204670323,feature_noise,0.1
Digits,SVM,Kernel,0.0,0.0,0.1,0.0,1797,44,0.9827607551841535,0.009676153827769037,0.9827589500361806,0.009675045679478597,0.9827602479677005,0.009676458234791682,0.9655479071085418,0.019355503207895905,feature_noise,0.1
Digits,MLP,Neural,0.0,0.0,0.1,0.0,1797,42,0.969953574744661,0.010317463813315957,0.969965619652184,0.01032691133473431,0.9699526185265116,0.01031780563376056,0.9399894018447401,0.020654713485316778,feature_noise,0.1
Digits,MLP,Neural,0.0,0.0,0.1,0.0,1797,43,0.9627127824203032,0.012776410585725125,0.9627184995421668,0.012775242315953601,0.9627121732379536,0.012776811762434366,0.9254571016027793,0.025551588041475504,feature_noise,0.1
Digits,MLP,Neural,0.0,0.0,0.1,0.0,1797,44,0.9627282575054161,0.016900985104898663,0.962730777013008,0.016892776952098384,0.9627259990800459,0.016901286363099167,0.9255559188944092,0.03377792903099227,feature_noise,0.1
Digits,GB,Boosting,0.0,0.0,0.1,0.0,1797,42,0.9543732590529249,0.011717955167752293,0.9543542667640633,0.011710105507501222,0.9543656011108828,0.011723580198641297,0.9089240037735721,0.023276156838436278,feature_noise,0.1
Digits,GB,Boosting,0.0,0.0,0.1,0.0,1797,43,0.9632621479418138,0.01035862595837477,0.963261709037659,0.010379593241943642,0.9632581735459056,0.010363296858650423,0.9266587765521932,0.020651447854916488,feature_noise,0.1
Digits,GB,Boosting,0.0,0.0,0.1,0.0,1797,44,0.9610538532961931,0.012539120277161761,0.9610394182262143,0.012563301721249271,0.9610486639468201,0.012544214255863636,0.9222215406449422,0.025020060669439324,feature_noise,0.1
Spambase,LR,Linear,0.0,0.0,0.2,0.0,4601,42,0.9019789453807299,0.00518600805222067,0.892875005893635,0.006760963437618893,0.896366920224563,0.005734212898777241,0.7937696494642422,0.011062192541868634,feature_noise,0.2
Spambase,LR,Linear,0.0,0.0,0.2,0.0,4601,43,0.9026301751404429,0.005476603317121968,0.8940143810312204,0.006695704797361885,0.8971522280887403,0.005803923790824006,0.7955173080439943,0.01141228488440784,feature_noise,0.2
Spambase,LR,Linear,0.0,0.0,0.2,0.0,4601,44,0.901977529150734,0.011117173149379999,0.8930782319375199,0.010825155498957593,0.8964594549739502,0.011522684722746295,0.793712688322648,0.023291316464822902,feature_noise,0.2
Spambase,RF,Ensemble,0.0,0.0,0.2,0.0,4601,42,0.9193678893452297,0.0069226984935568435,0.9086731584241736,0.00859679799369553,0.9142771359546845,0.0076249666645391715,0.830705780290996,0.014576627118030639,feature_noise,0.2
Spambase,RF,Ensemble,0.0,0.0,0.2,0.0,4601,43,0.9200186470282773,0.010428887620385704,0.908745389925557,0.011916712697576102,0.9148483996337642,0.011263284262079029,0.8321722668032466,0.02192258091250676,feature_noise,0.2
Spambase,RF,Ensemble,0.0,0.0,0.2,0.0,4601,44,0.9191486097342209,0.008402263160621716,0.9084080953100564,0.01032593281198141,0.9140286925512859,0.009159753618365553,0.8302589249354186,0.017538659954061127,feature_noise,0.2
Spambase,XGB,Boosting,0.0,0.0,0.2,0.0,4601,42,0.9239312184298729,0.0055175250292841226,0.9168712843004728,0.007554436414940047,0.9197432262261918,0.00610247642839025,0.8402070032767016,0.011795103756308677,feature_noise,0.2
Spambase,XGB,Boosting,0.0,0.0,0.2,0.0,4601,43,0.9234952556295142,0.008571873466375769,0.9152760932047401,0.009584081398738635,0.9191002790963303,0.009126624928900132,0.8391674531908839,0.018044768503535896,feature_noise,0.2
Spambase,XGB,Boosting,0.0,0.0,0.2,0.0,4601,44,0.921976348959071,0.010477508176402285,0.914691850589658,0.011257506694501932,0.9176806118371097,0.01102012821207079,0.8360866765529085,0.022044919009819676,feature_noise,0.2
Spambase,SVM,Kernel,0.0,0.0,0.2,0.0,4601,42,0.9191493178492187,0.004668429048398708,0.9099414028537358,0.005794093123964967,0.9143532474829652,0.005047786209914713,0.8301035210895099,0.009829648773333748,feature_noise,0.2
Spambase,SVM,Kernel,0.0,0.0,0.2,0.0,4601,43,0.9187142992021904,0.0104719149655608,0.9105632199539201,0.012542285633704272,0.9140666759870273,0.011273187577802225,0.8292282822232877,0.022042472869548094,feature_noise,0.2
Spambase,SVM,Kernel,0.0,0.0,0.2,0.0,4601,44,0.9224087711844404,0.011408253216647247,0.9138939432947983,0.01143846127246758,0.9179353499270896,0.01193469321743487,0.8368932596153531,0.02404740314526179,feature_noise,0.2
Spambase,MLP,Neural,0.0,0.0,0.2,0.0,4601,42,0.9187142992021904,0.010426688038961154,0.9124651589405343,0.013972885471243101,0.9143693294244631,0.011599198089995308,0.8294262009282434,0.02240135328178153,feature_noise,0.2
Spambase,MLP,Neural,0.0,0.0,0.2,0.0,4601,43,0.9213211065477033,0.011268972729196235,0.9143527279193476,0.012191369286669427,0.9170454611587091,0.011888138611229632,0.8347475995898023,0.02366894808478809,feature_noise,0.2
Spambase,MLP,Neural,0.0,0.0,0.2,0.0,4601,44,0.918061417174149,0.01643503008143514,0.9108916126983415,0.018448549963214468,0.9135683513768538,0.01755880373866068,0.8276643935805972,0.0347304735398595,feature_noise,0.2
Spambase,GB,Boosting,0.0,0.0,0.2,0.0,4601,42,0.9219742246140774,0.0052867699761863516,0.9141949557197233,0.008356109715005514,0.9175460380985218,0.006102626299156559,0.8361198108954809,0.011329122325387188,feature_noise,0.2
Spambase,GB,Boosting,0.0,0.0,0.2,0.0,4601,43,0.924799131378936,0.007665671987974281,0.9161620690067924,0.00946531765081852,0.9203775855642162,0.008328894051578313,0.8419670109313616,0.016089448389517782,feature_noise,0.2
Spambase,GB,Boosting,0.0,0.0,0.2,0.0,4601,44,0.9200193551432753,0.007833791137285917,0.9116308479765343,0.00882671666123422,0.9154246559669781,0.008335537150128386,0.8318453729614894,0.01652223137944037,feature_noise,0.2
Bank,LR,Linear,0.0,0.0,0.2,0.0,5000,42,0.8981999999999999,0.002227105745132011,0.6435510255442305,0.010675416503739722,0.6803792320174991,0.011139272315963915,0.39596026680660434,0.018749300680277615,feature_noise,0.2
Bank,LR,Linear,0.0,0.0,0.2,0.0,5000,43,0.8954000000000001,0.007337574531137663,0.6389997192941701,0.025566357022094425,0.6730354422003033,0.028982627063276097,0.3788896290070451,0.05408509568463966,feature_noise,0.2
Bank,LR,Linear,0.0,0.0,0.2,0.0,5000,44,0.8968,0.003969886648255845,0.6457240758486512,0.01294330833752097,0.6808982361135355,0.013872710503561717,0.3929131227265329,0.0259004276631903,feature_noise,0.2
Bank,RF,Ensemble,0.0,0.0,0.2,0.0,5000,42,0.8912000000000001,0.002561249694973142,0.5676665601920415,0.013093855253821484,0.5892477437612291,0.019319978083268456,0.2729824626555873,0.03303955407291546,feature_noise,0.2
Bank,RF,Ensemble,0.0,0.0,0.2,0.0,5000,43,0.8918000000000001,0.004915282290977808,0.5680063110414186,0.01650610540494566,0.589822369517867,0.024910916622094596,0.2785989449807703,0.049835905809896344,feature_noise,0.2
Bank,RF,Ensemble,0.0,0.0,0.2,0.0,5000,44,0.8907999999999999,0.0048744230427815805,0.5741131147699663,0.021745500594088803,0.5973683008507722,0.031584533638256446,0.2770157050158083,0.05626279123967239,feature_noise,0.2
Bank,XGB,Boosting,0.0,0.0,0.2,0.0,5000,42,0.891,0.003346640106136305,0.6261279050633524,0.0030997211187476846,0.6580438441914422,0.004990428986640656,0.348609054849299,0.015081994141117954,feature_noise,0.2
Bank,XGB,Boosting,0.0,0.0,0.2,0.0,5000,43,0.8892,0.002785677655436826,0.6221428502289206,0.017290813457267757,0.6518110663423627,0.017098433384192258,0.33651907997493397,0.023451106764816237,feature_noise,0.2
Bank,XGB,Boosting,0.0,0.0,0.2,0.0,5000,44,0.8901999999999999,0.007833262411026463,0.6234505522161241,0.021157989698530565,0.6543704672489407,0.025037350209251387,0.3423925961784676,0.05065073160950439,feature_noise,0.2
Bank,SVM,Kernel,0.0,0.0,0.2,0.0,5000,42,0.8906000000000001,0.001356465996625055,0.5895703264899188,0.012430594710223695,0.617710846255776,0.01521692072045041,0.29965327592867447,0.01890090459431649,feature_noise,0.2
Bank,SVM,Kernel,0.0,0.0,0.2,0.0,5000,43,0.8882,0.004621688003316541,0.5867284219492601,0.0156607952217298,0.6131258670450453,0.020982189423208827,0.28413569560970886,0.03971828345195635,feature_noise,0.2
Bank,SVM,Kernel,0.0,0.0,0.2,0.0,5000,44,0.891,0.0034058772731852833,0.583865222483569,0.011114287339703472,0.6112772354637028,0.01532579853597872,0.29396469661788366,0.030995380539927297,feature_noise,0.2
Bank,MLP,Neural,0.0,0.0,0.2,0.0,5000,42,0.8924,0.004079215610874232,0.624696305330507,0.01839811135172616,0.6570079961284795,0.020148326143732236,0.3515723748699288,0.03335316320156763,feature_noise,0.2
Bank,MLP,Neural,0.0,0.0,0.2,0.0,5000,43,0.8907999999999999,0.009108238029388569,0.6356535122107035,0.0453149778584223,0.6632606233996194,0.04930273381436803,0.3528787642369212,0.08744175273292538,feature_noise,0.2
Bank,MLP,Neural,0.0,0.0,0.2,0.0,5000,44,0.8904,0.005986651818838311,0.6168907473550735,0.02468961306412222,0.6472908997919142,0.0299746266303727,0.33252373084211184,0.0532417773874854,feature_noise,0.2
Bank,GB,Boosting,0.0,0.0,0.2,0.0,5000,42,0.8904,0.006280127387243038,0.6398757150739031,0.013706342805202063,0.6700923480443518,0.017237749361394893,0.3630823144464984,0.036968258721564555,feature_noise,0.2
Bank,GB,Boosting,0.0,0.0,0.2,0.0,5000,43,0.8911999999999999,0.004308131845707607,0.6484846724937324,0.019395260969104933,0.6775951802569355,0.020080412056495977,0.3748869343946929,0.03635845378721164,feature_noise,0.2
Bank,GB,Boosting,0.0,0.0,0.2,0.0,5000,44,0.8918000000000001,0.003867815921162747,0.6391855659126328,0.014004932220717014,0.6703219007656304,0.013852384024627084,0.36697069196321364,0.024631972921186115,feature_noise,0.2
Wine,LR,Linear,0.0,0.0,0.2,0.0,178,42,0.9831746031746033,0.013740935306558193,0.9857142857142858,0.011664236870396045,0.9840846560846561,0.013027871901533487,0.9752372049650873,0.02022565492447733,feature_noise,0.2
Wine,LR,Linear,0.0,0.0,0.2,0.0,178,43,0.9942857142857143,0.011428571428571432,0.9952380952380953,0.009523809523809488,0.9948641975308643,0.010271604938271617,0.9915529428286074,0.016894114342785024,feature_noise,0.2
Wine,LR,Linear,0.0,0.0,0.2,0.0,178,44,0.9661904761904762,0.011670715202953525,0.9670081770081771,0.010897101725226484,0.9666748185034058,0.01132468002120003,0.9496917806896039,0.018036922480586408,feature_noise,0.2
Wine,RF,Ensemble,0.0,0.0,0.2,0.0,178,42,0.9773015873015873,0.021340796124772462,0.9788600288600289,0.019554666223936392,0.9787136598964556,0.019498364890259825,0.9658679978756435,0.03240870468925713,feature_noise,0.2
Wine,RF,Ensemble,0.0,0.0,0.2,0.0,178,43,0.9661904761904762,0.041414885533636016,0.9682539682539681,0.03888078956798698,0.968815592203898,0.038192943515659765,0.9489468368584774,0.06254256069706957,feature_noise,0.2
Wine,RF,Ensemble,0.0,0.0,0.2,0.0,178,44,0.9776190476190475,0.01119469694127331,0.9812698412698413,0.009385235237520273,0.9777690970721824,0.011172715972991699,0.9670718906601689,0.016475036374475147,feature_noise,0.2
Wine,XGB,Boosting,0.0,0.0,0.2,0.0,178,42,0.9717460317460318,0.01807434048104221,0.9733044733044733,0.016460655911327303,0.9735162585971053,0.016339242670164424,0.9576628534636298,0.02755913108065036,feature_noise,0.2
Wine,XGB,Boosting,0.0,0.0,0.2,0.0,178,43,0.9493650793650794,0.041136536845525006,0.9497354497354497,0.04075825913469212,0.9510009780736801,0.03852257361145986,0.924241479218056,0.06165530440390906,feature_noise,0.2
Wine,XGB,Boosting,0.0,0.0,0.2,0.0,178,44,0.972063492063492,0.017571077268107502,0.9765079365079365,0.015071844406945022,0.9722240248604436,0.017726431201277912,0.9594077699363603,0.02502223267183897,feature_noise,0.2
Wine,SVM,Kernel,0.0,0.0,0.2,0.0,178,42,0.9777777777777779,0.03239417719358502,0.9782539682539682,0.029770263376508413,0.9780548113578966,0.031450855242109714,0.9668660718813161,0.04840577287729231,feature_noise,0.2
Wine,SVM,Kernel,0.0,0.0,0.2,0.0,178,43,0.9830158730158731,0.022779851683695552,0.9803703703703703,0.026020989733704165,0.9829278136989297,0.022619346549102668,0.9749156442419908,0.03362216862274422,feature_noise,0.2
Wine,SVM,Kernel,0.0,0.0,0.2,0.0,178,44,0.9661904761904762,0.011670715202953525,0.9678018278018279,0.011381678900034942,0.9662284808256837,0.01106772961796997,0.9497490846467889,0.018066752757336477,feature_noise,0.2
Wine,MLP,Neural,0.0,0.0,0.2,0.0,178,42,0.927142857142857,0.04154183871495821,0.9295238095238094,0.04730425048431266,0.9300546782548077,0.042463646506806535,0.8919800131246808,0.06132723439020033,feature_noise,0.2
Wine,MLP,Neural,0.0,0.0,0.2,0.0,178,43,0.8707936507936507,0.06264393856191315,0.8846272246272247,0.05565613811279689,0.8753010515074499,0.06066104065401344,0.814294849262667,0.09012231397337153,feature_noise,0.2
Wine,MLP,Neural,0.0,0.0,0.2,0.0,178,44,0.9153968253968253,0.03615983107985794,0.921029341029341,0.03310435831834814,0.9162933505964359,0.03512304382677134,0.8770170582321486,0.05267785530698814,feature_noise,0.2
Wine,GB,Boosting,0.0,0.0,0.2,0.0,178,42,0.954920634920635,0.04175055802609169,0.9517700817700818,0.044664259465345996,0.9549438904748502,0.04321679255956801,0.9328536825791932,0.06275339123321515,feature_noise,0.2
Wine,GB,Boosting,0.0,0.0,0.2,0.0,178,43,0.9099999999999999,0.04512126378385533,0.9044155844155843,0.05000307955759353,0.9108148866790632,0.04432567989526501,0.86802911196609,0.06566415659763158,feature_noise,0.2
Wine,GB,Boosting,0.0,0.0,0.2,0.0,178,44,0.9209523809523809,0.04619456699280017,0.9164261664261664,0.058474061472616294,0.918280168002757,0.05548932744591525,0.8824604346406606,0.06992487016241923,feature_noise,0.2
BreastCancer,LR,Linear,0.0,0.0,0.2,0.0,569,42,0.9701599130569788,0.014229781613181045,0.9638405367606154,0.018499523139395794,0.9677095744538201,0.015557258078800373,0.9366396343049296,0.030005990975431527,feature_noise,0.2
BreastCancer,LR,Linear,0.0,0.0,0.2,0.0,569,43,0.9666356155876417,0.008537691668180575,0.960070695490774,0.01188870431116971,0.9639392569771814,0.009400415814563532,0.9288855264361005,0.018286162508306777,feature_noise,0.2
BreastCancer,LR,Linear,0.0,0.0,0.2,0.0,569,44,0.9771619313771154,0.011885244147814056,0.9722811026364908,0.017065198875517173,0.9752859769065564,0.013063155269798779,0.9516559559258966,0.024686012525809733,feature_noise,0.2
BreastCancer,RF,Ensemble,0.0,0.0,0.2,0.0,569,42,0.9455674584691819,0.01693262060411917,0.9403658384415017,0.02105061195538836,0.9414991385290945,0.018329453166964688,0.8852247527361143,0.03556695872842186,feature_noise,0.2
BreastCancer,RF,Ensemble,0.0,0.0,0.2,0.0,569,43,0.9578481602235678,0.012835218077218914,0.9510834386161932,0.01643266663565093,0.9544720674331877,0.014122776451798238,0.909694143356899,0.027867104691744693,feature_noise,0.2
BreastCancer,RF,Ensemble,0.0,0.0,0.2,0.0,569,44,0.9472752678155565,0.009610973598899635,0.9408571584546035,0.013693828733429829,0.9432134738619478,0.010697562231067713,0.8871648583368591,0.020485416000253127,feature_noise,0.2
BreastCancer,XGB,Boosting,0.0,0.0,0.2,0.0,569,42,0.9578792113025928,0.021028058032088945,0.9521308730938604,0.027586433043757783,0.9544534223417589,0.023088816150565034,0.9110969287005439,0.044790788336289133,feature_noise,0.2
BreastCancer,XGB,Boosting,0.0,0.0,0.2,0.0,569,43,0.9543393882937432,0.013971208636519523,0.9473689683319556,0.017101563192997382,0.9507064037774418,0.015209886084311015,0.9022305466780425,0.030233173943122964,feature_noise,0.2
BreastCancer,XGB,Boosting,0.0,0.0,0.2,0.0,569,44,0.9438130725042695,0.028020798922230684,0.9400439458456162,0.03101473030048508,0.9398390657343386,0.030149576618785836,0.8803175838434228,0.05973238863411044,feature_noise,0.2
BreastCancer,SVM,Kernel,0.0,0.0,0.2,0.0,569,42,0.9754075454122031,0.01287528788842114,0.9707977191313255,0.016524458435544735,0.9734807241933744,0.013920239376464486,0.9477427168370971,0.02743720995233101,feature_noise,0.2
BreastCancer,SVM,Kernel,0.0,0.0,0.2,0.0,569,43,0.9631423691973297,0.016983790673420086,0.9572179849120562,0.02037923968814997,0.9601994232771975,0.018433694383396666,0.9210534523857096,0.0367748751589347,feature_noise,0.2
BreastCancer,SVM,Kernel,0.0,0.0,0.2,0.0,569,44,0.971883247942866,0.010222173676172173,0.9670832488470877,0.014838545961657387,0.9696635713754583,0.01124513902957621,0.9405102491057363,0.021454989162167176,feature_noise,0.2
BreastCancer,MLP,Neural,0.0,0.0,0.2,0.0,569,42,0.9402732494954199,0.01693790110866428,0.9314994618876046,0.02370775433841779,0.935215329390833,0.019207057473908783,0.8733690651886136,0.03496265582355415,feature_noise,0.2
BreastCancer,MLP,Neural,0.0,0.0,0.2,0.0,569,43,0.9385188635305075,0.019935481940009082,0.9269324603954476,0.02619716314088845,0.9328914719474145,0.022909579514685387,0.8680600369578702,0.04318004682707688,feature_noise,0.2
BreastCancer,MLP,Neural,0.0,0.0,0.2,0.0,569,44,0.9385188635305077,0.04111117716644138,0.9281589407244499,0.04287987428818545,0.9335965384882531,0.043995657031339674,0.8683880451742485,0.0882591641901191,feature_noise,0.2
BreastCancer,GB,Boosting,0.0,0.0,0.2,0.0,569,42,0.9473063188945815,0.014604359335292576,0.9416797945294506,0.017571496967451056,0.9433700516869141,0.015552170228866112,0.8886842788325305,0.03010007715340514,feature_noise,0.2
BreastCancer,GB,Boosting,0.0,0.0,0.2,0.0,569,43,0.9455829840086942,0.021718836984787906,0.9384762060736511,0.027248909564693096,0.9411772910063828,0.023720463160096118,0.8833986421986715,0.047167346904517946,feature_noise,0.2
BreastCancer,GB,Boosting,0.0,0.0,0.2,0.0,569,44,0.9490607048594939,0.017836838222489316,0.9441943651573524,0.019862881316494257,0.9453126781434458,0.019245721905248876,0.8913214367526254,0.03781680192580396,feature_noise,0.2
Digits,LR,Linear,0.0,0.0,0.2,0.0,1797,42,0.8797910863509749,0.025933912233194197,0.8797820920398778,0.025940516836336094,0.8797642550487808,0.025924336424625372,0.759940844960805,0.05214611462847327,feature_noise,0.2
Digits,LR,Linear,0.0,0.0,0.2,0.0,1797,43,0.8747787062828845,0.015341097915975764,0.8748035776138495,0.015340081409595282,0.8747709575886017,0.015341258044667955,0.7497231464817116,0.03068213077054804,feature_noise,0.2
Digits,LR,Linear,0.0,0.0,0.2,0.0,1797,44,0.8781306097183534,0.005383438480885772,0.8781370824202395,0.005419582167715621,0.8780942229963149,0.005353033022654071,0.7567469266694694,0.011325005556191849,feature_noise,0.2
Digits,RF,Ensemble,0.0,0.0,0.2,0.0,1797,42,0.9643871866295266,0.007330441154469626,0.9643790617680243,0.0073427881783262655,0.9643832414712998,0.00733470781806161,0.9288911405533268,0.014529434321798795,feature_noise,0.2
Digits,RF,Ensemble,0.0,0.0,0.2,0.0,1797,43,0.9615985762921696,0.00956507487322829,0.9616042847687343,0.009565914087493339,0.9615950322109059,0.009567095255292075,0.923353258904543,0.019074672161174325,feature_noise,0.2
Digits,RF,Ensemble,0.0,0.0,0.2,0.0,1797,44,0.96607397090684,0.015228329510272155,0.9660518328755003,0.015235331674019382,0.9660684519618208,0.015231232259441304,0.932337754305587,0.030482412265744385,feature_noise,0.2
Digits,XGB,Boosting,0.0,0.0,0.2,0.0,1797,42,0.9643825441039926,0.006215745502609257,0.964354335353286,0.006207125177251611,0.9643764356100787,0.0062154211124305775,0.928967864448782,0.01246216912914188,feature_noise,0.2
Digits,XGB,Boosting,0.0,0.0,0.2,0.0,1797,43,0.9666032188177034,0.00728930127525687,0.966591973003282,0.007305451175808398,0.9665990897857375,0.007294568341401846,0.9333230234212715,0.014425801759032358,feature_noise,0.2
Digits,XGB,Boosting,0.0,0.0,0.2,0.0,1797,44,0.9621773444753947,0.01593843047001695,0.9621690141328093,0.015917292042226236,0.9621737825549361,0.01593734853024012,0.9245208937652482,0.03190865254038952,feature_noise,0.2
Digits,SVM,Kernel,0.0,0.0,0.2,0.0,1797,42,0.9805307954193749,0.01068071764771559,0.9805306233731492,0.010681476728813151,0.9805294332142935,0.010682282249607523,0.9611400195433326,0.021297414752654373,feature_noise,0.2
Digits,SVM,Kernel,0.0,0.0,0.2,0.0,1797,43,0.9755075827917054,0.01019221060878408,0.9755088634422873,0.010225227701758361,0.975502466593228,0.010196292433326211,0.9513131260074023,0.020317537801612554,feature_noise,0.2
Digits,SVM,Kernel,0.0,0.0,0.2,0.0,1797,44,0.9827607551841535,0.010443182066021897,0.9827558463738593,0.010447819309881277,0.9827600593286814,0.01044399429505743,0.9655414592606082,0.020890121702349315,feature_noise,0.2
Digits,MLP,Neural,0.0,0.0,0.2,0.0,1797,42,0.9588161559888579,0.012392990392966055,0.9588172302986031,0.01242018939828205,0.9588102176733997,0.012398165898696474,0.9178273971503221,0.02471948424551814,feature_noise,0.2
Digits,MLP,Neural,0.0,0.0,0.2,0.0,1797,43,0.9560368307025688,0.012381265804025652,0.9560486606239561,0.01238738976018153,0.9560347149692892,0.012382138489264265,0.912184980739462,0.024782939659728772,feature_noise,0.2
Digits,MLP,Neural,0.0,0.0,0.2,0.0,1797,44,0.9543840916125038,0.012698809583805896,0.9543881326927102,0.012693470538449811,0.9543795707025898,0.012696749063681217,0.9089797098339286,0.02550482460027859,feature_noise,0.2
Digits,GB,Boosting,0.0,0.0,0.2,0.0,1797,42,0.9560430207366141,0.009835382669301606,0.9560394868154367,0.009835427668711311,0.9560413652490773,0.009836510309256972,0.9121148241572206,0.019634477728536884,feature_noise,0.2
Digits,GB,Boosting,0.0,0.0,0.2,0.0,1797,43,0.9543500464252552,0.016043426379636565,0.9543511631017418,0.016054591601493178,0.9543470610684279,0.016045610639319387,0.9087824735901965,0.032065357509593,feature_noise,0.2
Digits,GB,Boosting,0.0,0.0,0.2,0.0,1797,44,0.9582822655524605,0.01953414826451177,0.9582800566546978,0.01952628208307721,0.9582797967171246,0.01953345632868398,0.9166699500017161,0.039101615126471256,feature_noise,0.2
Spambase,LR,Linear,0.0,0.0,0.35,0.0,4601,42,0.8854602747486192,0.006953145047669792,0.8746162678047931,0.008220058150743167,0.8786495129517631,0.007561994779480812,0.7586294379417331,0.014891076921539377,feature_noise,0.35
Spambase,LR,Linear,0.0,0.0,0.35,0.0,4601,43,0.8830701505924562,0.008529485185293766,0.8729552965436282,0.00967413843594088,0.8763289431540942,0.00908977170463999,0.7540738834247701,0.01785146603979571,feature_noise,0.35
Spambase,LR,Linear,0.0,0.0,0.35,0.0,4601,44,0.8852426474059388,0.007322013757471106,0.8751221922679792,0.0072770441337527,0.878644912276625,0.007566673446809524,0.7582750048973337,0.015221979229074322,feature_noise,0.35
Spambase,RF,Ensemble,0.0,0.0,0.35,0.0,4601,42,0.9021977529150733,0.00903674793775204,0.887557684920691,0.0123452526963896,0.8951744554854215,0.01041322815822741,0.794991068737348,0.01860254941885599,feature_noise,0.35
Spambase,RF,Ensemble,0.0,0.0,0.35,0.0,4601,43,0.8980651937874711,0.010233193050965103,0.8841725705183091,0.01203146344549787,0.8910542348666093,0.011220487672056063,0.7857285978304869,0.021543890226198216,feature_noise,0.35
Spambase,RF,Ensemble,0.0,0.0,0.35,0.0,4601,44,0.9021944483784166,0.013228523574448137,0.8896924422412461,0.013334107636143518,0.8958217523753855,0.013837970122803687,0.7944134056494706,0.02803095248468071,feature_noise,0.35
Spambase,XGB,Boosting,0.0,0.0,0.35,0.0,4601,42,0.9048069206439125,0.010400367713997117,0.8945307123246279,0.012971644742610559,0.8990200981208594,0.011435579461466443,0.7997315148152427,0.022194633322057424,feature_noise,0.35
Spambase,XGB,Boosting,0.0,0.0,0.35,0.0,4601,43,0.9078442619081339,0.007929715867948392,0.8985080842683321,0.008845088840901561,0.902466492015081,0.008429788541951925,0.8062061476630822,0.016914424543881774,feature_noise,0.35
Spambase,XGB,Boosting,0.0,0.0,0.35,0.0,4601,44,0.9056748335929754,0.010299058179084795,0.8948781349675675,0.010882011368530507,0.8998751171218533,0.010905787625615946,0.8015037749500685,0.021712208262092785,feature_noise,0.35
Spambase,SVM,Kernel,0.0,0.0,0.35,0.0,4601,42,0.9067610819997167,0.004746755071470117,0.8962465001528173,0.005549324382087514,0.9010734132180073,0.005112928853502292,0.8038240775836714,0.009993022250394857,feature_noise,0.35
Spambase,SVM,Kernel,0.0,0.0,0.35,0.0,4601,43,0.906108436010008,0.012357876326527593,0.8971724201607827,0.014180690772905834,0.9007088322467578,0.013237354445677819,0.8024896646304234,0.026078608162804304,feature_noise,0.35
Spambase,SVM,Kernel,0.0,0.0,0.35,0.0,4601,44,0.9056724732096493,0.009412772089158361,0.8958346972787643,0.008686730963452512,0.9001203042203754,0.009666699104040926,0.8015047659379805,0.019826067316114512,feature_noise,0.35
Spambase,MLP,Neural,0.0,0.0,0.35,0.0,4601,42,0.892850398904782,0.007081517284215609,0.8823464668433036,0.00982484179587477,0.8864321058608577,0.008061370147655173,0.7744771690324634,0.015124870107996164,feature_noise,0.35
Spambase,MLP,Neural,0.0,0.0,0.35,0.0,4601,43,0.8974137279894254,0.009662117053823681,0.8878740666684994,0.00880306211277997,0.8915245650444771,0.009822260011632212,0.7843724954263569,0.01994050942627733,feature_noise,0.35
Spambase,MLP,Neural,0.0,0.0,0.35,0.0,4601,44,0.8952426474059386,0.011674012456538862,0.8848179669032235,0.012557278455260605,0.8890116703913918,0.012396078043609562,0.7793609684671358,0.024630207119628406,feature_noise,0.35
Spambase,GB,Boosting,0.0,0.0,0.35,0.0,4601,42,0.9032849454751452,0.010662487614354448,0.891827693394424,0.013614959565526386,0.897127895806549,0.011890103022338451,0.7965284604769615,0.022528960804834606,feature_noise,0.35
Spambase,GB,Boosting,0.0,0.0,0.35,0.0,4601,43,0.9032814049001558,0.010224153505803918,0.8925291012846855,0.012293811134963365,0.8973243490290492,0.011131679143989597,0.7965250892747633,0.021569277643816404,feature_noise,0.35
Spambase,GB,Boosting,0.0,0.0,0.35,0.0,4601,44,0.9017613180380494,0.009727786970003349,0.8901047410634029,0.009647720964195847,0.895569292033765,0.010120498849530854,0.7933535807926737,0.020502652428044704,feature_noise,0.35
Bank,LR,Linear,0.0,0.0,0.35,0.0,5000,42,0.8977999999999999,0.003867815921162747,0.6359100192622276,0.015784968054734012,0.672816151980229,0.017552422512393077,0.386253802601484,0.031446441181055274,feature_noise,0.35
Bank,LR,Linear,0.0,0.0,0.35,0.0,5000,43,0.8948,0.007249827584156749,0.6334698144437668,0.029032422073931426,0.667024106471221,0.03268328534950687,0.3691564923614463,0.05893818224201021,feature_noise,0.35
Bank,LR,Linear,0.0,0.0,0.35,0.0,5000,44,0.8928,0.002638181191654586,0.6301129598977843,0.010666119443742171,0.6630819417632411,0.011614281142049066,0.3595465046640923,0.020189573437121223,feature_noise,0.35
Bank,RF,Ensemble,0.0,0.0,0.35,0.0,5000,42,0.892,0.0054772255750516665,0.5658952096098189,0.019080003424618457,0.5868119037675988,0.028975205314007976,0.2748130139611086,0.06109572154359222,feature_noise,0.35
Bank,RF,Ensemble,0.0,0.0,0.35,0.0,5000,43,0.8932,0.0035440090293338733,0.5702819641664488,0.016777056034932434,0.5933467516272627,0.024758282957392685,0.28983044148222736,0.04373995237483947,feature_noise,0.35
Bank,RF,Ensemble,0.0,0.0,0.35,0.0,5000,44,0.8916000000000001,0.0013564659966250547,0.5745661159024692,0.008816947314462802,0.5991367778097977,0.011766138448880666,0.2863000369755861,0.01304896206882129,feature_noise,0.35
Bank,XGB,Boosting,0.0,0.0,0.35,0.0,5000,42,0.8938,0.004833218389437833,0.6262305078839621,0.01599684909897032,0.6601693522677288,0.019827579897976007,0.35839136670167265,0.03856214206411163,feature_noise,0.35
Bank,XGB,Boosting,0.0,0.0,0.35,0.0,5000,43,0.8894,0.0033823069050575557,0.6178073970825952,0.01324649764782906,0.6483725610237207,0.015653159885007803,0.33105810796773294,0.02925082905884108,feature_noise,0.35
Bank,XGB,Boosting,0.0,0.0,0.35,0.0,5000,44,0.8906000000000001,0.005200000000000005,0.6214527010676502,0.014143352917965804,0.6529274886683976,0.016974939053455613,0.34097451826958924,0.03381680056470166,feature_noise,0.35
Bank,SVM,Kernel,0.0,0.0,0.35,0.0,5000,42,0.8902000000000001,0.003310589071449373,0.5856365730657916,0.006869694955015704,0.6130286159673901,0.008200076311134598,0.2943252842457075,0.016009771521524396,feature_noise,0.35
Bank,SVM,Kernel,0.0,0.0,0.35,0.0,5000,43,0.8876,0.0033823069050575557,0.582681418242007,0.010656813833352676,0.608089064596196,0.014401080602620861,0.27602387036493164,0.027520155465691663,feature_noise,0.35
Bank,SVM,Kernel,0.0,0.0,0.35,0.0,5000,44,0.8905999999999998,0.0034985711369071833,0.5769656667731413,0.007366848012869953,0.6022651335741462,0.01078002207206427,0.2838162699186467,0.026467303723507404,feature_noise,0.35
Bank,MLP,Neural,0.0,0.0,0.35,0.0,5000,42,0.893,0.006418722614352492,0.6205873527504332,0.02272860595638526,0.6533889124985204,0.026865261401608442,0.3486674584739131,0.0505656660600613,feature_noise,0.35
Bank,MLP,Neural,0.0,0.0,0.35,0.0,5000,43,0.89,0.005621387729022083,0.6292689065055996,0.03863685544661142,0.6567577961572783,0.03857376417864004,0.3452471000520911,0.06228912097903438,feature_noise,0.35
Bank,MLP,Neural,0.0,0.0,0.35,0.0,5000,44,0.8886000000000001,0.004498888751680801,0.5988181316607137,0.044819562069680484,0.6205623058657734,0.06080205541976762,0.29223782143352833,0.08998842109461147,feature_noise,0.35
Bank,GB,Boosting,0.0,0.0,0.35,0.0,5000,42,0.8908000000000001,0.003969886648255845,0.6341706110675533,0.012684040204763615,0.6651244390420236,0.014205567307026311,0.3570865157132811,0.02746563235531566,feature_noise,0.35
Bank,GB,Boosting,0.0,0.0,0.35,0.0,5000,43,0.8904,0.007914543574963758,0.6309783082150012,0.016696701763415794,0.662150879833931,0.022107246911173682,0.3525535778332645,0.04873201632823992,feature_noise,0.35
Bank,GB,Boosting,0.0,0.0,0.35,0.0,5000,44,0.89,0.0048166378315169225,0.636683412221351,0.01858149062827697,0.6664468494123962,0.020506033483828054,0.35669454757691954,0.0380281186300516,feature_noise,0.35
Wine,LR,Linear,0.0,0.0,0.35,0.0,178,42,0.9719047619047618,0.025205629512735514,0.9753968253968255,0.022222222222222192,0.9735772622439288,0.023824737291842975,0.9583550969289514,0.03749130766933397,feature_noise,0.35
Wine,LR,Linear,0.0,0.0,0.35,0.0,178,43,0.9717460317460318,0.025205629512735514,0.9733044733044733,0.02314094763792914,0.9740399385560676,0.023072943180919698,0.9571934084239301,0.038287695748216374,feature_noise,0.35
Wine,LR,Linear,0.0,0.0,0.35,0.0,178,44,0.954920634920635,0.022944058734054362,0.9558970658970658,0.020503355142393768,0.9556823425381531,0.021563697462037634,0.9329864559062676,0.03488267309894595,feature_noise,0.35
Wine,RF,Ensemble,0.0,0.0,0.35,0.0,178,42,0.9717460317460318,0.018074340481042214,0.9713997113997115,0.016567177429419315,0.9733523750696402,0.016359918791675206,0.9575883871857347,0.02755521549368938,feature_noise,0.35
Wine,RF,Ensemble,0.0,0.0,0.35,0.0,178,43,0.9606349206349206,0.028459215269161207,0.964098124098124,0.027374372530419674,0.9630083716148052,0.027020548680305463,0.9410267558549836,0.043020412544341656,feature_noise,0.35
Wine,RF,Ensemble,0.0,0.0,0.35,0.0,178,44,0.9550793650793651,0.02227092169482015,0.9571957671957672,0.02250040047670127,0.9553690428198192,0.02171161986342516,0.9334424980417392,0.03360424535920096,feature_noise,0.35
Wine,XGB,Boosting,0.0,0.0,0.35,0.0,178,42,0.9607936507936508,0.013352216409405144,0.9626695526695528,0.01055736778218498,0.9619269005866947,0.013468067475014514,0.9421260360491692,0.019383247020080773,feature_noise,0.35
Wine,XGB,Boosting,0.0,0.0,0.35,0.0,178,43,0.9271428571428573,0.037405798368363996,0.9337037037037037,0.036108387981903356,0.9295470787509783,0.03419154520691709,0.8924263967611914,0.056711467446156155,feature_noise,0.35
Wine,XGB,Boosting,0.0,0.0,0.35,0.0,178,44,0.9325396825396826,0.03827997535233744,0.9355507455507455,0.03548389287040597,0.934011791449574,0.03654010482686786,0.8992829406743544,0.05860129828489125,feature_noise,0.35
Wine,SVM,Kernel,0.0,0.0,0.35,0.0,178,42,0.961111111111111,0.041573970964154924,0.9623809523809523,0.03967491990335161,0.9626183655596318,0.040147603243874494,0.9421775609419736,0.06232347642176895,feature_noise,0.35
Wine,SVM,Kernel,0.0,0.0,0.35,0.0,178,43,0.9774603174603176,0.021299434518521104,0.9748148148148148,0.024133828974288778,0.9777304123995794,0.021029140563667583,0.966710499829977,0.03143415784191872,feature_noise,0.35
Wine,SVM,Kernel,0.0,0.0,0.35,0.0,178,44,0.954920634920635,0.022944058734054362,0.9578018278018279,0.019238164893804366,0.9554271591250749,0.02203717426390796,0.9331977205884463,0.03412357022229041,feature_noise,0.35
Wine,MLP,Neural,0.0,0.0,0.35,0.0,178,42,0.8877777777777778,0.03529596278134555,0.8917171717171717,0.03774913287466666,0.8923447967217732,0.034892148198258116,0.8336306609877061,0.05084476768037256,feature_noise,0.35
Wine,MLP,Neural,0.0,0.0,0.35,0.0,178,43,0.8876190476190476,0.06392432222584182,0.8940452140452141,0.061831263108268884,0.8908737581620892,0.06124514358736565,0.8335325338664331,0.09678358739889528,feature_noise,0.35
Wine,MLP,Neural,0.0,0.0,0.35,0.0,178,44,0.8814285714285713,0.0663571803516979,0.8908706108706109,0.06264456641597956,0.883989357377694,0.06434890549910319,0.8271749283412019,0.09855480549056797,feature_noise,0.35
Wine,GB,Boosting,0.0,0.0,0.35,0.0,178,42,0.9268253968253968,0.014412139000401485,0.9263732563732564,0.015094800593495225,0.9282024796601226,0.014331850904906416,0.8899397242817308,0.022905168631267583,feature_noise,0.35
Wine,GB,Boosting,0.0,0.0,0.35,0.0,178,43,0.9157142857142857,0.049883714613319224,0.918013468013468,0.05250414064226568,0.9166340929616968,0.04810689936727174,0.8732424988380416,0.07647118747424801,feature_noise,0.35
Wine,GB,Boosting,0.0,0.0,0.35,0.0,178,44,0.8990476190476191,0.012441852661755836,0.8953150553150554,0.017370907336979907,0.8972729321806625,0.014592284883386876,0.8495212877749616,0.018219448527467822,feature_noise,0.35
BreastCancer,LR,Linear,0.0,0.0,0.35,0.0,569,42,0.9666200900481291,0.010198164269646568,0.9600511336754376,0.013160233195893108,0.9639469675049759,0.011076388502247516,0.9288330875442561,0.021729685900294334,feature_noise,0.35
BreastCancer,LR,Linear,0.0,0.0,0.35,0.0,569,43,0.956078248719143,0.011047204158638906,0.9497336733579772,0.010373300805245343,0.9527066752574973,0.011823680325512887,0.9062761084911631,0.024045637615887384,feature_noise,0.35
BreastCancer,LR,Linear,0.0,0.0,0.35,0.0,569,44,0.9683744760130415,0.010503414750935506,0.9653333437316405,0.01538418341794835,0.9660304146971921,0.011583932567209475,0.9327432324237588,0.022145580160168547,feature_noise,0.35
BreastCancer,RF,Ensemble,0.0,0.0,0.35,0.0,569,42,0.9332867567147958,0.021826534320906338,0.9277390440836232,0.024357698030404683,0.9284255045929137,0.02331949560219431,0.860500062333019,0.04484739456670071,feature_noise,0.35
BreastCancer,RF,Ensemble,0.0,0.0,0.35,0.0,569,43,0.952585002328831,0.016209391923783987,0.9439601432886725,0.02096912003006532,0.9485365781869101,0.018005542910316315,0.8985549611475113,0.035280983935665575,feature_noise,0.35
BreastCancer,RF,Ensemble,0.0,0.0,0.35,0.0,569,44,0.9455208818506444,0.017883130276395515,0.9384924534285817,0.022004724199362148,0.9412576720568728,0.01955687269192485,0.8832085159626695,0.03817116665349794,feature_noise,0.35
BreastCancer,XGB,Boosting,0.0,0.0,0.35,0.0,569,42,0.9473373699736065,0.019948632744955622,0.9428021618080576,0.022435901486794984,0.9435344851022756,0.02128759765700072,0.8893983105349076,0.041023299815878725,feature_noise,0.35
BreastCancer,XGB,Boosting,0.0,0.0,0.35,0.0,569,43,0.9455519329296692,0.011534504164656973,0.9383817114573748,0.016345026919372726,0.9412386732369571,0.0127991574585906,0.8836032017270561,0.02552539038090657,feature_noise,0.35
BreastCancer,XGB,Boosting,0.0,0.0,0.35,0.0,569,44,0.9438285980437818,0.022550684472625034,0.9371622499857024,0.02338950548352494,0.9396208274682957,0.024191562883809657,0.8798445433612085,0.048317945384483085,feature_noise,0.35
BreastCancer,SVM,Kernel,0.0,0.0,0.35,0.0,569,42,0.9631268436578171,0.01399246516047909,0.9542417944358658,0.01794156671170068,0.9599251665485428,0.015454288586325199,0.9215852443618445,0.029535808458897226,feature_noise,0.35
BreastCancer,SVM,Kernel,0.0,0.0,0.35,0.0,569,43,0.9578636857630801,0.015041307421318508,0.9501304987548027,0.018186348807139922,0.9543831669268188,0.016448698467037854,0.9097999428116333,0.03249054659798666,feature_noise,0.35
BreastCancer,SVM,Kernel,0.0,0.0,0.35,0.0,569,44,0.9701288619779536,0.01311649916858547,0.9656747981428623,0.017296458447251924,0.9678111092140214,0.014322844582913549,0.9364793556973272,0.027972144708851947,feature_noise,0.35
BreastCancer,MLP,Neural,0.0,0.0,0.35,0.0,569,42,0.9332712311752832,0.029603446382492484,0.9259210300563068,0.034577257684643516,0.9280640129166542,0.032290220296897244,0.8575051916661515,0.06395414537602097,feature_noise,0.35
BreastCancer,MLP,Neural,0.0,0.0,0.35,0.0,569,43,0.9227293898462972,0.0356242494874914,0.912552446461716,0.037455942050574606,0.916568226507205,0.037926549682555294,0.8347033308892126,0.07576131978303914,feature_noise,0.35
BreastCancer,MLP,Neural,0.0,0.0,0.35,0.0,569,44,0.9296072038503338,0.031260333570938256,0.9181275638326081,0.03555943017403423,0.9235349921871432,0.034280218295515676,0.8485823088228109,0.06779656276892619,feature_noise,0.35
BreastCancer,GB,Boosting,0.0,0.0,0.35,0.0,569,42,0.9367955286446203,0.02306785893781616,0.930552631031668,0.027926195152085585,0.9319304190688905,0.024809511924915952,0.8687412940294792,0.04667111881359411,feature_noise,0.35
BreastCancer,GB,Boosting,0.0,0.0,0.35,0.0,569,43,0.9367644775655954,0.02560648651924479,0.9304452035208668,0.028874100335092363,0.931981873586396,0.0278341335928744,0.8646973714400499,0.055999490886071895,feature_noise,0.35
BreastCancer,GB,Boosting,0.0,0.0,0.35,0.0,569,44,0.9332712311752832,0.025708230778282326,0.9258885353464456,0.026226110841377798,0.9282764962055289,0.027405160637800963,0.8574716071859365,0.05443368550449858,feature_noise,0.35
Digits,LR,Linear,0.0,0.0,0.35,0.0,1797,42,0.8564020427112349,0.02869658725344375,0.8563897548278238,0.028705575121620152,0.8563720647439773,0.028692574111015078,0.7130669904219836,0.05750083303230964,feature_noise,0.35
Digits,LR,Linear,0.0,0.0,0.35,0.0,1797,43,0.8530841844630146,0.008926154116377068,0.8531119444701654,0.008905296331337029,0.8530562932335283,0.008925538855186151,0.7065198485005851,0.017820194744386435,feature_noise,0.35
Digits,LR,Linear,0.0,0.0,0.35,0.0,1797,44,0.8547508511296812,0.011001973641942745,0.8547478145758957,0.011021280807765177,0.8547199239081582,0.0109903314019856,0.7097960691665758,0.0222154621556095,feature_noise,0.35
Digits,RF,Ensemble,0.0,0.0,0.35,0.0,1797,42,0.9560399257195915,0.00885585944938801,0.9560363831531152,0.008862740147232649,0.9560379015708254,0.008857464185492936,0.9121198756400022,0.017676258582475783,feature_noise,0.35
Digits,RF,Ensemble,0.0,0.0,0.35,0.0,1797,43,0.952132466728567,0.008383290250545818,0.9521349767311064,0.008401252852558603,0.9521258308134144,0.008386848903709995,0.904487404749465,0.016734131192317956,feature_noise,0.35
Digits,RF,Ensemble,0.0,0.0,0.35,0.0,1797,44,0.9543809965954813,0.00998654664088192,0.9543727172649362,0.009987308498457803,0.9543749544930243,0.009988674753341436,0.9089446742790714,0.019955320528410266,feature_noise,0.35
Digits,XGB,Boosting,0.0,0.0,0.35,0.0,1797,42,0.9532575054162798,0.007327268960555897,0.9532274658682882,0.007321917308369927,0.9532457421791106,0.007326883125063339,0.906853454085088,0.014741366943626896,feature_noise,0.35
Digits,XGB,Boosting,0.0,0.0,0.35,0.0,1797,43,0.9504642525533891,0.008560588535808012,0.9504528946366658,0.008569786390582602,0.9504598437085395,0.008561543858195042,0.9010229540368317,0.017123410381226712,feature_noise,0.35
Digits,XGB,Boosting,0.0,0.0,0.35,0.0,1797,44,0.9554967502321263,0.012754273369504856,0.9554838626706585,0.012769405063156696,0.9554897914486311,0.012761052631814937,0.9111489311382174,0.025381415770137517,feature_noise,0.35
Digits,SVM,Kernel,0.0,0.0,0.35,0.0,1797,42,0.9744119467657072,0.01734525520649837,0.9744102012750737,0.017344180185959984,0.9744108946641402,0.017346268622272107,0.9488634623681286,0.03466459050886011,feature_noise,0.35
Digits,SVM,Kernel,0.0,0.0,0.35,0.0,1797,43,0.9721665119158155,0.01388234461905378,0.9721662191219893,0.01391601251742773,0.9721605622916012,0.013887267300576562,0.9446220310523428,0.02771589744800385,feature_noise,0.35
Digits,SVM,Kernel,0.0,0.0,0.35,0.0,1797,44,0.9749736923553078,0.012772380599255794,0.9749625159898624,0.012785564757768675,0.9749713129052063,0.012775194278728612,0.9500239746897309,0.02553626377855202,feature_noise,0.35
Digits,MLP,Neural,0.0,0.0,0.35,0.0,1797,42,0.9560352831940575,0.01675183788962605,0.9560239685038289,0.016771612835357098,0.9560270668759501,0.016759297919134157,0.912256076476609,0.033354180633443614,feature_noise,0.35
Digits,MLP,Neural,0.0,0.0,0.35,0.0,1797,43,0.9460259981429898,0.011737988854285258,0.9460423504154793,0.01173948218057074,0.9460226485057082,0.011738841570177348,0.8922064049128471,0.023491257203885358,feature_noise,0.35
Digits,MLP,Neural,0.0,0.0,0.35,0.0,1797,44,0.9499303621169914,0.015379016257469874,0.9499435853644318,0.015361835420597134,0.9499241778432866,0.015376649227797395,0.9001501114457783,0.030816810584652278,feature_noise,0.35
Digits,GB,Boosting,0.0,0.0,0.35,0.0,1797,42,0.9521402042711233,0.003278891183281495,0.9521380803934278,0.0032791704697699067,0.9521370988163443,0.003277850685800309,0.9043746660283517,0.006608268715628184,feature_noise,0.35
Digits,GB,Boosting,0.0,0.0,0.35,0.0,1797,43,0.9359888579387187,0.011485176561735847,0.9359742413174617,0.011496463470279689,0.9359774601422556,0.011493385420016483,0.8721768286560143,0.022819668856755484,feature_noise,0.35
Digits,GB,Boosting,0.0,0.0,0.35,0.0,1797,44,0.9432636954503251,0.020930580706633384,0.943255158766903,0.02092512744929458,0.943261422968904,0.020930380922583893,0.8865645280071652,0.04189309462829438,feature_noise,0.35
Spambase,LR,Linear,0.0,0.0,0.5,0.0,4601,42,0.8702473681725913,0.005523605236855887,0.8576301100150401,0.006061984999913422,0.862213153957599,0.00587835054677161,0.7262441810883253,0.01173392785159024,feature_noise,0.5
Spambase,LR,Linear,0.0,0.0,0.5,0.0,4601,43,0.863943256384837,0.002281944403280017,0.851959060840421,0.00455732416311602,0.8557801202225142,0.00277417106436481,0.7133878466164902,0.004509997739593327,feature_noise,0.5
Spambase,LR,Linear,0.0,0.0,0.5,0.0,4601,44,0.8648104612189019,0.011735638456936993,0.8521840478983261,0.01137934721991639,0.8565496735658771,0.012066550608631422,0.714790626006012,0.0245071533522117,feature_noise,0.5
Spambase,RF,Ensemble,0.0,0.0,0.5,0.0,4601,42,0.8817683991880282,0.008678264669082041,0.8646288459942127,0.010212354842015135,0.8728645577402266,0.009638865525267912,0.7513975991782187,0.018562819658983782,feature_noise,0.5
Spambase,RF,Ensemble,0.0,0.0,0.5,0.0,4601,43,0.8793761506868716,0.011943355440214895,0.8625794264913832,0.01410998534647673,0.8704083249019188,0.01325892887451145,0.7461720075347084,0.025148289805559457,feature_noise,0.5
Spambase,RF,Ensemble,0.0,0.0,0.5,0.0,4601,44,0.8763314922343388,0.009968200841944193,0.8593831393604183,0.009833758739321661,0.8672069483316545,0.010336658553796061,0.7397622117664615,0.021222459449803728,feature_noise,0.5
Spambase,XGB,Boosting,0.0,0.0,0.5,0.0,4601,42,0.8837249209271587,0.011057472181826115,0.8711570571484968,0.01358403334256936,0.8762944989032022,0.01232617611152223,0.7548724565658336,0.023595711645840334,feature_noise,0.5
Spambase,XGB,Boosting,0.0,0.0,0.5,0.0,4601,43,0.8876339517537648,0.006811919592347038,0.8754647571933354,0.008483351242230831,0.8805553668458964,0.0075644048089366245,0.763140941578935,0.014421520137599186,feature_noise,0.5
Spambase,XGB,Boosting,0.0,0.0,0.5,0.0,4601,44,0.8856795543596281,0.012989855078570478,0.8733587389628589,0.012393169365239405,0.8785104875267322,0.013380039821765213,0.7593379789076391,0.027292549013851936,feature_noise,0.5
Spambase,SVM,Kernel,0.0,0.0,0.5,0.0,4601,42,0.8885049332011519,0.00685144890568398,0.875971354585188,0.008763038593393823,0.8813566135550241,0.007696061243942135,0.765096948958903,0.014531250356231944,feature_noise,0.5
Spambase,SVM,Kernel,0.0,0.0,0.5,0.0,4601,43,0.888937591464854,0.012642418230267922,0.877413867398223,0.014018090913536969,0.8820862187383789,0.013506905400716059,0.7661821725529812,0.02662700276274132,feature_noise,0.5
Spambase,SVM,Kernel,0.0,0.0,0.5,0.0,4601,44,0.8852431194826039,0.011279303653166168,0.8736745321368102,0.010989288104896274,0.8782670074953478,0.011691264646611143,0.758106453924682,0.023780237292364774,feature_noise,0.5
Spambase,MLP,Neural,0.0,0.0,0.5,0.0,4601,42,0.8739420761931738,0.006632119560470088,0.8618318349746396,0.008145855199420517,0.866216469634298,0.007343225268801945,0.7341691529435759,0.01411851140527007,feature_noise,0.5
Spambase,MLP,Neural,0.0,0.0,0.5,0.0,4601,43,0.8667669829580325,0.009304650682048667,0.8527557066327569,0.010570709232011784,0.8580512185807601,0.009977261329709174,0.7192906412645133,0.019851641886384577,feature_noise,0.5
Spambase,MLP,Neural,0.0,0.0,0.5,0.0,4601,44,0.8756807345512911,0.008715732336797292,0.8624097451173653,0.008911599306455477,0.8677190681415408,0.009154486638104902,0.7376656091958554,0.018432172357808533,feature_noise,0.5
Spambase,GB,Boosting,0.0,0.0,0.5,0.0,4601,42,0.8872008214133975,0.008021226204008134,0.87421774290956,0.011478062507378145,0.8798066328940749,0.00942139975017682,0.7624069967113207,0.016967723613588868,feature_noise,0.5
Spambase,GB,Boosting,0.0,0.0,0.5,0.0,4601,43,0.8885025728178256,0.00913458158519707,0.8752244280640568,0.012034249001852607,0.8811014873939079,0.010341584079399854,0.7652867931406078,0.01918985710928034,feature_noise,0.5
Spambase,GB,Boosting,0.0,0.0,0.5,0.0,4601,44,0.8798088089505736,0.009880132287715733,0.8662983124399032,0.009022664354106268,0.8719870729113678,0.00998301120964489,0.746829329047854,0.0205845929621396,feature_noise,0.5
Bank,LR,Linear,0.0,0.0,0.5,0.0,5000,42,0.8952,0.0032496153618543867,0.6203502047216657,0.01482857294062718,0.6553402520001738,0.016962631506785588,0.3579425767885524,0.029519084741862323,feature_noise,0.5
Bank,LR,Linear,0.0,0.0,0.5,0.0,5000,43,0.8931999999999999,0.006554387843269582,0.6229249547482844,0.02906833093578195,0.6553245010955964,0.033018533452504405,0.3501275334504522,0.058063056069190294,feature_noise,0.5
Bank,LR,Linear,0.0,0.0,0.5,0.0,5000,44,0.8902000000000001,0.002315167380558047,0.6152945959287974,0.009964711946130418,0.6464810774186835,0.01138030358422388,0.33124984462115975,0.01974366522530705,feature_noise,0.5
Bank,RF,Ensemble,0.0,0.0,0.5,0.0,5000,42,0.891,0.005440588203494182,0.5682947604804909,0.022543150677824867,0.5893781369180779,0.0334276067541633,0.2698534041345838,0.06488847726257406,feature_noise,0.5
Bank,RF,Ensemble,0.0,0.0,0.5,0.0,5000,43,0.8904,0.0032000000000000028,0.5575747016290619,0.011590218954442351,0.5740825971545449,0.018838539335493256,0.2565587379068621,0.03407842411596862,feature_noise,0.5
Bank,RF,Ensemble,0.0,0.0,0.5,0.0,5000,44,0.89,0.003687817782917158,0.5655041573501369,0.012121030137918237,0.5860695861854507,0.0184996815529444,0.2625966205804201,0.040016575209889896,feature_noise,0.5
Bank,XGB,Boosting,0.0,0.0,0.5,0.0,5000,42,0.8906000000000001,0.005535341001239224,0.6162625470666242,0.012930879719270658,0.6475835570289679,0.01483363899834654,0.33592435405980076,0.030417558838799836,feature_noise,0.5
Bank,XGB,Boosting,0.0,0.0,0.5,0.0,5000,43,0.8860000000000001,0.004774934554525333,0.6003116802663802,0.015114051833067736,0.6276869483214568,0.01893210042003121,0.2949525959882951,0.03702724076721115,feature_noise,0.5
Bank,XGB,Boosting,0.0,0.0,0.5,0.0,5000,44,0.89,0.004049691346263321,0.6070253893583452,0.011886930795579682,0.6377000571051854,0.015063711325752108,0.32006335968174104,0.03056407245708117,feature_noise,0.5
Bank,SVM,Kernel,0.0,0.0,0.5,0.0,5000,42,0.8894,0.0018547236990991425,0.5770276156459622,0.009258501258433941,0.6014918173891963,0.012143604797471856,0.27704468381231956,0.01626145449272048,feature_noise,0.5
Bank,SVM,Kernel,0.0,0.0,0.5,0.0,5000,43,0.8878,0.004166533331199936,0.5753801628093813,0.012436420420461707,0.598736864591989,0.01732459819878222,0.26633507950391794,0.03358824134812571,feature_noise,0.5
Bank,SVM,Kernel,0.0,0.0,0.5,0.0,5000,44,0.8905999999999998,0.0024166091947189165,0.575482765629991,0.00583383002459217,0.6002199222722728,0.007948723227927803,0.281888207973066,0.017464601908537908,feature_noise,0.5
Bank,MLP,Neural,0.0,0.0,0.5,0.0,5000,42,0.8918000000000001,0.007493997598078084,0.610268993621202,0.029659166754480902,0.6410741897756129,0.03612619401791232,0.32939424305020415,0.06558641850799336,feature_noise,0.5
Bank,MLP,Neural,0.0,0.0,0.5,0.0,5000,43,0.8888,0.004664761515876244,0.6196919979479436,0.04038519836482018,0.6455372161906855,0.04456347596317455,0.3277516500221619,0.06509330553155872,feature_noise,0.5
Bank,MLP,Neural,0.0,0.0,0.5,0.0,5000,44,0.8888,0.005075431016179812,0.5870681727986371,0.050218693353195315,0.6042629600805668,0.07404283580035984,0.2561816155852309,0.13737641301599787,feature_noise,0.5
Bank,GB,Boosting,0.0,0.0,0.5,0.0,5000,42,0.8916000000000001,0.004758150901348132,0.6361065133432063,0.013500169874981876,0.6675737830708453,0.01560158789796354,0.36243337609404097,0.030436995407095855,feature_noise,0.5
Bank,GB,Boosting,0.0,0.0,0.5,0.0,5000,43,0.8863999999999999,0.008867919710958154,0.6212987968367357,0.021295365225413518,0.6494175395328196,0.026007925134733344,0.32698342795019497,0.05529059320095211,feature_noise,0.5
Bank,GB,Boosting,0.0,0.0,0.5,0.0,5000,44,0.8916000000000001,0.0020591260281974015,0.6338821616284809,0.013863514765297912,0.6652623600199346,0.01394378162530281,0.35942714761936634,0.02077124778636785,feature_noise,0.5
Wine,LR,Linear,0.0,0.0,0.5,0.0,178,42,0.9552380952380952,0.05159242953756207,0.9587301587301589,0.048704558706559535,0.9577566690440253,0.049680700723374265,0.9329195613724226,0.0772070302771596,feature_noise,0.5
Wine,LR,Linear,0.0,0.0,0.5,0.0,178,43,0.9438095238095237,0.02521462420645036,0.9468494468494469,0.02516660064927214,0.9467884984378255,0.02390142869929534,0.9161658503617961,0.03842360297597367,feature_noise,0.5
Wine,LR,Linear,0.0,0.0,0.5,0.0,178,44,0.9209523809523809,0.03371138599911543,0.9226166426166426,0.03536152036860968,0.9228965093160364,0.033705213902975456,0.884087848942628,0.048999504882372515,feature_noise,0.5
Wine,RF,Ensemble,0.0,0.0,0.5,0.0,178,42,0.9663492063492063,0.027154457745641215,0.9666378066378065,0.02580664361608159,0.967599673257968,0.026338142288743774,0.9501415026345967,0.04008069502660841,feature_noise,0.5
Wine,RF,Ensemble,0.0,0.0,0.5,0.0,178,43,0.9212698412698412,0.03701306858607809,0.9214237614237615,0.03849527536236583,0.9240355180345905,0.03449335176835353,0.8823080650243685,0.05497639003080907,feature_noise,0.5
Wine,RF,Ensemble,0.0,0.0,0.5,0.0,178,44,0.9325396825396826,0.028500794523763112,0.9341510341510342,0.03138847499227605,0.9338504736472872,0.028937415213393894,0.8997219271700653,0.04339384490071557,feature_noise,0.5
Wine,XGB,Boosting,0.0,0.0,0.5,0.0,178,42,0.9326984126984128,0.02808851143579455,0.9354208754208754,0.023698490990583958,0.9347252988225018,0.027194223530442572,0.9020340532342346,0.040850314926634546,feature_noise,0.5
Wine,XGB,Boosting,0.0,0.0,0.5,0.0,178,43,0.915873015873016,0.030154552759976284,0.9174025974025974,0.03137904102761982,0.9188136613130465,0.028182461342043955,0.8747917230348671,0.047044767003733036,feature_noise,0.5
Wine,XGB,Boosting,0.0,0.0,0.5,0.0,178,44,0.9214285714285715,0.04770890991904859,0.9245743145743146,0.05442345702421692,0.9237359116539394,0.04873187669460995,0.883479993021129,0.07007107793935728,feature_noise,0.5
Wine,SVM,Kernel,0.0,0.0,0.5,0.0,178,42,0.9385714285714286,0.05662819377802768,0.9417460317460318,0.05281350980419923,0.9417418990309914,0.05444193188792074,0.9079618137127825,0.08539203836913666,feature_noise,0.5
Wine,SVM,Kernel,0.0,0.0,0.5,0.0,178,43,0.9603174603174602,0.034132520776420615,0.9606589706589708,0.035369357056242695,0.9627437015862064,0.03234726370281598,0.9407967254300473,0.05033147325419527,feature_noise,0.5
Wine,SVM,Kernel,0.0,0.0,0.5,0.0,178,44,0.9434920634920635,0.025914369522429526,0.9466907166907168,0.027372289939012494,0.9452137907359557,0.025054446020604106,0.9168766262364626,0.037937375602436214,feature_noise,0.5
Wine,MLP,Neural,0.0,0.0,0.5,0.0,178,42,0.8880952380952379,0.055330610356554184,0.8898124098124096,0.05806809572907237,0.8917023369337536,0.055446698340919996,0.8342044860022824,0.08225449003343586,feature_noise,0.5
Wine,MLP,Neural,0.0,0.0,0.5,0.0,178,43,0.8484126984126984,0.03312862310652584,0.858013468013468,0.03294170133127138,0.8507035251814721,0.03347007618990607,0.7771953789624296,0.051829460879444636,feature_noise,0.5
Wine,MLP,Neural,0.0,0.0,0.5,0.0,178,44,0.8757142857142857,0.06696945600263592,0.889071669071669,0.05792583289546623,0.8778393334154927,0.06566741760758016,0.8216176989461037,0.09638546388844257,feature_noise,0.5
Wine,GB,Boosting,0.0,0.0,0.5,0.0,178,42,0.926984126984127,0.0283456689166809,0.9234102934102933,0.03469817451107518,0.9281575755465423,0.028417183949138104,0.893169321516244,0.04223580374185183,feature_noise,0.5
Wine,GB,Boosting,0.0,0.0,0.5,0.0,178,43,0.8652380952380951,0.04762010580834827,0.8649687349687349,0.053142424709109605,0.8646536489065006,0.047659708951021826,0.7980620832784945,0.07355476807249244,feature_noise,0.5
Wine,GB,Boosting,0.0,0.0,0.5,0.0,178,44,0.881904761904762,0.05513537246679441,0.8833285233285233,0.0501183930177687,0.880651372072597,0.05476304787802239,0.8271290622403091,0.07786681357772082,feature_noise,0.5
BreastCancer,LR,Linear,0.0,0.0,0.5,0.0,569,42,0.9525539512498058,0.008916499953808,0.9459409558123937,0.010976523819107718,0.9488930951053298,0.009432491045769435,0.8992805281543254,0.018819898527361698,feature_noise,0.5
BreastCancer,LR,Linear,0.0,0.0,0.5,0.0,569,43,0.9437820214252444,0.011819453636820996,0.9378741440893423,0.015154086981159602,0.939524180184996,0.01317137880093387,0.8797844718846305,0.026417042742017494,feature_noise,0.5
BreastCancer,LR,Linear,0.0,0.0,0.5,0.0,569,44,0.9560937742586555,0.012339688646904016,0.9517894186826383,0.01651247423656346,0.952848755434259,0.013480523505309875,0.9068809134700595,0.025792652163507967,feature_noise,0.5
BreastCancer,RF,Ensemble,0.0,0.0,0.5,0.0,569,42,0.9385499146095327,0.02280302747994593,0.9317787214241522,0.026085748014157247,0.9337805564018046,0.024425087998830926,0.8709956549511748,0.047680691487838614,feature_noise,0.5
BreastCancer,RF,Ensemble,0.0,0.0,0.5,0.0,569,43,0.9455674584691819,0.02024422004124361,0.9374483334113208,0.024453073576953057,0.9410890929210589,0.022224941089798503,0.8832281093619079,0.04424481443936334,feature_noise,0.5
BreastCancer,RF,Ensemble,0.0,0.0,0.5,0.0,569,44,0.9367334264865704,0.021763683346413758,0.928607627678214,0.02658864948302831,0.9316694991125761,0.023865306743905332,0.8643275332622634,0.046857783258135874,feature_noise,0.5
BreastCancer,XGB,Boosting,0.0,0.0,0.5,0.0,569,42,0.9262381617761216,0.01612732184729902,0.9221248030820582,0.023534178859806316,0.9209386197855796,0.017769205882601113,0.8459725179325611,0.03427721700597864,feature_noise,0.5
BreastCancer,XGB,Boosting,0.0,0.0,0.5,0.0,569,43,0.947290793355069,0.012351344886321258,0.9387622894992695,0.01738705756188066,0.9428825256704453,0.013913428051179151,0.8873482844809507,0.027040172078046012,feature_noise,0.5
BreastCancer,XGB,Boosting,0.0,0.0,0.5,0.0,569,44,0.9280391243595716,0.0324871311454933,0.918986723961339,0.03557183570383792,0.9222938373867919,0.03517564747567489,0.846591966552533,0.06926801996512112,feature_noise,0.5
BreastCancer,SVM,Kernel,0.0,0.0,0.5,0.0,569,42,0.9490607048594939,0.013965600353010527,0.9382419842049714,0.018301765401752344,0.9445443718639615,0.01546194635098051,0.8913535786789571,0.02995364333382125,feature_noise,0.5
BreastCancer,SVM,Kernel,0.0,0.0,0.5,0.0,569,43,0.9526005278683435,0.018846342357661874,0.9430430125975491,0.023428829344547937,0.9484499564766897,0.02076718174208581,0.8985858071586865,0.040661999147320896,feature_noise,0.5
BreastCancer,SVM,Kernel,0.0,0.0,0.5,0.0,569,44,0.9578481602235678,0.016966367544203897,0.9512495515730037,0.019837283444067773,0.9545585068913308,0.01826871246560706,0.9098631271392694,0.036049739423389675,feature_noise,0.5
BreastCancer,MLP,Neural,0.0,0.0,0.5,0.0,569,42,0.9332867567147959,0.02571127782305993,0.9221775744908729,0.03259807095349295,0.9273381177539048,0.02800367972898482,0.8597142196749319,0.05489665333552231,feature_noise,0.5
BreastCancer,MLP,Neural,0.0,0.0,0.5,0.0,569,43,0.9191740412979351,0.028996263385902492,0.9057739200058231,0.03546093655161869,0.9116757344612386,0.0331102049839275,0.8259089128276965,0.06397568969712915,feature_noise,0.5
BreastCancer,MLP,Neural,0.0,0.0,0.5,0.0,569,44,0.9155565905915232,0.02952578023273163,0.901139004570056,0.03262220071334036,0.9079260478935869,0.03253249048460202,0.8183622403480191,0.06458404941538301,feature_noise,0.5
BreastCancer,GB,Boosting,0.0,0.0,0.5,0.0,569,42,0.9227449153858096,0.02495338202587306,0.9144420788295665,0.0254917987120391,0.9168823501815389,0.025926514458484925,0.837074471701112,0.05047925215317038,feature_noise,0.5
BreastCancer,GB,Boosting,0.0,0.0,0.5,0.0,569,43,0.9385188635305075,0.014585994424363306,0.9318699015800227,0.016779521302695354,0.9338831857817429,0.015700935321157128,0.8686828509436714,0.03136185745020642,feature_noise,0.5
BreastCancer,GB,Boosting,0.0,0.0,0.5,0.0,569,44,0.9297158826269213,0.016587613130041975,0.9221349414315348,0.019298702119980166,0.9243576194498327,0.017845281456321055,0.8498359162582558,0.03520018080860191,feature_noise,0.5
Digits,LR,Linear,0.0,0.0,0.5,0.0,1797,42,0.8269127205199629,0.02890329019293095,0.8269263797579487,0.02893899693573422,0.8268520856509542,0.028883508055461523,0.6543829933075053,0.05821289138497254,feature_noise,0.5
Digits,LR,Linear,0.0,0.0,0.5,0.0,1797,43,0.8313803775920767,0.016684393669687044,0.8313985513956192,0.016676906504437976,0.8313259213281994,0.016646491543546124,0.6632923990221331,0.033750941850584984,feature_noise,0.5
Digits,LR,Linear,0.0,0.0,0.5,0.0,1797,44,0.8386103373568554,0.01555157204309286,0.8386055982523466,0.015557742325228939,0.8385917023540518,0.015536965925758059,0.6773689567267713,0.03126800318961889,feature_noise,0.5
Digits,RF,Ensemble,0.0,0.0,0.5,0.0,1797,42,0.9376740947075209,0.010800970876438002,0.9376501503818705,0.010794373832038169,0.9376623654543799,0.010798758882132027,0.875593763876908,0.02170427900382585,feature_noise,0.5
Digits,RF,Ensemble,0.0,0.0,0.5,0.0,1797,43,0.9376508820798515,0.02122936678780184,0.9376502532657044,0.021246903773638807,0.9376441016401745,0.021237925002995324,0.8754077142912571,0.04235873470755643,feature_noise,0.5
Digits,RF,Ensemble,0.0,0.0,0.5,0.0,1797,44,0.9443701640359023,0.014432547238721113,0.9443601654372049,0.014427197615428034,0.944363488966936,0.014434456839111823,0.8888900265223796,0.02883098543704619,feature_noise,0.5
Digits,XGB,Boosting,0.0,0.0,0.5,0.0,1797,42,0.9343330238316311,0.01215332181213888,0.9343633033941376,0.012176536239572546,0.9343294873115745,0.012151808947740362,0.8688687735882802,0.024448164250800795,feature_noise,0.5
Digits,XGB,Boosting,0.0,0.0,0.5,0.0,1797,43,0.9337666357164964,0.013038371308691506,0.9337520533898509,0.013027238432991691,0.9337595672908247,0.013034511387027279,0.8676740414261651,0.026153711151872983,feature_noise,0.5
Digits,XGB,Boosting,0.0,0.0,0.5,0.0,1797,44,0.9410229031259671,0.01582792613161225,0.9409958297752674,0.015857102701519077,0.941007689202709,0.01583700287695646,0.8823356053242772,0.03163400743996588,feature_noise,0.5
Digits,SVM,Kernel,0.0,0.0,0.5,0.0,1797,42,0.9616125038687713,0.016040253358061727,0.9616105606825999,0.016034596501683002,0.961610004274881,0.016040313309441043,0.9233487651348792,0.03212386953507683,feature_noise,0.5
Digits,SVM,Kernel,0.0,0.0,0.5,0.0,1797,43,0.9638207985143918,0.012838980069773463,0.9638142295201156,0.012868629783951976,0.9638119465130943,0.012845201777974278,0.9279789355463718,0.025601844397175853,feature_noise,0.5
Digits,SVM,Kernel,0.0,0.0,0.5,0.0,1797,44,0.9660631383472609,0.007504473357125631,0.9660519014647229,0.00751946989517604,0.9660609146033028,0.0075074481718146934,0.9321603251827864,0.014973389895543624,feature_noise,0.5
Digits,MLP,Neural,0.0,0.0,0.5,0.0,1797,42,0.9371231816774992,0.015780068353951203,0.9371193555356647,0.01578914302194606,0.9371105035590152,0.01578373350679894,0.8745546442007992,0.03155108747408948,feature_noise,0.5
Digits,MLP,Neural,0.0,0.0,0.5,0.0,1797,43,0.9309981429897863,0.009531050020673833,0.9310297985877479,0.009511081489309594,0.9309850882492373,0.009534477652782291,0.8624123451401801,0.018936566731635938,feature_noise,0.5
Digits,MLP,Neural,0.0,0.0,0.5,0.0,1797,44,0.93545341999381,0.008287683240914669,0.9354650349290615,0.008261048340261158,0.9354447965050413,0.008285130083374986,0.8711793301195719,0.016588408278628796,feature_noise,0.5
Digits,GB,Boosting,0.0,0.0,0.5,0.0,1797,42,0.9254317548746519,0.0066674425310792535,0.9254216522457828,0.006677101500505859,0.9254191679484041,0.006676062871722201,0.8510779422942966,0.013186994742319026,feature_noise,0.5
Digits,GB,Boosting,0.0,0.0,0.5,0.0,1797,43,0.9237480656143611,0.011438822829394936,0.9237488468436954,0.011427447063709148,0.9237421022918919,0.01143950110357587,0.8476125624363929,0.022822133982166145,feature_noise,0.5
Digits,GB,Boosting,0.0,0.0,0.5,0.0,1797,44,0.9304549675023214,0.015163243018270274,0.9304309632327472,0.015206331457131116,0.9304359703341973,0.015187765527632312,0.8611630692626404,0.030068834281510803,feature_noise,0.5
Spambase,LR,Linear,0.0,0.0,0.0,0.2,4238,42,0.9252002071684748,0.0030492430667156518,0.9102188436871698,0.004402329714100652,0.9157470481678767,0.0035579722387351783,0.8324147155905953,0.006917723676830408,imbalance,0.2
Spambase,LR,Linear,0.0,0.0,0.0,0.2,4238,43,0.9240178989106947,0.006127031568002268,0.908825937989481,0.010310466271160204,0.9143427406666349,0.007542405924879649,0.8298749310114772,0.014097962629130571,imbalance,0.2
Spambase,LR,Linear,0.0,0.0,0.0,0.2,4238,44,0.9261427680381369,0.007121900047880312,0.9110968012644323,0.009793612401649663,0.9167509637804944,0.008232989411435883,0.8347107270023765,0.01621824707597564,imbalance,0.2
Spambase,RF,Ensemble,0.0,0.0,0.0,0.2,4238,42,0.9443120558686596,0.003924293515879556,0.9303697816156303,0.006418041356557328,0.937112497719465,0.004643766060281823,0.8755678503740194,0.008774013295924294,imbalance,0.2
Spambase,RF,Ensemble,0.0,0.0,0.0,0.2,4238,43,0.9480887037490812,0.0062409993566047445,0.9350615163644601,0.008566152769096232,0.9414362148572091,0.007165214942294114,0.8840586492670706,0.014082314078294855,imbalance,0.2
Spambase,RF,Ensemble,0.0,0.0,0.0,0.2,4238,44,0.947144750618164,0.004801379915613273,0.9326859353667117,0.0058093111370466225,0.940219787436557,0.005446304279956744,0.8819774873213817,0.010922115820389072,imbalance,0.2
Spambase,XGB,Boosting,0.0,0.0,0.0,0.2,4238,42,0.9518642378204986,0.007360132595294802,0.9437216030312289,0.010660406186956038,0.94618357705109,0.008516865657938796,0.8927965298919431,0.01661701227303917,imbalance,0.2
Spambase,XGB,Boosting,0.0,0.0,0.0,0.2,4238,43,0.9520981377113452,0.0034946166191581187,0.9443983063390023,0.006519982748143229,0.9465112525236627,0.00415588114455051,0.8932956365032674,0.008151616869270198,imbalance,0.2
Spambase,XGB,Boosting,0.0,0.0,0.0,0.2,4238,44,0.9516264395981378,0.005021678456830083,0.9430423257705716,0.004867260090160508,0.9459272530741398,0.005470636125051272,0.8921926067924002,0.011067125062426537,imbalance,0.2
Spambase,SVM,Kernel,0.0,0.0,0.0,0.2,4238,42,0.9322784633890981,0.0046477984574935126,0.9184096965242983,0.004565638641923761,0.9237884562252339,0.005120191497646505,0.8483716787812317,0.010402057362090242,imbalance,0.2
Spambase,SVM,Kernel,0.0,0.0,0.0,0.2,4238,43,0.9315698024102825,0.004442048282143967,0.9172121716018886,0.006732746459089625,0.9228948314532188,0.005085996451738265,0.8470371652710034,0.010061784356844109,imbalance,0.2
Spambase,SVM,Kernel,0.0,0.0,0.0,0.2,4238,44,0.932515426254706,0.007211413005043873,0.9187522719017318,0.010089903605562495,0.9240213811858551,0.008342300106705572,0.8490750713900242,0.01633891788203598,imbalance,0.2
Spambase,MLP,Neural,0.0,0.0,0.0,0.2,4238,42,0.9320417789757413,0.006377402524747894,0.9198856809891612,0.008720285041115258,0.9237706670193429,0.0073867884645312755,0.8481000612508959,0.014549576792507244,imbalance,0.2
Spambase,MLP,Neural,0.0,0.0,0.0,0.2,4238,43,0.935342273506939,0.009686542729405707,0.9232262613312173,0.01491062008170314,0.9273382944454724,0.011446462294618811,0.8556496889227979,0.022157176524976743,imbalance,0.2
Spambase,MLP,Neural,0.0,0.0,0.0,0.2,4238,44,0.9372346350047893,0.007435740788490322,0.9264762607210131,0.010299273700347548,0.929702489331037,0.008601027450517594,0.8599430725257611,0.01688809150426452,imbalance,0.2
Spambase,GB,Boosting,0.0,0.0,0.0,0.2,4238,42,0.9518631240114945,0.004573347071929118,0.9437212812871184,0.006551174555319495,0.9462118713406482,0.005238994063796304,0.8926855040078356,0.010315416469009036,imbalance,0.2
Spambase,GB,Boosting,0.0,0.0,0.0,0.2,4238,43,0.9490307077142411,0.004584150537036474,0.939749288113419,0.007041510093705255,0.9429438816989849,0.005316830576258928,0.8862508838340473,0.01047203803415485,imbalance,0.2
Spambase,GB,Boosting,0.0,0.0,0.0,0.2,4238,44,0.9511558552939341,0.00339027109138719,0.9410299938735485,0.004825844707740526,0.9452126943359366,0.003869194773257397,0.8909863060627415,0.007548302343989194,imbalance,0.2
Bank,LR,Linear,0.0,0.0,0.0,0.2,4883,42,0.908255658841888,0.005775014879526852,0.6159330400899783,0.01657069990344566,0.6484708754563109,0.020204024554675407,0.3313977937584575,0.04098112351381629,imbalance,0.2
Bank,LR,Linear,0.0,0.0,0.0,0.2,4883,43,0.909685890229374,0.003348437060143085,0.6167372311018285,0.01521248750095455,0.6503717734396751,0.015521881095219523,0.338642299817727,0.02579917202456255,imbalance,0.2
Bank,LR,Linear,0.0,0.0,0.0,0.2,4883,44,0.9090700874205078,0.0087193635173202,0.6144162480344431,0.01876545645356445,0.6485863486036234,0.027945038961137442,0.3345869659976926,0.06773590048850689,imbalance,0.2
Bank,RF,Ensemble,0.0,0.0,0.0,0.2,4883,42,0.9103027417487457,0.005859378175818511,0.5740950017268661,0.02049046492527673,0.6015109183266169,0.030141626863108905,0.2845872837673678,0.060149940556187456,imbalance,0.2
Bank,RF,Ensemble,0.0,0.0,0.0,0.2,4883,43,0.9117338121046361,0.004132992535893487,0.5738799790547864,0.01283598509581077,0.6029680296431176,0.01988089252430415,0.29438828862046046,0.050055949583371014,imbalance,0.2
Bank,RF,Ensemble,0.0,0.0,0.0,0.2,4883,44,0.9102989663909258,0.005160061923067143,0.5721480865987683,0.015405740126842878,0.5995828046830076,0.02305499891864229,0.2837579756566032,0.05730469470445956,imbalance,0.2
Bank,XGB,Boosting,0.0,0.0,0.0,0.2,4883,42,0.9082535614208769,0.007044168403410091,0.6331349834036905,0.02564436352836131,0.6644785262558077,0.029998819857815343,0.35206800217019085,0.059547353383723335,imbalance,0.2
Bank,XGB,Boosting,0.0,0.0,0.0,0.2,4883,43,0.9076369196436062,0.0050244490595752955,0.6222473457693596,0.018447209917919292,0.6539347371009121,0.021687632511560175,0.3363053767321673,0.04331375818640995,imbalance,0.2
Bank,XGB,Boosting,0.0,0.0,0.0,0.2,4883,44,0.9062022836719968,0.008540552947920721,0.6166673791770273,0.02121090269962706,0.6477112774203182,0.028398145480787326,0.3249694003226876,0.0647854739920571,imbalance,0.2
Bank,SVM,Kernel,0.0,0.0,0.0,0.2,4883,42,0.9055929828682652,0.007755418212968762,0.5476342453725043,0.010222542967184141,0.5630777120333966,0.016627446870954778,0.2207690827777892,0.07050018527851092,imbalance,0.2
Bank,SVM,Kernel,0.0,0.0,0.0,0.2,4883,43,0.9070242629662566,0.004822336748798249,0.5503395953925712,0.01369312567653009,0.5664416994320594,0.021391229078343902,0.22674993895468792,0.055059685712457174,imbalance,0.2
Bank,SVM,Kernel,0.0,0.0,0.0,0.2,4883,44,0.9070240532241556,0.0028631101014603504,0.5569936519213295,0.009058812333871607,0.5769636032500198,0.013915515092618022,0.235049181721801,0.03319836611005514,imbalance,0.2
Bank,MLP,Neural,0.0,0.0,0.0,0.2,4883,42,0.9047722620266121,0.0028020996485137112,0.537492424719394,0.04502445442013741,0.5367234691768715,0.06290074698622872,0.15344777584262076,0.11736992136015689,imbalance,0.2
Bank,MLP,Neural,0.0,0.0,0.0,0.2,4883,43,0.9074326308371228,0.004896435545248438,0.5916469171749457,0.04818451655795221,0.6134933459966142,0.06565431189476674,0.2758205502351623,0.11015685912612783,imbalance,0.2
Bank,MLP,Neural,0.0,0.0,0.0,0.2,4883,44,0.909685890229374,0.005127404085421617,0.5698614206212935,0.04793142067640045,0.5872191368411593,0.06801654475024671,0.2460625067501207,0.13888963382037708,imbalance,0.2
Bank,GB,Boosting,0.0,0.0,0.0,0.2,4883,42,0.9080488531301911,0.006888401878233287,0.6425847233114993,0.025072947709644,0.6725332426387449,0.028615118836937896,0.36332470948210227,0.0566730666874947,imbalance,0.2
Bank,GB,Boosting,0.0,0.0,0.0,0.2,4883,43,0.9037466231521721,0.007135508018378011,0.6239093474363748,0.028580606140145626,0.6511112976886893,0.031749531356081724,0.32260873824455627,0.0609145461552217,imbalance,0.2
Bank,GB,Boosting,0.0,0.0,0.0,0.2,4883,44,0.9066114905112673,0.007687874465402446,0.6264797479941537,0.009683113938816951,0.6576236212198706,0.014960774104137525,0.3413628072158391,0.0397181400052621,imbalance,0.2
Wine,LR,Linear,0.0,0.0,0.0,0.2,156,42,0.9679435483870968,0.020405775691741946,0.972936507936508,0.01674659594325278,0.9689338943429545,0.017882123786242776,0.9524986465069597,0.029587909751585276,imbalance,0.2
Wine,LR,Linear,0.0,0.0,0.0,0.2,156,43,0.961491935483871,0.03165001524708131,0.9647619047619049,0.03195802235345242,0.9629630629797081,0.030428801839240533,0.9418780645046679,0.04797671997668787,imbalance,0.2
Wine,LR,Linear,0.0,0.0,0.0,0.2,156,44,0.9806451612903226,0.02580645161290324,0.9821428571428573,0.025532869749437113,0.9799911816578483,0.026382976548490807,0.9703625546822782,0.039824911755074084,imbalance,0.2
Wine,RF,Ensemble,0.0,0.0,0.0,0.2,156,42,0.9870967741935484,0.0158031596308592,0.9904761904761905,0.011664236870396045,0.9879655565930076,0.014786366546367145,0.9807152748629189,0.02361936525247867,imbalance,0.2
Wine,RF,Ensemble,0.0,0.0,0.0,0.2,156,43,0.9806451612903226,0.025806451612903243,0.9838095238095239,0.022456811662003,0.9821807241415085,0.023232308277951585,0.9702762229626,0.04003461857704994,imbalance,0.2
Wine,RF,Ensemble,0.0,0.0,0.0,0.2,156,44,0.9870967741935484,0.025806451612903247,0.9904761904761905,0.01904761904761902,0.9874414543145192,0.02511709137096134,0.9812248961214604,0.03755020775707911,imbalance,0.2
Wine,XGB,Boosting,0.0,0.0,0.0,0.2,156,42,0.955241935483871,0.015322580645161319,0.9566402116402116,0.01797937783937015,0.9574559421805962,0.014816562013839652,0.932420739780218,0.02345279416878394,imbalance,0.2
Wine,XGB,Boosting,0.0,0.0,0.0,0.2,156,43,0.9554435483870968,0.03195675814689447,0.959047619047619,0.0346802694400631,0.9579647077686293,0.029718936588277463,0.9330134861908228,0.04782380738405183,imbalance,0.2
Wine,XGB,Boosting,0.0,0.0,0.0,0.2,156,44,0.9806451612903226,0.02580645161290324,0.9794973544973544,0.02667238747739494,0.9810644596616627,0.02536306201715976,0.9704969399162854,0.03942727174593829,imbalance,0.2
Wine,SVM,Kernel,0.0,0.0,0.0,0.2,156,42,0.9872983870967742,0.015559501114173167,0.9885714285714287,0.014317425122259897,0.9879499860058466,0.014803432102482793,0.9807870268218185,0.023531023989664588,imbalance,0.2
Wine,SVM,Kernel,0.0,0.0,0.0,0.2,156,43,0.9743951612903226,0.012808371108281112,0.9707142857142858,0.0166938553742458,0.973779635283772,0.013416513484070533,0.9611595414131688,0.01942617485548381,imbalance,0.2
Wine,SVM,Kernel,0.0,0.0,0.0,0.2,156,44,0.9806451612903226,0.02580645161290324,0.9794973544973544,0.030526624568336793,0.9807988380537399,0.025613668311201456,0.9709823406120843,0.038789193011650853,imbalance,0.2
Wine,MLP,Neural,0.0,0.0,0.0,0.2,156,42,0.8723790322580646,0.05146305111002016,0.8815608465608464,0.041403308128968204,0.8784818292589189,0.04328329062838471,0.8094129462025312,0.07140702488670331,imbalance,0.2
Wine,MLP,Neural,0.0,0.0,0.0,0.2,156,43,0.7899193548387097,0.15596240441879436,0.8213227513227513,0.11502253051330932,0.7863787280058648,0.15923854833149906,0.7218678892452963,0.18955956669091703,imbalance,0.2
Wine,MLP,Neural,0.0,0.0,0.0,0.2,156,44,0.8977822580645162,0.03608589374488769,0.9101322751322751,0.03537597949928743,0.9042765977286102,0.03194276755988951,0.8503940494837469,0.04745889321319798,imbalance,0.2
Wine,GB,Boosting,0.0,0.0,0.0,0.2,156,42,0.8913306451612903,0.03134027024487585,0.8777513227513227,0.04737580437558856,0.887521026657649,0.04281327774209852,0.8345686428512771,0.04973934790438605,imbalance,0.2
Wine,GB,Boosting,0.0,0.0,0.0,0.2,156,43,0.8975806451612904,0.06860054941334431,0.8928571428571429,0.07565286517423049,0.8961733668498553,0.06698568869800457,0.8440903614882826,0.10921143741998733,imbalance,0.2
Wine,GB,Boosting,0.0,0.0,0.0,0.2,156,44,0.9227822580645162,0.03317497285818813,0.9184656084656085,0.029340592297583273,0.9228309294351771,0.03324096785551791,0.8853602182132889,0.04830400873233829,imbalance,0.2
BreastCancer,LR,Linear,0.0,0.0,0.0,0.2,526,42,0.9734591194968554,0.020973483660783828,0.9663675905701588,0.027030901054067757,0.9692284490117992,0.024306491068866756,0.9392197241408441,0.048633200073275984,imbalance,0.2
BreastCancer,LR,Linear,0.0,0.0,0.0,0.2,526,43,0.9848158131177,0.011366015712936535,0.9795751633986928,0.017010345435994313,0.9823853963843672,0.013246068991225334,0.9653418795990742,0.025980971429434233,imbalance,0.2
BreastCancer,LR,Linear,0.0,0.0,0.0,0.2,526,44,0.9791015274034143,0.013968125541048853,0.9722843597532911,0.022059216214848174,0.9757217004346433,0.01640351459841067,0.9527325659662512,0.03162818622209974,imbalance,0.2
BreastCancer,RF,Ensemble,0.0,0.0,0.0,0.2,526,42,0.9696316262353998,0.02273203142587305,0.9650920974450387,0.0222464194799288,0.9652849927849928,0.02579106890275717,0.9316108735001845,0.05105383589258471,imbalance,0.2
BreastCancer,RF,Ensemble,0.0,0.0,0.0,0.2,526,43,0.965768194070081,0.01662421972272226,0.9577183391495735,0.020710418522711785,0.9605330543489167,0.019247505948889562,0.9214316406601155,0.038312588923230216,imbalance,0.2
BreastCancer,RF,Ensemble,0.0,0.0,0.0,0.2,526,44,0.961958670260557,0.02827055696853269,0.9534578385344747,0.03804105769215264,0.9558761630962345,0.03320114353638345,0.9130067781654867,0.06575027226477954,imbalance,0.2
BreastCancer,XGB,Boosting,0.0,0.0,0.0,0.2,526,42,0.9640071877807725,0.0354598621529673,0.9594231461257146,0.032491249600678875,0.959371946694467,0.03903399801852862,0.9199901666317132,0.07635915894266787,imbalance,0.2
BreastCancer,XGB,Boosting,0.0,0.0,0.0,0.2,526,43,0.9676909254267745,0.012887692929827301,0.9622118032018612,0.016828203160795002,0.962930553174148,0.014850107865802726,0.9265344036825054,0.02978808708890246,imbalance,0.2
BreastCancer,XGB,Boosting,0.0,0.0,0.0,0.2,526,44,0.9582210242587601,0.015273822735178782,0.9472776648004485,0.016861975765042586,0.9516584508858695,0.01728628471996024,0.9043852749244682,0.03468469561521692,imbalance,0.2
BreastCancer,SVM,Kernel,0.0,0.0,0.0,0.2,526,42,0.9715363881401619,0.01790017192850599,0.9634459759149072,0.023026440314514496,0.966985394528337,0.02070160929737817,0.9348803355114053,0.041084166775417603,imbalance,0.2
BreastCancer,SVM,Kernel,0.0,0.0,0.0,0.2,526,43,0.9810062893081761,0.00845855524869779,0.9767582619902422,0.011723882961917852,0.9781446053039788,0.009770099825071673,0.9564762361388572,0.01954302365196423,imbalance,0.2
BreastCancer,SVM,Kernel,0.0,0.0,0.0,0.2,526,44,0.9734052111410602,0.013939014014787485,0.9665458436895884,0.018895139489484007,0.9693280587734652,0.016111719613863665,0.9396903397344125,0.03142292398057019,imbalance,0.2
BreastCancer,MLP,Neural,0.0,0.0,0.0,0.2,526,42,0.9410601976639713,0.033759239521149925,0.9223202405161809,0.04334275102814862,0.9305692774607983,0.04055917090475844,0.8630526758252934,0.07937147141869527,imbalance,0.2
BreastCancer,MLP,Neural,0.0,0.0,0.0,0.2,526,43,0.9468104222821203,0.01944457446940471,0.9280283154661779,0.023393785175881903,0.937481955436313,0.022968547394871277,0.8769156896068587,0.04574640877850476,imbalance,0.2
BreastCancer,MLP,Neural,0.0,0.0,0.0,0.2,526,44,0.912650494159928,0.044908475431352575,0.8905317675512373,0.04295554104854877,0.8986626059170506,0.050236766652781865,0.8033103863221106,0.0998712894875818,imbalance,0.2
BreastCancer,GB,Boosting,0.0,0.0,0.0,0.2,526,42,0.9582389937106918,0.021992025169871216,0.9487799494531061,0.025682416225658655,0.951748497533407,0.02497174608027704,0.9060516107737607,0.048888444766488376,imbalance,0.2
BreastCancer,GB,Boosting,0.0,0.0,0.0,0.2,526,43,0.9676909254267745,0.01864131231284778,0.9623009297615761,0.023686456360634937,0.9629075535124183,0.021587056601263963,0.9260406915563593,0.04294035636575678,imbalance,0.2
BreastCancer,GB,Boosting,0.0,0.0,0.0,0.2,526,44,0.9505660377358491,0.01639680734224638,0.9402698275212774,0.019007038376821207,0.9430323930658464,0.018782872076553454,0.8866892105572376,0.0373981215749899,imbalance,0.2
Digits,LR,Linear,0.0,0.0,0.0,0.2,1617,42,0.8899208806329548,0.01881136962955542,0.8884819400979623,0.016765315275158954,0.8884968872523047,0.018561952063700045,0.7777604209901534,0.036875917916464516,imbalance,0.2
Digits,LR,Linear,0.0,0.0,0.0,0.2,1617,43,0.8930206780567979,0.013850470488775184,0.8910809272066178,0.015250055504550619,0.8913995278196181,0.014216934916987207,0.7837702999568037,0.02842875689087929,imbalance,0.2
Digits,LR,Linear,0.0,0.0,0.0,0.2,1617,44,0.894868707717005,0.01658170128782195,0.8929220326941323,0.01711461530480052,0.8932910992682341,0.016914030423071214,0.7875260628917903,0.033859295858386325,imbalance,0.2
Digits,RF,Ensemble,0.0,0.0,0.0,0.2,1617,42,0.9746493139165997,0.010956500857331405,0.9736633654865698,0.010914227097190221,0.9742816783900295,0.011105141010927732,0.94871517633247,0.022295471917232097,imbalance,0.2
Digits,RF,Ensemble,0.0,0.0,0.0,0.2,1617,43,0.975876237434545,0.0036374012850711648,0.9747524866171275,0.004204627994112097,0.9755101805893872,0.003712458434826281,0.9512477345590884,0.007409972249393392,imbalance,0.2
Digits,RF,Ensemble,0.0,0.0,0.0,0.2,1617,44,0.9734051905362536,0.010475900415016446,0.9724217955157182,0.010815814784783754,0.9730125937867772,0.010628076605927073,0.946251666214868,0.021254832103062653,imbalance,0.2
Digits,XGB,Boosting,0.0,0.0,0.0,0.2,1617,42,0.9684535412605587,0.01260090214906365,0.9673952229477092,0.012133778366843205,0.9680045138867257,0.012734699353061062,0.9362674162839003,0.025565393610237862,imbalance,0.2
Digits,XGB,Boosting,0.0,0.0,0.0,0.2,1617,43,0.9709360547337843,0.004608276202716452,0.9700333337626155,0.003948943119968469,0.9705253695407379,0.004606103322445847,0.9412836741240467,0.009186246192596038,imbalance,0.2
Digits,XGB,Boosting,0.0,0.0,0.0,0.2,1617,44,0.9727859954898139,0.009479929136343056,0.9722987578719623,0.008932918460395576,0.9724278388193077,0.009562613525233814,0.9451224060418646,0.019060124964302413,imbalance,0.2
Digits,SVM,Kernel,0.0,0.0,0.0,0.2,1617,42,0.9777414669571532,0.005297044659894797,0.9768772349504393,0.004754713747885255,0.9774247788442818,0.005350667126323655,0.9550124948207396,0.010834348543487774,imbalance,0.2
Digits,SVM,Kernel,0.0,0.0,0.0,0.2,1617,43,0.9783530176203035,0.003919282469282245,0.9777031470677879,0.0035326931301021963,0.9780539571050124,0.003949807311235001,0.9561889599052122,0.007942604534755218,imbalance,0.2
Digits,SVM,Kernel,0.0,0.0,0.0,0.2,1617,44,0.9802125138554446,0.007214181441832257,0.9796744377476422,0.008066417499865338,0.9799254893919211,0.007357538863572511,0.9600969872028001,0.014509533070378094,imbalance,0.2
Digits,MLP,Neural,0.0,0.0,0.0,0.2,1617,42,0.9629094522799372,0.018324590500893242,0.9622916103233783,0.018240751066829944,0.962418873613219,0.01856026119509462,0.9250339891028372,0.037110243546228286,imbalance,0.2
Digits,MLP,Neural,0.0,0.0,0.0,0.2,1617,43,0.962884608034247,0.015536821640190008,0.9623865192511601,0.015701739976560172,0.9623954844027942,0.0157570911529562,0.9248883904449838,0.03147251744181046,imbalance,0.2
Digits,MLP,Neural,0.0,0.0,0.0,0.2,1617,44,0.9511447463975845,0.012427646742079938,0.9507226912130227,0.011770740268947196,0.9505320339191762,0.012524261344282429,0.9012292575601665,0.024948203879140315,imbalance,0.2
Digits,GB,Boosting,0.0,0.0,0.0,0.2,1617,42,0.9696938424492604,0.009062328128903358,0.9687925418657463,0.00879500396720881,0.9692650799711402,0.00917894314782392,0.9386797852069835,0.018434380794776276,imbalance,0.2
Digits,GB,Boosting,0.0,0.0,0.0,0.2,1617,43,0.9653652104116501,0.005338069347888876,0.9638979413772232,0.005115542058869985,0.9648363483208889,0.005391357376906346,0.9298483834394681,0.010888765855832995,imbalance,0.2
Digits,GB,Boosting,0.0,0.0,0.0,0.2,1617,44,0.9721668004433743,0.01125566228958351,0.971026263484827,0.012037757797844327,0.9717362072499476,0.011463215177071176,0.9437745714386736,0.022846493815081793,imbalance,0.2
Spambase,LR,Linear,0.0,0.0,0.0,0.4,3875,42,0.9274838709677418,0.01059008233738486,0.9001917341888639,0.015372240021867193,0.9082292798830747,0.013931665306153505,0.8174896383707175,0.027440666363687086,imbalance,0.4
Spambase,LR,Linear,0.0,0.0,0.0,0.4,3875,43,0.9233548387096775,0.014543486765011982,0.890906141811698,0.019960955226677957,0.9021306314001822,0.018797076777505816,0.8068183831875592,0.03680818676011983,imbalance,0.4
Spambase,LR,Linear,0.0,0.0,0.0,0.4,3875,44,0.9249032258064516,0.007039061521024945,0.8950316447350616,0.0076673190176714265,0.9046750047372345,0.008336045071868895,0.8111073835560783,0.017372648247267655,imbalance,0.4
Spambase,RF,Ensemble,0.0,0.0,0.0,0.4,3875,42,0.9494193548387097,0.008535656985053547,0.9238554665914114,0.011706147336129156,0.935529515069053,0.011028494107936786,0.8729995914771056,0.02192493141050901,imbalance,0.4
Spambase,RF,Ensemble,0.0,0.0,0.0,0.4,3875,43,0.9483870967741936,0.011965959349026695,0.9226004296831452,0.017988545118569732,0.934141288047849,0.01562814964719409,0.8703158573936545,0.030470510669270333,imbalance,0.4
Spambase,RF,Ensemble,0.0,0.0,0.0,0.4,3875,44,0.9473548387096775,0.0048554548960584995,0.9207436465300141,0.002920189994300965,0.932892987883149,0.0054380262028451065,0.8680756040671535,0.01178067011972784,imbalance,0.4
Spambase,XGB,Boosting,0.0,0.0,0.0,0.4,3875,42,0.9550967741935483,0.008053928533846323,0.9379111844400938,0.01125346834874402,0.9436101117795163,0.010319486071972278,0.887680654829748,0.020483450885641012,imbalance,0.4
Spambase,XGB,Boosting,0.0,0.0,0.0,0.4,3875,43,0.9561290322580644,0.0074347666017486,0.9420119961384972,0.010094104164272078,0.9452528545373413,0.009170250637094913,0.8909665575877179,0.018219764519679243,imbalance,0.4
Spambase,XGB,Boosting,0.0,0.0,0.0,0.4,3875,44,0.9507096774193547,0.0049907302208551324,0.9323419288263401,0.007170178617115085,0.9381093849529393,0.006301710263723833,0.8767477496182892,0.012469943754202727,imbalance,0.4
Spambase,SVM,Kernel,0.0,0.0,0.0,0.4,3875,42,0.9336774193548386,0.011027540964759473,0.9050591246338768,0.01590826311203693,0.9155563030109082,0.014523321586062631,0.8328054745041996,0.028530579530853084,imbalance,0.4
Spambase,SVM,Kernel,0.0,0.0,0.0,0.4,3875,43,0.9329032258064517,0.015739820058814864,0.9045647333927519,0.023975403381074706,0.9145276194277777,0.020879888721457934,0.8308446335829908,0.04057511017265795,imbalance,0.4
Spambase,SVM,Kernel,0.0,0.0,0.0,0.4,3875,44,0.935225806451613,0.010140326557103743,0.9086654164778475,0.010978937730918093,0.9179539904916281,0.012369015933468614,0.8373846939483132,0.02534679694964517,imbalance,0.4
Spambase,MLP,Neural,0.0,0.0,0.0,0.4,3875,42,0.9352258064516128,0.008496556197757054,0.9089481380457485,0.014254572778374688,0.9178542098343003,0.01142597911552484,0.8370740032903651,0.022205041202198024,imbalance,0.4
Spambase,MLP,Neural,0.0,0.0,0.0,0.4,3875,43,0.9326451612903226,0.011081760285720714,0.9068979799352951,0.01739366658694979,0.9147721102135963,0.01465786243658705,0.8307364753726254,0.028523036011780467,imbalance,0.4
Spambase,MLP,Neural,0.0,0.0,0.0,0.4,3875,44,0.9375483870967741,0.010212314290275805,0.9147669751623413,0.013885408146088362,0.9213586916803994,0.0130143613708852,0.8435835512340203,0.025821545797916148,imbalance,0.4
Spambase,GB,Boosting,0.0,0.0,0.0,0.4,3875,42,0.9535483870967741,0.005161290322580658,0.9354286524254374,0.008084880729063021,0.9416071210085668,0.006661715113204465,0.8838341967060716,0.013200618241984452,imbalance,0.4
Spambase,GB,Boosting,0.0,0.0,0.0,0.4,3875,43,0.9509677419354841,0.010795613245600974,0.9333845142611455,0.015203700998894159,0.9384926344019281,0.013771030907204891,0.877572172161962,0.027233423137066823,imbalance,0.4
Spambase,GB,Boosting,0.0,0.0,0.0,0.4,3875,44,0.9501935483870968,0.006953390237578026,0.9316942591970048,0.008353646860878009,0.9374846967359554,0.008449921467718596,0.8756257955339863,0.016952040229096618,imbalance,0.4
Bank,LR,Linear,0.0,0.0,0.0,0.4,4766,42,0.9267745462304848,0.005089850726887495,0.5920172906066068,0.021539890318333567,0.6228351427985785,0.026356162198493335,0.2881114549313781,0.05266203918759844,imbalance,0.4
Bank,LR,Linear,0.0,0.0,0.0,0.4,4766,43,0.9253052811270159,0.004832340914098821,0.5886743792312197,0.015851179166696584,0.6182310585530633,0.02008387096428845,0.2756624051432496,0.04596866551321852,imbalance,0.4
Bank,LR,Linear,0.0,0.0,0.0,0.4,4766,44,0.9299211801637112,0.003188934852020897,0.6055338144381578,0.016594934026187096,0.6416839732261725,0.020489574498307465,0.3247154480627023,0.03919950252490814,imbalance,0.4
Bank,RF,Ensemble,0.0,0.0,0.0,0.4,4766,42,0.9297102166610569,0.0031876543013907234,0.5516332422621801,0.007717031187174097,0.5741156668691263,0.012941325042393674,0.24611055724670433,0.045079380106043336,imbalance,0.4
Bank,RF,Ensemble,0.0,0.0,0.0,0.4,4766,43,0.9295018929519712,0.003248382395919378,0.5423932268583187,0.013899542811686278,0.5590323871207155,0.022782645585293065,0.2268143548971912,0.05604482104665106,imbalance,0.4
Bank,RF,Ensemble,0.0,0.0,0.0,0.4,4766,44,0.9286622186145044,0.0022700597778210633,0.5419201050014697,0.01046912729085493,0.5581869626335204,0.01744230216898138,0.21244859055276746,0.03841378589724787,imbalance,0.4
Bank,XGB,Boosting,0.0,0.0,0.0,0.4,4766,42,0.9255149247328859,0.003090629285185884,0.5886065429952307,0.019557994754115994,0.6174323540796074,0.02090065376461261,0.2741646720065293,0.03406407394820496,imbalance,0.4
Bank,XGB,Boosting,0.0,0.0,0.0,0.4,4766,43,0.9269835298879627,0.004162615285561958,0.6026329893289522,0.006527406021959537,0.6353975427378081,0.005224302948280524,0.3074078195342943,0.02046986430087639,imbalance,0.4
Bank,XGB,Boosting,0.0,0.0,0.0,0.4,4766,44,0.9250958575039432,0.005672650119826756,0.5950974932266304,0.017298892437176774,0.6255966298633333,0.024347487456924354,0.2835381626884457,0.05497925423718473,imbalance,0.4
Bank,SVM,Kernel,0.0,0.0,0.0,0.4,4766,42,0.9257236884075665,0.002609479151995859,0.5232555468712615,0.006509633166539769,0.5268714244646756,0.011243102271658648,0.1381910435744284,0.044875571013735065,imbalance,0.4
Bank,SVM,Kernel,0.0,0.0,0.0,0.4,4766,43,0.9267730063509034,0.0024282113709945007,0.5264524405777815,0.013407678962838794,0.5316767105991227,0.023779324614633023,0.15010224038933156,0.06255358350183757,imbalance,0.4
Bank,SVM,Kernel,0.0,0.0,0.0,0.4,4766,44,0.9282422714543722,0.0021410935497370295,0.5259701128629078,0.012846081286852508,0.5306838891094883,0.022988043907959225,0.1728995583288251,0.054850595529824776,imbalance,0.4
Bank,MLP,Neural,0.0,0.0,0.0,0.4,4766,42,0.9244662667379412,0.0034171120851022763,0.5356487737295803,0.028570806392096196,0.5424899752314658,0.04349071629740197,0.15210500780174985,0.06709555562199142,imbalance,0.4
Bank,MLP,Neural,0.0,0.0,0.0,0.4,4766,43,0.9271922935626433,0.0012768647500954662,0.5278936586677483,0.026756562188369346,0.5302862946834314,0.04620454639835004,0.12805617873945058,0.10797629177643654,imbalance,0.4
Bank,MLP,Neural,0.0,0.0,0.0,0.4,4766,44,0.9271933934766301,0.0020267727967666375,0.5529250018799091,0.029088214796568496,0.5702957159100743,0.047970464452185016,0.19653240310852457,0.10406628576325301,imbalance,0.4
Bank,GB,Boosting,0.0,0.0,0.0,0.4,4766,42,0.92509695741793,0.006556139968643083,0.6108209847989408,0.021754475077312086,0.6410726258552207,0.02545914402982336,0.3086511764982266,0.05015902526733054,imbalance,0.4
Bank,GB,Boosting,0.0,0.0,0.0,0.4,4766,43,0.9282435913511563,0.005387753643792289,0.6164657024821636,0.024568552275912012,0.6498613334685415,0.02509195566558463,0.3327037865813861,0.0474632539814455,imbalance,0.4
Bank,GB,Boosting,0.0,0.0,0.0,0.4,4766,44,0.9244656067895491,0.004078412718038178,0.6143467144885165,0.01272108045847627,0.644021334396482,0.015556495080704447,0.30999718048565933,0.03263132178085188,imbalance,0.4
Wine,LR,Linear,0.0,0.0,0.0,0.4,134,42,0.9626780626780626,0.023431208199375598,0.9650793650793652,0.035350884843365224,0.9613260813260813,0.024853366157671003,0.9415479925208482,0.03728072939353013,imbalance,0.4
Wine,LR,Linear,0.0,0.0,0.0,0.4,134,43,0.9774928774928775,0.01838434849561446,0.9774603174603176,0.024351503378749376,0.9743369444518869,0.02122416835320462,0.9642217082272653,0.02927225909060711,imbalance,0.4
Wine,LR,Linear,0.0,0.0,0.0,0.4,134,44,0.9925925925925926,0.014814814814814836,0.9952380952380953,0.009523809523809488,0.9924026590693258,0.015194681861348511,0.988593748679049,0.022812502641901846,imbalance,0.4
Wine,RF,Ensemble,0.0,0.0,0.0,0.4,134,42,0.9555555555555555,0.04319223625811335,0.9507936507936507,0.05507730658062692,0.9525022727173266,0.0472439742167124,0.9308069710810398,0.06688883272350932,imbalance,0.4
Wine,RF,Ensemble,0.0,0.0,0.0,0.4,134,43,0.9552706552706554,0.014682733591709528,0.9533333333333334,0.02029264357396438,0.9534857630593633,0.014977915282081162,0.9286841444287486,0.023547129947790273,imbalance,0.4
Wine,RF,Ensemble,0.0,0.0,0.0,0.4,134,44,0.9774928774928775,0.029777191180521752,0.980952380952381,0.023328473740792145,0.9779209296450675,0.02935520569077013,0.9657966189632861,0.044320126330528835,imbalance,0.4
Wine,XGB,Boosting,0.0,0.0,0.0,0.4,134,42,0.9333333333333332,0.07181747936913083,0.9253968253968253,0.0874601734219423,0.9298760742957999,0.07691852726302066,0.8922558048261326,0.116732356421112,imbalance,0.4
Wine,XGB,Boosting,0.0,0.0,0.0,0.4,134,43,0.933048433048433,0.014245014245014252,0.9231746031746031,0.03029376619196139,0.9248029673604385,0.021207061581995323,0.8929855711415204,0.023367702141310887,imbalance,0.4
Wine,XGB,Boosting,0.0,0.0,0.0,0.4,134,44,0.9327635327635327,0.04923419846661639,0.9136507936507938,0.05583692918329055,0.9237410354651733,0.05733626530377495,0.8928063012629215,0.07838883313156302,imbalance,0.4
Wine,SVM,Kernel,0.0,0.0,0.0,0.4,134,42,0.9851851851851852,0.018144368465060606,0.9793650793650794,0.02539682539682536,0.9842134876617635,0.01939057468088024,0.9764073807323497,0.028894954224423033,imbalance,0.4
Wine,SVM,Kernel,0.0,0.0,0.0,0.4,134,43,0.9774928774928775,0.01838434849561446,0.9685714285714285,0.030056635882018148,0.9731384560453897,0.02224599266493298,0.9636814352010962,0.02971792119519251,imbalance,0.4
Wine,SVM,Kernel,0.0,0.0,0.0,0.4,134,44,0.9925925925925926,0.014814814814814836,0.9952380952380953,0.009523809523809488,0.9924026590693258,0.015194681861348511,0.988593748679049,0.022812502641901846,imbalance,0.4
Wine,MLP,Neural,0.0,0.0,0.0,0.4,134,42,0.837037037037037,0.137785742501765,0.8368253968253967,0.13430635137307692,0.8384747351414017,0.1377788033833383,0.7380095782569558,0.21889078795506847,imbalance,0.4
Wine,MLP,Neural,0.0,0.0,0.0,0.4,134,43,0.8062678062678061,0.16765116974420824,0.8231746031746031,0.11668383417583734,0.7998508589469134,0.17171105523214023,0.7253370952832905,0.20138886801240685,imbalance,0.4
Wine,MLP,Neural,0.0,0.0,0.0,0.4,134,44,0.7544159544159543,0.17561878444985338,0.807936507936508,0.12073512964068275,0.7522458112441062,0.18679895060508953,0.666958927059433,0.18947522581357254,imbalance,0.4
Wine,GB,Boosting,0.0,0.0,0.0,0.4,134,42,0.9182336182336182,0.05904794671177429,0.8977777777777778,0.06669387200004417,0.9107674519687867,0.06194128464914668,0.8671766988194658,0.09572204589776352,imbalance,0.4
Wine,GB,Boosting,0.0,0.0,0.0,0.4,134,43,0.9105413105413105,0.05529121126248754,0.8923809523809524,0.07423685817106697,0.8979900923207211,0.07373779465388557,0.8591758779535189,0.08638448363600128,imbalance,0.4
Wine,GB,Boosting,0.0,0.0,0.0,0.4,134,44,0.9324786324786324,0.044096085273950675,0.9238095238095237,0.05334844834946033,0.9270971542087597,0.047222188874588136,0.8912211661404965,0.07176222708983446,imbalance,0.4
BreastCancer,LR,Linear,0.0,0.0,0.0,0.4,484,42,0.9731743986254295,0.021211451552223568,0.9562557481641989,0.041015452816141634,0.9637941402109943,0.03008091483761655,0.9305898721483505,0.05557924868943513,imbalance,0.4
BreastCancer,LR,Linear,0.0,0.0,0.0,0.4,484,43,0.9814218213058419,0.017726815448558766,0.9695103527145781,0.031113105718620027,0.9751709770237271,0.024232256643116828,0.9514147465244076,0.0472934943038438,imbalance,0.4
BreastCancer,LR,Linear,0.0,0.0,0.0,0.4,484,44,0.9669888316151202,0.021003749100895846,0.9451983869026123,0.036415492739124276,0.955832643308432,0.02889077403211769,0.914187142853911,0.05469271417775932,imbalance,0.4
BreastCancer,RF,Ensemble,0.0,0.0,0.0,0.4,484,42,0.9648840206185568,0.008216153674894387,0.9504680991934513,0.02689023463514639,0.9537386833035055,0.01307018137430867,0.9101513617455526,0.02279454411839455,imbalance,0.4
BreastCancer,RF,Ensemble,0.0,0.0,0.0,0.4,484,43,0.9648840206185568,0.024034455220159106,0.9506610689779704,0.04265322674684876,0.9533522571788259,0.03400808792009606,0.9086851514617788,0.06610505583762075,imbalance,0.4
BreastCancer,RF,Ensemble,0.0,0.0,0.0,0.4,484,44,0.9606743986254296,0.027381148356879718,0.9432373299626822,0.037266020073695144,0.9486111667219381,0.03558386901638184,0.8985250269186563,0.07082800767763153,imbalance,0.4
BreastCancer,XGB,Boosting,0.0,0.0,0.0,0.4,484,42,0.9628436426116839,0.016708462490358005,0.9465267846394607,0.03536880169820456,0.9507154890817962,0.023939468775174288,0.9054008895261199,0.04360447232195188,imbalance,0.4
BreastCancer,XGB,Boosting,0.0,0.0,0.0,0.4,484,43,0.9628006872852234,0.024060505011704633,0.9466610689779703,0.040713638848043285,0.9506214573691609,0.033839614647164,0.9029004112795065,0.0657120089492935,imbalance,0.4
BreastCancer,XGB,Boosting,0.0,0.0,0.0,0.4,484,44,0.962757731958763,0.025042476403146864,0.9472568917780185,0.03714043523092888,0.9512873824565006,0.033022942960729135,0.903789295674375,0.06565682798330327,imbalance,0.4
BreastCancer,SVM,Kernel,0.0,0.0,0.0,0.4,484,42,0.9772981099656357,0.015133997307178591,0.9616641988684244,0.03246419175643647,0.9694894887127766,0.021719321568851587,0.9413170934436593,0.03992283459192261,imbalance,0.4
BreastCancer,SVM,Kernel,0.0,0.0,0.0,0.4,484,43,0.9752362542955326,0.02403230552331255,0.9550726495726497,0.04164533663985542,0.9662268954405724,0.03414391177510665,0.9347865430059403,0.0648452145858884,imbalance,0.4
BreastCancer,SVM,Kernel,0.0,0.0,0.0,0.4,484,44,0.9690077319587628,0.011293983821961591,0.9487368484410738,0.023591584742163604,0.9588284097754295,0.015233773952577707,0.9201726406935109,0.02981434852687873,imbalance,0.4
BreastCancer,MLP,Neural,0.0,0.0,0.0,0.4,484,42,0.929725085910653,0.030234691716253124,0.8907434091729867,0.05177169777179268,0.9041195833884021,0.04296653281820787,0.8153556906484303,0.0800602941970633,imbalance,0.4
BreastCancer,MLP,Neural,0.0,0.0,0.0,0.4,484,43,0.9194158075601374,0.032220045623338356,0.886908089563019,0.03354684130044782,0.8947127022980441,0.0398284834312913,0.7931026670632841,0.0794215470280399,imbalance,0.4
BreastCancer,MLP,Neural,0.0,0.0,0.0,0.4,484,44,0.92768470790378,0.014582621611367022,0.892832671241122,0.020376179894624678,0.903829305853294,0.01831510296279344,0.8137454973659641,0.03838171532190594,imbalance,0.4
BreastCancer,GB,Boosting,0.0,0.0,0.0,0.4,484,42,0.9545317869415808,0.012426568360140472,0.9357098832310099,0.03495685761984633,0.9397039271993769,0.019035635258543307,0.8840310902635418,0.03433892670285107,imbalance,0.4
BreastCancer,GB,Boosting,0.0,0.0,0.0,0.4,484,43,0.9462843642611685,0.03220105586533951,0.9280047550258818,0.04367728992584236,0.9299452236591055,0.042920102956716784,0.8604299529779507,0.08606781290173134,imbalance,0.4
BreastCancer,GB,Boosting,0.0,0.0,0.0,0.4,484,44,0.9647981099656358,0.023386049052827377,0.9480303960515227,0.03550086680961758,0.9535914468157543,0.03095732038517506,0.9085990943701286,0.06158653970733048,imbalance,0.4
Digits,LR,Linear,0.0,0.0,0.0,0.4,1438,42,0.8928861788617887,0.021037812697396872,0.8821305905998941,0.024050472242574526,0.8846412519780952,0.02319728522335984,0.77000511870759,0.04608555173946318,imbalance,0.4
Digits,LR,Linear,0.0,0.0,0.0,0.4,1438,43,0.8970625241966704,0.01288334584611429,0.8889066835720938,0.011465447204012432,0.8898156272317204,0.013216704517272223,0.7800131275336832,0.026683069494535683,imbalance,0.4
Digits,LR,Linear,0.0,0.0,0.0,0.4,1438,44,0.8887509678668215,0.02788469035562684,0.8792566775481012,0.027043982292697076,0.8808005436058389,0.029173111960777307,0.7626230241033236,0.05824544764676416,imbalance,0.4
Digits,RF,Ensemble,0.0,0.0,0.0,0.4,1438,42,0.9700977545489742,0.00680284389737357,0.9648219001776599,0.008198284877521006,0.9678177530782188,0.0073948604975161945,0.9361466698674648,0.01476578832415941,imbalance,0.4
Digits,RF,Ensemble,0.0,0.0,0.0,0.4,1438,43,0.9700953348819201,0.006815701732838398,0.9633342799607579,0.00847474169752815,0.9677086841280247,0.007435111622741737,0.9361400184440379,0.014568457322457927,imbalance,0.4
Digits,RF,Ensemble,0.0,0.0,0.0,0.4,1438,44,0.9756605691056912,0.007292751260876561,0.9711609094507839,0.008472795460653177,0.9738283071661359,0.00788496806660654,0.9480452607845228,0.015628334343125647,imbalance,0.4
Digits,XGB,Boosting,0.0,0.0,0.0,0.4,1438,42,0.9700977545489741,0.0035384981337638634,0.9652126469423934,0.004964286426757415,0.9678540841353976,0.0038316785412300437,0.9362559451519241,0.007531299107872142,imbalance,0.4
Digits,XGB,Boosting,0.0,0.0,0.0,0.4,1438,43,0.9680144212156406,0.0067338529865660956,0.9620725977177672,0.00941009441456975,0.9655272327555456,0.007365567143861496,0.9316943779789861,0.01427873168342685,imbalance,0.4
Digits,XGB,Boosting,0.0,0.0,0.0,0.4,1438,44,0.9694081494386373,0.008031602131063435,0.9657849549347975,0.0076702250346476755,0.9672325046527931,0.008506822918015015,0.9346927143652817,0.01704083946679599,imbalance,0.4
Digits,SVM,Kernel,0.0,0.0,0.0,0.4,1438,42,0.9798320751064654,0.004058554224301529,0.9763608868847159,0.005948016632893483,0.9783425646383236,0.004415265454278847,0.9570098969258651,0.008804192457735635,imbalance,0.4
Digits,SVM,Kernel,0.0,0.0,0.0,0.4,1438,43,0.9784480255516842,0.008613992961732016,0.9745405797184595,0.011539487094731115,0.9768116908775509,0.009379719729621787,0.9540313300752283,0.01821763359702623,imbalance,0.4
Digits,SVM,Kernel,0.0,0.0,0.0,0.4,1438,44,0.9763622725512968,0.005960138503956083,0.9732412140544531,0.0072318596592189895,0.9746623286324996,0.006391554177803712,0.9497689899945219,0.012699406301633609,imbalance,0.4
Digits,MLP,Neural,0.0,0.0,0.0,0.4,1438,42,0.9624516066589237,0.019935249923211478,0.9579482663331479,0.021391660616829337,0.9597026898270977,0.021341019035495932,0.9199740237537523,0.042760913939579016,imbalance,0.4
Digits,MLP,Neural,0.0,0.0,0.0,0.4,1438,43,0.9589697057684863,0.007422683543870909,0.9544719062016526,0.007272696441038613,0.956017280024569,0.007919022882080221,0.9122000689024647,0.015942323699686633,imbalance,0.4
Digits,MLP,Neural,0.0,0.0,0.0,0.4,1438,44,0.9596786682152535,0.012898798659128493,0.9561472263816457,0.015098356746838203,0.9568105472392624,0.013966070182264504,0.9139275772153607,0.027725761600349525,imbalance,0.4
Digits,GB,Boosting,0.0,0.0,0.0,0.4,1438,42,0.966623112659698,0.0027515604328652563,0.9620527759132086,0.003299597338238644,0.9641741157349528,0.002848589398890514,0.9288686841759877,0.0059224889115594955,imbalance,0.4
Digits,GB,Boosting,0.0,0.0,0.0,0.4,1438,43,0.9687088656600851,0.003795134964991435,0.9629985236436932,0.005076802925437741,0.9663129988631072,0.004104643914074487,0.9331416715818254,0.008122453412859965,imbalance,0.4
Digits,GB,Boosting,0.0,0.0,0.0,0.4,1438,44,0.9645373596593109,0.007723653039506079,0.9584965739736742,0.010199033796397685,0.9617833262815839,0.008536110419733723,0.9241793157482047,0.016659060115017638,imbalance,0.4
Spambase,LR,Linear,0.0,0.0,0.0,0.6,3513,42,0.9319663793348003,0.0019097230031938958,0.8744675700797504,0.009714602176022796,0.8912705287883261,0.004388222483226124,0.7855046041699169,0.006914248003087322,imbalance,0.6
Spambase,LR,Linear,0.0,0.0,0.0,0.6,3513,43,0.9265621897200844,0.007197914883976424,0.8669783590473445,0.017899916794879185,0.8827066974131608,0.01309285410755834,0.7682217182437553,0.024772247098122438,imbalance,0.6
Spambase,LR,Linear,0.0,0.0,0.0,0.6,3513,44,0.9316794527320843,0.0069989925029296084,0.8722446533340344,0.014163373536140014,0.8903749684189048,0.011790188469112997,0.7839840555723663,0.022757148117145902,imbalance,0.6
Spambase,RF,Ensemble,0.0,0.0,0.0,0.6,3513,42,0.9530323846113319,0.007192801761221642,0.904580295902511,0.013593824990404084,0.9246058630197963,0.011654993980543185,0.8527689429927108,0.02299923121352384,imbalance,0.6
Spambase,RF,Ensemble,0.0,0.0,0.0,0.6,3513,43,0.953032789874895,0.003352265529485539,0.9061096965464873,0.007947726657134817,0.9248684266569194,0.005803848097991911,0.8526203091319753,0.010931577091247011,imbalance,0.6
Spambase,RF,Ensemble,0.0,0.0,0.0,0.6,3513,44,0.9547413810571704,0.005775211616787851,0.9082061745135617,0.016686707304224776,0.9273680033369842,0.010532371672718704,0.8581550782716401,0.018909000403095264,imbalance,0.6
Spambase,XGB,Boosting,0.0,0.0,0.0,0.6,3513,42,0.9570169359643043,0.005861928445755465,0.9218895499066166,0.0102985480140462,0.9326739908971856,0.009275621656865891,0.8663524097153129,0.018458249604826373,imbalance,0.6
Spambase,XGB,Boosting,0.0,0.0,0.0,0.6,3513,43,0.9578716368190051,0.005802437344720379,0.9254885595560554,0.014578724350856678,0.9342225920573896,0.009788513501885462,0.8692289769846893,0.01892989331841731,imbalance,0.6
Spambase,XGB,Boosting,0.0,0.0,0.0,0.6,3513,44,0.95901042743148,0.0020711123554968186,0.929267424163249,0.006762651853434741,0.9363702110467319,0.0033814817704762756,0.8732982827122229,0.006674019116568707,imbalance,0.6
Spambase,SVM,Kernel,0.0,0.0,0.0,0.6,3513,42,0.9370933686723161,0.008148242786229023,0.8833095442394823,0.014365750262528239,0.899701538939318,0.013305925531307349,0.801824758972446,0.026328648897298322,imbalance,0.6
Spambase,SVM,Kernel,0.0,0.0,0.0,0.6,3513,43,0.9356700830385041,0.004931284505262356,0.8788413462039854,0.007706854763467464,0.8969805921791172,0.007696584109709105,0.7970539796217021,0.015859758484794286,imbalance,0.6
Spambase,SVM,Kernel,0.0,0.0,0.0,0.6,3513,44,0.9365195154668837,0.0075803554468642865,0.8819270164535501,0.018330296963702652,0.8985340321161548,0.013423519277510827,0.7999918925416558,0.02534897720943073,imbalance,0.6
Spambase,MLP,Neural,0.0,0.0,0.0,0.6,3513,42,0.941931810352863,0.008593245900922135,0.8970751352379253,0.012924772965579034,0.9087303640276474,0.013433143040318455,0.8186174102289856,0.027021640557385384,imbalance,0.6
Spambase,MLP,Neural,0.0,0.0,0.0,0.6,3513,43,0.9436428331165173,0.01050033931783151,0.9022345971663885,0.016444482151618974,0.9118708124425725,0.016462984905507495,0.8245377960403015,0.032893790251783704,imbalance,0.6
Spambase,MLP,Neural,0.0,0.0,0.0,0.6,3513,44,0.9407849144691249,0.014222562359771625,0.8948243842982663,0.032112754816928005,0.9062609243488297,0.024673185083674727,0.814361089922695,0.04738780076992138,imbalance,0.6
Spambase,GB,Boosting,0.0,0.0,0.0,0.6,3513,42,0.9558761190340137,0.00414683920619821,0.91912996398463,0.010594870991072517,0.9306964107167481,0.006969990295217403,0.8625915458470983,0.0134213881311461,imbalance,0.6
Spambase,GB,Boosting,0.0,0.0,0.0,0.6,3513,43,0.9547405705300441,0.006690533513916305,0.919943805726912,0.012940383218535578,0.9292947198273446,0.010713809217947316,0.8593736094703655,0.021149789406674453,imbalance,0.6
Spambase,GB,Boosting,0.0,0.0,0.0,0.6,3513,44,0.958444274233748,0.007031734145442573,0.9232966944453874,0.013991954598371692,0.9347475405862431,0.011313826328746623,0.8706705779178335,0.022238414239784156,imbalance,0.6
Bank,LR,Linear,0.0,0.0,0.0,0.6,4649,42,0.945149715846615,0.00450830542916594,0.5381411972262586,0.011116957694836664,0.5541902964747788,0.018019827628463495,0.15272478212279222,0.05417315794827337,imbalance,0.6
Bank,LR,Linear,0.0,0.0,0.0,0.6,4649,43,0.9485921964883041,0.005319209645601546,0.5643111271284191,0.033183254271004034,0.5905186349869674,0.04626589642932386,0.22955196255774335,0.09384506743087942,imbalance,0.6
Bank,LR,Linear,0.0,0.0,0.0,0.6,4649,44,0.9475164646920611,0.0023769881529224356,0.5636523687747703,0.023203605256924987,0.588533718150539,0.033454801979185815,0.21704362641964897,0.0674968418387539,imbalance,0.6
Bank,RF,Ensemble,0.0,0.0,0.0,0.6,4649,42,0.9490206835885505,0.0016294625370110712,0.5137611141900196,0.014369089150720335,0.5139647457804727,0.02508185405477436,0.10059623078990106,0.07375887266156417,imbalance,0.6
Bank,RF,Ensemble,0.0,0.0,0.0,0.6,4649,43,0.9509573249071149,0.0024112768398552183,0.5248986666638731,0.014608499322285359,0.5344315956689587,0.025970800898776535,0.17966008356949978,0.07596498025720104,imbalance,0.6
Bank,RF,Ensemble,0.0,0.0,0.0,0.6,4649,44,0.9498822875794298,0.0014390542570070733,0.5143066222605428,0.008242755199262172,0.5150788443927978,0.01599683721716208,0.11018181588182412,0.06592658871107782,imbalance,0.6
Bank,XGB,Boosting,0.0,0.0,0.0,0.6,4649,42,0.9429994097017257,0.004941097529552506,0.5410375129776861,0.012373390695403122,0.5569706870706431,0.01856296258839609,0.14628613307984228,0.046256280722654065,imbalance,0.6
Bank,XGB,Boosting,0.0,0.0,0.0,0.6,4649,43,0.9488063242936675,0.00145390795885868,0.5623637146511922,0.0197124920647468,0.5883271949821948,0.02687685348408027,0.22926700671185904,0.03796344774746455,imbalance,0.6
Bank,XGB,Boosting,0.0,0.0,0.0,0.6,4649,44,0.9494512540944708,0.0026384858781663854,0.5686541864365762,0.02266666841814723,0.5975336701281522,0.027803890185273194,0.24908613953637354,0.05239610613973119,imbalance,0.6
Bank,SVM,Kernel,0.0,0.0,0.0,0.6,4649,42,0.9498818246003913,0.0008524573182115216,0.5041420688658105,0.005308177304148839,0.4954760443644076,0.010341693628438143,0.05536926195228026,0.07095726052952978,imbalance,0.6
Bank,SVM,Kernel,0.0,0.0,0.0,0.6,4649,43,0.9492366633100687,0.0015717417283872145,0.5058629807767858,0.005713098037311918,0.4994699259117775,0.010613120378165614,0.07188934486092202,0.06948118642681288,imbalance,0.6
Bank,SVM,Kernel,0.0,0.0,0.0,0.6,4649,44,0.9505274488697524,0.00150632409197502,0.5186751916926046,0.016687273835756945,0.5222592371111601,0.030760246150707535,0.12140203562604204,0.1031139047274748,imbalance,0.6
Bank,MLP,Neural,0.0,0.0,0.0,0.6,4649,42,0.947084736738544,0.002504058992537454,0.5149875382782814,0.02039335352016896,0.5136261303123009,0.033997651620412794,0.05876098929725386,0.07920029821238292,imbalance,0.6
Bank,MLP,Neural,0.0,0.0,0.0,0.6,4649,43,0.9494517170735095,0.0011683309293028436,0.5139876147562709,0.017530979002187908,0.512738750985773,0.03202159207589868,0.06901181716409147,0.08730165037253294,imbalance,0.6
Bank,MLP,Neural,0.0,0.0,0.0,0.6,4649,44,0.9488063242936677,0.0012850553066431887,0.5116334546155514,0.023551056063881172,0.5062015549165471,0.03833415064007045,0.039354056394802314,0.08250539010992855,imbalance,0.6
Bank,GB,Boosting,0.0,0.0,0.0,0.6,4649,42,0.9429987152331677,0.006304607585532147,0.5774818940978896,0.01598256261788503,0.6021419046465828,0.023903683861497597,0.22660022490196458,0.05671476565829669,imbalance,0.6
Bank,GB,Boosting,0.0,0.0,0.0,0.6,4649,43,0.9449328101670197,0.004013280166280265,0.5743335676563058,0.03119992305014427,0.5979361743435319,0.03762801956722872,0.22366110362705358,0.06972008704228602,imbalance,0.6
Bank,GB,Boosting,0.0,0.0,0.0,0.6,4649,44,0.9449341991041356,0.004482518688094075,0.5765329908236889,0.01634809931377706,0.6025066366209472,0.02179730414261152,0.23359619483275998,0.051838515096532034,imbalance,0.6
Wine,LR,Linear,0.0,0.0,0.0,0.6,113,42,0.9470355731225297,0.042449194374178226,0.9390476190476191,0.06278856287667296,0.938800429030314,0.05099902248036696,0.9045667950673151,0.0788585667867082,imbalance,0.6
Wine,LR,Linear,0.0,0.0,0.0,0.6,113,43,0.9652173913043478,0.032536151189338634,0.9519047619047619,0.04002266931323943,0.9588943623426383,0.03736977359862569,0.9381743351299839,0.057711553048451374,imbalance,0.6
Wine,LR,Linear,0.0,0.0,0.0,0.6,113,44,0.990909090909091,0.018181818181818167,0.9833333333333334,0.03333333333333335,0.9881773399014779,0.02364532019704431,0.9830417261289718,0.03391654774205648,imbalance,0.6
Wine,RF,Ensemble,0.0,0.0,0.0,0.6,113,42,0.9739130434782609,0.03478260869565219,0.9652380952380952,0.05835228069348721,0.9700945967612634,0.04188130650560892,0.9541083951302376,0.06209235514153708,imbalance,0.6
Wine,RF,Ensemble,0.0,0.0,0.0,0.6,113,43,0.9553359683794467,0.028764277310134794,0.9415873015873014,0.03589408006375258,0.9451605931249981,0.03349814049644458,0.9206297160051164,0.04751551306699784,imbalance,0.6
Wine,RF,Ensemble,0.0,0.0,0.0,0.6,113,44,0.9644268774703558,0.03381699547226473,0.9638095238095238,0.030356909429541418,0.9598748633231391,0.03843372387295244,0.9391030855771338,0.0562761259986513,imbalance,0.6
Wine,XGB,Boosting,0.0,0.0,0.0,0.6,113,42,0.9474308300395258,0.050642268389081334,0.9304761904761906,0.07998582640883231,0.9369390322115573,0.06147208661667952,0.9085304095127611,0.08869159359908732,imbalance,0.6
Wine,XGB,Boosting,0.0,0.0,0.0,0.6,113,43,0.9466403162055336,0.03330493981492634,0.9249206349206348,0.040672106001548025,0.9335400297802966,0.039013821526382456,0.9012765122630559,0.06030031813408453,imbalance,0.6
Wine,XGB,Boosting,0.0,0.0,0.0,0.6,113,44,0.9383399209486166,0.04482987155338444,0.9290476190476191,0.05134031227407069,0.9216792785758303,0.052069318654303386,0.8914972574933442,0.0787367325651084,imbalance,0.6
Wine,SVM,Kernel,0.0,0.0,0.0,0.6,113,42,0.9648221343873518,0.05077782404032167,0.9485714285714286,0.06918049611764791,0.9572067141032659,0.06052693163254427,0.9349102918064507,0.09372523673172767,imbalance,0.6
Wine,SVM,Kernel,0.0,0.0,0.0,0.6,113,43,0.9561264822134387,0.038896172648672095,0.9263492063492063,0.06509562321116286,0.9382727427888717,0.05348170079945816,0.9198246046768354,0.06906240454221274,imbalance,0.6
Wine,SVM,Kernel,0.0,0.0,0.0,0.6,113,44,1.0,0.0,1.0,0.0,1.0,0.0,1.0,0.0,imbalance,0.6
Wine,MLP,Neural,0.0,0.0,0.0,0.6,113,42,0.8324110671936757,0.0893787676586128,0.7982539682539682,0.08284041672690348,0.8085861903103282,0.09088942819636187,0.6982410423401739,0.155457544642211,imbalance,0.6
Wine,MLP,Neural,0.0,0.0,0.0,0.6,113,43,0.841501976284585,0.06946183478644641,0.8204761904761906,0.08076448782931188,0.8076792502598954,0.08099699764802482,0.7314994523375515,0.09534479135851084,imbalance,0.6
Wine,MLP,Neural,0.0,0.0,0.0,0.6,113,44,0.7450592885375495,0.12069259114624006,0.7806349206349207,0.09479872194305035,0.7228851441744994,0.11461904004128554,0.6177740128677771,0.16316156759322975,imbalance,0.6
Wine,GB,Boosting,0.0,0.0,0.0,0.6,113,42,0.9209486166007906,0.050168053283730085,0.8607936507936508,0.09718460561558653,0.883896366511309,0.07804353217608034,0.8555710666684385,0.09023580048925135,imbalance,0.6
Wine,GB,Boosting,0.0,0.0,0.0,0.6,113,43,0.9110671936758893,0.05722359231890548,0.8668253968253967,0.07942600835827585,0.8812330376883584,0.07170426071143231,0.8361068795747801,0.10691690819197792,imbalance,0.6
Wine,GB,Boosting,0.0,0.0,0.0,0.6,113,44,0.9209486166007904,0.04279009834853553,0.8719047619047618,0.0643544605962901,0.8977727604451744,0.05366707708248471,0.8542963214206939,0.07780639790209075,imbalance,0.6
BreastCancer,LR,Linear,0.0,0.0,0.0,0.6,441,42,0.9863891726251277,0.011139372714261495,0.9691993464052289,0.031049621361854192,0.9770744494659956,0.019302766782938508,0.9558276780176944,0.03634040860544616,imbalance,0.6
BreastCancer,LR,Linear,0.0,0.0,0.0,0.6,441,43,0.9795965270684371,0.008490720544538772,0.9508169934640524,0.01660246509265429,0.9655356557661248,0.014942251609596047,0.9325876333101377,0.029687546752911506,imbalance,0.6
BreastCancer,LR,Linear,0.0,0.0,0.0,0.6,441,44,0.975076608784474,0.019515685834519774,0.9424232486421799,0.053587358114688025,0.9559454948003389,0.037545327185511186,0.9162594380122236,0.06811160180204638,imbalance,0.6
BreastCancer,RF,Ensemble,0.0,0.0,0.0,0.6,441,42,0.9751021450459654,0.014937730776228418,0.9532288502255362,0.026369671737498913,0.9593390126167674,0.024240316528538718,0.919360050058717,0.04846790263495226,imbalance,0.6
BreastCancer,RF,Ensemble,0.0,0.0,0.0,0.6,441,43,0.9591930541368743,0.009042000398909384,0.9295803415262818,0.023112300281120865,0.9332937460468784,0.014457332652891453,0.8680720732261576,0.02814319786067971,imbalance,0.6
BreastCancer,RF,Ensemble,0.0,0.0,0.0,0.6,441,44,0.9479570990806945,0.027043684598694804,0.8987566740311148,0.051847963491152296,0.9120548336234737,0.04370882508562983,0.8307449617515742,0.08611049310103921,imbalance,0.6
BreastCancer,XGB,Boosting,0.0,0.0,0.0,0.6,441,42,0.9773748723186927,0.020214398786576444,0.9546373009297616,0.038823297482207086,0.9625408496732026,0.03336235600553402,0.9261576316990746,0.06611332104102458,imbalance,0.6
BreastCancer,XGB,Boosting,0.0,0.0,0.0,0.6,441,43,0.9683605720122574,0.02497119968810763,0.9397076083954709,0.04048383444415222,0.9479772501925663,0.041161690762299606,0.897024178265427,0.08252164675821945,imbalance,0.6
BreastCancer,XGB,Boosting,0.0,0.0,0.0,0.6,441,44,0.9728038815117468,0.005474536137226396,0.9462239942925527,0.02699137392534563,0.9545406619606943,0.01116314570168417,0.9116349372343692,0.021031422548680272,imbalance,0.6
BreastCancer,SVM,Kernel,0.0,0.0,0.0,0.6,441,42,0.9886874361593463,0.007106517221093798,0.9705882352941175,0.018601633295108118,0.98119132579749,0.012049667886693576,0.963340256424192,0.02322516583783565,imbalance,0.6
BreastCancer,SVM,Kernel,0.0,0.0,0.0,0.6,441,43,0.9773748723186927,0.014213034442187559,0.9408088235294118,0.03691879473715646,0.9608429100086496,0.025654161229994563,0.9256811735206248,0.04698893085794489,imbalance,0.6
BreastCancer,SVM,Kernel,0.0,0.0,0.0,0.6,441,44,0.9705311542390195,0.016987737650297152,0.9269003728251863,0.03777374903754076,0.9488596048265523,0.029895158479958005,0.9018589248053882,0.05741292321173893,imbalance,0.6
BreastCancer,MLP,Neural,0.0,0.0,0.0,0.6,441,42,0.9455566905005106,0.020875421303921927,0.8842550400441868,0.024301522538145447,0.9069557367443908,0.03423893862732751,0.8189967654974769,0.07166037379702869,imbalance,0.6
BreastCancer,MLP,Neural,0.0,0.0,0.0,0.6,441,43,0.9456332992849846,0.03068555593998783,0.8797811378072357,0.06585508747605115,0.9032533571298037,0.056423356128238344,0.8160007050593105,0.10589662541820365,imbalance,0.6
BreastCancer,MLP,Neural,0.0,0.0,0.0,0.6,441,44,0.9138406537282941,0.02336301385244967,0.8240017720703305,0.05659249233107227,0.846814631560345,0.04820093348524296,0.7074844328429644,0.08990294552381561,imbalance,0.6
BreastCancer,GB,Boosting,0.0,0.0,0.0,0.6,441,42,0.9410878447395301,0.02065670478436632,0.918390983153825,0.03226758508379742,0.907300075810714,0.03185918369805338,0.8154767925355889,0.06364442984509766,imbalance,0.6
BreastCancer,GB,Boosting,0.0,0.0,0.0,0.6,441,43,0.950153217568948,0.011349884369153405,0.9284986882076774,0.0215914053729797,0.9206157884854408,0.01821626657064372,0.8423937709929422,0.03694904816248648,imbalance,0.6
BreastCancer,GB,Boosting,0.0,0.0,0.0,0.6,441,44,0.9569713993871296,0.02064745314965031,0.9226341710393078,0.04735860658696922,0.9277501264811079,0.03745706695033776,0.8566423071301437,0.07373422297197697,imbalance,0.6
Digits,LR,Linear,0.0,0.0,0.0,0.6,1259,42,0.8967400240308608,0.0191321204687263,0.8655867896142972,0.02621861826764085,0.8710036659054424,0.024062723210564723,0.7433667511294402,0.048070834060852045,imbalance,0.6
Digits,LR,Linear,0.0,0.0,0.0,0.6,1259,43,0.9070669702143807,0.011680703035281775,0.8785652435175818,0.012975262177473848,0.8841486051936366,0.013402363726707413,0.7701543268920868,0.026585690102074584,imbalance,0.6
Digits,LR,Linear,0.0,0.0,0.0,0.6,1259,44,0.8951653702649718,0.012112422928181751,0.865370766650239,0.013006234711828992,0.8697208881717688,0.012852753882401318,0.7416430607621955,0.02670123617882559,imbalance,0.6
Digits,RF,Ensemble,0.0,0.0,0.0,0.6,1259,42,0.9618763043065833,0.006909321762608074,0.9405491142064172,0.014372769582797465,0.9518121340726997,0.009167623467962361,0.9060861179977996,0.016690385575265074,imbalance,0.6
Digits,RF,Ensemble,0.0,0.0,0.0,0.6,1259,43,0.96106051982546,0.013927801383890053,0.9398535565757961,0.023185326623626976,0.9506424613668679,0.018454837578614342,0.9033996376971528,0.0354282653141483,imbalance,0.6
Digits,RF,Ensemble,0.0,0.0,0.0,0.6,1259,44,0.9618826282172896,0.009230879042856082,0.9413793781720402,0.011546767780310713,0.952020339046233,0.011576228998209254,0.9056388250608098,0.023167523355265795,imbalance,0.6
Digits,XGB,Boosting,0.0,0.0,0.0,0.6,1259,42,0.9658572060962498,0.01191228481358214,0.9517446113142946,0.016237212321997947,0.9574583127286452,0.014948347663882009,0.9154267198028411,0.029716611643206856,imbalance,0.6
Digits,XGB,Boosting,0.0,0.0,0.0,0.6,1259,43,0.9610541959147536,0.018779546287758363,0.9398700490234223,0.028774367549020567,0.9505923133662556,0.024702558056597664,0.9033989631452268,0.047452553826669894,imbalance,0.6
Digits,XGB,Boosting,0.0,0.0,0.0,0.6,1259,44,0.9682255106557897,0.005632332767735071,0.955843384431821,0.01115663948673511,0.9604714837584707,0.00745711200300753,0.9214542456055309,0.014418717511965782,imbalance,0.6
Digits,SVM,Kernel,0.0,0.0,0.0,0.6,1259,42,0.9785619427053689,0.008160093411438906,0.969022449614816,0.008572814013929786,0.9734325630913279,0.010092252131725231,0.9471610743362546,0.02036471922766739,imbalance,0.6
Digits,SVM,Kernel,0.0,0.0,0.0,0.6,1259,43,0.975358881932587,0.013900948303734714,0.963326891984195,0.022112622673067805,0.9690984831020385,0.01789734666357477,0.9389723761375107,0.034818967265847725,imbalance,0.6
Digits,SVM,Kernel,0.0,0.0,0.0,0.6,1259,44,0.9737905520774046,0.0031605701133117113,0.9606212227323425,0.007946600794817243,0.9673155604202373,0.003899292294369812,0.9356828932206636,0.007858181026575364,imbalance,0.6
Digits,MLP,Neural,0.0,0.0,0.0,0.6,1259,42,0.9658572060962498,0.015374809488877568,0.9526201376460112,0.022541550707614186,0.9574551565900569,0.01948625715306859,0.9156998215694706,0.03840261863496568,imbalance,0.6
Digits,MLP,Neural,0.0,0.0,0.0,0.6,1259,43,0.9300638714981344,0.027272939231720406,0.9003892477022972,0.053243266776772956,0.909569859919938,0.040724572540359556,0.825690732836371,0.07115133193109105,imbalance,0.6
Digits,MLP,Neural,0.0,0.0,0.0,0.6,1259,44,0.9650572313918928,0.011040053941176978,0.9529051997682843,0.013599850726088608,0.9567369096445641,0.013557443217194612,0.9137144064685099,0.027134188236732665,imbalance,0.6
Digits,GB,Boosting,0.0,0.0,0.0,0.6,1259,42,0.965860368051603,0.01191184837041583,0.9534143473486715,0.013628346171099296,0.957690368759892,0.014757207238164566,0.9157112308763342,0.029671700895291423,imbalance,0.6
Digits,GB,Boosting,0.0,0.0,0.0,0.6,1259,43,0.9642382849554163,0.012638747298253736,0.9454647282096508,0.01982076686906954,0.9549357256028023,0.01651380933656737,0.9116218265485502,0.032091714328038944,imbalance,0.6
Digits,GB,Boosting,0.0,0.0,0.0,0.6,1259,44,0.9761715044583571,0.004347170019030117,0.9648074512143456,0.008366591989250117,0.9703400207220165,0.005538578838588646,0.941230823359567,0.0108819714012243,imbalance,0.6
Spambase,LR,Linear,0.0,0.0,0.0,0.8,3150,42,0.946031746031746,0.007239209048248498,0.8156621209512801,0.026697899941695438,0.8512823587212944,0.023104649182905296,0.7119856792828625,0.0439379228614865,imbalance,0.8
Spambase,LR,Linear,0.0,0.0,0.0,0.8,3150,43,0.9495238095238095,0.0036748688580286663,0.839311546056259,0.01055886189716688,0.8660419672077795,0.007672964828288836,0.737219181362932,0.017071193364930588,imbalance,0.8
Spambase,LR,Linear,0.0,0.0,0.0,0.8,3150,44,0.9511111111111111,0.0030778919729627903,0.8413576292448296,0.01220938768050353,0.8696706795261775,0.0066099841455823614,0.7448728895795201,0.013562296738191936,imbalance,0.8
Spambase,RF,Ensemble,0.0,0.0,0.0,0.8,3150,42,0.9647619047619047,0.0033895486514384995,0.8682715020487166,0.012130671637473304,0.9045439571625471,0.010273513653855952,0.8162398145358802,0.01957366738819873,imbalance,0.8
Spambase,RF,Ensemble,0.0,0.0,0.0,0.8,3150,43,0.965079365079365,0.0066591037979057,0.8708878072557088,0.020387262994293713,0.9057560406859487,0.018707514859618225,0.8181327941034471,0.03646810978077394,imbalance,0.8
Spambase,RF,Ensemble,0.0,0.0,0.0,0.8,3150,44,0.9647619047619047,0.003809523809523796,0.8695182659861207,0.017803132913373865,0.9047737436005301,0.011204734924576212,0.8170827388450203,0.021355728822980927,imbalance,0.8
Spambase,XGB,Boosting,0.0,0.0,0.0,0.8,3150,42,0.9673015873015872,0.006704353041886603,0.8938013606073613,0.012133408393539998,0.9154413392978812,0.015878845168020732,0.833585624061115,0.032955777614991404,imbalance,0.8
Spambase,XGB,Boosting,0.0,0.0,0.0,0.8,3150,43,0.972063492063492,0.004090190071976215,0.9133105395260877,0.010752162334496657,0.9287694510405476,0.010135835839071223,0.8586837110368799,0.020206975766421224,imbalance,0.8
Spambase,XGB,Boosting,0.0,0.0,0.0,0.8,3150,44,0.9717460317460317,0.004751310967331972,0.9119597023875793,0.008440555742526218,0.9280226931838079,0.010769886899872893,0.8575463843977962,0.02237035121712269,imbalance,0.8
Spambase,SVM,Kernel,0.0,0.0,0.0,0.8,3150,42,0.9539682539682539,0.003174603174603208,0.8357340677825811,0.0066030718831893605,0.8737734825382532,0.00729935581835108,0.7567297774259859,0.016178805122813052,imbalance,0.8
Spambase,SVM,Kernel,0.0,0.0,0.0,0.8,3150,43,0.9536507936507936,0.003535088484336555,0.8367642119882912,0.019676444130567523,0.8730480575499598,0.01298009726251077,0.754872162814304,0.021771644598418984,imbalance,0.8
Spambase,SVM,Kernel,0.0,0.0,0.0,0.8,3150,44,0.9536507936507936,0.00464404407565965,0.83323159608262,0.027820090064386835,0.8717170271407426,0.016496321114921327,0.7548671397613165,0.027835419998017367,imbalance,0.8
Spambase,MLP,Neural,0.0,0.0,0.0,0.8,3150,42,0.9593650793650793,0.0032684540130117345,0.8700226692966824,0.01488242167632789,0.8934923159656402,0.01016010243939781,0.7901261405401259,0.019120024478852776,imbalance,0.8
Spambase,MLP,Neural,0.0,0.0,0.0,0.8,3150,43,0.9574603174603175,0.0059729802292783655,0.871307747227954,0.03155390546543837,0.8893659292487565,0.019379665537868143,0.7817964347857359,0.035535222114927656,imbalance,0.8
Spambase,MLP,Neural,0.0,0.0,0.0,0.8,3150,44,0.953015873015873,0.009449445121356972,0.8447000458992214,0.05564242913887695,0.8717457843895471,0.03655165721329316,0.75398723067825,0.06207073399692069,imbalance,0.8
Spambase,GB,Boosting,0.0,0.0,0.0,0.8,3150,42,0.9619047619047618,0.004918074090422143,0.8823225014872952,0.010334193768348427,0.9017021100083156,0.011458843753964661,0.8054677279239746,0.023508035902501775,imbalance,0.8
Spambase,GB,Boosting,0.0,0.0,0.0,0.8,3150,43,0.965079365079365,0.005406154401881378,0.8853642758170338,0.01487795726746302,0.9088498641714324,0.014080046997403272,0.8204373400249644,0.02788809845472072,imbalance,0.8
Spambase,GB,Boosting,0.0,0.0,0.0,0.8,3150,44,0.964126984126984,0.005274046897090823,0.8920460106859593,0.017537942217043013,0.9081056521700204,0.013776737820649703,0.8178054283037843,0.027293670726152998,imbalance,0.8
Bank,LR,Linear,0.0,0.0,0.0,0.8,4531,42,0.971087762339031,0.0037872316193095193,0.5025358215569452,0.009235464870935083,0.5003548446574492,0.015721195406603206,0.01547199214608217,0.048875084792996355,imbalance,0.8
Bank,LR,Linear,0.0,0.0,0.0,0.8,4531,43,0.9724139693480435,0.004174084730525141,0.5370919296863459,0.03539863531451747,0.5556117401311111,0.05458726376327962,0.1534125693054855,0.13640815757932284,imbalance,0.8
Bank,LR,Linear,0.0,0.0,0.0,0.8,4531,44,0.9726335029729526,0.001453414632186832,0.5160323009503176,0.016065187653793424,0.5225425167309852,0.026599844129628295,0.07950585209273434,0.07344405567394,imbalance,0.8
Bank,RF,Ensemble,0.0,0.0,0.0,0.8,4531,42,0.9743987772317831,0.0004298186048662611,0.5,0.0,0.49351668014651917,0.00011029538052218512,0.0,0.0,imbalance,0.8
Bank,RF,Ensemble,0.0,0.0,0.0,0.8,4531,43,0.9748400349501425,0.00043883608077042476,0.5085144927536233,0.010432014528179693,0.5099603705468292,0.020081183028708087,0.0814961803018341,0.09982193882882223,imbalance,0.8
Bank,RF,Ensemble,0.0,0.0,0.0,0.8,4531,44,0.9743987772317831,0.0008197878351295816,0.5042345758038308,0.008755024517775442,0.5018485754100174,0.01683344719910905,0.04011990421703807,0.08294827187960868,imbalance,0.8
Bank,XGB,Boosting,0.0,0.0,0.0,0.8,4531,42,0.9728542535248289,0.0016414269658024518,0.5159643918131535,0.00860179766102656,0.5234176545257634,0.015407098440756243,0.09036992935807196,0.054830072608845544,imbalance,0.8
Bank,XGB,Boosting,0.0,0.0,0.0,0.8,4531,43,0.9743990206171766,0.0010702850470069515,0.529279711786236,0.016696233089792904,0.5454989473660571,0.029113862896156906,0.15022448670745497,0.08114695783026211,imbalance,0.8
Bank,XGB,Boosting,0.0,0.0,0.0,0.8,4531,44,0.9737367689615475,0.0010740433887118917,0.5165985523659462,0.0085936026563026,0.5247481985305267,0.015926472991378865,0.10307730856406139,0.05722756873762913,imbalance,0.8
Bank,SVM,Kernel,0.0,0.0,0.0,0.8,4531,42,0.9743987772317831,0.0004298186048662611,0.5,0.0,0.49351668014651917,0.00011029538052218512,0.0,0.0,imbalance,0.8
Bank,SVM,Kernel,0.0,0.0,0.0,0.8,4531,43,0.9743987772317831,0.0004298186048662611,0.5,0.0,0.49351668014651917,0.00011029538052218512,0.0,0.0,imbalance,0.8
Bank,SVM,Kernel,0.0,0.0,0.0,0.8,4531,44,0.9743987772317831,0.0004298186048662611,0.5,0.0,0.49351668014651917,0.00011029538052218512,0.0,0.0,imbalance,0.8
Bank,MLP,Neural,0.0,0.0,0.0,0.8,4531,42,0.9737367689615475,0.0010740433887118917,0.4996602491506229,0.00045300113250283934,0.49334667524569564,0.0002757655691018989,-0.0026137001713923288,0.003270177014422238,imbalance,0.8
Bank,MLP,Neural,0.0,0.0,0.0,0.8,4531,43,0.9741780266799068,0.0005336520996614954,0.49988674971687425,0.00022650056625141967,0.49346003269996846,0.0001369410533568,-0.0010729741825486927,0.002145948365097385,imbalance,0.8
Bank,MLP,Neural,0.0,0.0,0.0,0.8,4531,44,0.9741780266799068,0.0005336520996614954,0.49988674971687425,0.00022650056625141967,0.49346003269996846,0.0001369410533568,-0.0010729741825486927,0.0021459483650973854,imbalance,0.8
Bank,GB,Boosting,0.0,0.0,0.0,0.8,4531,42,0.9693222446948069,0.003076614089978536,0.5351441068820063,0.016910734013165944,0.5500218437974864,0.02475569194750523,0.12139769473287698,0.05792965858992731,imbalance,0.8
Bank,GB,Boosting,0.0,0.0,0.0,0.8,4531,43,0.966895692321921,0.0026901348454867334,0.5296637779637928,0.016037879239788413,0.5381238938738362,0.018522853722750306,0.08701609457882514,0.03383146108984985,imbalance,0.8
Bank,GB,Boosting,0.0,0.0,0.0,0.8,4531,44,0.9693232182363808,0.004485697695153769,0.5224403794705139,0.016639732908464638,0.5325631154069804,0.024117258099395883,0.09476550394639718,0.06237514214124972,imbalance,0.8
Wine,LR,Linear,0.0,0.0,0.0,0.8,91,42,0.9678362573099415,0.04241278213910817,0.9063492063492063,0.1756390627761658,0.9000308641975309,0.16332452641822143,0.9086247555826776,0.12909488693696503,imbalance,0.8
Wine,LR,Linear,0.0,0.0,0.0,0.8,91,43,0.9783625730994153,0.02651645391521554,0.9444444444444444,0.07027283689263066,0.9599950562353232,0.05103695553886764,0.9387452580710118,0.075022196580436,imbalance,0.8
Wine,LR,Linear,0.0,0.0,0.0,0.8,91,44,0.9888888888888889,0.022222222222222233,0.9955555555555555,0.008888888888888858,0.9754789272030651,0.04904214559386975,0.9694798048598097,0.06104039028038075,imbalance,0.8
Wine,RF,Ensemble,0.0,0.0,0.0,0.8,91,42,0.967251461988304,0.02676037704946797,0.9111111111111111,0.07535922203472518,0.9354739834383883,0.05520846491748179,0.9082250629308213,0.07493494426144146,imbalance,0.8
Wine,RF,Ensemble,0.0,0.0,0.0,0.8,91,43,0.9678362573099415,0.04241278213910817,0.8777777777777779,0.17356110390903678,0.8913122605363984,0.16313653556068933,0.9034419077272571,0.1309158724604201,imbalance,0.8
Wine,RF,Ensemble,0.0,0.0,0.0,0.8,91,44,0.9555555555555555,0.022222222222222233,0.8955555555555555,0.07652966825654473,0.9019157088122605,0.04904214559386975,0.8779192194392385,0.06104039028038074,imbalance,0.8
Wine,XGB,Boosting,0.0,0.0,0.0,0.8,91,42,0.9678362573099415,0.04241278213910817,0.9222222222222222,0.09686442096757054,0.9379789272030651,0.07868323572833162,0.9057734720597969,0.12677246224413466,imbalance,0.8
Wine,XGB,Boosting,0.0,0.0,0.0,0.8,91,43,0.923391812865497,0.043621184091161454,0.773015873015873,0.15171813517902888,0.7931403940886699,0.14317404430392058,0.7802072071601956,0.1272747844680941,imbalance,0.8
Wine,XGB,Boosting,0.0,0.0,0.0,0.8,91,44,0.9116959064327486,0.027948077532979,0.7574603174603175,0.08395249949722582,0.7723809523809525,0.0700832748015067,0.7468759544780355,0.10366368359060835,imbalance,0.8
Wine,SVM,Kernel,0.0,0.0,0.0,0.8,91,42,0.9789473684210528,0.042105263157894736,0.9111111111111111,0.1777777777777778,0.9158333333333333,0.1683333333333333,0.9339621028674474,0.13207579426510538,imbalance,0.8
Wine,SVM,Kernel,0.0,0.0,0.0,0.8,91,43,0.967251461988304,0.02676037704946797,0.9111111111111111,0.0753592220347252,0.9354739834383883,0.05520846491748179,0.9082250629308213,0.07493494426144146,imbalance,0.8
Wine,SVM,Kernel,0.0,0.0,0.0,0.8,91,44,0.9666666666666666,0.027216552697590882,0.928888888888889,0.07844161153210129,0.9264367816091953,0.06006411629813158,0.9084394145794288,0.07475890494363732,imbalance,0.8
Wine,MLP,Neural,0.0,0.0,0.0,0.8,91,42,0.8257309941520468,0.08996349513683148,0.5993650793650793,0.1540340229355785,0.6096622349347599,0.168956867806722,0.49728420656902017,0.2608796857490951,imbalance,0.8
Wine,MLP,Neural,0.0,0.0,0.0,0.8,91,43,0.6017543859649122,0.23849613759303798,0.5317460317460317,0.12025839317381468,0.4431091131091131,0.16243914071888613,0.2781844709838308,0.18022722988500905,imbalance,0.8
Wine,MLP,Neural,0.0,0.0,0.0,0.8,91,44,0.45847953216374265,0.19465340748147805,0.5457142857142857,0.19027608536579554,0.3932301455350457,0.1626112874239857,0.14482090769183306,0.23481861606535975,imbalance,0.8
Wine,GB,Boosting,0.0,0.0,0.0,0.8,91,42,0.9128654970760234,0.041409125069240896,0.8130158730158732,0.030173764005598628,0.8241121528329536,0.07372003200798846,0.7547436252767401,0.12699649261704715,imbalance,0.8
Wine,GB,Boosting,0.0,0.0,0.0,0.8,91,43,0.9345029239766083,0.06402373794580672,0.8063492063492064,0.22829568905857855,0.8046903624054161,0.2096948519047673,0.80255839924545,0.20562611495224226,imbalance,0.8
Wine,GB,Boosting,0.0,0.0,0.0,0.8,91,44,0.9339181286549707,0.04174635859081814,0.7955555555555556,0.1296909907681322,0.8309578544061302,0.12112865484839375,0.8025912098589713,0.13931676670291043,imbalance,0.8
BreastCancer,LR,Linear,0.0,0.0,0.0,0.8,399,42,0.9949683544303797,0.006162685235561677,0.975,0.030618621784789725,0.9852777107949523,0.01803105464874624,0.9715762012656659,0.03481191325753228,imbalance,0.8
BreastCancer,LR,Linear,0.0,0.0,0.0,0.8,399,43,0.985,0.014577379737113249,0.9291666666666666,0.06666666666666668,0.9549191353442652,0.04357722679092138,0.9166004490334185,0.0794998769284389,imbalance,0.8
BreastCancer,LR,Linear,0.0,0.0,0.0,0.8,399,44,0.9824999999999999,0.012747548783981965,0.9180555555555555,0.05800170282728086,0.9483374817037881,0.038455611806414824,0.9038482217706709,0.06959631870441202,imbalance,0.8
BreastCancer,RF,Ensemble,0.0,0.0,0.0,0.8,399,42,0.9849367088607595,0.009422411891762949,0.9485719874804381,0.045332387268476305,0.958477135418087,0.027146613337128808,0.919969615973583,0.05167578158440197,imbalance,0.8
BreastCancer,RF,Ensemble,0.0,0.0,0.0,0.8,399,43,0.9699367088607594,0.006073146769247398,0.8874413145539906,0.04350977823225644,0.9135122104453405,0.020897402311831226,0.8363737792552428,0.034780516996228826,imbalance,0.8
BreastCancer,RF,Ensemble,0.0,0.0,0.0,0.8,399,44,0.9649683544303798,0.019964467314090704,0.8679968701095462,0.08333660734750069,0.8963749789849533,0.059385513928481515,0.8038124152925151,0.11252190111498347,imbalance,0.8
BreastCancer,XGB,Boosting,0.0,0.0,0.0,0.8,399,42,0.9849367088607595,0.01462128058201591,0.9388693270735524,0.05441814350327841,0.957224114064885,0.04023163270136282,0.9174878389170393,0.07818438533373447,imbalance,0.8
BreastCancer,XGB,Boosting,0.0,0.0,0.0,0.8,399,43,0.9724050632911393,0.005189873417721503,0.8999413145539906,0.025770715032897996,0.9225056762989514,0.012206619170604872,0.8514246929938395,0.025058576135090615,imbalance,0.8
BreastCancer,XGB,Boosting,0.0,0.0,0.0,0.8,399,44,0.9624683544303798,0.015761399915213564,0.8347026604068857,0.08795943673851878,0.8792410838707626,0.05604680564823517,0.7858955712365729,0.09279482812039558,imbalance,0.8
BreastCancer,SVM,Kernel,0.0,0.0,0.0,0.8,399,42,0.9824367088607595,0.00620204725569174,0.9152777777777779,0.03298428357510532,0.9481501904059492,0.021663510167774232,0.901956976627383,0.03911512360565337,imbalance,0.8
BreastCancer,SVM,Kernel,0.0,0.0,0.0,0.8,399,43,0.9774999999999998,0.014577379737113249,0.8930555555555555,0.06994265728896763,0.9305760641394147,0.04703290140354782,0.8729704944333679,0.08429135007783306,imbalance,0.8
BreastCancer,SVM,Kernel,0.0,0.0,0.0,0.8,399,44,0.97,0.016955824957813174,0.8597222222222222,0.07687973612832248,0.9058465631810663,0.05340653713109809,0.8307642227812775,0.09428608171771262,imbalance,0.8
BreastCancer,MLP,Neural,0.0,0.0,0.0,0.8,399,42,0.9499050632911393,0.020860552106625522,0.8026995305164318,0.06222891105891018,0.8458695614577968,0.05699833105241228,0.7136271598419851,0.10968883748771315,imbalance,0.8
BreastCancer,MLP,Neural,0.0,0.0,0.0,0.8,399,43,0.9324050632911393,0.02796139927441244,0.7721439749608763,0.04129084515872366,0.8057338393443871,0.06269009942146231,0.6283605789785425,0.1349795125370799,imbalance,0.8
BreastCancer,MLP,Neural,0.0,0.0,0.0,0.8,399,44,0.9349683544303797,0.03386268183351964,0.7651604068857589,0.10684123800410154,0.797609442882125,0.10774607029404622,0.6149878107755018,0.20465321848180165,imbalance,0.8
BreastCancer,GB,Boosting,0.0,0.0,0.0,0.8,399,42,0.9724050632911393,0.012326182948990037,0.9193466353677622,0.05610704447397952,0.9257803468019867,0.03393108203592412,0.8604486389862614,0.060695994172317115,imbalance,0.8
BreastCancer,GB,Boosting,0.0,0.0,0.0,0.8,399,43,0.9599050632911392,0.009330668163130319,0.870735524256651,0.05197963421554526,0.8870503558536914,0.028823125643800716,0.7842620967327848,0.05591345487545708,imbalance,0.8
BreastCancer,GB,Boosting,0.0,0.0,0.0,0.8,399,44,0.9499367088607595,0.017588390094354842,0.8581964006259781,0.06754614106594642,0.8636132436958549,0.04461002067854098,0.7312477814636543,0.09086097500255304,imbalance,0.8
Digits,LR,Linear,0.0,0.0,0.0,0.8,1080,42,0.9287037037037036,0.009532990871284237,0.8586661404893448,0.016249333173087716,0.8679923700195615,0.013701657269030432,0.73873363729039,0.02901061858599504,imbalance,0.8
Digits,LR,Linear,0.0,0.0,0.0,0.8,1080,43,0.9259259259259259,0.015214515486254614,0.845729632552837,0.03579206117774465,0.8597570762784834,0.030530788169883024,0.721890258981255,0.0599176951618147,imbalance,0.8
Digits,LR,Linear,0.0,0.0,0.0,0.8,1080,44,0.9287037037037036,0.016197088596792506,0.8498443392089801,0.030735333573457948,0.8654494444546306,0.029945842614047195,0.7343949704567372,0.06142459505172365,imbalance,0.8
Digits,RF,Ensemble,0.0,0.0,0.0,0.8,1080,42,0.9592592592592594,0.015876322406927997,0.8813492063492063,0.051321660382230565,0.9167971547232522,0.03666815470920075,0.8465902761339658,0.062241908242173676,imbalance,0.8
Digits,RF,Ensemble,0.0,0.0,0.0,0.8,1080,43,0.9490740740740741,0.0065472850109865805,0.8600061387354205,0.018487321766279454,0.8977032232323152,0.01347939590358234,0.8071588713008303,0.02542916471108173,imbalance,0.8
Digits,RF,Ensemble,0.0,0.0,0.0,0.8,1080,44,0.9592592592592591,0.012559870339120876,0.8816666666666666,0.03811127308031667,0.9179098431347423,0.028115223703721964,0.8473018533936905,0.04825723296376921,imbalance,0.8
Digits,XGB,Boosting,0.0,0.0,0.0,0.8,1080,42,0.9740740740740741,0.009972527420619461,0.9330189423835833,0.03260455109463307,0.9504937744178994,0.02066293748716948,0.9041130879137438,0.03735647653002782,imbalance,0.8
Digits,XGB,Boosting,0.0,0.0,0.0,0.8,1080,43,0.9592592592592591,0.0061418977599173915,0.8927076208015435,0.00950768122259885,0.9208989965161637,0.012086809618912366,0.8471155114245612,0.025269371316294302,imbalance,0.8
Digits,XGB,Boosting,0.0,0.0,0.0,0.8,1080,44,0.9648148148148149,0.012962962962962978,0.9161904761904761,0.022380952380952373,0.9339064130475085,0.022914780692575194,0.8706929292161772,0.04667735237665014,imbalance,0.8
Digits,SVM,Kernel,0.0,0.0,0.0,0.8,1080,42,0.9731481481481481,0.009442628728875569,0.9278571428571428,0.02734630888667375,0.9486445049104588,0.018611813983547144,0.900940463755315,0.035180585181859306,imbalance,0.8
Digits,SVM,Kernel,0.0,0.0,0.0,0.8,1080,43,0.9740740740740741,0.01079805906452835,0.9352442339735157,0.03267182287178528,0.9507745177512306,0.021941448438825947,0.904453177254888,0.040391247029172725,imbalance,0.8
Digits,SVM,Kernel,0.0,0.0,0.0,0.8,1080,44,0.9787037037037039,0.0047213143644377845,0.9446031746031747,0.018865865653959965,0.9599468070273364,0.009620607231210701,0.9220117385117215,0.017751263078831667,imbalance,0.8
Digits,MLP,Neural,0.0,0.0,0.0,0.8,1080,42,0.961111111111111,0.018425693279752214,0.9115965096904324,0.03147343707137544,0.9271125386597024,0.0339478656216752,0.8560402667300424,0.06823156162926688,imbalance,0.8
Digits,MLP,Neural,0.0,0.0,0.0,0.8,1080,43,0.9462962962962962,0.0244276036264313,0.8717521704814523,0.0613742075347683,0.8944009266140162,0.05103558350657289,0.7972912695342967,0.09417530701094533,imbalance,0.8
Digits,MLP,Neural,0.0,0.0,0.0,0.8,1080,44,0.9601851851851851,0.01118800553110609,0.9090506884153294,0.024976724668417927,0.9250890801621459,0.021299912000688488,0.8526045112632572,0.042217752738420225,imbalance,0.8
Digits,GB,Boosting,0.0,0.0,0.0,0.8,1080,42,0.9657407407407407,0.0062799351695604355,0.9054761904761903,0.029027879492926848,0.9330353630476971,0.01448066470401939,0.8727946150544481,0.024294014443105715,imbalance,0.8
Digits,GB,Boosting,0.0,0.0,0.0,0.8,1080,43,0.9564814814814815,0.01039349274103872,0.8888187319126546,0.028841387718031596,0.9152119686917779,0.022210942298462377,0.8360672581606797,0.0418764122522453,imbalance,0.8
Digits,GB,Boosting,0.0,0.0,0.0,0.8,1080,44,0.9712962962962962,0.008977184921141359,0.9268253968253969,0.019934068701249707,0.9458306092124706,0.01637885267182805,0.8951054513006502,0.031744192215837234,imbalance,0.8
